round,reference,dataset,method,kind,operating_point,threshold,n_targets,auc,auc_lo,auc_hi,sensitivity,sensitivity_lo,sensitivity_hi,specificity,specificity_lo,specificity_hi,balanced_accuracy,balanced_accuracy_lo,balanced_accuracy_hi,mcc,mcc_lo,mcc_hi,precision,precision_lo,precision_hi,f1,f1_lo,f1_hi,TP,FP,TN,FN
caid2,disorder_pdb,CAID2 Disorder-PDB,AlphaFold-disorder,AF,literal,0.5,240,0.9322715997695923,0.9128575995564461,0.9491359442472458,0.5758277277889403,0.5212297258046367,0.6257103716615061,0.988201072629761,0.9836629506891299,0.9922385385449163,0.7820144002093506,0.7554222406608839,0.8072203635018532,0.6723625567684239,0.6314889869710513,0.7132290718285972,0.9530798149219202,0.9320487716561717,0.9697438269864904,0.7179110167184012,0.6731360312424781,0.757281019729883,13183,649,54356,9711
caid2,disorder_pdb,CAID2 Disorder-PDB,AlphaFold-disorder,AF,calibrated,0.308,240,0.9322715997695923,0.9128575995564461,0.9491359442472458,0.7639556215602341,0.7197112863817644,0.8061029367694346,0.9559494591400782,0.94561704725256,0.9646551365958751,0.8599525403501562,0.8361691120452857,0.8829549665065473,0.7518085143595626,0.7109148517987701,0.7882691899031992,0.8783206950233515,0.8408235820320692,0.9089944358241858,0.8171560726049478,0.7823934974786081,0.8490387913383989,17490,2423,52582,5404
caid2,disorder_pdb,CAID2 Disorder-PDB,AlphaFold-disorder,AF,content,0.22599999606609344,240,0.9322715997695923,0.9128575995564461,0.9491359442472458,0.8197781078011707,0.7796005408209428,0.8588917576737177,0.925661303517862,0.9111028962716652,0.9389983306876974,0.8727197056595164,0.85176290980894,0.8942187940526951,0.7457917189000349,0.7045275980218659,0.7845722490326373,0.8211051319070745,0.7730274419604732,0.8629838588034205,0.8204410832550109,0.7857699506553462,0.85099088509907,18768,4089,50916,4126
caid2,disorder_pdb,CAID2 Disorder-PDB,AlphaFold-rsa,AF,literal,0.5,240,0.9448420405387878,0.9260523840785027,0.9593765288591385,0.8442386651524417,0.8019098320000962,0.8857087347834817,0.9348059267339333,0.9201226704223291,0.9468862984269979,0.8895222959431874,0.8686988459835986,0.9114250227592423,0.7788461397636925,0.7422623067545026,0.8177652291551614,0.8435017892991185,0.8052706604835905,0.8767098051298956,0.8438700663639539,0.8124077416053248,0.8746613437904679,19328,3586,51419,3566
caid2,disorder_pdb,CAID2 Disorder-PDB,AlphaFold-rsa,AF,calibrated,0.533,240,0.9448420405387878,0.9260523840785027,0.9593765288591385,0.8198217873678693,0.7745138721160925,0.8649578714602829,0.9512953367875647,0.938932121112579,0.96118161347163,0.885558562077717,0.8626900556045254,0.9088297386332707,0.7864172860161942,0.7497787452106955,0.826150677663465,0.8750932487877657,0.8428953143036212,0.9035399529516371,0.8465563122998512,0.8139335795018277,0.8781817049610431,18769,2679,52326,4125
caid2,disorder_pdb,CAID2 Disorder-PDB,AlphaFold-rsa,AF,content,0.5009999871253967,240,0.9448420405387878,0.9260523840785027,0.9593765288591385,0.8434524329518651,0.8009084397483044,0.8851915411616665,0.9354240523588765,0.9208573028734476,0.9473764416053438,0.8894382426553709,0.868495482530974,0.9113173108081126,0.7791947711246363,0.742301175991885,0.8180108851536372,0.8446330154842097,0.8068538709024251,0.877633793902511,0.8440423113908558,0.8125336118881283,0.8749293646358688,19310,3552,51453,3584
caid2,disorder_pdb,CAID2 Disorder-PDB,AIUPred,DED,literal,0.5,240,0.901625394821167,0.8752633988857269,0.924154768884182,0.8175941294662357,0.7723336606853984,0.8581029382671737,0.8409235524043269,0.8116043637247797,0.8658146867522694,0.8292588409352812,0.8049924833046136,0.8528884323298822,0.6278661289910893,0.5694642788243884,0.679777928557467,0.68144750254842,0.6138390562440983,0.7411398415036387,0.743338231206068,0.6882581842166468,0.787222731615089,18718,8750,46255,4176
caid2,disorder_pdb,CAID2 Disorder-PDB,AIUPred,DED,calibrated,0.679,240,0.901625394821167,0.8752633988857269,0.924154768884182,0.6940683148423168,0.6282894199497682,0.7505667827078081,0.9516953004272339,0.9375827570527301,0.9633307249287053,0.8228818076347754,0.791512530066471,0.851293323638433,0.6906865204535869,0.6391015958335402,0.7374064727881017,0.8567423302960048,0.8060116871738794,0.895229420984256,0.766873386259984,0.7136517491740418,0.8098160349906135,15890,2657,52348,7004
caid2,disorder_pdb,CAID2 Disorder-PDB,AIUPred,DED,content,0.5849999785423279,240,0.901625394821167,0.8752633988857269,0.924154768884182,0.7666200751288548,0.7127855908586131,0.8138673303763527,0.9037178438323789,0.8800923267606527,0.9218311671039574,0.8351689594806169,0.8076089814390588,0.8608157671462172,0.6707405599522537,0.6156446114733392,0.7222343995606203,0.7681971374797566,0.7055501752521833,0.8198148878810675,0.767407796069172,0.7182520264162587,0.8099731079038817,17551,5296,49709,5343
caid2,disorder_pdb,CAID2 Disorder-PDB,IUPred3,DED,literal,0.5,240,0.8848899602890015,0.8566412433981896,0.9080727115273476,0.6651961212544771,0.6077982319775871,0.7187861760087131,0.9415325879465503,0.9267729527606665,0.9533217333772637,0.8033643546005137,0.7754298850057877,0.8302033095312041,0.6501695111364636,0.6020227288468933,0.6944892105033311,0.8256438059094605,0.7725596463705592,0.8676507474023273,0.7367860857785626,0.6848911301878379,0.7787677708701974,15229,3216,51789,7665
caid2,disorder_pdb,CAID2 Disorder-PDB,IUPred3,DED,calibrated,0.512,240,0.8848899602890015,0.8566412433981896,0.9080727115273476,0.649733554643138,0.5912928167304111,0.7038210350043144,0.9484592309790019,0.9347637957443272,0.9593549567619672,0.7990963928110699,0.7708436523889534,0.8260549818389261,0.6501824613341868,0.6025152395242042,0.6944048177695971,0.8399209486166008,0.7891740293671053,0.8802430504020675,0.7326864348340065,0.6796124470404343,0.7750916119192114,14875,2835,52170,8019
caid2,disorder_pdb,CAID2 Disorder-PDB,IUPred3,DED,content,0.43799999356269836,240,0.8848899602890015,0.8566412433981896,0.9080727115273476,0.7435135843452433,0.6901360500039596,0.7934793983044688,0.8939914553222434,0.8727328444728024,0.910978912006362,0.8187525198337433,0.7927720452489262,0.8435787210415007,0.6378389752984226,0.5835534446163867,0.6856068211386181,0.7448475036100293,0.685264847365041,0.797300259667103,0.7441799462259819,0.6930431785134658,0.7869689135084176,17022,5831,49174,5872
caid2,disorder_pdb,CAID2 Disorder-PDB,ESpritz-D,DED,literal,0.5,240,0.8897655606269836,0.8646714970469475,0.9105481758713723,0.3122215427622958,0.23461456438223052,0.395242502312551,0.9861103536042178,0.978169094882098,0.9927376480337302,0.6491659481832568,0.6124430793152668,0.6907670955153731,0.449893568061781,0.38308462469878657,0.5222043541903421,0.903437815975733,0.8513078959062595,0.947750398082607,0.46406544179705245,0.3726743556266075,0.5539567431379941,7148,764,54241,15746
caid2,disorder_pdb,CAID2 Disorder-PDB,ESpritz-D,DED,calibrated,0.254,240,0.8897655606269836,0.8646714970469475,0.9105481758713723,0.7685419760635974,0.7041853594868543,0.8221437315676017,0.8702481592582493,0.8360189817930643,0.899030222737144,0.8193950676609234,0.788951801483748,0.846976962137358,0.6251286853722247,0.5606838105110933,0.6810250791244288,0.7114264919941776,0.6433562305791879,0.7720022577797288,0.7388821232100112,0.6801706252253511,0.7852251559443219,17595,7137,47868,5299
caid2,disorder_pdb,CAID2 Disorder-PDB,ESpritz-D,DED,content,0.27799999713897705,240,0.8897655606269836,0.8646714970469475,0.9105481758713723,0.7335109635712413,0.661528833880588,0.795690163550801,0.8904099627306609,0.85941450503551,0.9167429784030185,0.8119604631509512,0.7791219534841791,0.841732764527671,0.6245037628835919,0.5622096666674132,0.6814813281339969,0.7358573243941984,0.6705094266861653,0.7956643649300379,0.734682270589522,0.6759393230981954,0.7847214562238374,16793,6028,48977,6101
caid2,disorder_pdb,CAID2 Disorder-PDB,ESpritz-N,DED,literal,0.5,240,0.8621965646743774,0.8365514948964119,0.8834774047136307,0.5283480387874552,0.47851922709843253,0.5793003781394881,0.9551313516953004,0.9473287440636523,0.9623248546466182,0.7417396952413777,0.7162157882127562,0.7665857048291975,0.5649079245807294,0.5219618742608161,0.6054244005272424,0.8305410601483109,0.7873102712062069,0.8681322115463386,0.6458433445458913,0.6000655189477511,0.6900921083773236,12096,2468,52537,10798
caid2,disorder_pdb,CAID2 Disorder-PDB,ESpritz-N,DED,calibrated,0.377,240,0.8621965646743774,0.8365514948964119,0.8834774047136307,0.6480737311085873,0.6002465334704457,0.697410054492104,0.9115171348059268,0.8996292438337753,0.9233340394218456,0.7797954329572571,0.7550636087270116,0.8035139530684159,0.5864250385230173,0.5415775230263168,0.6297944340538701,0.7529943158749492,0.6996176372250654,0.7998378784821429,0.6966054744354195,0.6492502853469262,0.7381846810548834,14837,4867,50138,8057
caid2,disorder_pdb,CAID2 Disorder-PDB,ESpritz-N,DED,content,0.32100000977516174,240,0.8621965646743774,0.8365514948964119,0.8834774047136307,0.7014501616143968,0.6546879015817105,0.7475772600147507,0.8763021543496046,0.8618534608460827,0.8896776905621053,0.7888761579820007,0.7658467949071973,0.8116547800186966,0.5779810233872257,0.5302125360296231,0.6219583084272698,0.7024012596772077,0.6436419799192169,0.7544768914496723,0.7019253884651528,0.6537503969263457,0.7424571220029743,16059,6804,48201,6835
caid2,disorder_pdb,CAID2 Disorder-PDB,ESpritz-X,DED,literal,0.5,240,0.8829721212387085,0.8621998831629754,0.9000868752598763,0.23718004717393204,0.19006144510982761,0.29342431236483696,0.9944914098718298,0.9910664989291128,0.9968541367823961,0.6158357285228809,0.5923938068775979,0.6431635489903232,0.4041821836856152,0.35475390885917873,0.4577753847625827,0.9471480900052328,0.9143906253683144,0.9703561729226509,0.3793621406364621,0.315135213009183,0.4481880758969097,5430,303,54702,17464
caid2,disorder_pdb,CAID2 Disorder-PDB,ESpritz-X,DED,calibrated,0.074,240,0.8829721212387085,0.8621998831629754,0.9000868752598763,0.664934043854285,0.6162645983007888,0.7123495939308497,0.9152622488864649,0.9005442209048611,0.9270626560001314,0.7900981463703749,0.765198994857666,0.8132782650152293,0.6061984864708794,0.5603667119951306,0.6464931417091967,0.7655904244618789,0.7127766687599204,0.8098042321130472,0.7117209780728413,0.668937833439705,0.7524974603520995,15223,4661,50344,7671
caid2,disorder_pdb,CAID2 Disorder-PDB,ESpritz-X,DED,content,0.054999999701976776,240,0.8829721212387085,0.8621998831629754,0.9000868752598763,0.7147724294574997,0.6672853280451082,0.760872869852457,0.8844286883010636,0.8683527241163362,0.8977559517982258,0.7996005588792816,0.7755364876746454,0.8216237786400966,0.6005343315067986,0.5547280493462357,0.64108181701071,0.7202147792790811,0.6645785433516156,0.7686838085936666,0.7174832840074535,0.6750900714367872,0.7568794641180422,16364,6357,48648,6530
caid2,disorder_pdb,CAID2 Disorder-PDB,MobiDB-lite,DED,literal,0.5,240,0.8707020282745361,0.8475750759243965,0.8900486126542091,0.499563204333013,0.4505961057465674,0.5522962471800298,0.9729297336605763,0.9670173993338683,0.9779370530317101,0.7362464689967947,0.7122708196334019,0.7617337065307045,0.5785737287809799,0.5391611493948744,0.6174818785977388,0.8848058177317035,0.8501042060312375,0.91118868965797,0.6385817978782803,0.5917353782547127,0.6833979894855168,11437,1489,53516,11457
caid2,disorder_pdb,CAID2 Disorder-PDB,MobiDB-lite,DED,calibrated,0.25,240,0.8707020282745361,0.8475750759243965,0.8900486126542091,0.7003581724469293,0.6547452697600707,0.7451911789811219,0.9134260521770748,0.900813581933824,0.9246164072634782,0.8068921123120021,0.7851086195243199,0.8288920020767889,0.6320599592822318,0.5912510527628504,0.6720481778117996,0.7710136564723985,0.7197252334031191,0.8143724428552107,0.7339894712748912,0.69155228466598,0.7727957615286912,16034,4762,50243,6860
caid2,disorder_pdb,CAID2 Disorder-PDB,MobiDB-lite,DED,content,0.25,240,0.8707020282745361,0.8475750759243965,0.8900486126542091,0.7003581724469293,0.6547452697600707,0.7451911789811219,0.9134260521770748,0.900813581933824,0.9246164072634782,0.8068921123120021,0.7851086195243199,0.8288920020767889,0.6320599592822318,0.5912510527628504,0.6720481778117996,0.7710136564723985,0.7197252334031191,0.8143724428552107,0.7339894712748912,0.69155228466598,0.7727957615286912,16034,4762,50243,6860
caid2,disorder_pdb,CAID2 Disorder-PDB,flDPnn,DED,literal,0.5,240,0.8916653990745544,0.8645739525556564,0.9115077897906303,0.2650039311610029,0.19482718131531207,0.3447041447628339,0.9925461321698027,0.9878379907430714,0.9959404156733835,0.6287750316654028,0.5945600400873772,0.6683415220485625,0.424933169398234,0.35473986782658146,0.49483803967574985,0.9366990890844527,0.9010515566128402,0.9654682302207241,0.41312859623438086,0.3222118376063154,0.5049330083903218,6067,410,54595,16827
caid2,disorder_pdb,CAID2 Disorder-PDB,flDPnn,DED,calibrated,0.167,240,0.8916653990745544,0.8645739525556564,0.9115077897906303,0.705905477417664,0.6502696888027663,0.7576960572139884,0.8971002636123989,0.8752162471345782,0.9148956725773378,0.8015028705150314,0.7742770707501244,0.8288494326237162,0.6117159265790623,0.5614386387812889,0.6609428254176443,0.7406168369918885,0.6851343733181059,0.789673299117413,0.7228446829922844,0.6814467147455302,0.7629839161391012,16161,5660,49345,6733
caid2,disorder_pdb,CAID2 Disorder-PDB,flDPnn,DED,content,0.15800000727176666,240,0.8916653990745544,0.8645739525556564,0.9115077897906303,0.7238577793308291,0.6710971272627514,0.7741946315570476,0.8867012089810017,0.8630989874486841,0.9060809974608998,0.8052794941559154,0.7786077187915653,0.8320940744422894,0.6112627669054036,0.5607745651483874,0.660531644554377,0.7267146114716716,0.6698835398118014,0.7765796969303502,0.7252833822049105,0.6835901582247196,0.7646969451446519,16572,6232,48773,6322
caid2,disorder_pdb,CAID2 Disorder-PDB,flDPnn2,DED,literal,0.5,240,0.8919802904129028,0.8664682328701019,0.9115719974040986,0.2636935441600419,0.19657694297118747,0.3461402539708637,0.993200618125625,0.989810690581108,0.9959423713759716,0.6284470811428334,0.5951184495015646,0.6693676443963733,0.42583043400676984,0.3564922684420287,0.4976993610581443,0.9416627671190142,0.9113698328455114,0.9643997426689302,0.4120116021156799,0.3247865518052336,0.5076474263394417,6037,374,54631,16857
caid2,disorder_pdb,CAID2 Disorder-PDB,flDPnn2,DED,calibrated,0.196,240,0.8919802904129028,0.8664682328701019,0.9115719974040986,0.746745872280947,0.6975568130805173,0.7961562622647385,0.8863557858376512,0.8625229079105111,0.9076734224818619,0.8165508290592991,0.7905629346295391,0.8435143661003707,0.6295271926217538,0.5750851691959855,0.6827600920179728,0.73225682100484,0.6676442941956656,0.7880169684477076,0.7394303756406653,0.6909386297472174,0.7836177376351785,17096,6251,48754,5798
caid2,disorder_pdb,CAID2 Disorder-PDB,flDPnn2,DED,content,0.20000000298023224,240,0.8919802904129028,0.8664682328701019,0.9115719974040986,0.7374858041408229,0.6863169506429971,0.7879285809217905,0.8909735478592855,0.8674718810571056,0.911799175154134,0.8142296760000542,0.7879134009850838,0.8413788934310527,0.6285635847879577,0.5745205845566984,0.6815901552618553,0.7379048118526288,0.6731855134993558,0.7923441548782405,0.7376952484980884,0.6906974419210518,0.7815606236378373,16884,5997,49008,6010
caid2,disorder_pdb,CAID2 Disorder-PDB,DISOPRED3-diso,DED,literal,0.5,240,0.9066885709762573,0.883038978278637,0.9281929194927215,0.6831484231676421,0.626705049625518,0.7334982310391855,0.9611853467866558,0.9518218316732555,0.9678730322733999,0.822166884977149,0.7950072946037035,0.847089103249787,0.6994297156239838,0.6556458778686443,0.7389411505956317,0.879887482419128,0.8428664605045836,0.9078651017882736,0.7691361971034447,0.7250575999749617,0.8055605784043554,15640,2135,52870,7254
caid2,disorder_pdb,CAID2 Disorder-PDB,DISOPRED3-diso,DED,calibrated,0.41,240,0.9066885709762573,0.883038978278637,0.9281929194927215,0.7222853149296758,0.6718882454878703,0.771572272761616,0.9462594309608218,0.9352587179895249,0.9546572864326373,0.8342723729452488,0.8086545261964699,0.8582116353751864,0.703123725372706,0.6577522570914571,0.7420814947844379,0.8483480402216294,0.8065617672652197,0.8826815570484852,0.7802576322370594,0.7378700873000144,0.8152458205824188,16536,2956,52049,6358
caid2,disorder_pdb,CAID2 Disorder-PDB,DISOPRED3-diso,DED,content,0.2800000011920929,240,0.9066885709762573,0.883038978278637,0.9281929194927215,0.7800733816720539,0.7343862174360669,0.8224999904904033,0.9101536223979638,0.8942768139633406,0.923044869731194,0.8451135020350089,0.8217770384271663,0.8667595039227082,0.6910492588019715,0.6439230278403903,0.7331926997864934,0.7832551203894565,0.7298036343854765,0.8273780637327862,0.7816610132399606,0.7394684384255429,0.8178164459500354,17859,4942,50063,5035
caid2,disorder_pdb,CAID2 Disorder-PDB,SETH-0,DED,literal,0.5,240,0.9321032762527466,0.9087750881910324,0.9493211001157761,0.6852887219358784,0.6351005865746998,0.7343855523142839,0.980038178347423,0.9753551308915408,0.9842227044553827,0.8326634501416508,0.8080048390576373,0.8575707845238107,0.737135306536987,0.69940919923487,0.7738687055219966,0.9345922439983321,0.9128065862980643,0.9513667002073354,0.7907562813437161,0.7536856597354049,0.8258108235526304,15689,1098,53907,7205
caid2,disorder_pdb,CAID2 Disorder-PDB,SETH-0,DED,calibrated,0.419,240,0.9321032762527466,0.9087750881910324,0.9493211001157761,0.7811653708395213,0.7354847308193424,0.8265771245100277,0.9599490955367694,0.9536601653129199,0.9659916875346403,0.8705572331881454,0.8477343201203,0.8929169463600243,0.7717571782727558,0.7339257233918338,0.8055875500909843,0.8903270772141186,0.8607889309967842,0.9150873247048483,0.8321816616644564,0.7994478173143595,0.8619905587888806,17884,2203,52802,5010
caid2,disorder_pdb,CAID2 Disorder-PDB,SETH-0,DED,content,0.36399999260902405,240,0.9321032762527466,0.9087750881910324,0.9493211001157761,0.8289071372411986,0.7872001576533598,0.8719552692001608,0.9291518952822471,0.9194980924210145,0.937520403075122,0.8790295162617228,0.8572121939918379,0.9005581705864184,0.7582525274924654,0.7216224208720464,0.7955526033846559,0.8296318964763487,0.7863346263766183,0.8646123381383504,0.8292693585037582,0.7960709635273581,0.8615841220453342,18977,3897,51108,3917
caid2,disorder_pdb,CAID2 Disorder-PDB,SETH-1,DED,literal,0.5,240,0.9126764535903931,0.8877122581005097,0.9314606726169586,0.6955970996767712,0.6468728876950474,0.7418413128795887,0.9610944459594583,0.9526228264968511,0.9682507403085734,0.8283457728181147,0.8048718887722947,0.8516521430498917,0.7088108346049504,0.6704064674406675,0.7457425324862523,0.8815388873512316,0.8451068988114793,0.9102286963550646,0.7776068751678508,0.7415565706678917,0.8115625013415555,15925,2140,52865,6969
caid2,disorder_pdb,CAID2 Disorder-PDB,SETH-1,DED,calibrated,0.426,240,0.9126764535903931,0.8877122581005097,0.9314606726169586,0.7623394775923823,0.7156739518292397,0.806916027147878,0.9376420325424961,0.9260281159879357,0.9473394667259543,0.8499907550674393,0.8264905301229988,0.8737028655358465,0.7198693368314594,0.6784727189725346,0.7592262019221738,0.8357515682612652,0.7884807227833024,0.872283764754328,0.7973593439477351,0.7605960458160348,0.8312746524643492,17453,3430,51575,5441
caid2,disorder_pdb,CAID2 Disorder-PDB,SETH-1,DED,content,0.38100001215934753,240,0.9126764535903931,0.8877122581005097,0.9314606726169586,0.7969336944177514,0.7534115760018574,0.8395565045766941,0.9157167530224525,0.9016136870516457,0.9277531476743425,0.856325223720102,0.8329904249457848,0.8792667677519095,0.7127686436969105,0.6689072156370602,0.7536641479977049,0.7973864778637297,0.7435878629510259,0.8397707193617333,0.7971600218459857,0.7588418189171734,0.8332880309836144,18245,4636,50369,4649
caid2,disorder_pdb,CAID2 Disorder-PDB,VSL2,DED,literal,0.5,240,0.8923606872558594,0.8673761934041977,0.9124880567193031,0.8389534375818992,0.8001235251009527,0.8743739276840252,0.7928188346513954,0.7739408268440271,0.8111208597350632,0.8158861361166473,0.7959245941949178,0.8355712808217747,0.5892889231032695,0.542464241986156,0.634188152227314,0.627618207365291,0.5655564096520858,0.6847896622250759,0.7180589565770042,0.6670785553582298,0.7631116087204042,19207,11396,43609,3687
caid2,disorder_pdb,CAID2 Disorder-PDB,VSL2,DED,calibrated,0.643,240,0.8923606872558594,0.8673761934041977,0.9124880567193031,0.7161701755918581,0.6694739773208891,0.7588318326032378,0.9188073811471684,0.9047276619387534,0.9301057229793065,0.8174887783695133,0.7944432392427856,0.839416586300816,0.6532267955611228,0.6101332062755772,0.6942315278732252,0.785926565046496,0.7344213516663837,0.8305258125495425,0.7494286497851724,0.7066524074017437,0.7880874215742448,16396,4466,50539,6498
caid2,disorder_pdb,CAID2 Disorder-PDB,VSL2,DED,content,0.609000027179718,240,0.8923606872558594,0.8673761934041977,0.9124880567193031,0.7517690224512973,0.706146152557328,0.7930732613027309,0.897536587582947,0.8827266467629867,0.909873516875129,0.8246528050171221,0.8022511325413859,0.8462234023302493,0.6496956178898409,0.6059271879140116,0.6920088275937925,0.7533155337681096,0.6981524080888654,0.8011565571611021,0.7525414835705384,0.708680704153244,0.7912207668584555,17211,5636,49369,5683
caid2,disorder_pdb,CAID2 Disorder-PDB,SPOT-Disorder,DED,literal,0.5,240,0.9331262111663818,0.9091673567891121,0.9511924088001251,0.7641303398270289,0.7112331420649722,0.813561308793895,0.9575674938641942,0.9433085732243349,0.9697870205927452,0.8608489168456115,0.8351793425068993,0.8855146073043358,0.754741477909845,0.7132275152315017,0.7956223288696777,0.8822876739963688,0.8444549427523675,0.9158901122113211,0.8189691493843921,0.7813705438452898,0.8540443246635252,17494,2334,52671,5400
caid2,disorder_pdb,CAID2 Disorder-PDB,SPOT-Disorder,DED,calibrated,0.392,240,0.9331262111663818,0.9091673567891121,0.9511924088001251,0.8064121603913689,0.7575293957404731,0.8503862261380626,0.9417689300972639,0.9257600729386427,0.9555468706044796,0.8740905452443164,0.8511810112323687,0.8960600331815555,0.7606586642381583,0.7185860516157503,0.800777444933619,0.852157858296792,0.8122833500970681,0.8876665203857009,0.8286541439439843,0.7919623455126983,0.8615777055369608,18462,3203,51802,4432
caid2,disorder_pdb,CAID2 Disorder-PDB,SPOT-Disorder,DED,content,0.32899999618530273,240,0.9331262111663818,0.9091673567891121,0.9511924088001251,0.8257622084388923,0.7810560168709096,0.8664266344642688,0.9275156803926916,0.9104698567432262,0.9422579063101132,0.8766389444157919,0.855009678520327,0.8975647165017273,0.7532970988979062,0.7122471583309231,0.7933460835859395,0.8258343526122663,0.7826503076014434,0.8641108919799267,0.8257982789498974,0.7895562306344092,0.8591990049887013,18905,3987,51018,3989
caid2,disorder_pdb,CAID2 Disorder-PDB,SPOT-Disorder2,DED,literal,0.5,240,0.9451860785484314,0.9251139461994171,0.9606258153915406,0.7485804140822923,0.6912389968654954,0.8038144757911873,0.9762021634396874,0.9696488761730659,0.981830245163369,0.8623912887609898,0.8343585830976568,0.8897458680865579,0.7766468058404484,0.7349319612955492,0.814543631332982,0.9290399522957663,0.9054236746687637,0.948233664278661,0.8291042790450158,0.7886397946904219,0.8650038373612535,17138,1309,53696,5756
caid2,disorder_pdb,CAID2 Disorder-PDB,SPOT-Disorder2,DED,calibrated,0.414,240,0.9451860785484314,0.9251139461994171,0.9606258153915406,0.7917358259806063,0.7377816480730792,0.842988520673776,0.9639669120989001,0.9560620182725574,0.9710436629405492,0.8778513690397531,0.8504399903096024,0.9026534462353397,0.7866804843735857,0.7449876616497558,0.8254395589337938,0.9014322657648697,0.8724373900032377,0.9260613312556873,0.8430305567182922,0.8061309366960959,0.8762851095113305,18126,1982,53023,4768
caid2,disorder_pdb,CAID2 Disorder-PDB,SPOT-Disorder2,DED,content,0.2849999964237213,240,0.9451860785484314,0.9251139461994171,0.9606258153915406,0.8384292827815149,0.7920327973083267,0.8833655288661079,0.9328970093627852,0.9201539744151306,0.9442246293121013,0.88566314607215,0.8614009192911761,0.9088217948593978,0.7714049972239696,0.7303231797431822,0.8122527196165478,0.8387223630166915,0.7983031792155789,0.8748526545771185,0.8385757972913936,0.8031854146432919,0.8738621481169195,19195,3691,51314,3699
caid2,disorder_pdb,CAID2 Disorder-PDB,SPOT-Disorder-Single,DED,literal,0.5,240,0.9195768237113953,0.897648012638092,0.9393478974699974,0.5392242508954311,0.47587736723607543,0.6008421328974284,0.9862739750931734,0.9811511531548374,0.9904203639655111,0.7627491129943023,0.731235622082003,0.7934998758496136,0.6400492283082189,0.5947325517685211,0.685196626545559,0.9423664122137405,0.916680824389907,0.960792072200724,0.6859476579429904,0.630543016407813,0.7368254646873463,12345,755,54250,10549
caid2,disorder_pdb,CAID2 Disorder-PDB,SPOT-Disorder-Single,DED,calibrated,0.193,240,0.9195768237113953,0.897648012638092,0.9393478974699974,0.7384467546081943,0.68156082207769,0.7902948223081246,0.9453504226888465,0.93384929929555,0.9554764097471383,0.8418985886485204,0.8134409080936486,0.8670945871736202,0.7141122206697731,0.6672976148301955,0.7546896630602992,0.849035757332262,0.8091493743204906,0.8811079033563823,0.789889267859646,0.745604874811025,0.8277628267756116,16906,3006,51999,5988
caid2,disorder_pdb,CAID2 Disorder-PDB,SPOT-Disorder-Single,DED,content,0.13199999928474426,240,0.9195768237113953,0.897648012638092,0.9393478974699974,0.7915174281471128,0.7396925442434644,0.8365199576612619,0.9142441596218526,0.899664606671865,0.9275938534731342,0.8528807938844827,0.8279555934351466,0.87458596150631,0.7062669106874652,0.6590697281860803,0.745891972223491,0.7934582713022156,0.7459428415958851,0.8335351542022534,0.7924866614187003,0.7470684158654817,0.8287400067348442,18121,4717,50288,4773
caid2,disorder_pdb,CAID2 Disorder-PDB,DisEMBL-dis465,DED,literal,0.5,240,0.8004404306411743,0.7783252090215683,0.8231093540787697,0.38765615445094787,0.35072015372222953,0.4289739557000006,0.9520407235705844,0.9452219130884183,0.9581188987894171,0.6698484390107662,0.651504427015312,0.6897638841397605,0.4360346236705355,0.39911345484881317,0.47299891757604734,0.7708677147572309,0.7176712721939595,0.8175814885005149,0.5158833958206179,0.47502092538459567,0.5560863999193195,8875,2638,52367,14019
caid2,disorder_pdb,CAID2 Disorder-PDB,DisEMBL-dis465,DED,calibrated,0.413,240,0.8004404306411743,0.7783252090215683,0.8231093540787697,0.5651262339477593,0.5296535789056638,0.6035128032579543,0.8771384419598218,0.865862429375751,0.8881815047357063,0.7211323379537906,0.7027673004171916,0.740988772941295,0.4635349382536073,0.42420659514905157,0.5016825148231949,0.6568846466287571,0.5958357872079912,0.7138614682767189,0.6075604602019254,0.5679145267099219,0.6439648435231414,12938,6758,48247,9956
caid2,disorder_pdb,CAID2 Disorder-PDB,DisEMBL-dis465,DED,content,0.3889999985694885,240,0.8004404306411743,0.7783252090215683,0.8231093540787697,0.6147462217174806,0.5792607701393113,0.6511923451903701,0.841614398691028,0.8289024101522708,0.8538991125376253,0.7281803102042543,0.7096617519894454,0.747708283637997,0.4569924374040949,0.4193851925279984,0.4946346850657625,0.6176599666461863,0.5550261393280413,0.6757954553737386,0.6161996497373029,0.5730560270739316,0.6535347925618489,14074,8712,46293,8820
caid2,disorder_pdb,CAID2 Disorder-PDB,DisEMBL-disHL,DED,literal,0.5,240,0.7099384665489197,0.6806742653250695,0.7368968009948731,0.0007862322005765703,0.00041111746217279457,0.0012214965785452634,0.9998363785110445,0.9996977270864572,0.9999574821133275,0.5003113053558105,0.5001274606160823,0.5005396170559173,0.015237227975213955,0.00692078423209705,0.02411850303608186,0.6666666666666666,0.464217032967033,0.8888888888888888,0.0015706121024388114,0.0008214969662599496,0.0024393475817997036,18,9,54996,22876
caid2,disorder_pdb,CAID2 Disorder-PDB,DisEMBL-disHL,DED,calibrated,0.068,240,0.7099384665489197,0.6806742653250695,0.7368968009948731,0.6893509216388574,0.6483138127380906,0.7278912633462694,0.6156349422779748,0.594572238680225,0.6377755315039634,0.6524929319584161,0.6309985285532613,0.6724538375447671,0.27824526451159964,0.23715067199730216,0.3167418451853659,0.42741848120463655,0.3691527841999625,0.4868518583501298,0.5276672573472869,0.4759890998874562,0.5742749182064336,15782,21142,33863,7112
caid2,disorder_pdb,CAID2 Disorder-PDB,DisEMBL-disHL,DED,content,0.09000000357627869,240,0.7099384665489197,0.6806742653250695,0.7368968009948731,0.4793832445182144,0.43512142825957606,0.5263348500676182,0.7873829651849832,0.7707863846683627,0.8037939222956614,0.6333831048515988,0.6120082330641381,0.6568056115908822,0.2675367161340669,0.22565343794641315,0.313943079676885,0.48411998235553594,0.420254267133664,0.5460267529905332,0.4817399701518743,0.4363456726189667,0.5246114506806842,10975,11695,43310,11919
caid2,disorder_pdb,CAID2 Disorder-PDB,IsUnstruct,DED,literal,0.5,240,0.8879824280738831,0.864233860373497,0.9095363408327103,0.7581462391893072,0.7172295696196244,0.7997184645455817,0.8766475774929552,0.8614972259198317,0.8910723288867924,0.8173969083411312,0.7972431330926629,0.8386549752850534,0.6253029486820099,0.5830137681259921,0.6670572960926808,0.7189545190953525,0.6596341330180338,0.768681440409803,0.7380304447657114,0.6955353480197105,0.7762076577420003,17357,6785,48220,5537
caid2,disorder_pdb,CAID2 Disorder-PDB,IsUnstruct,DED,calibrated,0.6,240,0.8879824280738831,0.864233860373497,0.9095363408327103,0.6953350222765791,0.6506530746829854,0.7395538897903416,0.9167348422870648,0.9038935238467771,0.9276761748067273,0.8060349322818219,0.7842230602736476,0.8289574231866307,0.6331996078729137,0.592024392696196,0.6731323813212546,0.776574467047173,0.7236823623899793,0.8187337225843728,0.7337128108220219,0.6916388243448057,0.7710916707975312,15919,4580,50425,6975
caid2,disorder_pdb,CAID2 Disorder-PDB,IsUnstruct,DED,content,0.5350000262260437,240,0.8879824280738831,0.864233860373497,0.9095363408327103,0.7385341137415917,0.6967493584986566,0.7813118493193554,0.8919189164621398,0.8774623254577005,0.9049929781327875,0.8152265151018658,0.7949943865030679,0.8369625851377986,0.6307832718760582,0.5900251933586329,0.6719299632694484,0.7398590994617774,0.6826417516559468,0.787786592158889,0.7391960128533018,0.697056598839333,0.7767737296188114,16908,5945,49060,5986
caid2,disorder_pdb,CAID2 Disorder-PDB,RONN,DED,literal,0.5,240,0.862901508808136,0.8394116222858429,0.8839162215590477,0.7406307329431292,0.7024676784015136,0.7776812926404679,0.8464503226979365,0.830304495349381,0.8619306496479837,0.7935405278205329,0.773147682732767,0.8134262597598337,0.5705041283295016,0.5273636355063531,0.6123520432227971,0.6675064955515314,0.6025703256117988,0.7257019585188528,0.7021699519628956,0.6556132625118811,0.7434303059254354,16956,8446,46559,5938
caid2,disorder_pdb,CAID2 Disorder-PDB,RONN,DED,calibrated,0.56,240,0.862901508808136,0.8394116222858429,0.8839162215590477,0.6174980344194986,0.5763745313605302,0.657373930567951,0.9278065630397236,0.9175781166091153,0.9374299692349457,0.7726522987296112,0.7523575041423883,0.7934498991161196,0.5880956019533362,0.5502468960652344,0.6262245418364997,0.7807046609233488,0.7272738102195248,0.8252620870241224,0.6895761182381348,0.6488480692201524,0.7270877621577263,14137,3971,51034,8757
caid2,disorder_pdb,CAID2 Disorder-PDB,RONN,DED,content,0.5199999809265137,240,0.862901508808136,0.8394116222858429,0.8839162215590477,0.7021053551148773,0.6618399682977498,0.7402695015260325,0.8796291246250341,0.8661036869344404,0.8927395729101448,0.7908672398699557,0.7700698042242186,0.8117458641388727,0.583225309233633,0.5396074853392655,0.6246051088974158,0.7082617316589557,0.6463368837328533,0.7623292710120178,0.7051701068240145,0.6604977940972893,0.7437868346198429,16074,6621,48384,6820
caid2,disorder_pdb,CAID2 Disorder-PDB,PreDisorder,DED,literal,0.5,240,0.8981452584266663,0.8774302139878273,0.9173940375447274,0.828994496374596,0.7905927584517213,0.8653528257731735,0.8145077720207254,0.7993690469577031,0.8298817172402841,0.8217511341976607,0.8024457008731056,0.8405718477182225,0.6056395262849584,0.562191464745589,0.6464896326406024,0.6503666643821534,0.5917816203324141,0.7073043361283258,0.7288962285889854,0.6837004446560283,0.7709247340339244,18979,10203,44802,3915
caid2,disorder_pdb,CAID2 Disorder-PDB,PreDisorder,DED,calibrated,0.567,240,0.8981452584266663,0.8774302139878273,0.9173940375447274,0.6610028828514021,0.6074723356226887,0.7122256691492973,0.941987092082538,0.9331171872794882,0.949674831289068,0.80149498746697,0.7754380847403589,0.8277268609604109,0.6476343099848036,0.6031069305486958,0.6902789284154246,0.8258567998253656,0.786354056667475,0.8617267754197976,0.7342908438061041,0.6918100716641341,0.7730044635395742,15133,3191,51814,7761
caid2,disorder_pdb,CAID2 Disorder-PDB,PreDisorder,DED,content,0.5249999761581421,240,0.8981452584266663,0.8774302139878273,0.9173940375447274,0.7457412422468769,0.6980897734070701,0.7903150644504168,0.8953731478956458,0.8830549504188036,0.9068281842821688,0.8205571950712613,0.7974055878900054,0.8432300253360531,0.6416556687895901,0.5985646405309444,0.6814599874720697,0.7478973190818293,0.6979612161087871,0.7941203168373515,0.7468177245089891,0.7059122520470155,0.785536740726466,17073,5755,49250,5821
caid2,disorder_pdb,CAID2 Disorder-PDB,OPAL,DED,literal,0.5,240,0.7049643397331238,0.6614150449633598,0.752461950480938,0.7590198305232813,0.6937397711743123,0.819908416994094,0.5522588855558586,0.5119981220197182,0.5953241213780168,0.6556393580395699,0.616407231596103,0.693664862402366,0.2844788125331067,0.219848396672558,0.34654905426483756,0.413688846565885,0.36206045677911364,0.4692417074528584,0.5355090217106582,0.4911153349046273,0.5818193430480348,17377,24628,30377,5517
caid2,disorder_pdb,CAID2 Disorder-PDB,OPAL,DED,calibrated,0.501,240,0.7049643397331238,0.6614150449633598,0.752461950480938,0.7526862933519699,0.687154519292521,0.8143287958180372,0.5597309335514953,0.5189292259957641,0.6031090769667259,0.6562086134517326,0.6169924617969119,0.6943340319946553,0.2852273073076963,0.22099609985382562,0.34692482647582346,0.4157398248449902,0.3640039867706407,0.4709755346762432,0.5356293613912936,0.4910425847814984,0.5816078826551913,17232,24217,30788,5662
caid2,disorder_pdb,CAID2 Disorder-PDB,OPAL,DED,content,0.5379999876022339,240,0.7049643397331238,0.6614150449633598,0.752461950480938,0.4577618590023587,0.39660366115587886,0.5236227085943782,0.783674211435324,0.7508907373265981,0.812189135839053,0.6207180352188414,0.5876008875045425,0.6586353080060591,0.2430630878779932,0.1817232324120954,0.31141519974702286,0.46829617051700256,0.41554426216684487,0.5230809375307212,0.46296909857972746,0.41849381715918016,0.508705393793948,10480,11899,43106,12414
caid2,disorder_pdb,CAID2 Disorder-PDB,pyHCA,DED,literal,0.5,240,0.8875277638435364,0.858753676712513,0.9119109094142914,0.2938761247488425,0.22585337403066472,0.368179151634401,0.9922370693573311,0.9887517952527726,0.9950983378596573,0.6430565970530868,0.6096238722729596,0.6802142459089758,0.4512842580172032,0.38945963695275293,0.5132806923408594,0.9403214535290007,0.9080613840973789,0.9641829828415627,0.4478019235249093,0.36355408864105515,0.5313001042919505,6728,427,54578,16166
caid2,disorder_pdb,CAID2 Disorder-PDB,pyHCA,DED,calibrated,0.249,240,0.8875277638435364,0.858753676712513,0.9119109094142914,0.6769022451297283,0.615244428574191,0.7376910533331313,0.9340059994545951,0.9165503765942412,0.9486922926799622,0.8054541222921616,0.7761516964494187,0.8341549039300851,0.646590390758886,0.5961891992232652,0.6948569997118077,0.8102159251320123,0.7582732859575415,0.8566277609122597,0.7375835891578021,0.6873061991836866,0.784645937394779,15497,3630,51375,7397
caid2,disorder_pdb,CAID2 Disorder-PDB,pyHCA,DED,content,0.2070000022649765,240,0.8875277638435364,0.858753676712513,0.9119109094142914,0.7388835502751813,0.6801433481854645,0.7929378081221661,0.8914825924915917,0.8672837236064317,0.9116941661887873,0.8151830713833865,0.7864963192948949,0.8426295603553907,0.6304385083158776,0.5735978390811562,0.6833745525258216,0.7391741315272012,0.6778535929333581,0.793657448721913,0.7390288123375347,0.688692944555881,0.7855048901856148,16916,5969,49036,5978
caid2,disorder_pdb,CAID2 Disorder-PDB,DeepIDP-2L,DED,literal,0.5,240,0.9206148386001587,0.9000845983624458,0.9379080846905709,0.7253865641652835,0.6630994171756549,0.78991386246221,0.9420779929097355,0.925181001470067,0.9560223946781369,0.8337322785375094,0.8022957675249945,0.8656734442668993,0.6984315201136927,0.6451103606947332,0.7484096982867761,0.8390340019198707,0.7959599335567015,0.8767617973454265,0.7780823201443063,0.7311358912114104,0.8208812599306815,16607,3186,51819,6287
caid2,disorder_pdb,CAID2 Disorder-PDB,DeepIDP-2L,DED,calibrated,0.421,240,0.9206148386001587,0.9000845983624458,0.9379080846905709,0.7842229405084301,0.7319595140916186,0.8349704535222463,0.9183346968457413,0.8959547768107861,0.936626246849349,0.8512788186770857,0.8258889975113564,0.8763834330777858,0.7066622315577891,0.6591233178880641,0.7497959646368434,0.7998752561703645,0.7482874665196657,0.8438237299228128,0.791971768857521,0.7511426922597417,0.829242005573348,17954,4492,50513,4940
caid2,disorder_pdb,CAID2 Disorder-PDB,DeepIDP-2L,DED,content,0.4099999964237213,240,0.9206148386001587,0.9000845983624458,0.9379080846905709,0.7922599807809907,0.7413300641427241,0.8421152356259861,0.9138805563130624,0.8906743397551443,0.9330571411849369,0.8530702685470266,0.8277677745719607,0.8774454586057631,0.706311759093184,0.6589559581778458,0.7491629924738082,0.7929180327868852,0.7397950349037172,0.837390207436965,0.7925888701959841,0.7512937303281242,0.8298164487263487,18138,4737,50268,4756
caid2,disorder_pdb,CAID2 Disorder-PDB,PredIDR-long,DED,literal,0.5,240,0.9501322507858276,0.9352052912116051,0.9618750900030136,0.8576046125622434,0.8171989477931194,0.893750248585823,0.9248068357422052,0.91145676795571,0.9381250738810097,0.8912057241522243,0.871368428447627,0.9101142368028531,0.7740473487119927,0.7359396584170814,0.8073187022693984,0.8259991586032814,0.7825677923256978,0.8628667908952946,0.8415052288702212,0.8067030338343697,0.8695623982837359,19634,4136,50869,3260
caid2,disorder_pdb,CAID2 Disorder-PDB,PredIDR-long,DED,calibrated,0.553,240,0.9501322507858276,0.9352052912116051,0.9618750900030136,0.8269415567397571,0.7825484326891782,0.86480172932681,0.9466957549313699,0.9357091824130402,0.9571908343890454,0.8868186558355635,0.864984890291823,0.9059812128209974,0.7843408480002102,0.7497858504743568,0.8180074182630905,0.8658982802780827,0.8293075800096369,0.8971907184680753,0.8459716698690738,0.8137937533366592,0.8739752392190451,18932,2932,52073,3962
caid2,disorder_pdb,CAID2 Disorder-PDB,PredIDR-long,DED,content,0.5230000019073486,240,0.9501322507858276,0.9352052912116051,0.9618750900030136,0.8445881016860313,0.8022825283059978,0.882169670885634,0.935333151531679,0.923006556465448,0.9473903398695649,0.8899606266088551,0.869492095961348,0.9086283611753085,0.7799311974800577,0.7430739287572073,0.8132479116003206,0.8446249945398157,0.8040548542611341,0.8788973880814237,0.8446065477100487,0.8105019772420303,0.8722089297607212,19336,3557,51448,3558
caid2,disorder_pdb,CAID2 Disorder-PDB,PredIDR-short,DED,literal,0.5,240,0.9443467855453491,0.9288716584444046,0.9566243991255761,0.8606621822311523,0.8220846503831417,0.8947027506760556,0.9112626124897737,0.8977517924683729,0.9248903826832472,0.885962397360463,0.8665796105071645,0.9042307957331668,0.7566258496083292,0.7174416865205921,0.7911398487902075,0.801464307504576,0.7548751481953876,0.842693394189525,0.8300090566355652,0.794437567908213,0.8588714036064693,19704,4881,50124,3190
caid2,disorder_pdb,CAID2 Disorder-PDB,PredIDR-short,DED,calibrated,0.597,240,0.9443467855453491,0.9288716584444046,0.9566243991255761,0.8068489560583559,0.761599880022449,0.8466559809120283,0.9455322243432416,0.9352417958381188,0.9552875270941187,0.8761905902007987,0.854876001465454,0.8964779920752047,0.7670879862580012,0.7312600173824967,0.8016733695225633,0.8604434507173467,0.8231145596192642,0.8916427919349608,0.8327848158333709,0.7999852202612112,0.8625632849263007,18472,2996,52009,4422
caid2,disorder_pdb,CAID2 Disorder-PDB,PredIDR-short,DED,content,0.5509999990463257,240,0.9443467855453491,0.9288716584444046,0.9566243991255761,0.8349785970123177,0.7937407444848944,0.8724075102821149,0.9315516771202618,0.91981750347304,0.9431711507081149,0.8832651370662897,0.8631414715700607,0.9019700290472725,0.7666574065989663,0.7300139380853615,0.800588529587622,0.8354529959354924,0.7934858309866302,0.8708977232811717,0.8352157291097762,0.8009984888903054,0.8638625254508232,19116,3765,51240,3778
caid2,disorder_pdb,CAID2 Disorder-PDB,AUCpred-profile,DED,literal,0.5,240,0.9244032502174377,0.9041935637593269,0.9395580723881721,0.7010133659474098,0.6489266870536978,0.7554121942353201,0.9560949004635942,0.9455685416833296,0.9640014512000463,0.828554133205502,0.8028534686149711,0.8543871712263945,0.7039062561620808,0.6620823432852486,0.7439232828655429,0.8692049393414212,0.8332402779805458,0.8982553211701104,0.7761013588664829,0.735740094667747,0.8126750275962789,16049,2415,52590,6845
caid2,disorder_pdb,CAID2 Disorder-PDB,AUCpred-profile,DED,calibrated,0.15,240,0.9244032502174377,0.9041935637593269,0.9395580723881721,0.7664890364287587,0.7188209320069302,0.8130497529471598,0.932315244068721,0.9196340903409499,0.9421275793754759,0.8494021402487398,0.825541550108244,0.8732014475225535,0.7145093475827252,0.672302351053229,0.7543818221863547,0.8249729678905552,0.7834974663998986,0.8602581813680826,0.7946564021283823,0.7578765248413909,0.8284245315010432,17548,3723,51282,5346
caid2,disorder_pdb,CAID2 Disorder-PDB,AUCpred-profile,DED,content,0.08299999684095383,240,0.9244032502174377,0.9041935637593269,0.9395580723881721,0.79597274395038,0.7487069024104951,0.8399878407096123,0.9151168075629488,0.9013231194861476,0.9256993896693275,0.8555447757566643,0.8315325234882238,0.8781081628458669,0.7111076856941514,0.6690985514557239,0.7504479402319605,0.7960422855145902,0.7523431009742603,0.8352794539835344,0.7960075132136462,0.7581652377358777,0.8300810599191749,18223,4669,50336,4671
caid2,disorder_pdb,CAID2 Disorder-PDB,AUCpred-no-profile,DED,literal,0.5,240,0.8956742882728577,0.8745999872684479,0.911405311524868,0.5534637896392067,0.5019820146920506,0.6056712231616597,0.9676574856831197,0.9600436105013751,0.9741209526131395,0.7605606376611632,0.7353828240071599,0.7854322399721622,0.6107372558729754,0.5696427275261803,0.6495224631636742,0.8768858131487889,0.8404060451337995,0.9057681444544003,0.6786096829477292,0.6333136174625227,0.7193193675821448,12671,1779,53226,10223
caid2,disorder_pdb,CAID2 Disorder-PDB,AUCpred-no-profile,DED,calibrated,0.066,240,0.8956742882728577,0.8745999872684479,0.911405311524868,0.7066917096182406,0.6603765632096711,0.752375631877435,0.9114625943096082,0.8983134207172625,0.9230895837950154,0.8090771519639244,0.7869928031928368,0.831374627113182,0.6341293471644516,0.5922193098582542,0.6735350760881852,0.7686350895529479,0.7178197079480576,0.8114272414959803,0.7363630157249164,0.6970489220488763,0.7724911668875508,16179,4870,50135,6715
caid2,disorder_pdb,CAID2 Disorder-PDB,AUCpred-no-profile,DED,content,0.04899999871850014,240,0.8956742882728577,0.8745999872684479,0.911405311524868,0.7372674063073295,0.6946915233870381,0.7797184937080769,0.8926643032451596,0.8786090144001347,0.9053556302705698,0.8149658547762445,0.7936975434190553,0.8361152762063347,0.6308281912428384,0.5881842676738828,0.6703926077066089,0.7408594127200105,0.6867622959855063,0.7873376145459492,0.7390590450336056,0.6993420085303685,0.775847673511188,16879,5904,49101,6015
caid2,disorder_pdb,CAID2 Disorder-PDB,DisoPred,DED,literal,0.5,240,0.9196887612342834,0.8954297050833702,0.9379049003124237,0.6766401677295362,0.6183725481565867,0.7293293088943942,0.9561312607944732,0.9418099750815332,0.9669490686984987,0.8163857142620047,0.7867270331614671,0.8422780519777103,0.685135106723451,0.6382130843651956,0.7275268010738134,0.8652256478999106,0.8184609113933503,0.9024002395336671,0.7593999705867935,0.7114212489346806,0.7997682608152534,15491,2413,52592,7403
caid2,disorder_pdb,CAID2 Disorder-PDB,DisoPred,DED,calibrated,0.461,240,0.9196887612342834,0.8954297050833702,0.9379049003124237,0.7233336245304447,0.6663556894322795,0.7749745187618717,0.9392418871011726,0.9219269877854,0.9522943563611368,0.8312877558158087,0.803369543261082,0.8561556665584481,0.6920638726658999,0.6431888125325159,0.735616071013058,0.8320771781730479,0.7816722333392169,0.874134949175933,0.7739041031872137,0.7252722837462341,0.8132677895732575,16560,3342,51663,6334
caid2,disorder_pdb,CAID2 Disorder-PDB,DisoPred,DED,content,0.40799999237060547,240,0.9196887612342834,0.8954297050833702,0.9379049003124237,0.7796365860050668,0.7260831582876656,0.8260822675039223,0.9085355876738478,0.8870064389186066,0.9258834372704917,0.8440860868394573,0.8191013014963195,0.8681029143567334,0.6882950960095846,0.6378957969286542,0.7343323169844334,0.7801136363636364,0.7230620887581511,0.8281347646334158,0.7798750382313103,0.7323447723626454,0.8196331618808428,17849,5031,49974,5045
caid2,disorder_pdb,CAID2 Disorder-PDB,Dispredict2,DED,literal,0.5,240,0.6670626401901245,0.6233453005552292,0.709914880990982,0.2958417052502839,0.24074277113584164,0.35890644545406325,0.876138532860649,0.8430806274949136,0.90475727281133,0.5859901190554665,0.5556503713395722,0.6184421041568859,0.2064644484101623,0.13526932370133493,0.27990804013334525,0.49852789636390404,0.41245166342674794,0.5853740791450714,0.37132675438596496,0.31350883929100454,0.4305119572852124,6773,6813,48192,16121
caid2,disorder_pdb,CAID2 Disorder-PDB,Dispredict2,DED,calibrated,0.395,240,0.6670626401901245,0.6233453005552292,0.709914880990982,0.47794181881715736,0.417859500249835,0.5432523491302351,0.7531497136623944,0.7057321019098352,0.7966856815376729,0.6155457662397759,0.5803369560686864,0.6522522831615146,0.22667337275570507,0.15744474444108958,0.2990792452121204,0.4462479608482871,0.3719361905569816,0.5231704995330761,0.46155144050280505,0.4062167233687663,0.516737308292585,10942,13578,41427,11952
caid2,disorder_pdb,CAID2 Disorder-PDB,Dispredict2,DED,content,0.4090000092983246,240,0.6670626401901245,0.6233453005552292,0.709914880990982,0.45164671966454095,0.39133382821794815,0.5166898968074548,0.7727115716753022,0.7277622199382262,0.8145245243637298,0.6121791456699216,0.5771837893348757,0.6490038494594775,0.22450742683955227,0.15318711655515763,0.29732435501508325,0.45267489711934156,0.3762675684861564,0.5305971288544353,0.4521602238936505,0.3958099833977051,0.5087925079856674,10340,12502,42503,12554
caid2,disorder_pdb,CAID2 Disorder-PDB,Dispredict3,DED,literal,0.5,240,0.8922934532165527,0.8644883841276169,0.9134024292230606,0.30313619288896654,0.23245440330840875,0.385372563158303,0.9856194891373512,0.9791128166681065,0.9910165784776441,0.6443778410131589,0.6089224950178469,0.6845527379175339,0.4399517778037847,0.36509372537248874,0.5118905309048277,0.8976846462294658,0.851149443124496,0.9376247992954602,0.4532244897959184,0.3687574558165142,0.5401486036819276,6940,791,54214,15954
caid2,disorder_pdb,CAID2 Disorder-PDB,Dispredict3,DED,calibrated,0.036,240,0.8922934532165527,0.8644883841276169,0.9134024292230606,0.7710317113654233,0.7259022245696417,0.8134095347907496,0.85624943186983,0.8308937593457159,0.8798143118970587,0.8136405716176267,0.789141031539226,0.8367416894243412,0.6086047925747673,0.5609150682154235,0.6561567763923958,0.6906373488790641,0.6304432650225335,0.7446450640890983,0.7286236146368646,0.6836017716258574,0.7681146757419102,17652,7907,47098,5242
caid2,disorder_pdb,CAID2 Disorder-PDB,Dispredict3,DED,content,0.050999999046325684,240,0.8922934532165527,0.8644883841276169,0.9134024292230606,0.7175242421595178,0.6667183031401234,0.7668297885262059,0.8845195891282611,0.8619218220705049,0.9042681359121858,0.8010219156438895,0.7751558556410768,0.8264201860957107,0.6029316787975233,0.5524292542720716,0.6509886119514839,0.7211466701786733,0.6621257356493113,0.7711925599990321,0.7193308957151928,0.6771074948345526,0.7587527733559105,16427,6352,48653,6467
caid2,disorder_pdb,CAID2 Disorder-PDB,IDP-Fusion,DED,literal,0.5,240,0.93205326795578,0.9118183046579361,0.9475876808166503,0.8124399405957893,0.7590049899071376,0.8607007618032051,0.9287155713116989,0.9098140220711556,0.9437941657856954,0.8705777559537441,0.8468619116982987,0.8947618024153889,0.7447470605031188,0.7011328992460816,0.7893991818505006,0.8258958305581457,0.7797164732907501,0.865993096214411,0.8191126279863481,0.7821184120334551,0.8543431551922585,18600,3921,51084,4294
caid2,disorder_pdb,CAID2 Disorder-PDB,IDP-Fusion,DED,calibrated,0.525,240,0.93205326795578,0.9118183046579361,0.9475876808166503,0.7966716170175592,0.7424034871112624,0.8476821193043411,0.9378056540314517,0.9208300195953361,0.9515490916518047,0.8672386355245054,0.8430578011471371,0.8924705293764696,0.7467792866903533,0.7028470983646115,0.7907548480351898,0.8420590951061865,0.798759561910023,0.880045419035193,0.8187368137540962,0.7813524455143237,0.8545702865241792,18239,3421,51584,4655
caid2,disorder_pdb,CAID2 Disorder-PDB,IDP-Fusion,DED,content,0.4909999966621399,240,0.93205326795578,0.9118183046579361,0.9475876808166503,0.8186861186337031,0.7670185454679223,0.8663103263455376,0.9251704390509954,0.9060629922693463,0.9411603816846242,0.8719282788423492,0.8483052818487623,0.8954099933429887,0.7441890805183066,0.699846452387253,0.7876068712386954,0.8199396299050702,0.7722381966931056,0.8613252111600106,0.8193123948156404,0.7818908220570232,0.8550339619055148,18743,4116,50889,4151
caid2,disorder_pdb,CAID2 Disorder-PDB,rawMSA,DED,literal,0.5,240,0.9205443859100342,0.8968535527586937,0.9419722765684128,0.7100113566873416,0.6432515274850302,0.7739632033435525,0.9456776656667576,0.9232722458365759,0.9621199931479325,0.8278445111770496,0.7942935504536844,0.8596590047612779,0.6925756605136196,0.6302342445171165,0.7484869591226192,0.844722756326976,0.788703455243837,0.8920364768335671,0.7715309585400004,0.7182781331004409,0.8191103153557621,16255,2988,52017,6639
caid2,disorder_pdb,CAID2 Disorder-PDB,rawMSA,DED,calibrated,0.48,240,0.9205443859100342,0.8968535527586937,0.9419722765684128,0.7327247313706649,0.6684512601925248,0.7919497337544422,0.9359149168257431,0.9110224832992716,0.9537310077517869,0.8343198240982039,0.8013627388467383,0.8661047462217829,0.6939026696090863,0.6342338932484617,0.7479173991135771,0.8263546798029556,0.7694604607574832,0.8760793908390586,0.7767282492938834,0.7255570871808896,0.8225252762770848,16775,3525,51480,6119
caid2,disorder_pdb,CAID2 Disorder-PDB,rawMSA,DED,content,0.4399999976158142,240,0.9205443859100342,0.8968535527586937,0.9419722765684128,0.7782388398707085,0.7231726754934004,0.8326925078467088,0.9080265430415416,0.8805719257640198,0.9284897531761062,0.843132691456125,0.8136263637231135,0.8726621585020885,0.6864230197015159,0.6270969614016221,0.7387175149957802,0.7788511977618465,0.7178324420996925,0.8302271251366942,0.7785448984050689,0.7305379826744606,0.820626204651689,17817,5059,49946,5077
caid2,disorder_pdb,CAID2 Disorder-PDB,metapredict,DED,literal,0.5,240,0.9268051385879517,0.9033610343933105,0.9442954763770104,0.7683672577968027,0.7136580877400186,0.8177468754633311,0.9604581401690755,0.9516936894281354,0.9679920632322925,0.864412698982939,0.8376991834246361,0.8894496107954906,0.762982643868926,0.7210864926206336,0.8020488606821812,0.8899625619751088,0.8578740471782762,0.9154376636471973,0.8247069854664792,0.7846408693084356,0.8592981751549713,17591,2175,52830,5303
caid2,disorder_pdb,CAID2 Disorder-PDB,metapredict,DED,calibrated,0.503,240,0.9268051385879517,0.9033610343933105,0.9442954763770104,0.7673626277627326,0.7131338256594232,0.8171710905897541,0.9609126443050632,0.952117523959661,0.9684296200379111,0.8641376360338979,0.8374836267987207,0.8891718376419262,0.7630191993846588,0.7211009828545042,0.8023505506981528,0.8909625722689928,0.8588907278956291,0.9160653580052504,0.8245564629681779,0.7844973567070683,0.8592150005800752,17568,2150,52855,5326
caid2,disorder_pdb,CAID2 Disorder-PDB,metapredict,DED,content,0.3490000069141388,240,0.9268051385879517,0.9033610343933105,0.9442954763770104,0.8185114003669084,0.7719666076230104,0.8625177104460421,0.9246250340878102,0.9099327724203191,0.9369516330473775,0.8715682172273593,0.8481305078140718,0.8931060577316624,0.7432217459467078,0.7014951860242296,0.7836550234190888,0.8188332969193796,0.7708177117113264,0.856046902057841,0.8186723170012451,0.7802881436949601,0.8530263795558412,18739,4146,50859,4155
caid2,disorder_pdb,CAID2 Disorder-PDB,disomine,DED,literal,0.5,240,0.8828164935112,0.8418172255158425,0.9120372876524925,0.3969599021577706,0.31204771410204385,0.4828869548388958,0.9685846741205345,0.9527997602605079,0.9818507403778829,0.6827722881391526,0.6393114449880912,0.7258593532909425,0.48157362220788863,0.3942760416072883,0.5585101832136832,0.8402366863905325,0.7606062200664008,0.90400093286374,0.5391871848116285,0.4462367647251936,0.6209572258512036,9088,1728,53277,13806
caid2,disorder_pdb,CAID2 Disorder-PDB,disomine,DED,calibrated,0.281,240,0.8828164935112,0.8418172255158425,0.9120372876524925,0.6886520485716782,0.6104888136208898,0.7553958773734107,0.9039178256522135,0.8769780595376224,0.9274886521447453,0.7962849371119458,0.7576101339581903,0.8296553487560822,0.607865550806677,0.5356701399245783,0.6677968875407424,0.7489430430858391,0.6802876903553299,0.8090566898495818,0.7175332802366595,0.6575885901869354,0.7675576660873616,15766,5285,49720,7128
caid2,disorder_pdb,CAID2 Disorder-PDB,disomine,DED,content,0.2529999911785126,240,0.8828164935112,0.8418172255158425,0.9120372876524925,0.7214554031624006,0.6460934286172296,0.7838476041094928,0.8846104899554585,0.8549770407750436,0.9106916600894464,0.8030329465589297,0.7657698766391084,0.8345153674369048,0.6062980577882316,0.5372661794778454,0.6674215248813875,0.7224020293911827,0.6537664269660258,0.7841976885959236,0.7219284059617991,0.6628120704614712,0.7701212913082561,16517,6347,48658,6377
caid2,disorder_pdb,CAID2 Disorder-PDB,s2D,DED,literal,0.5,240,0.7728742957115173,0.74624814838171,0.7960487931966782,0.7722110596662881,0.7296117168985379,0.8132168604804257,0.6566675756749386,0.6350093583801072,0.6787348524376614,0.7144393176706134,0.6917704219697521,0.7353625316054638,0.39148084310770337,0.345215990258959,0.4340937101491746,0.48350836888743026,0.4217167411676537,0.5463165407005892,0.5946718692186082,0.5416964901703849,0.6466999322519412,17679,18885,36120,5215
caid2,disorder_pdb,CAID2 Disorder-PDB,s2D,DED,calibrated,0.543,240,0.7728742957115173,0.74624814838171,0.7960487931966782,0.68188171573338,0.6326119681182722,0.7319933575090208,0.7415507681119898,0.7241844050562473,0.7589132489707734,0.7117162419226849,0.6867242001320029,0.7366061433256468,0.396821517182217,0.34762168576171476,0.44377577598744994,0.5233848526502833,0.4605910048641128,0.5870599669953405,0.5922118320972668,0.540674411756142,0.6434605841031211,15611,14216,40789,7283
caid2,disorder_pdb,CAID2 Disorder-PDB,s2D,DED,content,0.5820000171661377,240,0.7728742957115173,0.74624814838171,0.7960487931966782,0.5587053376430505,0.5044939843433391,0.6129142262773113,0.8164894100536315,0.8020071965227219,0.8299807425433171,0.687597373848341,0.6608495659632804,0.7134962297207028,0.3752378197655896,0.32218923151260087,0.4241145761922827,0.5589250600830238,0.49313889487180973,0.6218977417143532,0.5588151772646845,0.5090337829965402,0.6073418133401335,12791,10094,44911,10103
caid2,disorder_nox,CAID2 Disorder-NOX,AlphaFold-disorder,AF,literal,0.5,135,0.7146506905555725,0.6687473595142365,0.7591056510806083,0.5745941905168731,0.5154638755772122,0.6396159363790638,0.7124394504883665,0.6655838592699835,0.7615191187224732,0.6435168205026198,0.6035737686697317,0.6848558973746633,0.26495505069337094,0.19197004525781353,0.3417024486854159,0.4262457418997069,0.34866118270373625,0.5107859739046858,0.489425569654796,0.4291384897069863,0.5504513255086617,10761,14485,35887,7967
caid2,disorder_nox,CAID2 Disorder-NOX,AlphaFold-disorder,AF,calibrated,0.206,135,0.7146506905555725,0.6687473595142365,0.7591056510806083,0.8386907304570697,0.789585643590865,0.8820527662408821,0.566425792106726,0.5139826871933082,0.6172732771574017,0.7025582612818978,0.6669236161561587,0.7372246639027187,0.3615033313248814,0.29544549787035085,0.4296095578052807,0.4183290276187179,0.3449013459305594,0.4944560837699277,0.5582230119946691,0.48814039529216574,0.6257801956350906,15707,21840,28532,3021
caid2,disorder_nox,CAID2 Disorder-NOX,AlphaFold-disorder,AF,content,0.5759999752044678,135,0.7146506905555725,0.6687473595142365,0.7591056510806083,0.40495514737291755,0.34818613117537167,0.4700740642034355,0.7803343127134122,0.742324856507828,0.8191511692096756,0.5926447300431649,0.5581370251425132,0.6296529865655861,0.18553606846157503,0.11408174343068382,0.2590574357728145,0.40667059895972973,0.3303737974448109,0.4899248525615501,0.40581106027771086,0.34808552090682293,0.46294098874663114,7584,11065,39307,11144
caid2,disorder_nox,CAID2 Disorder-NOX,AlphaFold-rsa,AF,literal,0.5,135,0.736266016960144,0.6872919991612434,0.7848046720027924,0.8644809910294746,0.8146280040083502,0.9112300316953268,0.5531644564440562,0.48668275906864555,0.6183518961179286,0.7088227237367655,0.6702092040832814,0.7450186274840643,0.3739837327142376,0.305738636259124,0.4396158011888165,0.41836787430874983,0.3448493145028518,0.49231867749944197,0.5638560930588933,0.490386239507591,0.6314288903979433,16190,22508,27864,2538
caid2,disorder_nox,CAID2 Disorder-NOX,AlphaFold-rsa,AF,calibrated,0.576,135,0.736266016960144,0.6872919991612434,0.7848046720027924,0.8038231524989321,0.739397472070265,0.8645116564480344,0.6224489795918368,0.5634306896958139,0.6816260681412013,0.7131360660453845,0.6721901212365301,0.7499138236311472,0.3789838949216166,0.30454973578520306,0.4475120999311793,0.44182906785630427,0.3648242369997462,0.5168570541935109,0.5702272727272727,0.5004495878382031,0.6368113024980171,15054,19018,31354,3674
caid2,disorder_nox,CAID2 Disorder-NOX,AlphaFold-rsa,AF,content,0.8500000238418579,135,0.736266016960144,0.6872919991612434,0.7848046720027924,0.4329880392994447,0.3657898039792731,0.49601809655281814,0.7895457794012547,0.7471851326916558,0.8305578460421386,0.6112669093503497,0.5747537176985018,0.6486839625876408,0.22260106882808736,0.14564209679807114,0.3010907800187359,0.4334045964724746,0.34406956478824235,0.5257182144705714,0.4331962177466745,0.36287250865224224,0.498263862342126,8109,10601,39771,10619
caid2,disorder_nox,CAID2 Disorder-NOX,AIUPred,DED,literal,0.5,135,0.7516429424285889,0.7061315223574638,0.7968147769570351,0.8532678342588638,0.8033768787539648,0.8965390058934335,0.5275946954657349,0.4656637697807154,0.5877274121685371,0.6904312648622993,0.6544784522601966,0.7259671599203272,0.3425203558132815,0.2736606894587875,0.41324342933276265,0.40174979887369267,0.3285350607789378,0.4774585551784442,0.5462874333378914,0.47028970331262643,0.619014370664058,15980,23796,26576,2748
caid2,disorder_nox,CAID2 Disorder-NOX,AIUPred,DED,calibrated,0.662,135,0.7516429424285889,0.7061315223574638,0.7968147769570351,0.7584899615548911,0.6982713358098944,0.8153925279639254,0.6461724767728103,0.58840168168417,0.703440604222888,0.7023312191638507,0.6633253751096967,0.7392435462978058,0.3606992785141801,0.2819001065074209,0.43869674368613476,0.44351817159985013,0.3611893396649325,0.5280434086944564,0.5597367798880921,0.48039974655290596,0.6339300990981149,14205,17823,32549,4523
caid2,disorder_nox,CAID2 Disorder-NOX,AIUPred,DED,content,0.8429999947547913,135,0.7516429424285889,0.7061315223574638,0.7968147769570351,0.5008543357539513,0.43404819283127594,0.5591627394309961,0.8146589375049631,0.7710941509799143,0.8584362182839278,0.6577566366294572,0.6211756459979731,0.69094251655094,0.31557681739958215,0.23613739229784175,0.39075460053755984,0.5011754648429152,0.40308636406038784,0.5974109262250488,0.5010148488409358,0.4277975771170651,0.5635206359066356,9380,9336,41036,9348
caid2,disorder_nox,CAID2 Disorder-NOX,IUPred3,DED,literal,0.5,135,0.7425069212913513,0.6972583189606667,0.7865568041801453,0.7096326356258009,0.6499828253693559,0.7633632215272557,0.6757325498292702,0.6236723140168113,0.7311476115280032,0.6926825927275355,0.6565191966124548,0.7255095780927837,0.34611813522488244,0.27395875103639405,0.41461169899946687,0.4486227383202809,0.3642287534704665,0.5323137260830976,0.5497187293183323,0.4728916661663872,0.6174581466129202,13290,16334,34038,5438
caid2,disorder_nox,CAID2 Disorder-NOX,IUPred3,DED,calibrated,0.511,135,0.7425069212913513,0.6972583189606667,0.7865568041801453,0.6954826997009825,0.6341316687821505,0.7501139487140036,0.6886365441118082,0.63769348094188,0.7432796151929532,0.6920596219063954,0.655661055228783,0.7258830365481469,0.3464615368293147,0.27377479346954936,0.4163465373743897,0.4536904803371765,0.3680577434908904,0.5389446954239261,0.5491493981491241,0.4726120325134073,0.6172800271663595,13025,15684,34688,5703
caid2,disorder_nox,CAID2 Disorder-NOX,IUPred3,DED,content,0.6480000019073486,135,0.7425069212913513,0.6972583189606667,0.7865568041801453,0.4944468175993165,0.43126575878432705,0.5508865496227591,0.8121972524418327,0.7702248401075884,0.8555843219428244,0.6533220350205746,0.6204322089745388,0.6866836555203791,0.3066852326188481,0.2355182646701106,0.3818364663559963,0.4946581196581197,0.3987932706280545,0.5887336443153894,0.4945524460585345,0.4263613316554426,0.5548492290763012,9260,9460,40912,9468
caid2,disorder_nox,CAID2 Disorder-NOX,ESpritz-D,DED,literal,0.5,135,0.7777889370918274,0.7309433713555336,0.8201937109231949,0.35081161896625374,0.26050022162934716,0.4468438466445404,0.9053442388628603,0.8752625587913615,0.9329580001520102,0.628077928914557,0.5822250076076082,0.6733325230733704,0.3074363760156565,0.2031923065900199,0.40498574038909063,0.5794672781795731,0.4620616577039323,0.6892886110825007,0.4370385152664139,0.338894984790138,0.5233444489180974,6570,4768,45604,12158
caid2,disorder_nox,CAID2 Disorder-NOX,ESpritz-D,DED,calibrated,0.251,135,0.7777889370918274,0.7309433713555336,0.8201937109231949,0.8445108927808629,0.7834637641588241,0.8964386519240272,0.5686293972842055,0.5002634180011064,0.6412051686274874,0.7065701450325341,0.6689792060679268,0.7466854034923075,0.36866142818151987,0.3006494539592922,0.4422544295055786,0.42125449460647224,0.3450572631783725,0.4959266412535542,0.562116823343344,0.48775657558001384,0.6309295641266128,15816,21729,28643,2912
caid2,disorder_nox,CAID2 Disorder-NOX,ESpritz-D,DED,content,0.43299999833106995,135,0.7777889370918274,0.7309433713555336,0.8201937109231949,0.530595899188381,0.43476156626393364,0.6249130732920897,0.8256769633923609,0.7826166653271358,0.8682043362702054,0.6781364312903709,0.6288974281925735,0.7260330317981953,0.35633265003482817,0.2533768378709977,0.45508483158908036,0.5308793674537878,0.4291165490728433,0.6319453290162701,0.5307375954708113,0.44172136887975044,0.6148258120296993,9937,8781,41591,8791
caid2,disorder_nox,CAID2 Disorder-NOX,ESpritz-N,DED,literal,0.5,135,0.7023568153381348,0.6585405722260476,0.7505983129143715,0.5427701836821871,0.4845281613533531,0.5971483515999566,0.7261573890256492,0.6811310352825967,0.7736276816100052,0.6344637863539182,0.5973095573314294,0.6707838514297657,0.25116302097878523,0.1812095455491451,0.32410685551966817,0.42426645519429024,0.3402167661886513,0.5157938355308379,0.47625740857872423,0.4065290180789615,0.5428742282993388,10165,13794,36578,8563
caid2,disorder_nox,CAID2 Disorder-NOX,ESpritz-N,DED,calibrated,0.251,135,0.7023568153381348,0.6585405722260476,0.7505983129143715,0.7922362238359676,0.7462318179641655,0.835468573193721,0.5352179782418804,0.4820314372601333,0.5899849388885494,0.6637271010389241,0.6316385000325246,0.698317920894111,0.2927832316641554,0.2306866208113711,0.3591208431198267,0.3879055661585924,0.31422085395019234,0.4628646371843962,0.5208066412763046,0.44767870020361034,0.589902608720865,14837,23412,26960,3891
caid2,disorder_nox,CAID2 Disorder-NOX,ESpritz-N,DED,content,0.6140000224113464,135,0.7023568153381348,0.6585405722260476,0.7505983129143715,0.4334686031610423,0.3762145168233467,0.4910378670814191,0.7894266656078774,0.7491194415357545,0.8312099987611515,0.6114476343844599,0.5764314541988723,0.6459039776312173,0.2229064857721028,0.15174703735730624,0.29582815011057084,0.4335380507343124,0.34497514453943284,0.5251496685146271,0.4335033241662884,0.37012059998549196,0.494040028230322,8118,10607,39765,10610
caid2,disorder_nox,CAID2 Disorder-NOX,ESpritz-X,DED,literal,0.5,135,0.721520185470581,0.6748096138238907,0.7709853678941726,0.24241777018368219,0.185234978434071,0.3011963675084988,0.9079448900182641,0.8842538868441234,0.9313584379306676,0.5751813301009732,0.5449237579444606,0.6072311950925843,0.19693964852742954,0.1202012936694049,0.27583829256602194,0.4947150484907922,0.3859219946396885,0.6030759691470391,0.32538971510481995,0.2578704065496712,0.393173198190374,4540,4637,45735,14188
caid2,disorder_nox,CAID2 Disorder-NOX,ESpritz-X,DED,calibrated,0.075,135,0.721520185470581,0.6748096138238907,0.7709853678941726,0.6841093549765057,0.6229345553501233,0.7411063831762127,0.650539982529977,0.6020391027604981,0.7041030441062104,0.6673246687532414,0.6305288514217086,0.7058732050294855,0.299650534204111,0.23304372334436532,0.3725520398030825,0.4212395199736972,0.3445704740021933,0.5000914857531897,0.5214170889038113,0.4531684508448078,0.5874292263923484,12812,17603,32769,5916
caid2,disorder_nox,CAID2 Disorder-NOX,ESpritz-X,DED,content,0.23000000417232513,135,0.721520185470581,0.6748096138238907,0.7709853678941726,0.45578812473302005,0.3905932750447017,0.5214168329468946,0.7986182799968237,0.758993597599551,0.8399456054130532,0.6272032023649219,0.5906451753283505,0.6650655279858387,0.25461177329101203,0.1760406714193088,0.33553038561543314,0.4569593147751606,0.3703550711143757,0.5478498767168073,0.45637296834901625,0.39015096181840436,0.5234868222866275,8536,10144,40228,10192
caid2,disorder_nox,CAID2 Disorder-NOX,MobiDB-lite,DED,literal,0.5,135,0.7324368357658386,0.6918967813253403,0.7736173361539841,0.523334045279795,0.46478358372969103,0.5784926744519399,0.7799571190343841,0.7421424003892475,0.819920326323452,0.6516455821570896,0.6188593322589448,0.6853821013300241,0.2935565200041601,0.22746015312471649,0.36286893170526774,0.46928417524539146,0.38183260758516424,0.5541989023017095,0.4948375533284528,0.4305404544843016,0.5551447815952946,9801,11084,39288,8927
caid2,disorder_nox,CAID2 Disorder-NOX,MobiDB-lite,DED,calibrated,0.25,135,0.7324368357658386,0.6918967813253403,0.7736173361539841,0.7280008543357539,0.677141609100984,0.7767541308582174,0.6465298181529421,0.5965650879127393,0.6987355798133346,0.6872653362443479,0.6526399871508191,0.7209562095494076,0.3343084873181304,0.2682553300160858,0.401835249443938,0.4336651929132606,0.35491414411106503,0.5133184099196632,0.5435445611657065,0.47193913019375955,0.6095552307201072,13634,17805,32567,5094
caid2,disorder_nox,CAID2 Disorder-NOX,MobiDB-lite,DED,content,0.625,135,0.7324368357658386,0.6918967813253403,0.7736173361539841,0.3924070909867578,0.33414090774833743,0.44844230482663056,0.8524577146033511,0.8264885196904187,0.8814492491390729,0.6224324027950544,0.5912920585610912,0.6541090920163938,0.2654231962163934,0.19746843067489608,0.3342145641891914,0.4971923415195183,0.4097166262130864,0.5884356844769006,0.4386284281834731,0.3752109541704957,0.497992861071523,7349,7432,42940,11379
caid2,disorder_nox,CAID2 Disorder-NOX,flDPnn,DED,literal,0.5,135,0.7804590463638306,0.7389900624752045,0.8240718632936478,0.29650790260572407,0.21589701514931492,0.3851702996165816,0.9373262923846581,0.9153026082249044,0.954777287667965,0.6169170974951911,0.5775692639092918,0.6597474053524269,0.3131531079946817,0.220388073924121,0.40238090683227107,0.6375430539609644,0.5375663264818089,0.7235064243453604,0.4047671113054887,0.3152223642187308,0.48909707501165733,5553,3157,47215,13175
caid2,disorder_nox,CAID2 Disorder-NOX,flDPnn,DED,calibrated,0.119,135,0.7804590463638306,0.7389900624752045,0.8240718632936478,0.8307347287483982,0.7877583754469196,0.8774070382656289,0.5803819582307631,0.5252047048015636,0.6358046242827575,0.7055583434895807,0.6723118480278313,0.7399311133411485,0.3661811157776821,0.3060862045162209,0.43082168829657,0.42398146886496796,0.35570220474026654,0.4957280141307474,0.5614275661728885,0.49409245811309394,0.6233205291554207,15558,21137,29235,3170
caid2,disorder_nox,CAID2 Disorder-NOX,flDPnn,DED,content,0.28999999165534973,135,0.7804590463638306,0.7389900624752045,0.8240718632936478,0.5246689448953439,0.4436362896586478,0.6195746325705371,0.8237909949972206,0.7881478421776328,0.8546978372077505,0.6742299699462823,0.6283573413111966,0.7229766501126776,0.3486121165700212,0.2600178102223641,0.4372499572701587,0.5253983531173136,0.45091102826536344,0.5993331387543901,0.5250333956719209,0.4583233771374394,0.5909289413310956,9826,8876,41496,8902
caid2,disorder_nox,CAID2 Disorder-NOX,flDPnn2,DED,literal,0.5,135,0.7872355580329895,0.744475220143795,0.8320318818092346,0.2809162750961128,0.1950072899206589,0.37645277903504143,0.9538037004685143,0.9362735919378457,0.967909187995214,0.6173599877823135,0.5753900727976542,0.6627828704354422,0.33369274453914255,0.23954560059837862,0.4228123147406504,0.6933315761729046,0.5956958277889183,0.7728804615181865,0.39983280133758936,0.295999682496375,0.49502429837625,5261,2327,48045,13467
caid2,disorder_nox,CAID2 Disorder-NOX,flDPnn2,DED,calibrated,0.203,135,0.7872355580329895,0.744475220143795,0.8320318818092346,0.7639363519863306,0.7052381101337571,0.825264756277584,0.6700547923449536,0.6218722687812214,0.715697340682857,0.716995572165642,0.6788619520887426,0.7544328444799305,0.3879485402820288,0.32177311565186045,0.45845473897102756,0.4626054903482394,0.38929257922113947,0.5339408869397702,0.5762561675561373,0.5130705324558262,0.6361278226588332,14307,16620,33752,4421
caid2,disorder_nox,CAID2 Disorder-NOX,flDPnn2,DED,content,0.3019999861717224,135,0.7872355580329895,0.744475220143795,0.8320318818092346,0.5315570269115762,0.4454093513414836,0.6316117905631365,0.8277217501786707,0.7913554121945862,0.8580737298444151,0.6796393885451235,0.6303931658549372,0.7292682244120425,0.3598543235940824,0.2716506292736415,0.4486885826568218,0.5342671604143187,0.4613654254040999,0.6018435574564875,0.5329086480554589,0.46599641621632154,0.6000292933481194,9955,8678,41694,8773
caid2,disorder_nox,CAID2 Disorder-NOX,DISOPRED3-diso,DED,literal,0.5,135,0.7030327320098877,0.6533817306160927,0.7542243227362633,0.7000213583938488,0.6364381370761141,0.7588959687235223,0.6512348129913444,0.5960117478456459,0.7070379901508336,0.6756280856925967,0.6370204890641006,0.7147828941960621,0.31423948590611783,0.23622183403820501,0.39599532373481505,0.4273420692352826,0.34358751367554174,0.5145420407179652,0.5307047726996721,0.4514214311686956,0.6040006274507513,13110,17568,32804,5618
caid2,disorder_nox,CAID2 Disorder-NOX,DISOPRED3-diso,DED,calibrated,0.32,135,0.7030327320098877,0.6533817306160927,0.7542243227362633,0.7755766766339172,0.7206966897634421,0.8269066265294693,0.5870721829587866,0.529143105131014,0.6444151509446975,0.6813244297963519,0.6437103491644415,0.7178254315896079,0.32246891004006767,0.2508069554647321,0.39695099303092607,0.41118188251946214,0.3337220497349739,0.4926021146808649,0.5374354799918599,0.4620270856008196,0.6103531549297214,14525,20800,29572,4203
caid2,disorder_nox,CAID2 Disorder-NOX,DISOPRED3-diso,DED,content,0.8999999761581421,135,0.7030327320098877,0.6533817306160927,0.7542243227362633,0.41691584792823577,0.34717453851849694,0.48484213623750655,0.7878583339950767,0.7459188080915878,0.8312144004245108,0.6023870909616562,0.5628111781648004,0.6427375877199973,0.2055886170097823,0.12137474567743271,0.29088970471163983,0.42219098085865686,0.32170945237074805,0.5231365911165715,0.4195368330557197,0.3396574552163353,0.4904949630553819,7808,10686,39686,10920
caid2,disorder_nox,CAID2 Disorder-NOX,SETH-0,DED,literal,0.5,135,0.7459731101989746,0.7004437893629074,0.7905556663870812,0.7079773601025203,0.6466468976541573,0.7635163310450891,0.6772413245453823,0.6221740551897902,0.7317492628018493,0.6926093423239513,0.6546622040640012,0.7296371655731038,0.34614429715282463,0.2719758076518111,0.41853565911837626,0.44919876681234544,0.3666081166404439,0.5318329167353016,0.5496528137630843,0.475072746590462,0.616107235394162,13259,16258,34114,5469
caid2,disorder_nox,CAID2 Disorder-NOX,SETH-0,DED,calibrated,0.349,135,0.7459731101989746,0.7004437893629074,0.7905556663870812,0.8513455788124733,0.7992747556293448,0.8961756969080225,0.5919359961883586,0.5369111172919909,0.6452869327995328,0.7216407875004159,0.6868531477476156,0.7545185873168524,0.3946971896513303,0.3250362551573624,0.46037698115860876,0.4368338858598866,0.3599294364823005,0.5111422766489182,0.5773987361254459,0.5021164760379718,0.643808587009602,15944,20555,29817,2784
caid2,disorder_nox,CAID2 Disorder-NOX,SETH-0,DED,content,0.6259999871253967,135,0.7459731101989746,0.7004437893629074,0.7905556663870812,0.44270610850064074,0.39382429909111816,0.5012893467123173,0.79528309378226,0.7538564224109001,0.836447888251883,0.6189946011414504,0.588624148006081,0.6522674470318237,0.2384916998948043,0.17333269366425513,0.31030873064921083,0.4456808041713702,0.3555270214303618,0.5398639719375801,0.44418847606546835,0.3833408924828428,0.5007117993794777,8291,10312,40060,10437
caid2,disorder_nox,CAID2 Disorder-NOX,SETH-1,DED,literal,0.5,135,0.7419112324714661,0.6975567564368248,0.7837604492902756,0.7106471593336181,0.653182520015599,0.7665365127000098,0.6782537917890892,0.6254544651934945,0.7252942014170726,0.6944504755613536,0.6577200534733039,0.7294356358522194,0.3494545610067172,0.27845678603560664,0.4201340323366803,0.4509079821113972,0.3681962593726953,0.5304429323425669,0.5517370035652102,0.47819836363999635,0.6159822489658161,13309,16207,34165,5419
caid2,disorder_nox,CAID2 Disorder-NOX,SETH-1,DED,calibrated,0.36,135,0.7419112324714661,0.6975567564368248,0.7837604492902756,0.8205894916702264,0.7683119317946272,0.8665254410188127,0.6006908600015882,0.5485149010286282,0.6511346047558553,0.7106401758359073,0.6747458751723706,0.7438382616129904,0.3746463620344324,0.3053018979432424,0.44142416223404113,0.43312101910828027,0.3585489163828981,0.5080536434558481,0.5669802619442907,0.4950648104816396,0.6340164054224147,15368,20114,30258,3360
caid2,disorder_nox,CAID2 Disorder-NOX,SETH-1,DED,content,0.640999972820282,135,0.7419112324714661,0.6975567564368248,0.7837604492902756,0.4596860316104229,0.40638232390999024,0.5138025533883838,0.79921384896371,0.7599450294710007,0.8342067585623152,0.6294499402870664,0.6000784757929186,0.6587679779682462,0.25892159787749813,0.19563155810445215,0.32152824984851885,0.45980879132617636,0.37200544689941983,0.5474395371946932,0.45974740327361086,0.40074873235615555,0.5172316757122326,8609,10114,40258,10119
caid2,disorder_nox,CAID2 Disorder-NOX,VSL2,DED,literal,0.5,135,0.7261160016059875,0.6822311013936997,0.7709097981452941,0.8576997009824862,0.8176495078650985,0.8972844663308631,0.48493210513777496,0.4310783108889022,0.5367784605294816,0.6713159030601306,0.6385877147172996,0.7038768718031657,0.3119474480488596,0.25063430896561,0.3749560617170378,0.38237954675299946,0.3117731934398327,0.45590120864757655,0.5289449420442571,0.45370357256709015,0.598177155422263,16063,25945,24427,2665
caid2,disorder_nox,CAID2 Disorder-NOX,VSL2,DED,calibrated,0.598,135,0.7261160016059875,0.6822311013936997,0.7709097981452941,0.7886586928662964,0.7440986048843393,0.83247460479068,0.5751806559199555,0.518730091593256,0.6297779314943738,0.681919674393126,0.6480090211639,0.7180947277204648,0.32380179589070823,0.2571621405489141,0.3929759556160324,0.4083607509192955,0.3319869923357387,0.48554138016765463,0.5380986210539738,0.46371963910938446,0.6056712157191912,14770,21399,28973,3958
caid2,disorder_nox,CAID2 Disorder-NOX,VSL2,DED,content,0.8579999804496765,135,0.7261160016059875,0.6822311013936997,0.7709097981452941,0.4505019222554464,0.3886861047730728,0.5091211436143429,0.7962955610259668,0.7541683351229734,0.836255699450482,0.6233987416407065,0.5879850778358903,0.6582050215711693,0.24692187244323058,0.1734255340968249,0.32010983433659096,0.45122472991763823,0.35752600787366384,0.5461310767553929,0.45086303639181313,0.38060394845317036,0.514634655935246,8437,10261,40111,10291
caid2,disorder_nox,CAID2 Disorder-NOX,SPOT-Disorder,DED,literal,0.5,135,0.7482937574386597,0.6953543186187744,0.7998552322387695,0.7985369500213584,0.7381600738480107,0.8521052554958728,0.6165726991185579,0.5497280184595505,0.6836024550243016,0.7075548245699581,0.6696948521666497,0.7461511258934649,0.3690365987253312,0.2970545270071452,0.44212638988882413,0.43640024511949577,0.35930036725244746,0.5179025855571298,0.5643715682019738,0.4900058956536622,0.6344114409281404,14955,19314,31058,3773
caid2,disorder_nox,CAID2 Disorder-NOX,SPOT-Disorder,DED,calibrated,0.434,135,0.7482937574386597,0.6953543186187744,0.7998552322387695,0.8229923109782145,0.767961221553327,0.8732994803921087,0.5943778289525927,0.5274421217379145,0.6611099871207053,0.7086850699654036,0.6713493606964079,0.7458195955829892,0.3712948318324972,0.3010478946144821,0.4414517179240679,0.42999023573720185,0.35491085732179223,0.5101262790936841,0.5648580800029319,0.4907319138226539,0.6342713270584681,15413,20432,29940,3315
caid2,disorder_nox,CAID2 Disorder-NOX,SPOT-Disorder,DED,content,0.9129999876022339,135,0.7482937574386597,0.6953543186187744,0.7998552322387695,0.47175352413498506,0.3915917237412732,0.5541016651334008,0.804931311045819,0.7543436450853654,0.8548908735510259,0.638342417590402,0.5927210710947182,0.6834938196211882,0.27699693523778,0.18329032604249185,0.36938930404596765,0.4734472965007234,0.36847987964505746,0.5770774630366856,0.4725988927224584,0.38902384393573597,0.550314676947699,8835,9826,40546,9893
caid2,disorder_nox,CAID2 Disorder-NOX,SPOT-Disorder2,DED,literal,0.5,135,0.760461151599884,0.710051016509533,0.811297482252121,0.7823579666809056,0.7154226035140588,0.8433531990334571,0.6626300325577702,0.6056050695203612,0.719766624225627,0.7224939996193379,0.68029518230101,0.7602592565192388,0.3969904701138928,0.3157138867650982,0.47841699584166253,0.4629969032421159,0.37866279252903345,0.5494138341111796,0.581728669551753,0.5024574646190341,0.6565180798207054,14652,16994,33378,4076
caid2,disorder_nox,CAID2 Disorder-NOX,SPOT-Disorder2,DED,calibrated,0.368,135,0.760461151599884,0.710051016509533,0.811297482252121,0.8416809055958991,0.7820336523501884,0.8952934471671327,0.6256451997141269,0.564700283661437,0.6839016130800245,0.733663052655013,0.693641694397566,0.770580435710148,0.41544465820475607,0.33687445666953564,0.48871151100534926,0.45531484690930096,0.37235708142184337,0.5382302344694303,0.5909499887530929,0.5136333408729077,0.6604668280458328,15763,18857,31515,2965
caid2,disorder_nox,CAID2 Disorder-NOX,SPOT-Disorder2,DED,content,0.8130000233650208,135,0.760461151599884,0.710051016509533,0.811297482252121,0.4604335753951303,0.38340658728509025,0.5315636732052355,0.8004446914952752,0.750607240772388,0.8464005607029382,0.6304391334452027,0.5891317961176359,0.6733333813738778,0.26111086268293543,0.1750434995382182,0.35336909631369634,0.4617402945113788,0.360775523374135,0.567850388416453,0.46108600914365155,0.3815810808412892,0.5384507949084953,8623,10052,40320,10105
caid2,disorder_nox,CAID2 Disorder-NOX,SPOT-Disorder-Single,DED,literal,0.5,135,0.7569326162338257,0.7133041054010392,0.8040386691689492,0.5739000427167877,0.4984027033494039,0.6442653601110154,0.7670134201540538,0.7189387065900646,0.8137238683021564,0.6704567314354208,0.6276772583499045,0.7107915790390336,0.32342989438772085,0.23616430393236582,0.4071401468094504,0.4780288204945739,0.3848339898979294,0.5707312922262475,0.5215956517519168,0.44281051121572373,0.5943271706640914,10748,11736,38636,7980
caid2,disorder_nox,CAID2 Disorder-NOX,SPOT-Disorder-Single,DED,calibrated,0.169,135,0.7569326162338257,0.7133041054010392,0.8040386691689492,0.7957069628363947,0.7362525695952757,0.8474629200508703,0.6226276502819026,0.56565747940407,0.6804512870324555,0.7091673065591486,0.6696690821973394,0.7456433386873444,0.37195494455819805,0.29633851676147555,0.44680998756693246,0.4394444280616909,0.3585743668014304,0.517690185025116,0.566196166340546,0.488336590861439,0.6361040806080046,14902,19009,31363,3826
caid2,disorder_nox,CAID2 Disorder-NOX,SPOT-Disorder-Single,DED,content,0.6240000128746033,135,0.7569326162338257,0.7133041054010392,0.8040386691689492,0.4844083724903887,0.4058551697439226,0.559526090240157,0.809040736917335,0.765206648739181,0.8520022082245825,0.6467245547038618,0.6034320407729791,0.6861036109431076,0.29363159465953836,0.20677778891896517,0.37499490082039527,0.4853672890696057,0.38711271311700973,0.5844298232180131,0.48488735669045135,0.40550906665119524,0.5588780808375323,9072,9619,40753,9656
caid2,disorder_nox,CAID2 Disorder-NOX,DisEMBL-dis465,DED,literal,0.5,135,0.6661328077316284,0.6320911392569541,0.7000807642936706,0.3882956001708672,0.34236023182685216,0.43388063343863564,0.8006829190820297,0.7737253968933987,0.8274941424779558,0.5944892596264484,0.5693963758308309,0.6204269898808349,0.1938494387997907,0.14186997754812983,0.24588989555046828,0.4200554528650647,0.34633642376645984,0.4973927417244463,0.40355160932297446,0.35347001949407475,0.44927124350620606,7272,10040,40332,11456
caid2,disorder_nox,CAID2 Disorder-NOX,DisEMBL-dis465,DED,calibrated,0.373,135,0.6661328077316284,0.6320911392569541,0.7000807642936706,0.6466253737718923,0.6057543900676179,0.6867862995197094,0.6049591042642738,0.5688189288106493,0.6402416424593593,0.625792239018083,0.5992926195369036,0.6511291455329752,0.2242610319609548,0.17501706467204983,0.27452673414434725,0.3783310943797057,0.3089880857124247,0.44852349074675646,0.47736365965666083,0.41586642258363604,0.5340503309861839,12110,19899,30473,6618
caid2,disorder_nox,CAID2 Disorder-NOX,DisEMBL-dis465,DED,content,0.4860000014305115,135,0.6661328077316284,0.6320911392569541,0.7000807642936706,0.4149401964972234,0.37074930448336635,0.4596929339064041,0.7840268403081077,0.7561231209466929,0.8118652022790938,0.5994835184026656,0.5744152035014286,0.6249746141586566,0.19922848223384998,0.14824899913313452,0.25131340936464525,0.4166756032171582,0.34312248677304275,0.4913218011764638,0.4158060891433464,0.3667485718122789,0.46146202554354765,7771,10879,39493,10957
caid2,disorder_nox,CAID2 Disorder-NOX,DisEMBL-disHL,DED,literal,0.5,135,0.627414882183075,0.589622737467289,0.6621496200561523,0.0006407518154634772,0.0002687842752391887,0.0010976964263652753,0.9994242833320098,0.9991042224691379,0.9996914022955727,0.5000325175737367,0.4997919266522363,0.5003103150580938,0.0011870974062019191,-0.007450543758442717,0.011725323124055977,0.2926829268292683,0.14285714285714285,0.48573359073359074,0.0012787042463636847,0.000536453611069049,0.002189444757996217,12,29,50343,18716
caid2,disorder_nox,CAID2 Disorder-NOX,DisEMBL-disHL,DED,calibrated,0.06,135,0.627414882183075,0.589622737467289,0.6621496200561523,0.7741883810337462,0.7342990156826156,0.8140579665434848,0.41000952910347016,0.3829547773238299,0.4394120896256031,0.5920989550686082,0.5669114235904471,0.6160445250115381,0.170562206477372,0.12362231402695045,0.21748512119932004,0.3278981410285404,0.26773399866419156,0.38858241834700075,0.4606805833571632,0.3963118343421346,0.5199586396710453,14499,29719,20653,4229
caid2,disorder_nox,CAID2 Disorder-NOX,DisEMBL-disHL,DED,content,0.10599999874830246,135,0.627414882183075,0.589622737467289,0.6621496200561523,0.36917983767620677,0.3164468049709412,0.4209103713195274,0.7661200667037243,0.739100143784997,0.7889662159127062,0.5676499521899656,0.5410291347998676,0.5948086357113689,0.13537492937862372,0.08064544551597648,0.18925366477957947,0.3698315057502006,0.29718913372259204,0.4421173199602693,0.36950538438927927,0.3132298703225266,0.4191956919276939,6914,11781,38591,11814
caid2,disorder_nox,CAID2 Disorder-NOX,IsUnstruct,DED,literal,0.5,135,0.7241644859313965,0.6811851799488068,0.7663402676582336,0.7760038445108928,0.7316887609726126,0.8214032537730922,0.5823671881203843,0.5306383114081673,0.6329343160953912,0.6791855163156386,0.6460708658218893,0.711385872260034,0.3187237939868869,0.25632251214118185,0.38262534766246137,0.40857464155186957,0.3348067967852678,0.4860158409501727,0.5353051677778187,0.4647309503770866,0.6026484643813559,14533,21037,29335,4195
caid2,disorder_nox,CAID2 Disorder-NOX,IsUnstruct,DED,calibrated,0.545,135,0.7241644859313965,0.6811851799488068,0.7663402676582336,0.7527231952157197,0.7055813060087784,0.7984350858002763,0.6060311284046692,0.5559771053776333,0.6568231421946926,0.6793771618101945,0.6459567472918909,0.7113902987468351,0.31897499992971134,0.2556709425845104,0.3835522759461295,0.4153261445996111,0.3416674108970389,0.49349149676203286,0.5352952344788304,0.46449823698665776,0.6026359001068929,14097,19845,30527,4631
caid2,disorder_nox,CAID2 Disorder-NOX,IsUnstruct,DED,content,0.8560000061988831,135,0.7241644859313965,0.6811851799488068,0.7663402676582336,0.44911362665527554,0.3977894574006561,0.5007332931985603,0.7957992535535615,0.7607465178326205,0.8319407851723821,0.6224564401044186,0.5933479042806594,0.6541316845754563,0.24504044139468678,0.1836467851377517,0.3130702647595715,0.44985826603198376,0.3648606162746815,0.5367322935868186,0.4494856379425518,0.38992540420891786,0.5054109054603507,8411,10286,40086,10317
caid2,disorder_nox,CAID2 Disorder-NOX,RONN,DED,literal,0.5,135,0.7064592242240906,0.6668736726045609,0.7503893077373505,0.7517086715079027,0.7120371327162126,0.7912675913047027,0.5723814817755896,0.5249104173500494,0.6194809775030772,0.662045076641746,0.6323649916415908,0.6919474705170154,0.2882475821564411,0.23304357932917183,0.3460166477240395,0.39524959290246503,0.3246690813157419,0.4669216998621888,0.5180878077503404,0.44969432238671203,0.5793072729143111,14078,21540,28832,4650
caid2,disorder_nox,CAID2 Disorder-NOX,RONN,DED,calibrated,0.51,135,0.7064592242240906,0.6668736726045609,0.7503893077373505,0.732859888936352,0.6921798477260154,0.7737709521556863,0.5927102358453109,0.5459998528316149,0.6394193210049653,0.6627850623908315,0.632129980327933,0.6930540519702105,0.2894370756869361,0.23351437014657953,0.3482886412167327,0.4008352559796735,0.3287434521110351,0.47362990648107217,0.5182276425833978,0.4494837862946237,0.5794408976180293,13725,20516,29856,5003
caid2,disorder_nox,CAID2 Disorder-NOX,RONN,DED,content,0.6499999761581421,135,0.7064592242240906,0.6668736726045609,0.7503893077373505,0.4284493806065784,0.3794046705897974,0.4764452832070449,0.8046732311601683,0.7704646408104582,0.8387007263834215,0.6165613058833733,0.5875656230043382,0.6469804211550597,0.23667677996330422,0.17523835426171272,0.3024563921147147,0.44919666349437387,0.3643336261760645,0.5340565964247037,0.43857779235331096,0.38354960521533815,0.4911895202002795,8024,9839,40533,10704
caid2,disorder_nox,CAID2 Disorder-NOX,PreDisorder,DED,literal,0.5,135,0.7281702160835266,0.688279177248478,0.7689294278621673,0.8406663818880821,0.7982093685512031,0.8821699047735224,0.5257881362661796,0.47700165256719085,0.5740428985108267,0.6832272590771309,0.6526874859990974,0.7129529640645854,0.32935189263920506,0.2711617151959216,0.38949042440038273,0.397264767480003,0.3268015411978661,0.4699423815162866,0.5395568806867835,0.46766282481309146,0.6054023669913222,15744,23887,26485,2984
caid2,disorder_nox,CAID2 Disorder-NOX,PreDisorder,DED,calibrated,0.514,135,0.7281702160835266,0.688279177248478,0.7689294278621673,0.7936245194361384,0.7440908201420724,0.8406755422592785,0.5835980306519495,0.5348565531087054,0.6338940095148999,0.688611275044044,0.6554218400326788,0.7205373211965316,0.3355767642881618,0.27370958503688464,0.4003306244738402,0.414727384340644,0.3408391735507893,0.4909435403065599,0.5447714694131877,0.4735001094909461,0.6103371715735849,14863,20975,29397,3865
caid2,disorder_nox,CAID2 Disorder-NOX,PreDisorder,DED,content,0.7540000081062317,135,0.7281702160835266,0.688279177248478,0.7689294278621673,0.45472020504058097,0.3969401778535331,0.515849346474612,0.7973675851663623,0.7584334373980434,0.8375940409231797,0.6260438951034717,0.5939187835285412,0.6603189495365696,0.25210893609160895,0.18800989385277586,0.3243072119785894,0.4548416386262885,0.3699276708995518,0.5416405035236618,0.4547809137272703,0.3916890896565621,0.5157370819360412,8516,10207,40165,10212
caid2,disorder_nox,CAID2 Disorder-NOX,OPAL,DED,literal,0.5,135,0.6487264633178711,0.5958117485046387,0.7032981097698211,0.7564609141392568,0.6843943309964716,0.8390680244972173,0.46454379417136504,0.40974591662836285,0.515756349967485,0.610502354155311,0.566910457334721,0.6556899426233098,0.20014217202554518,0.12585053730665133,0.276966552114606,0.34436909015775785,0.2927948913370281,0.3952917892180103,0.47328244274809167,0.4225323751115683,0.5204090709246911,14167,26972,23400,4561
caid2,disorder_nox,CAID2 Disorder-NOX,OPAL,DED,calibrated,0.498,135,0.6487264633178711,0.5958117485046387,0.7032981097698211,0.7697031183255019,0.6985691300763324,0.8493964339153188,0.45167950448661953,0.39531567190125494,0.5036030085849973,0.6106913114060607,0.5673571074399618,0.6550272098373936,0.2015924599975711,0.12726181780780205,0.27603129463289766,0.3429285119543238,0.29068889713439705,0.3935378098870471,0.4744663693366029,0.42355138768547596,0.5226500765587653,14415,27620,22752,4313
caid2,disorder_nox,CAID2 Disorder-NOX,OPAL,DED,content,0.5479999780654907,135,0.6487264633178711,0.5958117485046387,0.7032981097698211,0.3888829560017087,0.3269400503231353,0.4653839186320488,0.7766814897165092,0.741761720667915,0.8081447271452247,0.582782222859109,0.5459972958458432,0.6222933811914095,0.16611480578656038,0.09714565295793902,0.23923515653328942,0.39299589898553855,0.3394093206005019,0.4488596711368488,0.3909286097691895,0.34265104157889387,0.44160602243295144,7283,11249,39123,11445
caid2,disorder_nox,CAID2 Disorder-NOX,pyHCA,DED,literal,0.5,135,0.7491877675056458,0.7001904919743538,0.7956495463848113,0.3221913712088851,0.24162412789399426,0.40702489184698853,0.9015325974747875,0.874147632006218,0.9270587173813599,0.6118619843418363,0.5707737810175905,0.6544856715481205,0.2718719838456414,0.176771948692625,0.3626558047740948,0.5488448244496998,0.4293146823139482,0.654256924082702,0.4060292039566651,0.3154563895619193,0.49000624526363407,6034,4960,45412,12694
caid2,disorder_nox,CAID2 Disorder-NOX,pyHCA,DED,calibrated,0.234,135,0.7491877675056458,0.7001904919743538,0.7956495463848113,0.7449273814609141,0.6769426741959488,0.8080636763065968,0.6382315572143255,0.5813509429797299,0.6956501118539482,0.6915794693376198,0.6509866977156905,0.728857944179746,0.34142915080265646,0.26422475885854163,0.41561371988145845,0.43361099024056693,0.3547067254405437,0.5104044531802849,0.548151349652273,0.47122762777786276,0.6171712560198936,13951,18223,32149,4777
caid2,disorder_nox,CAID2 Disorder-NOX,pyHCA,DED,content,0.3840000033378601,135,0.7491877675056458,0.7001904919743538,0.7956495463848113,0.4925245621529261,0.4064132414159732,0.5786765571560898,0.811462717382673,0.7737026535912819,0.8504027407091882,0.6519936397677996,0.6072026419617954,0.6948644850799458,0.30402298270758543,0.21088310344903818,0.3905701488706288,0.49270872282463546,0.3915601739227798,0.5824230053093602,0.4926166252770435,0.4064336940223457,0.5696909210460511,9224,9497,40875,9504
caid2,disorder_nox,CAID2 Disorder-NOX,DeepIDP-2L,DED,literal,0.5,135,0.7621129751205444,0.7135799616575241,0.8110465049743653,0.7576356258009398,0.6833105906712909,0.8252450606280952,0.6185976336059715,0.5559373043964583,0.6777153710712381,0.6881166297034557,0.6410194182539872,0.731945139437441,0.3346491471457331,0.24945766412131623,0.4166966526962616,0.4248076404898057,0.35059296829149517,0.5056907222085903,0.5443802873640392,0.4762050426333786,0.616887276775046,14189,19212,31160,4539
caid2,disorder_nox,CAID2 Disorder-NOX,DeepIDP-2L,DED,calibrated,0.662,135,0.7621129751205444,0.7135799616575241,0.8110465049743653,0.5451196070055532,0.4592042038031933,0.6318027050273763,0.8142221869292464,0.7752705227514086,0.8512129635270793,0.6796708969673998,0.6338565133121659,0.7236539692032301,0.35451824500121665,0.26552024731704277,0.4389695309469892,0.5217457964940972,0.4302282962853381,0.6098638826413404,0.5331766549157853,0.4574542212804862,0.6023436159808497,10209,9358,41014,8519
caid2,disorder_nox,CAID2 Disorder-NOX,DeepIDP-2L,DED,content,0.6679999828338623,135,0.7621129751205444,0.7135799616575241,0.8110465049743653,0.5261106364801367,0.44205425702789414,0.6096044052840779,0.8253593266100214,0.7869607037117932,0.8621459795376514,0.675734981545079,0.6307576500911968,0.7186925179292606,0.35193179946560527,0.26371003823924755,0.43740099345329775,0.5283109919571045,0.43521238965481224,0.6202519665563236,0.5272085183797955,0.45209948261478217,0.5957441158097232,9853,8797,41575,8875
caid2,disorder_nox,CAID2 Disorder-NOX,PredIDR-long,DED,literal,0.5,135,0.7228317260742188,0.6696890130639076,0.7763684540987015,0.8747330200768902,0.8305309932895805,0.9112801195507464,0.5209243230366076,0.45994031277167896,0.5833969506054264,0.697828671556749,0.6631525885455136,0.7318938410608214,0.3570921239353285,0.288325220146426,0.42676333547559936,0.4043540504516957,0.3306914770385696,0.4790924765752902,0.5530535768542588,0.47861648392041173,0.6225613902730035,16382,24132,26240,2346
caid2,disorder_nox,CAID2 Disorder-NOX,PredIDR-long,DED,calibrated,0.54,135,0.7228317260742188,0.6696890130639076,0.7763684540987015,0.8552968816744981,0.8092527592332824,0.8940411465826243,0.5447470817120622,0.48414004712103825,0.6072853629967953,0.7000219816932802,0.6645320200671341,0.7342959738350493,0.3585507454719168,0.2892314130090783,0.42871062821169575,0.41124518613607186,0.3351048998030608,0.4869825566961429,0.5554284129130692,0.4811509996164485,0.6257462112582557,16018,22932,27440,2710
caid2,disorder_nox,CAID2 Disorder-NOX,PredIDR-long,DED,content,0.8840000033378601,135,0.7228317260742188,0.6696890130639076,0.7763684540987015,0.40260572404955147,0.33100969149611215,0.4729960736776255,0.7786468673072342,0.7351435824409825,0.8216688500376507,0.5906262956783929,0.5483009038388181,0.6324524059616595,0.18136835861422956,0.09635664371396388,0.2667877773063831,0.4034242910647405,0.3186471338840232,0.5043483492427341,0.403014591907638,0.33341898875998294,0.4722288055313441,7540,11150,39222,11188
caid2,disorder_nox,CAID2 Disorder-NOX,PredIDR-short,DED,literal,0.5,135,0.717742919921875,0.6653801336884498,0.7692166745662689,0.8735049124305853,0.8323845780143677,0.9090270513545068,0.5142142460096879,0.45389027349685457,0.5755628882665722,0.6938595792201365,0.6604926307995697,0.7266479213792068,0.3505117670177733,0.28378289581533384,0.41687301317004444,0.40067109162605014,0.3275713402910109,0.47583095051650415,0.5493560790503216,0.4753847933494628,0.6186512524357772,16359,24470,25902,2369
caid2,disorder_nox,CAID2 Disorder-NOX,PredIDR-short,DED,calibrated,0.518,135,0.717742919921875,0.6653801336884498,0.7692166745662689,0.8660294745835113,0.8227575592646752,0.9027228672429294,0.5244778845390297,0.46512417115684723,0.5849222353612027,0.6952536795612705,0.6618256447245111,0.7282882971266167,0.35184273573397823,0.28559036978400815,0.4187338437933642,0.40373892263267946,0.3298893896870883,0.4793475413941731,0.550730050933786,0.4765352789763181,0.6202123298827998,16219,23953,26419,2509
caid2,disorder_nox,CAID2 Disorder-NOX,PredIDR-short,DED,content,0.8949999809265137,135,0.717742919921875,0.6653801336884498,0.7692166745662689,0.4024455360956856,0.3360344374975789,0.4679275537958145,0.7816445644405622,0.7413497102102097,0.8212906304338934,0.5920450502681239,0.5535324936289266,0.6303551261161116,0.18468941720801157,0.10775027284249727,0.2649695879960439,0.40661415623651276,0.3265542917417463,0.5051065843102854,0.4045191069128381,0.33913926493427266,0.4679729779728978,7537,10999,39373,11191
caid2,disorder_nox,CAID2 Disorder-NOX,AUCpred-profile,DED,literal,0.5,135,0.7379565238952637,0.6897340551018715,0.7864001423120499,0.717001281503631,0.6555932758253966,0.7744480504749536,0.6517906773604384,0.5983615982851103,0.7053536899758328,0.6843959794320347,0.6448032265513849,0.7231480192053443,0.32962517205445274,0.2567099169349816,0.4024709171564481,0.4336088865926117,0.3592262054726812,0.5123261209676768,0.5404056664520284,0.4713135221907814,0.6074463366479717,13428,17540,32832,5300
caid2,disorder_nox,CAID2 Disorder-NOX,AUCpred-profile,DED,calibrated,0.057,135,0.7379565238952637,0.6897340551018715,0.7864001423120499,0.8323900042716788,0.782105816585457,0.87820748023973,0.5676367823393949,0.5125024073338809,0.6240534689883099,0.7000133933055368,0.6628237078356871,0.7351983586683205,0.3568048271919766,0.29171451153147415,0.42508361387293075,0.4171751230999786,0.3442156367260534,0.4934497401177081,0.5557972047917855,0.48326320845584386,0.6237731292323272,15589,21779,28593,3139
caid2,disorder_nox,CAID2 Disorder-NOX,AUCpred-profile,DED,content,1.0,135,0.7379565238952637,0.6897340551018715,0.7864001423120499,0.0,0.0,0.0,1.0,1.0,1.0,0.5,0.5,0.5,,0.0,0.0,,,,,,,0,0,50372,18728
caid2,disorder_nox,CAID2 Disorder-NOX,AUCpred-no-profile,DED,literal,0.5,135,0.72325199842453,0.6803821623325348,0.7694106146693229,0.5639149935924819,0.5001937179463073,0.6225499418843622,0.7348725482410863,0.6898971842893851,0.7796550822460734,0.6493937709167841,0.6115182223145442,0.6861481229466845,0.27916834574260535,0.20827606291066492,0.35488103370944846,0.44158722194346883,0.3611599304575061,0.5226825714905913,0.4953100084419848,0.43123623810874345,0.5578243624308731,10561,13355,37017,8167
caid2,disorder_nox,CAID2 Disorder-NOX,AUCpred-no-profile,DED,calibrated,0.025,135,0.72325199842453,0.6803821623325348,0.7694106146693229,0.8366082870568133,0.8016541376878856,0.8704782817890968,0.5175295799253553,0.46951932667960883,0.5662585578619493,0.6770689334910843,0.6473151811030978,0.7055979499918272,0.31876994701684086,0.263964874329226,0.3761785980457933,0.3919841885366891,0.32567509227832997,0.46213949456731473,0.5338421438184636,0.46498393562555407,0.598948223948035,15668,24303,26069,3060
caid2,disorder_nox,CAID2 Disorder-NOX,AUCpred-no-profile,DED,content,0.953000009059906,135,0.72325199842453,0.6803821623325348,0.7694106146693229,0.4507155061939342,0.38483799990959133,0.5133610400530809,0.7958786627491463,0.7532911123678706,0.8352631249581484,0.6232970844715402,0.5854346346055979,0.6628580119185524,0.24661485400621447,0.17034081173938326,0.32583520033380614,0.4508358703199274,0.36447043002585305,0.5406116326430034,0.4507756802221569,0.38716670878855536,0.5138272924418256,8441,10282,40090,10287
caid2,disorder_nox,CAID2 Disorder-NOX,DisoPred,DED,literal,0.5,135,0.7936563491821289,0.7507532760500908,0.8357841402292251,0.7368111917983767,0.6751961784157808,0.7959537494084044,0.7172834114190423,0.666868201961312,0.7661616868898004,0.7270473016087096,0.6875546462856595,0.7604273298954097,0.4110438559393875,0.33184327627122967,0.48347061412249254,0.4921184022824536,0.4031957479862489,0.5744301091650413,0.5901043448511804,0.5134345534762378,0.6592950923712179,13799,14241,36131,4929
caid2,disorder_nox,CAID2 Disorder-NOX,DisoPred,DED,calibrated,0.481,135,0.7936563491821289,0.7507532760500908,0.8357841402292251,0.7596112772319522,0.6987640438080616,0.8166852004991212,0.6989398872389423,0.6471233688160917,0.7502697264796775,0.7292755822354473,0.6915075918913994,0.7625545380895701,0.412264976922871,0.33435625524923257,0.48338787872236133,0.48402572215984485,0.39820847255387837,0.565113720263054,0.5912841081485484,0.5144410355800046,0.6607510802766302,14226,15165,35207,4502
caid2,disorder_nox,CAID2 Disorder-NOX,DisoPred,DED,content,0.6200000047683716,135,0.7936563491821289,0.7507532760500908,0.8357841402292251,0.5387120888509184,0.46666944177444786,0.6105431496198306,0.8289525927102358,0.7898419625696996,0.8639955468153884,0.6838323407805771,0.6418064873059108,0.7182801314477311,0.3678066944123313,0.2800620516300976,0.44315185951034924,0.5393744987971131,0.44138568602315376,0.6290279284192877,0.5390430903213741,0.46047356909871606,0.606360434998098,10089,8616,41756,8639
caid2,disorder_nox,CAID2 Disorder-NOX,Dispredict2,DED,literal,0.5,135,0.5544336438179016,0.49684006050229074,0.608200041949749,0.3103908586074327,0.246318609425643,0.3861605606849336,0.7446597315969189,0.696182454265435,0.7905274761734631,0.5275252951021758,0.49187624143780007,0.5662839109308287,0.05509967262049329,-0.016773915808846396,0.13084678243652875,0.31127175368139226,0.24963244398972886,0.37893553227490917,0.3108306820308532,0.2542370377584341,0.3684265733855376,5813,12862,37510,12915
caid2,disorder_nox,CAID2 Disorder-NOX,Dispredict2,DED,calibrated,0.984,135,0.5544336438179016,0.49684006050229074,0.608200041949749,0.0161789833404528,0.003871405965832165,0.036470569184112026,0.9992059080441515,0.9981564177771203,0.9999000108508965,0.5076924456923022,0.5014964342422003,0.5180152570963842,0.09730366813653978,0.033763893162238406,0.15548050991633225,0.8833819241982507,0.6193021680216803,0.9820201741234645,0.03177599496617902,0.007701469258640318,0.07030862047618137,303,40,50332,18425
caid2,disorder_nox,CAID2 Disorder-NOX,Dispredict2,DED,content,0.49000000953674316,135,0.5544336438179016,0.49684006050229074,0.608200041949749,0.3106578385305425,0.24682601754446964,0.3864833944192215,0.7441237195267212,0.6954713958052094,0.7901610695123924,0.5273907790286319,0.49174196028618533,0.5661005652353828,0.05480087561620179,-0.016834992284853034,0.1304230710997522,0.3110065750788475,0.24947271499400656,0.3785064961554711,0.31083210898891406,0.25437472852680176,0.3684368190614322,5818,12889,37483,12910
caid2,disorder_nox,CAID2 Disorder-NOX,Dispredict3,DED,literal,0.5,135,0.7850964665412903,0.7459150210022927,0.8269758433103561,0.3229389149935925,0.2375459594618749,0.4215229014342403,0.9258715159215437,0.9007065859023513,0.9464793563138387,0.6244052154575681,0.5835820397383844,0.6692979194781609,0.31725012508200773,0.22471826951150572,0.4092127802345524,0.6182784706603967,0.5131364993400499,0.7031354557061719,0.42427218519817606,0.33368794868297735,0.5091484744471989,6048,3734,46638,12680
caid2,disorder_nox,CAID2 Disorder-NOX,Dispredict3,DED,calibrated,0.022,135,0.7850964665412903,0.7459150210022927,0.8269758433103561,0.8582870568133276,0.8122562357328518,0.9017211031104563,0.5674184070515366,0.5084707334582491,0.6288274381834713,0.712852731932432,0.6770729011533807,0.7475003944598506,0.3801968980269816,0.3127582905756052,0.43896198790416535,0.4245193323473484,0.35277842435615236,0.49605149286753597,0.5680661577608141,0.4987721524868263,0.6306107801556509,16074,21790,28582,2654
caid2,disorder_nox,CAID2 Disorder-NOX,Dispredict3,DED,content,0.16500000655651093,135,0.7850964665412903,0.7459150210022927,0.8269758433103561,0.5181012387868432,0.4371082633912747,0.608772652633035,0.8216270944175336,0.7835218563087636,0.8549149623661535,0.6698641666021884,0.6278249459205987,0.7152129280408828,0.33995676630281063,0.2624717718449951,0.4190560786208438,0.5192101883561644,0.4469383651293617,0.5861533973016791,0.5186551208039343,0.4546221790780883,0.5813282534194216,9703,8985,41387,9025
caid2,disorder_nox,CAID2 Disorder-NOX,IDP-Fusion,DED,literal,0.5,135,0.7833054065704346,0.7394779458642006,0.8270208671689033,0.8517727466894489,0.7907066686755031,0.9054411758734386,0.596184388152148,0.5317400227263073,0.6597866301274,0.7239785674207985,0.6822141338907631,0.7606420637291356,0.3987328916055137,0.3204800692370355,0.4722317068706327,0.43953379439561346,0.3638435558897679,0.5192975847323568,0.5798513294923756,0.5041894196571594,0.6512070786316129,15952,20341,30031,2776
caid2,disorder_nox,CAID2 Disorder-NOX,IDP-Fusion,DED,calibrated,0.626,135,0.7833054065704346,0.7394779458642006,0.8270208671689033,0.7396945749679624,0.65806692931968,0.8135966006835461,0.7080123878345113,0.6512316219037506,0.759515128912232,0.7238534814012368,0.6754598168848377,0.7673600775582184,0.4041205412475215,0.3138010497488031,0.48928699022340083,0.48503203669339306,0.403012374285554,0.572735161668551,0.585886781281059,0.5116629790373038,0.6582188469087055,13853,14708,35664,4875
caid2,disorder_nox,CAID2 Disorder-NOX,IDP-Fusion,DED,content,0.7129999995231628,135,0.7833054065704346,0.7394779458642006,0.8270208671689033,0.5261106364801367,0.4474755036851222,0.6036936465713685,0.8267092829349638,0.786901035888713,0.8618902691493282,0.6764099597075502,0.6339558529658303,0.716299902155464,0.35369106763244884,0.2711877587015377,0.4317683063596264,0.5302443224625982,0.44018464939426966,0.6155019490896239,0.5281693915840258,0.45384986596067206,0.5923731196227117,9853,8729,41643,8875
caid2,disorder_nox,CAID2 Disorder-NOX,rawMSA,DED,literal,0.5,135,0.7880322337150574,0.7397787690162658,0.8336120203137397,0.7501601879538659,0.6758146331939457,0.8211577144946801,0.6866314619232907,0.6281015911530168,0.7463518843289746,0.7183958249385782,0.6772951557864186,0.7584205436151243,0.39196794431038673,0.3127517748027109,0.4738650196866146,0.4709056780854059,0.38700581413176466,0.559954007886471,0.5786005518718339,0.5001828120258098,0.6495359234895792,14049,15785,34587,4679
caid2,disorder_nox,CAID2 Disorder-NOX,rawMSA,DED,calibrated,0.552,135,0.7880322337150574,0.7397787690162658,0.8336120203137397,0.6963370354549338,0.6107839465828178,0.7771230522121951,0.7468633367743984,0.6887915784908846,0.8044316354783919,0.7216001861146661,0.6770006772102738,0.7649473993368838,0.40729946538881867,0.3198408690236073,0.4978696608362232,0.5056218982630273,0.4150345573102784,0.5993181381774574,0.5858490566037736,0.505211793027173,0.6622473463962115,13041,12751,37621,5687
caid2,disorder_nox,CAID2 Disorder-NOX,rawMSA,DED,content,0.6470000147819519,135,0.7880322337150574,0.7397787690162658,0.8336120203137397,0.5529154207603588,0.4550771686376974,0.6413527777599258,0.8346104978956563,0.7827040834383597,0.8809966930015598,0.6937629593280076,0.6454506366016721,0.7412914070767197,0.38779955051756093,0.2923419841884097,0.4846396292291734,0.5541581932997967,0.4491031428238846,0.6566396737711839,0.5535361094777357,0.46546951047238116,0.6347130123577515,10355,8331,42041,8373
caid2,disorder_nox,CAID2 Disorder-NOX,metapredict,DED,literal,0.5,135,0.7487173676490784,0.6998663738369941,0.7967620223760605,0.8102840666381889,0.7519952743522469,0.8655099637630601,0.6339236083538474,0.5769781578677857,0.6951944797958645,0.7221038374960181,0.6830163324937363,0.7597153663771214,0.39503665310352576,0.3173289169960558,0.4759079779658125,0.451435371114086,0.37060385779648114,0.5356471073052088,0.5798292035229161,0.5021030217566478,0.6545345296303601,15175,18440,31932,3553
caid2,disorder_nox,CAID2 Disorder-NOX,metapredict,DED,calibrated,0.42,135,0.7487173676490784,0.6998663738369941,0.7967620223760605,0.8346326356258009,0.78056137130333,0.8844467804941151,0.6128404669260701,0.5538345608269232,0.6730370724742067,0.7237365512759355,0.685924898783792,0.7596633542188471,0.39785151793196993,0.3234646632838766,0.4745577352303291,0.44490934449093444,0.36634493470179125,0.5267158688487545,0.5804199699225785,0.5034956865694094,0.6531116811351523,15631,19502,30870,3097
caid2,disorder_nox,CAID2 Disorder-NOX,metapredict,DED,content,0.9120000004768372,135,0.7487173676490784,0.6998663738369941,0.7967620223760605,0.46171507902605724,0.38593510095416317,0.5288559216717084,0.8015564202334631,0.7623944728114358,0.839638379411908,0.6316357496297602,0.5894750423702343,0.6695777819299374,0.2636486378578538,0.17986452716534893,0.3443019957505111,0.46382020061148954,0.36200877354784844,0.5645515286585013,0.4627652457788124,0.381690098063736,0.5325593443283788,8647,9996,40376,10081
caid2,disorder_nox,CAID2 Disorder-NOX,disomine,DED,literal,0.5,135,0.7809414267539978,0.7276675179600716,0.8296444907784462,0.4327744553609569,0.3358201605491301,0.5320084075777262,0.8649448106090686,0.8139534821123825,0.9111370808869521,0.6488596329850127,0.599482703024213,0.6989113957966151,0.32171399636454806,0.2154850184927121,0.4296403331789353,0.5436678293533673,0.43071976325033406,0.6571126569831607,0.48192412890950176,0.39150870677062294,0.5711547191965413,8105,6803,43569,10623
caid2,disorder_nox,CAID2 Disorder-NOX,disomine,DED,calibrated,0.175,135,0.7809414267539978,0.7276675179600716,0.8296444907784462,0.861490815890645,0.7942236300836764,0.9175119872336462,0.568113237512904,0.5036984071829258,0.6350731637144351,0.7148020267017745,0.6742269011273637,0.7535934871014638,0.3837057034444249,0.3063256256389528,0.4574830554636564,0.4258227981736124,0.3535828417978196,0.5019983166539779,0.5699348252291715,0.49696362851073117,0.638749925300029,16134,21755,28617,2594
caid2,disorder_nox,CAID2 Disorder-NOX,disomine,DED,content,0.4309999942779541,135,0.7809414267539978,0.7276675179600716,0.8296444907784462,0.5305425032037591,0.43866722171313977,0.6274156820929905,0.8264512030493131,0.7688641777851746,0.8776394721838243,0.6784968531265361,0.6290335824090673,0.7270982366936518,0.3572939296989358,0.256233071187158,0.45580418704544445,0.5319627369097334,0.4306374423965467,0.6352283569021853,0.5312516708549431,0.44710921805376574,0.6136699706532865,9936,8742,41630,8792
caid2,disorder_nox,CAID2 Disorder-NOX,s2D,DED,literal,0.5,135,0.6467564702033997,0.6058667302131653,0.6874861627817154,0.7859888936351986,0.7413810042030164,0.829488777089156,0.45590804415151276,0.4141980158381895,0.500669229000909,0.6209484688933558,0.5934741550386149,0.6508143592460871,0.22040719913925694,0.16879182391356237,0.278372229881381,0.34941961212524036,0.2846519808462024,0.4168706923327992,0.4837729028017418,0.4157065187144946,0.5484655815876215,14720,27407,22965,4008
caid2,disorder_nox,CAID2 Disorder-NOX,s2D,DED,calibrated,0.457,135,0.6467564702033997,0.6058667302131653,0.6874861627817154,0.8478748398120461,0.8075003617696559,0.8825076722622126,0.3886683077900421,0.3494616227247502,0.4311205089381608,0.6182715738010441,0.5942723046176739,0.6442380130982804,0.224559906721089,0.17589341445596549,0.27682384610322575,0.3402181132560581,0.2767887508794088,0.40647359427679164,0.48558890536841953,0.4160447496057469,0.5511645799351429,15879,30794,19578,2849
caid2,disorder_nox,CAID2 Disorder-NOX,s2D,DED,content,0.6290000081062317,135,0.6467564702033997,0.6058667302131653,0.6874861627817154,0.36368005126014524,0.31302758806395065,0.41710223176689465,0.7669141586595728,0.737036374426713,0.7973258674360576,0.565297104959859,0.5368718548391597,0.5956662987445167,0.13098358226716084,0.07421380650927735,0.1895279879409451,0.3671302285467874,0.29848039702866414,0.4469589051542547,0.3653969957081545,0.31627989716778726,0.41672433336235254,6811,11741,38631,11917
caid3,disorder_pdb,CAID3 Disorder-PDB,AlphaFold-pLDDT,AF,literal,0.5,261,0.9430447816848755,0.9265170574188233,0.9551919400691986,0.550712940543449,0.4974297763395894,0.5964484998855425,0.9872238976281685,0.9794788850052529,0.992257268295175,0.7689684190858088,0.7423414205184642,0.7920868430519301,0.6477816436884799,0.6054416896611919,0.6829194624076422,0.9514292354171509,0.9228457870864866,0.9716018254367675,0.6976229019340546,0.6505278933067903,0.7355211134938848,12282,627,48449,10020
caid3,disorder_pdb,CAID3 Disorder-PDB,AlphaFold-pLDDT,AF,calibrated,0.282,261,0.9430447816848755,0.9265170574188233,0.9551919400691986,0.7911846471168505,0.7482954060835141,0.8280128919558941,0.9515649197163583,0.9410038838695818,0.9599441526154133,0.8713747834166043,0.8501013428627703,0.8907185438264554,0.7663013104093094,0.7308423011718326,0.799212385972777,0.8812805913495155,0.8509783115800896,0.9060981848563556,0.8338058784613931,0.8030742481519841,0.860372677552413,17645,2377,46699,4657
caid3,disorder_pdb,CAID3 Disorder-PDB,AlphaFold-pLDDT,AF,content,0.21899999678134918,261,0.9430447816848755,0.9265170574188233,0.9551919400691986,0.8321675186081966,0.793579534847205,0.8663453665106525,0.9243214605917353,0.9118766879536286,0.9357226859850747,0.8782444895999659,0.858899532352551,0.8959695732395162,0.756757744031979,0.7221219336050554,0.7904558341109001,0.8332510214160643,0.7978242511881501,0.8635823349681483,0.8327089175546831,0.8030611710585923,0.8600090141862697,18559,3714,45362,3743
caid3,disorder_pdb,CAID3 Disorder-PDB,AlphaFold-rsa,AF,literal,0.5,261,0.9502636790275574,0.9337116643786431,0.9645070567727089,0.8607299793740472,0.8186419889906151,0.8939795901841626,0.919797864536637,0.902196425079264,0.9350095940380649,0.8902639219553421,0.8695019228491212,0.9078667696340935,0.7729610977255326,0.7338528796931222,0.8069614698247349,0.8298461006398063,0.7944759795209441,0.8621946591546935,0.8450059426860941,0.8129893609264818,0.8720318366911218,19196,3936,45140,3106
caid3,disorder_pdb,CAID3 Disorder-PDB,AlphaFold-rsa,AF,calibrated,0.546,261,0.9502636790275574,0.9337116643786431,0.9645070567727089,0.8233342301138912,0.7792344743616222,0.860368358598958,0.9480601516015975,0.9346819609336627,0.9602968823806823,0.8856971908577443,0.8642726989631472,0.9037331996001131,0.7855825185466789,0.7489010599115088,0.817943934570271,0.8781024341255799,0.8466918415156814,0.9061590024630136,0.849836854650221,0.8188884170435027,0.8753756195170749,18362,2549,46527,3940
caid3,disorder_pdb,CAID3 Disorder-PDB,AlphaFold-rsa,AF,content,0.515999972820282,261,0.9502636790275574,0.9337116643786431,0.9645070567727089,0.8480853735091023,0.8050782564144416,0.8833763224562968,0.93131062026245,0.9150069598595942,0.9454643222053892,0.8896979968857761,0.8687713235034825,0.9074810054137052,0.7795582078772997,0.7419826861049421,0.8130837649710726,0.8487323311644605,0.8148266557094366,0.8796559873646024,0.8484087290017269,0.8175000969793093,0.8751580546755444,18914,3371,45705,3388
caid3,disorder_pdb,CAID3 Disorder-PDB,AlphaFold3-pLDDT,AF,literal,0.5,261,0.9357413053512573,0.9195105493068695,0.9485708311200142,0.508609093354856,0.4524481602840788,0.5676825719830699,0.9867552367756134,0.9790932538579378,0.9917923566774836,0.7476821650652348,0.7201676891611435,0.7770147396796697,0.6140856068725239,0.5639143833113403,0.6616441578445252,0.9458017176686401,0.915125912206988,0.968296972616892,0.6614958448753463,0.6112576165562912,0.7110958711133338,11343,650,48426,10959
caid3,disorder_pdb,CAID3 Disorder-PDB,AlphaFold3-pLDDT,AF,calibrated,0.202,261,0.9357413053512573,0.9195105493068695,0.9485708311200142,0.8220338983050848,0.7847383134567705,0.8534919581686475,0.9184937647730052,0.9049930327972139,0.9307422157287394,0.870263831539045,0.850249679126429,0.8869419116534896,0.7402473628149748,0.7037377468681318,0.7717121291497047,0.8208928491470022,0.7824217184493345,0.8543474916636585,0.8214629774840373,0.7915673460765326,0.8474487648395106,18333,4000,45076,3969
caid3,disorder_pdb,CAID3 Disorder-PDB,AlphaFold3-pLDDT,AF,content,0.2029999941587448,261,0.9357413053512573,0.9195105493068695,0.9485708311200142,0.8210474396915075,0.7837987432935678,0.8525990832958877,0.9190031787431738,0.9054574177359561,0.9312270786566128,0.8700253092173407,0.8498507343062441,0.8865994042959084,0.7401955752847938,0.7037794291699998,0.7714812134273364,0.8216369020909988,0.783158194989404,0.8546231772344839,0.8213420651296313,0.7917162470925763,0.8472556839035846,18311,3975,45101,3991
caid3,disorder_pdb,CAID3 Disorder-PDB,AlphaFold3-rsa,AF,literal,0.5,261,0.9468042254447937,0.9293131068348884,0.9608185857534408,0.857187696170747,0.8158284958573202,0.8903459466388295,0.9189216725079469,0.9005623490810211,0.9342356770016605,0.8880546843393469,0.8678278341294451,0.9053442582143605,0.768897412342727,0.7310854925985398,0.8028122806903399,0.8277190855559404,0.7921959333185393,0.8606077723782739,0.8421956914401516,0.8095375506581914,0.869055783790881,19117,3979,45097,3185
caid3,disorder_pdb,CAID3 Disorder-PDB,AlphaFold3-rsa,AF,calibrated,0.529,261,0.9468042254447937,0.9293131068348884,0.9608185857534408,0.829118464711685,0.7860519269984017,0.8643833818256267,0.9358138397587416,0.9197835344525884,0.949501931141955,0.8824661522352133,0.8613702444741466,0.9014364208929718,0.7713491962709182,0.7338480192075412,0.8059594320210571,0.8544429555011321,0.8203610838057463,0.8852073431247915,0.8415902419042852,0.8090207814127715,0.869079630972193,18491,3150,45926,3811
caid3,disorder_pdb,CAID3 Disorder-PDB,AlphaFold3-rsa,AF,content,0.515999972820282,261,0.9468042254447937,0.9293131068348884,0.9608185857534408,0.8414043583535109,0.7985274973318471,0.8757653719619891,0.9288246800880268,0.9117512435546138,0.9433936934622859,0.8851145192207688,0.864228625318386,0.9030215152067643,0.7706445731690397,0.7336797681716389,0.8050300789659305,0.8430676610656842,0.8081180993885222,0.8750944823196338,0.8422351885098743,0.8094343605828735,0.8689784544080461,18765,3493,45583,3537
caid3,disorder_pdb,CAID3 Disorder-PDB,AIUPred,DED,literal,0.5,261,0.8884488344192505,0.8659723117947579,0.9085458099842072,0.8135593220338984,0.7758054521276223,0.8505829275009918,0.8037126090145896,0.7757237972803971,0.8291840080228331,0.808635965524244,0.7867529098954007,0.829931767150365,0.5868027211804884,0.5421936369055403,0.6308157080780825,0.6532022896641106,0.600449982699385,0.7050081622948987,0.724615108129156,0.6829361581987847,0.7626921872266015,18144,9633,39443,4158
caid3,disorder_pdb,CAID3 Disorder-PDB,AIUPred,DED,calibrated,0.717,261,0.8884488344192505,0.8659723117947579,0.9085458099842072,0.628777688099722,0.5746839131602055,0.6765649980243496,0.9581057950933246,0.9465500631407259,0.9672744419196937,0.7934417415965234,0.7668245472544756,0.8172609290335919,0.6511337631672063,0.6060191745281925,0.6891265868179363,0.8721313514522048,0.8343275540231178,0.9020438641536326,0.7307261405382873,0.6865201218839178,0.7669912012679816,14023,2056,47020,8279
caid3,disorder_pdb,CAID3 Disorder-PDB,AIUPred,DED,content,0.5910000205039978,261,0.8884488344192505,0.8659723117947579,0.9085458099842072,0.7412339700475293,0.6970898201697383,0.7831922199291396,0.8829977993316489,0.8607608377085163,0.901109803785393,0.8121158846895891,0.7889786119553678,0.8344262282828381,0.6244535459698076,0.578337793604988,0.6689482744070929,0.7421990751133659,0.6925883376950356,0.7870607947065278,0.7417162086371283,0.6998685451435872,0.7782765203941762,16531,5742,43334,5771
caid3,disorder_pdb,CAID3 Disorder-PDB,AIUPred-2-disorder,DED,literal,0.5,261,0.9168748259544373,0.890358553826809,0.9374780207872391,0.8045466774280333,0.7608281128101836,0.8441324514209957,0.9019479990219251,0.8819044976612104,0.9187079482542445,0.8532473382249792,0.8317205489024855,0.8736298159104612,0.702677557387683,0.6627904748364022,0.7406491378281319,0.7885299934080422,0.7427068540678052,0.822799892942002,0.7964578200945469,0.7628275202382032,0.827578304712133,17943,4812,44264,4359
caid3,disorder_pdb,CAID3 Disorder-PDB,AIUPred-2-disorder,DED,calibrated,0.56,261,0.9168748259544373,0.890358553826809,0.9374780207872391,0.7428930140794547,0.6959771283680538,0.7852625106200596,0.9484676827777325,0.936093462418003,0.9588053978662603,0.8456803484285936,0.8226030177194111,0.8670414252226039,0.7238634599497219,0.6843734194701807,0.759618543428099,0.8675708226422998,0.8329358113106434,0.8944250767512297,0.8004058069035483,0.7650313816984861,0.8315641681414685,16568,2529,46547,5734
caid3,disorder_pdb,CAID3 Disorder-PDB,AIUPred-2-disorder,DED,content,0.5070000290870667,261,0.9168748259544373,0.890358553826809,0.9374780207872391,0.797462111021433,0.7534534538829577,0.8378468398279337,0.9089575352514467,0.8900986954924476,0.9250204096405867,0.8532098231364399,0.831470390043565,0.8734897441340672,0.7068441823401789,0.6670857439298613,0.7448639612893545,0.7992180829551072,0.7540021315903515,0.8326176396431701,0.7983391314106162,0.7653527074603486,0.8300551617705285,17785,4468,44608,4517
caid3,disorder_pdb,CAID3 Disorder-PDB,IUPred3,DED,literal,0.5,261,0.8698468804359436,0.8450352430343628,0.8922424018383026,0.6198547215496368,0.5707923686817513,0.6661475734434991,0.9358342163175483,0.9213227418301462,0.9470774953024373,0.7778444689335926,0.7521594615199902,0.8004738599511141,0.6049779181077422,0.5598540205379275,0.6465313248002971,0.8144700406528015,0.7693791816091085,0.851621388986363,0.7039592616168047,0.660967159752541,0.7416818505962572,13824,3149,45927,8478
caid3,disorder_pdb,CAID3 Disorder-PDB,IUPred3,DED,calibrated,0.484,261,0.8698468804359436,0.8450352430343628,0.8922424018383026,0.6441126356380593,0.5941940635456248,0.6895751495925239,0.9246882386502567,0.9082625286363651,0.9375363968302443,0.784400437144158,0.7594154818164555,0.8075309279715692,0.6064053038518413,0.5595624882674278,0.6479893753654985,0.7953601683184762,0.7487903425038323,0.8350859797798169,0.7117905012015955,0.6693675772585775,0.7497254449353482,14365,3696,45380,7937
caid3,disorder_pdb,CAID3 Disorder-PDB,IUPred3,DED,content,0.42899999022483826,261,0.8698468804359436,0.8450352430343628,0.8922424018383026,0.7213254416644247,0.676989624860455,0.7627032567820706,0.8736245822805445,0.8517497514189601,0.8907587371503406,0.7974750119724846,0.7744643711971803,0.8191704426034325,0.5950446931216112,0.5475041147498461,0.636994081247825,0.7217461528108036,0.6707308692600991,0.7680759371198499,0.7215357359108341,0.6788049466502716,0.7594799977170931,16087,6202,42874,6215
caid3,disorder_pdb,CAID3 Disorder-PDB,ESpritz-D,DED,literal,0.5,261,0.8542909026145935,0.823064649105072,0.8798032209277153,0.35965384270469014,0.29034926756184337,0.4226782508274052,0.9735919797864536,0.9613402201666127,0.9832847306716517,0.6666229112455719,0.633138375012265,0.6980262688620641,0.4584835584667528,0.3963976600510136,0.516847705035595,0.860899431147365,0.8017977831328449,0.911255984811408,0.5073531737246593,0.4315534192004816,0.5710581315116253,8021,1296,47780,14281
caid3,disorder_pdb,CAID3 Disorder-PDB,ESpritz-D,DED,calibrated,0.342,261,0.8542909026145935,0.823064649105072,0.8798032209277153,0.6121424087525782,0.5434916051366319,0.6753505481777103,0.9078979541934958,0.8829709014123944,0.9286816607876913,0.760020181473037,0.7254180445010656,0.7916887404363786,0.5533015262940588,0.49352174329136145,0.6104981355758915,0.7512656834690733,0.6904169632515703,0.8061889556977109,0.6746059198497801,0.6166171008944689,0.7242080542840665,13652,4520,44556,8650
caid3,disorder_pdb,CAID3 Disorder-PDB,ESpritz-D,DED,content,0.28600001335144043,261,0.8542909026145935,0.823064649105072,0.8798032209277153,0.6886826293605954,0.6261386168321468,0.743798059600359,0.8592591083217866,0.8283611881486793,0.8853171661537443,0.773970868841191,0.744455283801004,0.8019087028068566,0.5481834941380985,0.4895550906589586,0.6028443054096719,0.689796101679691,0.6295472925099403,0.7469788903200005,0.689238915814037,0.636500837833366,0.7330351398643323,15359,6907,42169,6943
caid3,disorder_pdb,CAID3 Disorder-PDB,ESpritz-N,DED,literal,0.5,261,0.860149621963501,0.8372576400637627,0.8815965235233306,0.5326428123038293,0.4864621102062235,0.575329904218903,0.9558032439481621,0.9478666573401877,0.9635417721595265,0.7442230281259956,0.7212239424153244,0.7653419102782442,0.5694097140732818,0.5295565226951869,0.6047208021378963,0.8456007972665148,0.8066759964509009,0.8792125634655479,0.6535900962861073,0.6126733041396389,0.6899850337777004,11879,2169,46907,10423
caid3,disorder_pdb,CAID3 Disorder-PDB,ESpritz-N,DED,calibrated,0.361,261,0.860149621963501,0.8372576400637627,0.8815965235233306,0.651466236211999,0.6069183325006234,0.6943217863873146,0.9066142309886707,0.8936074884546045,0.9188016340437876,0.7790402336003348,0.7561820056946202,0.8013006724482121,0.5841718248160485,0.543041755620496,0.6228522627151122,0.760203013813311,0.7152208755558398,0.80127791265736,0.701646786110977,0.6635773296919505,0.7363009104333659,14529,4583,44493,7773
caid3,disorder_pdb,CAID3 Disorder-PDB,ESpritz-N,DED,content,0.30000001192092896,261,0.860149621963501,0.8372576400637627,0.8815965235233306,0.7069769527396647,0.6653712304978223,0.7469727087944152,0.8672059662564187,0.8514149024013228,0.8821415553726505,0.7870914594980416,0.7652058191997683,0.8083694840504608,0.5743094591888683,0.5322145596690399,0.613892267301136,0.7075480165140908,0.6593506422681071,0.7518959667624856,0.7072623693536086,0.6683346854897623,0.7434241433740666,15767,6517,42559,6535
caid3,disorder_pdb,CAID3 Disorder-PDB,ESpritz-X,DED,literal,0.5,261,0.8675729632377625,0.8459446176886558,0.8869863584637642,0.25257824410366786,0.21214595893231902,0.2911742743260094,0.9921550248594018,0.9878205549414386,0.9952879821555068,0.6223666344815348,0.6019790722348449,0.6416578758824291,0.4082417174583002,0.36466430509771736,0.4468745323033503,0.9360252575606514,0.8993991471615426,0.9612477018713919,0.39781073446327686,0.344804031188742,0.4454199092414067,5633,385,48691,16669
caid3,disorder_pdb,CAID3 Disorder-PDB,ESpritz-X,DED,calibrated,0.082,261,0.8675729632377625,0.8459446176886558,0.8869863584637642,0.6539323827459421,0.6087821731367854,0.6976941823287467,0.9150705028934714,0.8998839286764274,0.9276182598684876,0.7845014428197068,0.762212972003952,0.8057745260347132,0.5992347296036556,0.5594321525173923,0.6351432099047831,0.7777303754266212,0.7333102390822874,0.8153578639948696,0.7104788814731817,0.6734346596503791,0.7415743540479404,14584,4168,44908,7718
caid3,disorder_pdb,CAID3 Disorder-PDB,ESpritz-X,DED,content,0.054999999701976776,261,0.8675729632377625,0.8459446176886558,0.8869863584637642,0.7179625145726841,0.6750629398167828,0.7563722891632157,0.873991360339066,0.8562464200991505,0.8891422108526982,0.795976937455875,0.7753451702482109,0.8148380548458433,0.5927258956933458,0.5529533024572064,0.6282556687456816,0.7213912416651649,0.6755965526648631,0.7629261031852839,0.7196727942828892,0.6830392443205425,0.7492423818890157,16012,6184,42892,6290
caid3,disorder_pdb,CAID3 Disorder-PDB,MobiDB-lite,DED,literal,0.5,261,0.8570932745933533,0.8334150031208992,0.8790607050061225,0.5660927271096763,0.5169800919592932,0.6121034313346845,0.9604694759149075,0.9529031432151713,0.9672681215952382,0.7632811015122919,0.7382434363256217,0.7852707316860674,0.6055877209845095,0.5642087108066001,0.6416910324973502,0.8668039821489874,0.8333139595028556,0.8924720024699585,0.6848943499606694,0.6427499069157349,0.719252017536674,12625,1940,47136,9677
caid3,disorder_pdb,CAID3 Disorder-PDB,MobiDB-lite,DED,calibrated,0.429,261,0.8570932745933533,0.8334150031208992,0.8790607050061225,0.5660927271096763,0.5169800919592932,0.6121034313346845,0.9604694759149075,0.9529031432151713,0.9672681215952382,0.7632811015122919,0.7382434363256217,0.7852707316860674,0.6055877209845095,0.5642087108066001,0.6416910324973502,0.8668039821489874,0.8333139595028556,0.8924720024699585,0.6848943499606694,0.6427499069157349,0.719252017536674,12625,1940,47136,9677
caid3,disorder_pdb,CAID3 Disorder-PDB,MobiDB-lite,DED,content,0.28600001335144043,261,0.8570932745933533,0.8334150031208992,0.8790607050061225,0.6505246166263116,0.6021215103540584,0.6938616380335091,0.9304344282337599,0.9189530594064735,0.9404348548684255,0.7904795224300357,0.7668516949953441,0.8110613879701108,0.6209555835433676,0.5792538756848303,0.6568936881208971,0.8095078674255105,0.7695252906740453,0.8424814480773039,0.7213603818615751,0.6827166732479393,0.7546152507259943,14508,3414,45662,7794
caid3,disorder_pdb,CAID3 Disorder-PDB,flDPnn,DED,literal,0.5,261,0.8860940337181091,0.859438206255436,0.9070093348622322,0.33570980181149673,0.28118283597927857,0.39300404072017525,0.9837598826310213,0.9761535459646098,0.9890815047697864,0.659734842221259,0.6331572034610691,0.6876086120400912,0.4622980500160507,0.41380145793898643,0.5121631069675372,0.9037904394012555,0.8632515965673793,0.9355039425709134,0.4895703916824691,0.42731764183538334,0.5483584233096342,7487,797,48279,14815
caid3,disorder_pdb,CAID3 Disorder-PDB,flDPnn,DED,calibrated,0.209,261,0.8860940337181091,0.859438206255436,0.9070093348622322,0.714016680118375,0.6682554816817871,0.7625827355866667,0.9026815551389681,0.883945566204825,0.9183092220614754,0.8083491176286716,0.7860219321172761,0.8303260079506124,0.6299183849631547,0.590558716771572,0.6693001078668879,0.7692753623188405,0.7284587723321579,0.8070779292084815,0.7406167155016046,0.7082229950308045,0.7739410334253306,15924,4776,44300,6378
caid3,disorder_pdb,CAID3 Disorder-PDB,flDPnn,DED,content,0.19099999964237213,261,0.8860940337181091,0.859438206255436,0.9070093348622322,0.7401578333781723,0.6941574788607707,0.785521338101606,0.8836906023310783,0.8625666217565462,0.9015377068244597,0.8119242178546253,0.7905964852729216,0.8329365681139884,0.6245155092264167,0.5856681955357401,0.6630597130301946,0.7430564933603421,0.7003854269694599,0.782642886549085,0.7416043309297572,0.7084526773771501,0.7746264493595196,16507,5708,43368,5795
caid3,disorder_pdb,CAID3 Disorder-PDB,flDPnn2,DED,literal,0.5,261,0.8971019983291626,0.8742103233933449,0.9173679247498512,0.36525872119092456,0.30812755552107074,0.4288653011415728,0.983372728013693,0.9770814826742751,0.9889846253221043,0.6743157246023088,0.6463153781289177,0.705809000968978,0.4876661480675341,0.4380583251444548,0.5426335877151831,0.9089488953358625,0.8726565399314667,0.9387321718585494,0.5211105424769703,0.45859617786669227,0.584694995801659,8146,816,48260,14156
caid3,disorder_pdb,CAID3 Disorder-PDB,flDPnn2,DED,calibrated,0.24,261,0.8971019983291626,0.8742103233933449,0.9173679247498512,0.7347771500313873,0.6879972726353948,0.7813514635352679,0.8968334827614313,0.8781394935660172,0.9118479720398177,0.8158053163964093,0.7926557319010283,0.8381527224510549,0.6385136472497838,0.5943850541734634,0.6789105339478744,0.7639627039627039,0.7188927501163576,0.8048209995444218,0.749085756079722,0.7124831663669703,0.7835971692385267,16387,5063,44013,5915
caid3,disorder_pdb,CAID3 Disorder-PDB,flDPnn2,DED,content,0.2290000021457672,261,0.8971019983291626,0.8742103233933449,0.9173679247498512,0.7501120975697246,0.7049399679269654,0.7951339752246319,0.8866452033580569,0.8674310697430866,0.9021303985338895,0.8183786504638908,0.7948432341926621,0.8402710927001523,0.6368352275985869,0.5924770056961927,0.6754229173835593,0.750448591422932,0.7047970946181067,0.7914273235905364,0.7502803067677265,0.7139048246569722,0.7836512896918417,16729,5563,43513,5573
caid3,disorder_pdb,CAID3 Disorder-PDB,flDPnn3a,DED,literal,0.5,261,0.9198093414306641,0.8971432834863663,0.9373812943696975,0.7491256389561475,0.6915749341010446,0.8050661631474545,0.9114434754258701,0.8913593574730467,0.9283484328196112,0.8302845571910088,0.8026520378795898,0.8567505951714286,0.6713915353841201,0.6247736015620861,0.7166922971154227,0.7935686125492803,0.7504545022018488,0.8303435922871463,0.7707069542152001,0.7309479722673794,0.8069070613854299,16707,4346,44730,5595
caid3,disorder_pdb,CAID3 Disorder-PDB,flDPnn3a,DED,calibrated,0.452,261,0.9198093414306641,0.8971432834863663,0.9373812943696975,0.835216572504708,0.7907363031065545,0.8764128953943903,0.8740932431330997,0.851567678698925,0.8941901476948217,0.8546549078189039,0.8337750083339963,0.875246242937179,0.6904013633899633,0.6518233862620726,0.7280977577299133,0.7509070386196888,0.7057906761796353,0.7901146400872352,0.7908210919589029,0.7567707816250137,0.8206699089911464,18627,6179,42897,3675
caid3,disorder_pdb,CAID3 Disorder-PDB,flDPnn3a,DED,content,0.48500001430511475,261,0.9198093414306641,0.8971432834863663,0.9373812943696975,0.7788539144471348,0.7257030823723791,0.8295412136741133,0.900990300758008,0.8797278096321112,0.9187504877831194,0.8399221076025714,0.8144721092559382,0.8641533294563246,0.6804537082989469,0.6362707565645823,0.7237214557301807,0.7814116694408205,0.7377181489869767,0.8190900753857655,0.7801306954705711,0.7420145125056055,0.813054028398497,17370,4859,44217,4932
caid3,disorder_pdb,CAID3 Disorder-PDB,flDPnn3b,DED,literal,0.5,261,0.9068621397018433,0.8827753305435181,0.9277485281229019,0.2786745583355753,0.2100096524691465,0.35164577872661323,0.9907082891841226,0.9854676518905375,0.9953203223216678,0.6346914237598489,0.5999025426718245,0.6707766043648529,0.4289486655200073,0.3591026640652591,0.4922656752314173,0.9316444311197721,0.8886201583559462,0.9677017772969029,0.42902012218272184,0.3404717062613464,0.5132514822815145,6215,456,48620,16087
caid3,disorder_pdb,CAID3 Disorder-PDB,flDPnn3b,DED,calibrated,0.242,261,0.9068621397018433,0.8827753305435181,0.9277485281229019,0.7401129943502824,0.6742195215046333,0.7998063807710388,0.8976281685548945,0.8774783185040043,0.9150394882076742,0.8188705814525885,0.7846841015575963,0.8476952488124043,0.6440284458332171,0.5838113406855293,0.6917230094747967,0.766651184393869,0.7198513131894927,0.8063913405178301,0.7531483847417412,0.703511052117441,0.7917879497112542,16506,5024,44052,5796
caid3,disorder_pdb,CAID3 Disorder-PDB,flDPnn3b,DED,content,0.23499999940395355,261,0.9068621397018433,0.8827753305435181,0.9277485281229019,0.7535198636893552,0.6877390492274057,0.812418163574765,0.8886013530035047,0.8677173129396116,0.9066141043357622,0.82106060834643,0.7883502401396103,0.8490744018234023,0.6423572288126078,0.5844575674251,0.6901207831242724,0.754534841954023,0.7076223964591922,0.7945631157234407,0.7540270112621708,0.7055215800176533,0.7914937654104135,16805,5467,43609,5497
caid3,disorder_pdb,CAID3 Disorder-PDB,DISOPRED3-diso,DED,literal,0.5,261,0.913657546043396,0.8919466137886047,0.9302976369857788,0.6421845574387948,0.5911727697556575,0.6854181463431825,0.9665009373217051,0.9572223221931689,0.9742244811682595,0.8043427473802499,0.7789165743372556,0.8269416232925576,0.6770168251240928,0.6355476416637018,0.713229464990549,0.8970311912814731,0.8651417317045529,0.9240586175008119,0.7485105048604579,0.706493596180167,0.7833942205582496,14322,1644,47432,7980
caid3,disorder_pdb,CAID3 Disorder-PDB,DISOPRED3-diso,DED,calibrated,0.32,261,0.913657546043396,0.8919466137886047,0.9302976369857788,0.7301587301587301,0.6839777384615539,0.7705195796151321,0.9379330018746435,0.9234310771633869,0.9507974372934873,0.8340458660166867,0.8109986663803266,0.8562307160147059,0.6968264574645654,0.6548127412066799,0.7367956340545981,0.8424211070874289,0.8008530510391552,0.8792560854072868,0.7822828593389699,0.7439905042030083,0.8163997530466659,16284,3046,46030,6018
caid3,disorder_pdb,CAID3 Disorder-PDB,DISOPRED3-diso,DED,content,0.2199999988079071,261,0.913657546043396,0.8919466137886047,0.9302976369857788,0.782710070845664,0.7389953699058387,0.8208862849470339,0.904148667373054,0.8847039158607791,0.9225996823179035,0.8434293691093591,0.8207704581001722,0.8644399672497002,0.688061175960121,0.645534782217105,0.7316136025799743,0.787725631768953,0.7389550276678681,0.8328040815772983,0.7852098421123657,0.7470090470486583,0.8215771578936217,17456,4704,44372,4846
caid3,disorder_pdb,CAID3 Disorder-PDB,SETH-0,DED,literal,0.5,261,0.9306938052177429,0.9061881080269814,0.949542561173439,0.6677876423639135,0.6257617230222791,0.7076198222827801,0.9815388377210856,0.973845484889622,0.9873895017808028,0.8246632400424996,0.8039419049736728,0.8449005504916798,0.7249356124166372,0.6923951740651368,0.7559599663685941,0.9426545983923033,0.9180016069343868,0.962388173831856,0.7817642581559539,0.7502277184723009,0.8113496048729766,14893,906,48170,7409
caid3,disorder_pdb,CAID3 Disorder-PDB,SETH-0,DED,calibrated,0.396,261,0.9306938052177429,0.9061881080269814,0.949542561173439,0.7949511254596,0.7534751952814279,0.8309545846800754,0.9506275980112479,0.9409857661175803,0.9590644466827412,0.8727893617354239,0.8515422571954584,0.8913526368621765,0.7677073364815504,0.7339104590541299,0.7999765418018058,0.8797637951568082,0.8493551355515615,0.904964198487915,0.8352098742167993,0.8040946679258196,0.8622733633318618,17729,2423,46653,4573
caid3,disorder_pdb,CAID3 Disorder-PDB,SETH-0,DED,content,0.3580000102519989,261,0.9306938052177429,0.9061881080269814,0.949542561173439,0.8328401040265447,0.7915659592546102,0.8674594571099553,0.9248716276795175,0.9132783558023547,0.935809547236612,0.8788558658530311,0.8572765112691736,0.8977567394070043,0.7580925782694079,0.721511005278095,0.7927655167517819,0.8343740173397421,0.7973244887921992,0.8655832236681715,0.8336063550479098,0.8022389388933201,0.8626035946089821,18574,3687,45389,3728
caid3,disorder_pdb,CAID3 Disorder-PDB,SETH-1,DED,literal,0.5,261,0.9135745167732239,0.8863015562295914,0.933710427582264,0.6968433324365527,0.6565101522821177,0.7357862305478422,0.9661137827043769,0.9580431188055051,0.973577311020588,0.8314785575704648,0.8109156448966236,0.8519042533164106,0.7184255216557761,0.6837595600574456,0.7518829176193914,0.9033364333875843,0.8752065417836128,0.928911549592763,0.786766567103731,0.7538004807689401,0.8163670449437117,15541,1663,47413,6761
caid3,disorder_pdb,CAID3 Disorder-PDB,SETH-1,DED,calibrated,0.439,261,0.9135745167732239,0.8863015562295914,0.933710427582264,0.7549098735539413,0.7147472175980292,0.7929343766731095,0.9462058847501834,0.9369682207414516,0.9547329873305382,0.8505578791520624,0.8291901434495228,0.870481653082141,0.7295486925246123,0.693423834876393,0.7639852324040289,0.8644485520640789,0.8312267452923657,0.8939412931932137,0.8059744363061899,0.7728790780764943,0.8354429309189121,16836,2640,46436,5466
caid3,disorder_pdb,CAID3 Disorder-PDB,SETH-1,DED,content,0.37400001287460327,261,0.9135745167732239,0.8863015562295914,0.933710427582264,0.805039906734822,0.7651398190761174,0.8405685889402125,0.9124419268074008,0.9006739724188979,0.9242819253069362,0.8587409167711113,0.8357958297928835,0.8783639926709972,0.7179306669999338,0.6758980762395125,0.7549378661344758,0.8068850838164577,0.766493117525901,0.8442183718350773,0.8059614391847911,0.7706953867252341,0.8377203717335295,17954,4297,44779,4348
caid3,disorder_pdb,CAID3 Disorder-PDB,VSL2,DED,literal,0.5,261,0.8858413100242615,0.8677040413022041,0.9029986843466759,0.8267868352614115,0.7929701879327099,0.8565789805260204,0.777650990300758,0.7561907490944962,0.7972717675713872,0.8022189127810848,0.7839963260883381,0.8200953278652404,0.5693541269561383,0.5290782398402009,0.6056207861828004,0.6282239105992982,0.5776266184604926,0.6744635353999946,0.7139565949702824,0.6748112499934923,0.7493083518970101,18439,10912,38164,3863
caid3,disorder_pdb,CAID3 Disorder-PDB,VSL2,DED,calibrated,0.698,261,0.8858413100242615,0.8677040413022041,0.9029986843466759,0.6405703524347592,0.5948902332189073,0.6831085225014109,0.9414581465482109,0.928891413585292,0.9521941347727899,0.7910142494914851,0.7693849410443534,0.8111126767885962,0.631290125476559,0.5920860377105285,0.6669514015255646,0.8325660003496708,0.7930866823363044,0.8658880162146094,0.7240566635412179,0.6862390789059053,0.7564206656773779,14286,2873,46203,8016
caid3,disorder_pdb,CAID3 Disorder-PDB,VSL2,DED,content,0.6000000238418579,261,0.8858413100242615,0.8677040413022041,0.9029986843466759,0.7361223208680836,0.697843491796261,0.7720008088408121,0.8805933653924525,0.8641149662737518,0.8960207666663017,0.808357843130268,0.7894713631643845,0.8263012066546035,0.6169045289025122,0.5791689311935941,0.6500998497821339,0.7369484221394264,0.6911766809722343,0.7780252127784029,0.7365351398640615,0.7014830087691183,0.7668828312892837,16417,5860,43216,5885
caid3,disorder_pdb,CAID3 Disorder-PDB,SPOT-Disorder,DED,literal,0.5,261,0.9301682114601135,0.9095128521323204,0.9473754271864891,0.7119540848354408,0.6582166810440535,0.7688562092179984,0.9664601842040916,0.9558837065829684,0.9755748131460114,0.8392071345197663,0.8117224131476568,0.8663977517538411,0.7305935827310089,0.6866669479215768,0.7736648901490286,0.9060716731339876,0.8760200461626455,0.932193499090508,0.797368553206448,0.7581087597757423,0.8335898350448302,15878,1646,47430,6424
caid3,disorder_pdb,CAID3 Disorder-PDB,SPOT-Disorder,DED,calibrated,0.432,261,0.9301682114601135,0.9095128521323204,0.9473754271864891,0.7396646040713837,0.6856003915876417,0.792167577511868,0.957270356182248,0.9459959211067396,0.967454591119325,0.8484674801268158,0.8214366561003119,0.8748294617746604,0.7359846177269354,0.6925248225251149,0.7786059683675535,0.8872156187812618,0.8553203388126175,0.9146982372919383,0.8067489913192322,0.7681843971258596,0.8426603192520365,16496,2097,46979,5806
caid3,disorder_pdb,CAID3 Disorder-PDB,SPOT-Disorder,DED,content,0.2709999978542328,261,0.9301682114601135,0.9095128521323204,0.9473754271864891,0.8080441216034436,0.760174257797598,0.8527088165863161,0.9133384953948978,0.8963474878842912,0.9286333873151371,0.8606913084991707,0.8371282725347209,0.8851083580074991,0.7216300578193747,0.681062500560929,0.7635265336894069,0.8090598904552393,0.7688484395609594,0.8437700811484876,0.8085516870064609,0.773953248685454,0.8412777316945262,18021,4253,44823,4281
caid3,disorder_pdb,CAID3 Disorder-PDB,SPOT-Disorder2,DED,literal,0.5,261,0.9467153549194336,0.9267152741551399,0.9613560378551483,0.7466594924222043,0.6973849748280505,0.7908746645400743,0.9728788002282175,0.9635856725799277,0.9796232717853357,0.8597691463252108,0.8351876436421259,0.8825705432006525,0.7682083588512245,0.7308756431678798,0.8043910079625385,0.9259856531168326,0.8991303369219898,0.9459159789164949,0.8267096934342807,0.791851211442969,0.857871786200743,16652,1331,47745,5650
caid3,disorder_pdb,CAID3 Disorder-PDB,SPOT-Disorder2,DED,calibrated,0.378,261,0.9467153549194336,0.9267152741551399,0.9613560378551483,0.7976863061608824,0.7532990432627537,0.8378517673568939,0.9543972613904964,0.9433523284579615,0.9635644714951233,0.8760417837756894,0.8541603708501422,0.8961823104624208,0.7758603697887698,0.7393703912968747,0.8106518923307076,0.8882564409826244,0.8586086237822527,0.9132176785522265,0.8405386250885896,0.8078148307750812,0.8685328215055963,17790,2238,46838,4512
caid3,disorder_pdb,CAID3 Disorder-PDB,SPOT-Disorder2,DED,content,0.26499998569488525,261,0.9467153549194336,0.9267152741551399,0.9613560378551483,0.837772397094431,0.7960458044179197,0.8741047892269036,0.9265017523840574,0.9119939883073359,0.9391308629975347,0.8821370747392442,0.8629508125500196,0.9004540221780923,0.7643770406792328,0.7275108533841088,0.7985738554829056,0.8381858149028756,0.8028469477892423,0.87012541931184,0.8379790550086337,0.806048977309043,0.8661103140152807,18684,3607,45469,3618
caid3,disorder_pdb,CAID3 Disorder-PDB,SPOT-Disorder-Single,DED,literal,0.5,261,0.9044623374938965,0.8813843324780464,0.9238994553685188,0.5055600394583445,0.4506102928746089,0.5554881786958734,0.9862661993642514,0.9798932436952937,0.9907229856968617,0.745913119411298,0.7190891040164216,0.7708705045003327,0.6105949208240676,0.5678763909438626,0.6498347833131424,0.9435936061595113,0.9161038996425513,0.9622333501184126,0.6583749379580158,0.607676326390526,0.7017644437492812,11275,674,48402,11027
caid3,disorder_pdb,CAID3 Disorder-PDB,SPOT-Disorder-Single,DED,calibrated,0.169,261,0.9044623374938965,0.8813843324780464,0.9238994553685188,0.7207425343018563,0.6741482195724182,0.7674426224809626,0.9338780666721004,0.9210016810042738,0.9450327156091693,0.8273103004869784,0.8036466826747551,0.8491021728501064,0.682898126285493,0.6423329671486454,0.7184292944160958,0.8320306434080439,0.796614461986899,0.8638972670022291,0.7723985488094952,0.7356970570574521,0.80334652855193,16074,3245,45831,6228
caid3,disorder_pdb,CAID3 Disorder-PDB,SPOT-Disorder-Single,DED,content,0.11900000274181366,261,0.9044623374938965,0.8813843324780464,0.9238994553685188,0.7710070845664067,0.7252438191844055,0.8107409238972232,0.8963444453500693,0.8795857405462185,0.9114031732017112,0.833675764958238,0.8119736392317843,0.8540712921744972,0.6675149625420457,0.6271913967785693,0.7052118313315572,0.7716991293420699,0.7295150597226275,0.8101262890879459,0.7713529517315629,0.7365345780478361,0.8022406557459241,17195,5087,43989,5107
caid3,disorder_pdb,CAID3 Disorder-PDB,DisEMBL-dis465,DED,literal,0.5,261,0.8028059005737305,0.7825834706425667,0.8211995467543602,0.4012644605864945,0.36659713331588745,0.4343504641938236,0.9499144184530116,0.9427131070068984,0.9561651173645158,0.675589439519753,0.6589097987458368,0.6920403944114242,0.4441999514815599,0.4105900961098967,0.4754703695764041,0.7845182782501973,0.7407708354240193,0.8196353119788429,0.5309561244771426,0.4959018894546118,0.563759538638493,8949,2458,46618,13353
caid3,disorder_pdb,CAID3 Disorder-PDB,DisEMBL-dis465,DED,calibrated,0.436,261,0.8028059005737305,0.7825834706425667,0.8211995467543602,0.5302663438256658,0.4945236415531318,0.5651433170645666,0.9020498818159589,0.892153958369219,0.9111107529000716,0.7161581128208123,0.6982334315980968,0.7339527507194048,0.4739696101012291,0.4376770705761127,0.5072109523542208,0.7109962123489448,0.6646490737924226,0.7543385696331413,0.6074739951200718,0.5730930249486066,0.639435781456966,11826,4807,44269,10476
caid3,disorder_pdb,CAID3 Disorder-PDB,DisEMBL-dis465,DED,content,0.3869999945163727,261,0.8028059005737305,0.7825834706425667,0.8211995467543602,0.6334857860281589,0.5972909547142657,0.6672241656245651,0.8346849784008477,0.8215528731628085,0.8476704891092494,0.7340853822145033,0.7158289706837662,0.7522190766766562,0.4685212581527784,0.4325139641508002,0.5021730052013864,0.6352232363652713,0.585477507859355,0.6833107185148334,0.6343533215095526,0.5984435963731567,0.6684642611700897,14128,8113,40963,8174
caid3,disorder_pdb,CAID3 Disorder-PDB,DisEMBL-disHL,DED,literal,0.5,261,0.7043866515159607,0.6799738883972168,0.7277909144759178,0.0014348488924760111,0.0008320159753288429,0.002100547926403767,0.9998981172059662,0.9997770225852772,0.9999812415119592,0.5006664830492211,0.5003549848202181,0.5010100788703494,0.027142830231800776,0.017391332581730833,0.035610468659318245,0.8648648648648649,0.7058823529411765,0.9782835144927536,0.0028649447155199423,0.0016621358911467449,0.004192072239255504,32,5,49071,22270
caid3,disorder_pdb,CAID3 Disorder-PDB,DisEMBL-disHL,DED,calibrated,0.125,261,0.7043866515159607,0.6799738883972168,0.7277909144759178,0.3326159088870953,0.29665382441615423,0.36785211108713606,0.9020702583747656,0.8915001454928544,0.9123555194288796,0.6173430836309305,0.5989608139252853,0.6362258984219491,0.28873221858393266,0.24937376514192558,0.3288131663400644,0.6068390052356021,0.5539143265075717,0.6595022827357372,0.4297051497422233,0.39079999014218664,0.46706039968191826,7418,4806,44270,14884
caid3,disorder_pdb,CAID3 Disorder-PDB,DisEMBL-disHL,DED,content,0.09200000017881393,261,0.7043866515159607,0.6799738883972168,0.7277909144759178,0.4932741458165187,0.4516138643589127,0.5326240206885503,0.7779566386828592,0.7617275473475595,0.7945095368780345,0.635615392249689,0.6144524588530162,0.6571527029484511,0.2726015956076885,0.23222552868215865,0.31455638139353265,0.5023746460864006,0.45160097236350727,0.5545308383624137,0.4977828054298642,0.4602490268468858,0.5347192232222656,11001,10897,38179,11301
caid3,disorder_pdb,CAID3 Disorder-PDB,IsUnstruct,DED,literal,0.5,261,0.8803730010986328,0.8605273082852364,0.8998064234852791,0.7484082145099095,0.7097553447226015,0.784571924465043,0.8627842529953541,0.8455796121751616,0.8782303738486901,0.8055962337526318,0.7863381437127634,0.8229692239481436,0.6033048086962558,0.5666735869424928,0.6364741207698393,0.712529348986126,0.6663769150815951,0.7539656022279274,0.7300282109038423,0.6942532173347987,0.7589326590720359,16691,6734,42342,5611
caid3,disorder_pdb,CAID3 Disorder-PDB,IsUnstruct,DED,calibrated,0.68,261,0.8803730010986328,0.8605273082852364,0.8998064234852791,0.6375212985382477,0.5909052627739786,0.6806740577259276,0.9361602412584563,0.9257311683703365,0.9455247520791287,0.7868407698983519,0.7638183310740911,0.8076481171324768,0.6198829319425745,0.57962186602973,0.6544247714713806,0.8194340383839548,0.7822151153700272,0.850236212461612,0.7171210248909288,0.6785985904136811,0.7482143472296197,14218,3133,45943,8084
caid3,disorder_pdb,CAID3 Disorder-PDB,IsUnstruct,DED,content,0.5320000052452087,261,0.8803730010986328,0.8605273082852364,0.8998064234852791,0.7293067886288225,0.6895413276049729,0.7666024648630745,0.877638764365474,0.862013285895204,0.892237680646534,0.8034727764971482,0.7832934712295706,0.8215371916406631,0.6071835350057143,0.5701587270749651,0.6402237580818323,0.7303547373147732,0.6860587160842886,0.7705646523299052,0.7298303867899129,0.6931203445279014,0.7594937525377199,16265,6005,43071,6037
caid3,disorder_pdb,CAID3 Disorder-PDB,RONN,DED,literal,0.5,261,0.8579187989234924,0.8377413734793663,0.8775940373539924,0.7290377544614832,0.6901941258679257,0.762846569782544,0.8395753525144674,0.8232268897103168,0.8548285570965279,0.7843065534879753,0.7641466728070281,0.8022103361469726,0.5571141251974091,0.5183000854615565,0.5912591918293623,0.6737526935189789,0.6255189099939613,0.7190894126392521,0.7003058103975536,0.6619878740122042,0.7329822335064895,16259,7873,41203,6043
caid3,disorder_pdb,CAID3 Disorder-PDB,RONN,DED,calibrated,0.56,261,0.8579187989234924,0.8377413734793663,0.8775940373539924,0.6103936866648731,0.5669952187085454,0.648489068991134,0.9235063982394653,0.9119032012613772,0.9337697313001193,0.7669500424521692,0.7456783178183483,0.7859944152496969,0.5767172787695021,0.5375417942863339,0.6108371682213757,0.7838429204813727,0.7421184230511009,0.819303776480708,0.6863293755829489,0.6484402227297175,0.7186547697520064,13613,3754,45322,8689
caid3,disorder_pdb,CAID3 Disorder-PDB,RONN,DED,content,0.5199999809265137,261,0.8579187989234924,0.8377413734793663,0.8775940373539924,0.6920455564523361,0.6519305231510318,0.7273655560294205,0.8746026571032685,0.8604072432513981,0.8880389775263926,0.7833241067778023,0.7627447239197575,0.8010730062585274,0.5717981431825386,0.5329306936683429,0.6068018075844931,0.7149342227163239,0.6691695512187348,0.7573118411155556,0.7033037138300297,0.6668567915157528,0.7348987304907016,15434,6154,42922,6868
caid3,disorder_pdb,CAID3 Disorder-PDB,PreDisorder,DED,literal,0.5,261,0.8761972188949585,0.846450462937355,0.9030692011117936,0.7983140525513407,0.755027249194316,0.8393454374736676,0.8090105143043442,0.7909704610777354,0.8246311658144821,0.8036622834278424,0.7796053581716771,0.8250332390970769,0.5797096490438293,0.5368319136396911,0.6183042648952283,0.6551127791882843,0.6093177360216109,0.6975527347549556,0.7196588451666363,0.6827902913199974,0.7537707400988735,17804,9373,39703,4498
caid3,disorder_pdb,CAID3 Disorder-PDB,PreDisorder,DED,calibrated,0.559,261,0.8761972188949585,0.846450462937355,0.9030692011117936,0.6504349385705318,0.6022697563246295,0.6956403503701045,0.9351414133181188,0.9254485348556739,0.9436230848840845,0.7927881759443254,0.7679912511199215,0.81580453634092,0.6286308872464058,0.587262562141415,0.6656210113795,0.8200576629543784,0.783880258283532,0.8492523405163741,0.725463229226576,0.6876294266435482,0.7584110547579967,14506,3183,45893,7796
caid3,disorder_pdb,CAID3 Disorder-PDB,PreDisorder,DED,content,0.5180000066757202,261,0.8761972188949585,0.846450462937355,0.9030692011117936,0.7334768182225809,0.6860378067054501,0.7767081518315877,0.8790243703643329,0.8642774912409383,0.8912285533236199,0.8062505942934569,0.7808215207187291,0.8282824473427217,0.612553650556931,0.5683504722261581,0.6506761990502521,0.7337071092173133,0.6908891663322964,0.7716234014965287,0.7335919456465683,0.6961631659551464,0.7650859912089661,16358,5937,43139,5944
caid3,disorder_pdb,CAID3 Disorder-PDB,OPAL,DED,literal,0.5,261,0.6865326166152954,0.6543570592999458,0.7175230279564857,0.8483992467043314,0.81641001777315,0.8781586935785716,0.3939400114108729,0.35299387108358493,0.4348050943482473,0.6211696290576022,0.5983579803999728,0.6420788212919585,0.24114571334056464,0.1983660925633325,0.2819149025403891,0.3888089758342923,0.3439741388704666,0.4380032139073562,0.5332412704675479,0.48823419065027696,0.5788479579191173,18921,29743,19333,3381
caid3,disorder_pdb,CAID3 Disorder-PDB,OPAL,DED,calibrated,0.532,261,0.6865326166152954,0.6543570592999458,0.7175230279564857,0.6404806743789795,0.5929754664294009,0.6857295932594577,0.6277406471595077,0.5896376334824668,0.6632510514820391,0.6341106607692436,0.607410846764758,0.6601768979396865,0.24960227609034374,0.19922251814073777,0.2978285093172631,0.43879212361379905,0.3907067395182302,0.49126568371914386,0.5207911767386747,0.4798118287124197,0.5631566302885145,14284,18269,30807,8018
caid3,disorder_pdb,CAID3 Disorder-PDB,OPAL,DED,content,0.5550000071525574,261,0.6865326166152954,0.6543570592999458,0.7175230279564857,0.47789435925029145,0.43042915936367243,0.526485621302789,0.7633058929008069,0.72942783122143,0.793099350877787,0.6206001260755492,0.592711723984673,0.6485886906187583,0.2412829860388015,0.18380560702668092,0.2974635399924241,0.47849510640208315,0.41952609647179306,0.5381098341349746,0.478194544149318,0.4350768958549727,0.5203956654605794,10658,11616,37460,11644
caid3,disorder_pdb,CAID3 Disorder-PDB,pyHCA,DED,literal,0.5,261,0.8546756505966187,0.8219978958368301,0.8811375588178635,0.35978835978835977,0.2970307953929931,0.418174727269375,0.9876518053631103,0.9813238783691648,0.9923831425739172,0.673720082575735,0.6420734081216447,0.703360800868348,0.4939479252985062,0.4381230752503059,0.544358620059917,0.9297798377752028,0.8901799861257328,0.9565067083035868,0.5188154661838873,0.446510271020281,0.5799581328719362,8024,606,48470,14278
caid3,disorder_pdb,CAID3 Disorder-PDB,pyHCA,DED,calibrated,0.271,261,0.8546756505966187,0.8219978958368301,0.8811375588178635,0.6199892386333065,0.5646169964800266,0.6732542623117738,0.9222022984758333,0.9027447149510408,0.9380007500368361,0.7710957685545698,0.7430965850106925,0.7961661396543125,0.5825428061714092,0.529438764298823,0.626370526622319,0.7836214224992916,0.7326703286307521,0.826906171306021,0.692267254111698,0.6440378714701123,0.7337589822048866,13827,3818,45258,8475
caid3,disorder_pdb,CAID3 Disorder-PDB,pyHCA,DED,content,0.22200000286102295,261,0.8546756505966187,0.8219978958368301,0.8811375588178635,0.6936149224284818,0.6433354748724394,0.7410897207932465,0.8638030809356916,0.8373569521336732,0.8876574744544748,0.7787090016820867,0.7537007036707903,0.8022291533213908,0.5584423420756964,0.5069054660965979,0.6047073829917715,0.6982801426443371,0.6393144848042625,0.7505477920660927,0.6959397143178495,0.6507136323649764,0.7347493278498074,15469,6684,42392,6833
caid3,disorder_pdb,CAID3 Disorder-PDB,DeepIDP-2L,DED,literal,0.5,261,0.914850652217865,0.8938196524977684,0.9342197731137276,0.6940184736794907,0.6329120892757256,0.749905058093103,0.9444738772516097,0.9289881966250979,0.9571199837431351,0.8192461754655502,0.7896849318221869,0.8474571165226585,0.6789486820706346,0.630817380175951,0.7274847531313257,0.8502994011976048,0.8140841257088245,0.8835157898579455,0.7642513269966671,0.7196438008335725,0.8032341299483231,15478,2725,46351,6824
caid3,disorder_pdb,CAID3 Disorder-PDB,DeepIDP-2L,DED,calibrated,0.534,261,0.914850652217865,0.8938196524977684,0.9342197731137276,0.6714644426508833,0.6100099729040211,0.7277008965151881,0.9553753362132203,0.9424442022229822,0.9663310777712272,0.8134198894320519,0.7819881090406596,0.8413646309440328,0.6798129121440588,0.6295464361218109,0.7275795457487639,0.8724147975531605,0.8391350168170415,0.901814242037797,0.7588618339372134,0.712911551085039,0.7978393852764764,14975,2190,46886,7327
caid3,disorder_pdb,CAID3 Disorder-PDB,DeepIDP-2L,DED,content,0.36800000071525574,261,0.914850652217865,0.8938196524977684,0.9342197731137276,0.7706932113711775,0.714120421409092,0.8237586170570382,0.8961814328796153,0.8719502118645112,0.9171908213165076,0.8334373221253963,0.8066059420169225,0.8622256568058256,0.6670297856541935,0.6185756443581736,0.7165135896845607,0.7713503567742225,0.7268258755093825,0.8130954361298768,0.7710216440506897,0.7327458494514337,0.8087294702811669,17188,5095,43981,5114
caid3,disorder_pdb,CAID3 Disorder-PDB,PredIDR-long,DED,literal,0.5,261,0.9425456523895264,0.9276679381728172,0.9552993565797806,0.8195229127432517,0.7728691322555431,0.8615760206404866,0.908285108810824,0.8886354718177637,0.9265299480833539,0.8639040107770379,0.8388903752561039,0.8872109069922316,0.7236813716576409,0.6767726273939456,0.7662708011503139,0.8023970497848801,0.7571187586931755,0.8461354462845654,0.8108695652173913,0.7765250291725341,0.8426538473788144,18277,4501,44575,4025
caid3,disorder_pdb,CAID3 Disorder-PDB,PredIDR-long,DED,calibrated,0.524,261,0.9425456523895264,0.9276679381728172,0.9552993565797806,0.8003318088063851,0.7522213763469429,0.8452540588865087,0.919797864536637,0.9015538351461946,0.9369861175428572,0.8600648366715111,0.834908644956031,0.8830592116793141,0.7248167463438303,0.6785816792803171,0.7674374354410356,0.8193252237778288,0.7745386080083418,0.8626662423411557,0.8097171501803252,0.7755664171136532,0.8426860354422864,17849,3936,45140,4453
caid3,disorder_pdb,CAID3 Disorder-PDB,PredIDR-long,DED,content,0.5120000243186951,261,0.9425456523895264,0.9276679381728172,0.9552993565797806,0.8098825217469285,0.7621547740879864,0.8539543745220468,0.9142350639823946,0.8954332136511578,0.9316938101973089,0.8620587928646616,0.8368673539357134,0.8853543942866873,0.7243926226603589,0.6776387710550363,0.7666607426883544,0.8110098334156527,0.7665690239561804,0.8543719593106609,0.8104457855652526,0.7760981411011617,0.8426389923450411,18062,4209,44867,4240
caid3,disorder_pdb,CAID3 Disorder-PDB,PredIDR-short,DED,literal,0.5,261,0.9364074468612671,0.9211244955658913,0.9492415755987167,0.8263832840104026,0.781659145770607,0.8671087039518641,0.8924932757355938,0.8735363915310047,0.9098922969293723,0.8594382798729983,0.8357995967534473,0.8816942084265879,0.7074568911474607,0.6635713599175299,0.7482006519100519,0.7774403104699232,0.7334455389212482,0.8220005894176972,0.8011650147800382,0.7680588705542781,0.833070611927193,18430,5276,43800,3872
caid3,disorder_pdb,CAID3 Disorder-PDB,PredIDR-short,DED,calibrated,0.532895,261,0.9364074468612671,0.9211244955658913,0.9492415755987167,0.8051744238184916,0.7595392682662264,0.8478880032222312,0.9065938544298638,0.8883670766785808,0.9228634679968827,0.8558841391241777,0.8326388370244553,0.8780875202987077,0.7097150827050938,0.6656896165357113,0.751646507878071,0.7966372388092808,0.7536631499037885,0.839758188042083,0.8008830809713892,0.768307156657212,0.832885408590113,17957,4584,44492,4345
caid3,disorder_pdb,CAID3 Disorder-PDB,PredIDR-short,DED,content,0.5389999747276306,261,0.9364074468612671,0.9211244955658913,0.9492415755987167,0.7995247063043673,0.7534841518839277,0.84308796021762,0.9092428070747413,0.8909478290793473,0.9254790460436395,0.8543837566895542,0.8309670038655405,0.8766673307878173,0.7089150277226313,0.6642609516133229,0.7506262979372357,0.8001346196993493,0.7569492475358133,0.8433712623171202,0.7998295467288671,0.76700532576355,0.8315747874912149,17831,4454,44622,4471
caid3,disorder_pdb,CAID3 Disorder-PDB,PredIDR2-Prof-Art,DED,literal,0.5,261,0.9484001398086548,0.9323643758893013,0.9614895820617676,0.8542283203300153,0.8163971513350836,0.8903727967494641,0.9053712609014589,0.8816016380410088,0.9260182729551524,0.8797997906157371,0.8585885522179814,0.9014402847798808,0.7476202549720664,0.7037249450158237,0.7889599936924402,0.8040092846592108,0.7580549094060218,0.8496152188203601,0.8283583711981217,0.7951032060941419,0.8583125273752744,19051,4644,44432,3251
caid3,disorder_pdb,CAID3 Disorder-PDB,PredIDR2-Prof-Art,DED,calibrated,0.556,261,0.9484001398086548,0.9323643758893013,0.9614895820617676,0.8308671867993902,0.7914186826388129,0.8700641366829891,0.9220189094465726,0.9008500799374586,0.9405184274432634,0.8764430481229815,0.8542487593768138,0.898709067612175,0.7523811651304877,0.7083414445134627,0.794199396513627,0.8288231873686094,0.7836370442768354,0.8712908423659379,0.8298439284354777,0.7964262029637198,0.8611170773339772,18530,3827,45249,3772
caid3,disorder_pdb,CAID3 Disorder-PDB,PredIDR2-Prof-Art,DED,content,0.5590000152587891,261,0.9484001398086548,0.9323643758893013,0.9614895820617676,0.8292978208232445,0.7894525936122881,0.8686237340018811,0.9226098296519684,0.9013799407859092,0.9410987533891995,0.8759538252376065,0.8538232283832995,0.8982884400533269,0.7519904628067764,0.7076861535211172,0.793915123441239,0.8296326201049656,0.7847015233220994,0.871956722070527,0.829465186680121,0.7960874943916643,0.860901678765604,18495,3798,45278,3807
caid3,disorder_pdb,CAID3 Disorder-PDB,PredIDR2-Seq-Art,DED,literal,0.5,261,0.9471263289451599,0.9311999127268791,0.95992082208395,0.8596538427046901,0.8229302604545246,0.8915997358746267,0.896283315673649,0.8670355942516262,0.9217942297655113,0.8779685791891696,0.8564839947042168,0.8968601974069059,0.7396813566926277,0.6931757826286482,0.7804061616419345,0.7902069079218531,0.7373085449427759,0.8392586263162043,0.8234687741602955,0.7894327084064577,0.8533696503342825,19172,5090,43986,3130
caid3,disorder_pdb,CAID3 Disorder-PDB,PredIDR2-Seq-Art,DED,calibrated,0.591,261,0.9471263289451599,0.9311999127268791,0.95992082208395,0.821585508026186,0.7828981293093333,0.8559685941390376,0.925401418208493,0.9029942294992439,0.94491655728872,0.8734934631173394,0.8534265664143633,0.8925897528816147,0.7499443354216477,0.7075912068404099,0.7879173069168794,0.8334697962154294,0.7863715927176583,0.8764935151971857,0.8274849839678453,0.7964597002345609,0.8555035451387606,18323,3661,45415,3979
caid3,disorder_pdb,CAID3 Disorder-PDB,PredIDR2-Seq-Art,DED,content,0.5789999961853027,261,0.9471263289451599,0.9311999127268791,0.95992082208395,0.82732490359609,0.789761197902209,0.8614230293549208,0.9217132610644714,0.8985456860401666,0.9416867675145059,0.8745190823302806,0.8541509165542919,0.8935143158550318,0.7491206609575553,0.7065497896584116,0.7866805563259774,0.8276589063831696,0.7798940038700051,0.8716329552759859,0.8274918712860186,0.7958976932045844,0.8560087139116307,18451,3842,45234,3851
caid3,disorder_pdb,CAID3 Disorder-PDB,AUCpred-profile,DED,literal,0.5,261,0.9124953150749207,0.8936315685510635,0.9292649909853935,0.6710160523719846,0.6215003916607292,0.7226498475568948,0.9550493112723123,0.9452114646893813,0.963998634572146,0.8130326818221485,0.7887677516523901,0.8394613186525129,0.6788919856193771,0.6378432958664692,0.7220940682140605,0.87152757556345,0.8422958337192199,0.8974801537277791,0.7582398094900311,0.722984707937408,0.7936568194016277,14965,2206,46870,7337
caid3,disorder_pdb,CAID3 Disorder-PDB,AUCpred-profile,DED,calibrated,0.305,261,0.9124953150749207,0.8936315685510635,0.9292649909853935,0.6989507667473769,0.6490760243611191,0.7504036385809013,0.9458798598092754,0.9360661288825929,0.955253729527257,0.8224153132783261,0.7985414826356512,0.8477153770801596,0.6851818550184633,0.6440593279842886,0.7276058114929717,0.8544178908134181,0.8245587642822015,0.8825794543162371,0.7689044542001676,0.7333785795965657,0.8024963853757306,15588,2656,46420,6714
caid3,disorder_pdb,CAID3 Disorder-PDB,AUCpred-profile,DED,content,0.06400000303983688,261,0.9124953150749207,0.8936315685510635,0.9292649909853935,0.775535826383284,0.7305723909074394,0.821304246411656,0.8983005949955172,0.8855223698117192,0.9098522989593947,0.8369182106894006,0.8150821284588701,0.8600207362344002,0.6739601524815934,0.6368830457098014,0.711877422912051,0.7760577915376677,0.7388669814142695,0.8103214503214821,0.7757967211644128,0.7460526114085982,0.804007001415454,17296,4991,44085,5006
caid3,disorder_pdb,CAID3 Disorder-PDB,AUCpred-no-profile,DED,literal,0.5,261,0.8856498599052429,0.8608279690146446,0.9062001705169678,0.5631333512689445,0.5149101753336374,0.612100676102107,0.9684163338495395,0.9611385787661385,0.974937774094533,0.765774842559242,0.7417989209986365,0.7897931671047209,0.618646319080065,0.5786417801238544,0.6569396854557646,0.8901410447232263,0.8607162932143784,0.9141071565975659,0.6898464749663563,0.6483427995626764,0.7276400095960318,12559,1550,47526,9743
caid3,disorder_pdb,CAID3 Disorder-PDB,AUCpred-no-profile,DED,calibrated,0.092,261,0.8856498599052429,0.8608279690146446,0.9062001705169678,0.6828087167070218,0.6370570507074985,0.7281105786819606,0.9203887847420328,0.9062098168477518,0.9325236777768436,0.8015987507245272,0.7786231470321894,0.823486087607577,0.6311574768582509,0.5892160707085632,0.6699694263501003,0.7958191795139796,0.7539938690121982,0.8301878428869154,0.7349952940608635,0.6968135292548118,0.7673851311054782,15228,3907,45169,7074
caid3,disorder_pdb,CAID3 Disorder-PDB,AUCpred-no-profile,DED,content,0.04800000041723251,261,0.8856498599052429,0.8608279690146446,0.9062001705169678,0.7364361940633127,0.6918341359382403,0.7771480422856653,0.8820604776265384,0.8651944651801887,0.8966937900534547,0.8092483358449256,0.7875581784606996,0.8302608362652981,0.6191809422328737,0.5794052248423234,0.6555661475213014,0.7394201332613002,0.6954389394723979,0.777889304588172,0.7379251471447186,0.7030419790257268,0.768011982479398,16424,5788,43288,5878
caid3,disorder_pdb,CAID3 Disorder-PDB,DisoPred,DED,literal,0.5,261,0.9212804436683655,0.8989482685923577,0.9391396790742874,0.6815980629539952,0.6285767579128828,0.7314556843414688,0.955640231477708,0.9429744265868598,0.9671216889463463,0.8186191472158516,0.7921183641661497,0.8433661688667135,0.6881950980310041,0.6444250819812901,0.7290447396995142,0.8747266658994131,0.839176228763009,0.9096526691693856,0.7661794354838709,0.7249218786366554,0.8038159322989988,15201,2177,46899,7101
caid3,disorder_pdb,CAID3 Disorder-PDB,DisoPred,DED,calibrated,0.441,261,0.9212804436683655,0.8989482685923577,0.9391396790742874,0.7465698143664246,0.696700772936866,0.7898777292946618,0.9311272312331893,0.914575761307764,0.9460130568902717,0.8388485227998069,0.8149740609538058,0.8610394157996144,0.699100859508199,0.6565756523719499,0.740065570075544,0.8312531203195207,0.7915866362498905,0.8699080884095486,0.7866389492582443,0.7496594422774872,0.8202421621052479,16650,3380,45696,5652
caid3,disorder_pdb,CAID3 Disorder-PDB,DisoPred,DED,content,0.3970000147819519,261,0.9212804436683655,0.8989482685923577,0.9391396790742874,0.7903775446148328,0.7464839071001402,0.8304655190128375,0.9056769092835601,0.884595034797785,0.924636515264869,0.8480272269491964,0.8259759043036772,0.8689543790155688,0.6964470845507951,0.6551372161824905,0.7384460195997689,0.7920111430625449,0.7483270427496336,0.835692100367085,0.7911935006059518,0.7561386409173075,0.8260840017107384,17627,4629,44447,4675
caid3,disorder_pdb,CAID3 Disorder-PDB,DisPredict2,DED,literal,0.5,261,0.7108040452003479,0.6711317211389541,0.7473712578415871,0.46659492422204285,0.40951949922482433,0.5265715048682159,0.813411851006602,0.7801094512372639,0.844255213472717,0.6400033876143224,0.6105191764217741,0.6706364079027058,0.2909574929019678,0.23042141936369087,0.351053428992913,0.5319225067729898,0.4617459750935025,0.5954958198207452,0.49712170070464584,0.4406297601062658,0.5489202759806742,10406,9157,39919,11896
caid3,disorder_pdb,CAID3 Disorder-PDB,DisPredict2,DED,calibrated,0.429,261,0.7108040452003479,0.6711317211389541,0.7473712578415871,0.5941619585687382,0.5373588910046004,0.6511474901345448,0.7202706007009536,0.6796997388138724,0.7600267374127132,0.657216279634846,0.6278178771417153,0.6863355488957678,0.30056228022219933,0.2435458236933549,0.35981657814886037,0.49115979094851553,0.4275194853378843,0.5546344914363694,0.5377731783040117,0.4841023945679393,0.5881499715026568,13251,13728,35348,9051
caid3,disorder_pdb,CAID3 Disorder-PDB,DisPredict2,DED,content,0.4690000116825104,261,0.7108040452003479,0.6711317211389541,0.7473712578415871,0.514752040175769,0.4574071290694942,0.5703461970618402,0.7808704865922244,0.7450217219154451,0.815823085694739,0.6478112633839967,0.6190103909552049,0.6771578813581599,0.29586933631556955,0.23800039769284112,0.35539459314734406,0.5163263470360708,0.4486683140399158,0.5803857249854952,0.5155379917370218,0.4610950262056398,0.5654477605135947,11480,10754,38322,10822
caid3,disorder_pdb,CAID3 Disorder-PDB,DisPredict3,DED,literal,0.5,261,0.8921899199485779,0.8692231789231301,0.9114875689148902,0.433100170388306,0.37828371404563305,0.49395981527012084,0.9725527752873094,0.9608342345767664,0.9816186897944574,0.7028264728378077,0.6765309464041533,0.7320042168882495,0.5206292724125526,0.4732131555742683,0.5724048491902021,0.8776122115209886,0.8319561563908511,0.9163479623565396,0.5799807853969017,0.5273776703366857,0.6350595395647717,9659,1347,47729,12643
caid3,disorder_pdb,CAID3 Disorder-PDB,DisPredict3,DED,calibrated,0.08,261,0.8921899199485779,0.8692231789231301,0.9114875689148902,0.752488566047888,0.7105756446982967,0.7965882009436358,0.8835275898606243,0.8577749290137933,0.9044830358477322,0.8180080779542562,0.7975011565301503,0.8399742621980849,0.6345079638840828,0.5929636734495103,0.6751484870609782,0.7459329718197173,0.6975544908184967,0.7899002893327738,0.7491964285714287,0.712694314044198,0.7828890838768701,16782,5716,43360,5520
caid3,disorder_pdb,CAID3 Disorder-PDB,DisPredict3,DED,content,0.08299999684095383,261,0.8921899199485779,0.8692231789231301,0.9114875689148902,0.7480943413146803,0.7051908776300758,0.7927334259200942,0.8865025674464097,0.8608843716591071,0.9072159668152957,0.817298454380545,0.7967983309822417,0.8394823285466738,0.6349704776805388,0.5932735498876076,0.6756533870289989,0.7497079176777208,0.7014607472402025,0.793279154523755,0.7489002603465302,0.7123137778397635,0.7830509587271054,16684,5570,43506,5618
caid3,disorder_pdb,CAID3 Disorder-PDB,IDP-Fusion,DED,literal,0.5,261,0.9184299111366272,0.894248478114605,0.939060990512371,0.7765222849968613,0.7237487958608192,0.8307663748981703,0.9206333034477138,0.9028610940431043,0.9361483467511372,0.8485777942222875,0.8205612451061094,0.875363429491231,0.7070249559453329,0.6601618403697276,0.7538438454017329,0.8163861782868995,0.7800423111830552,0.8518330433590559,0.7959554176720671,0.759543072821424,0.8313406464191929,17318,3895,45181,4984
caid3,disorder_pdb,CAID3 Disorder-PDB,IDP-Fusion,DED,calibrated,0.538,261,0.9184299111366272,0.894248478114605,0.939060990512371,0.7558514931396287,0.7018377303671421,0.809789653356482,0.935284049229766,0.9198620065533661,0.9492351433653526,0.8455677711846974,0.8172307248842662,0.8723708737877858,0.7129312270263496,0.6681684352639474,0.7585911158238557,0.8414615883791744,0.8064806639276318,0.8739005804784623,0.7963623479390576,0.758510311776122,0.8318794582657771,16857,3176,45900,5445
caid3,disorder_pdb,CAID3 Disorder-PDB,IDP-Fusion,DED,content,0.4699999988079071,261,0.9184299111366272,0.894248478114605,0.939060990512371,0.7928436911487758,0.7402247526006341,0.847401984680174,0.9059825576656614,0.8861779472731979,0.9239475757327116,0.8494131244072186,0.8216799609828147,0.8769489812870171,0.6988775510025688,0.6516096271257985,0.7475616742913338,0.7930570505920345,0.7549368881300021,0.8307167477403192,0.7929503565182295,0.7555023825539385,0.8303473199443103,17682,4614,44462,4620
caid3,disorder_pdb,CAID3 Disorder-PDB,rawMSA-disorder,DED,literal,0.5,261,0.8977901339530945,0.8719325065612793,0.9201323717832566,0.3881714644426509,0.3116717323672474,0.46295286874154185,0.975344363843834,0.963061820887595,0.9845399626002961,0.6817579141432425,0.6441353247160677,0.7189481302432511,0.48815849630793456,0.4171613046088109,0.553261907668211,0.8773690078037905,0.8185729434711743,0.9235822282274613,0.538220025490379,0.45755473093577365,0.6088537614651863,8657,1210,47866,13645
caid3,disorder_pdb,CAID3 Disorder-PDB,rawMSA-disorder,DED,calibrated,0.369,261,0.8977901339530945,0.8719325065612793,0.9201323717832566,0.7797058559770425,0.7206653071090576,0.834214164197307,0.8668595647567039,0.8374362294229011,0.8904657224319307,0.8232827103668732,0.793378061378149,0.851868383377155,0.6348485760620601,0.5784563726441907,0.6896270122057181,0.7268737198511892,0.6671319029630957,0.7740240122978097,0.7523634396971337,0.7078821685328296,0.7910149949844328,17389,6534,42542,4913
caid3,disorder_pdb,CAID3 Disorder-PDB,rawMSA-disorder,DED,content,0.3799999952316284,261,0.8977901339530945,0.8719325065612793,0.9201323717832566,0.7483633754820196,0.685161654869673,0.80356541442045,0.8861561659466949,0.857904261606659,0.9078728048542832,0.8172597707143572,0.785499862459478,0.847138391543781,0.6347138357352456,0.5750872744818579,0.6884856571169324,0.7492032140772995,0.6902361941748949,0.796204892405943,0.7487830592880057,0.7025480949035532,0.788486705274056,16690,5587,43489,5612
caid3,disorder_pdb,CAID3 Disorder-PDB,Metapredict-v1,DED,literal,0.5,261,0.8793469071388245,0.8577643677592277,0.8993794754147529,0.5038561563985293,0.4548106327679281,0.5509671962534913,0.975670388784742,0.9692227738776228,0.9807497233679454,0.7397632725916357,0.7141806163505516,0.7626955290128339,0.5860507838621025,0.5435750564071362,0.6239340694694989,0.9039498029120746,0.8741835370847495,0.9268938267187644,0.6470503555696312,0.5999534445634479,0.6863542099590774,11237,1194,47882,11065
caid3,disorder_pdb,CAID3 Disorder-PDB,Metapredict-v1,DED,calibrated,0.356,261,0.8793469071388245,0.8577643677592277,0.8993794754147529,0.6587749977580486,0.6106078148054693,0.7017492963139166,0.9316977748797783,0.9199167100328466,0.941789247448051,0.7952363863189135,0.7706519369789838,0.8158499745476712,0.6297060613971899,0.5895804487704995,0.6646663088925421,0.814231877632454,0.7752113369761602,0.8473385334481212,0.728300203241957,0.6895053559758317,0.7607202792750096,14692,3352,45724,7610
caid3,disorder_pdb,CAID3 Disorder-PDB,Metapredict-v1,DED,content,0.2709999978542328,261,0.8793469071388245,0.8577643677592277,0.8993794754147529,0.7358981257286342,0.6918804972901399,0.7746196755253427,0.8804303529219986,0.8657621169344357,0.8943882196145477,0.8081642393253163,0.786954115855724,0.8278222945647066,0.6164945280857781,0.5766445891318169,0.6528547364297752,0.7366247755834829,0.6916399029689458,0.7770401940980493,0.7362612713651251,0.6987020067537895,0.7679130434985041,16412,5868,43208,5890
caid3,disorder_pdb,CAID3 Disorder-PDB,Metapredict-v2,DED,literal,0.5,261,0.9162502288818359,0.8900027513504029,0.9352718695998192,0.7320868083579948,0.6846644396637255,0.7741611049672872,0.9499144184530116,0.9352146888570271,0.9619668385239415,0.8410006134055033,0.816330673225458,0.8625693487417186,0.7178307667693945,0.6767837708454212,0.75403318216754,0.8691509182858664,0.8301425144704027,0.900465688321846,0.7947525981453988,0.7564788554772256,0.8278451318902226,16327,2458,46618,5975
caid3,disorder_pdb,CAID3 Disorder-PDB,Metapredict-v2,DED,calibrated,0.447,261,0.9162502288818359,0.8900027513504029,0.9352718695998192,0.7561653663348579,0.7077782183667573,0.7971599047737332,0.9394204906675361,0.9232614096210288,0.9526868222906185,0.8477929285011969,0.8240332553139746,0.868679749021215,0.7196855962970752,0.6780663987955595,0.7565559526607458,0.8501285476634571,0.8097407035053035,0.884345010599662,0.8003986805572035,0.764589890646931,0.8320562399918213,16864,2973,46103,5438
caid3,disorder_pdb,CAID3 Disorder-PDB,Metapredict-v2,DED,content,0.34599998593330383,261,0.9162502288818359,0.8900027513504029,0.9352718695998192,0.8033808627028965,0.7593695292708723,0.8425410460063483,0.9106691661912136,0.891042923775224,0.9264577395097818,0.857025014447055,0.8345927495135776,0.8767217808875819,0.7140587630939408,0.6722551945746216,0.7528689259521893,0.8034168871351061,0.7587718820236248,0.8417958274572925,0.8033988745151671,0.7667344383783582,0.8345869089820462,17917,4384,44692,4385
caid3,disorder_pdb,CAID3 Disorder-PDB,Metapredict-v3,DED,literal,0.5,261,0.933591902256012,0.908910459280014,0.9493069082498551,0.7595282934265986,0.712010503208291,0.8041034237819386,0.9655024859401744,0.9539345642757365,0.9744052169954998,0.8625153896833865,0.8392433009512636,0.8840649441060812,0.7651356287907494,0.727152448067934,0.8001900601678769,0.9091348218119365,0.8779016227858507,0.933590218083993,0.8276249572482534,0.7913933555584143,0.8582862721266019,16939,1693,47383,5363
caid3,disorder_pdb,CAID3 Disorder-PDB,Metapredict-v3,DED,calibrated,0.512,261,0.933591902256012,0.908910459280014,0.9493069082498551,0.7544614832750426,0.7066613447305784,0.7992288388552459,0.9677642839677235,0.9564663833563203,0.9764122135059894,0.861112883621383,0.8376099044767481,0.8826948969605732,0.7651757083851409,0.727264098925647,0.7998592069182429,0.9140591047370709,0.8832158373316398,0.9378174931142945,0.8266273642839597,0.7900270255006558,0.8571013338720493,16826,1582,47494,5476
caid3,disorder_pdb,CAID3 Disorder-PDB,Metapredict-v3,DED,content,0.335999995470047,261,0.933591902256012,0.908910459280014,0.9493069082498551,0.8253519863689355,0.7826890714569261,0.8627285414078941,0.920938951829815,0.90416158259836,0.9348183957061381,0.8731454690993752,0.8524552693537005,0.8917985905844938,0.7464279735353063,0.7095340780158453,0.7820663419182373,0.8259074796966842,0.787431307542449,0.8589412044967006,0.82562963959721,0.7916901636086173,0.8550366419313314,18407,3880,45196,3895
caid3,disorder_pdb,CAID3 Disorder-PDB,DisoMine,DED,literal,0.5,261,0.83234703540802,0.8004770413041115,0.8617785632610321,0.3601470720114788,0.30979202340168677,0.4203346279199349,0.9512388947754503,0.9301649571546761,0.9680003044547074,0.6556929833934646,0.6303464464255555,0.6839810248757076,0.4086673543900549,0.35289602494615857,0.4659571252360699,0.7704556354916067,0.6928736851942365,0.8392991310971075,0.49084853484890145,0.43685220398451247,0.5476105661592843,8032,2393,46683,14270
caid3,disorder_pdb,CAID3 Disorder-PDB,DisoMine,DED,calibrated,0.301,261,0.83234703540802,0.8004770413041115,0.8617785632610321,0.661510178459331,0.6073348808665816,0.7131916395593404,0.8601556769092835,0.8253524205861543,0.8887612894445825,0.7608329276843073,0.7317322380275348,0.7869059449554892,0.5262139015179826,0.46836093644720356,0.5782490037702197,0.6825037009622502,0.6172617737980122,0.7438660825925957,0.671842980099276,0.6241753742293976,0.7140211458583439,14753,6863,42213,7549
caid3,disorder_pdb,CAID3 Disorder-PDB,DisoMine,DED,content,0.2919999957084656,261,0.83234703540802,0.8004770413041115,0.8617785632610321,0.6729889695991391,0.619755711023216,0.723380634150378,0.8525144673567527,0.8163981328503142,0.8817875706322473,0.762751718477946,0.734035543148439,0.7888515272466999,0.5258580373215982,0.46623252682365013,0.5775522973327484,0.6746527621701802,0.6102467798959436,0.7351936755075077,0.6738198388291544,0.6270982623021165,0.7151415247443085,15009,7238,41838,7293
caid3,disorder_pdb,CAID3 Disorder-PDB,PUNCH2,DED,literal,0.5,261,0.9569427967071533,0.9400618240237236,0.9694844067096711,0.779526499865483,0.7292897160606168,0.8255958129609653,0.9730621892574782,0.9614185295476328,0.9821479572069758,0.8762943445614806,0.8513461095586876,0.8987704265909132,0.7931883310487426,0.7548412820802832,0.8298846521135481,0.9293312663708773,0.9000094570173309,0.9528613429929428,0.847862664293204,0.8130747659875508,0.8780213550546175,17385,1322,47754,4917
caid3,disorder_pdb,CAID3 Disorder-PDB,PUNCH2,DED,calibrated,0.377,261,0.9569427967071533,0.9400618240237236,0.9694844067096711,0.8150390099542641,0.7674369890593907,0.8574212112459231,0.9586763387399136,0.9440442973504349,0.9705197696945765,0.8868576743470888,0.8629373712991,0.9080352412441764,0.7960453879627034,0.7572426848741813,0.8326793969777226,0.8996288047512991,0.862960215997529,0.929551083831177,0.8552473710212435,0.8216813538872462,0.884828941438937,18177,2028,47048,4125
caid3,disorder_pdb,CAID3 Disorder-PDB,PUNCH2,DED,content,0.24300000071525574,261,0.9569427967071533,0.9400618240237236,0.9694844067096711,0.8540489642184558,0.8096136813714293,0.8911209501651997,0.9336946776428396,0.9162403549180936,0.9482204427010241,0.8938718209306478,0.8724221126342337,0.9140807559112097,0.7877532774751949,0.7477742660598687,0.8253671939157484,0.8540872606609569,0.8155519737749328,0.8883271608149389,0.8540681120104029,0.8208392720006216,0.8829796500256841,19047,3254,45822,3255
caid3,disorder_pdb,CAID3 Disorder-PDB,PUNCH2-Light,DED,literal,0.5,261,0.953687846660614,0.9358249634504319,0.9671305388212204,0.7714106358174154,0.7191251868193232,0.8183707835155036,0.9718192191702665,0.9601719334427276,0.9814927779595565,0.871614927493841,0.8465719512867902,0.8943971928461617,0.7849555010875362,0.7456883501146103,0.8212666104510324,0.9255931565072363,0.894495930724352,0.9502861962071338,0.8414977133214312,0.8050230915050323,0.872430280317886,17204,1383,47693,5098
caid3,disorder_pdb,CAID3 Disorder-PDB,PUNCH2-Light,DED,calibrated,0.428,261,0.953687846660614,0.9358249634504319,0.9671305388212204,0.7916778764236392,0.742147799667851,0.8362189448783282,0.9661952889396038,0.9534201923406863,0.9772780429297989,0.8789365826816216,0.8539747094336749,0.9008004802580238,0.7906623583284887,0.7515892178653467,0.8263821655551352,0.9141082060574683,0.8797249073815276,0.9409533518621271,0.8484994112982676,0.8129112592415726,0.879005090937171,17656,1659,47417,4646
caid3,disorder_pdb,CAID3 Disorder-PDB,PUNCH2-Light,DED,content,0.2150000035762787,261,0.953687846660614,0.9358249634504319,0.9671305388212204,0.8498340955968074,0.8033811820989042,0.8871146610998684,0.9317589045561986,0.9144256028519957,0.9457621661817736,0.890796500076503,0.8688890133853778,0.9106861123071925,0.781593000153006,0.7424788013895675,0.8196532757238871,0.8498340955968074,0.811539624502047,0.8840947370881692,0.8498340955968074,0.8171790950558149,0.8795419539221758,18953,3349,45727,3349
caid3,disorder_pdb,CAID3 Disorder-PDB,DisorderUnetLM,DED,literal,0.5,261,0.9390771389007568,0.9223299697041512,0.9538493469357491,0.635593220338983,0.5713128849441634,0.6926586326522992,0.9593487651805364,0.940564107466038,0.9737502637130802,0.7974709927597596,0.7644022751745195,0.8262840547005654,0.6587567617017173,0.6024331528345567,0.7091241374587911,0.8766233766233766,0.8270368721645092,0.9208103530367673,0.7368995633187773,0.6834753002795024,0.779709701964059,14175,1995,47081,8127
caid3,disorder_pdb,CAID3 Disorder-PDB,DisorderUnetLM,DED,calibrated,0.097,261,0.9390771389007568,0.9223299697041512,0.9538493469357491,0.8661106627208323,0.8261166292270501,0.9005170338896514,0.8944494253810417,0.86804992737944,0.9173086185824646,0.880280044050937,0.8579856271807238,0.8993338179012176,0.7424878715494614,0.6953103057574832,0.7819336920573215,0.788536903984324,0.7407565952791422,0.8333445584057275,0.8255053634770716,0.788190891776223,0.8560607691198577,19316,5180,43896,2986
caid3,disorder_pdb,CAID3 Disorder-PDB,DisorderUnetLM,DED,content,0.16599999368190765,261,0.9390771389007568,0.9223299697041512,0.9538493469357491,0.812258990225092,0.7636613463421252,0.8523586509182959,0.9148463607465971,0.8909673973154134,0.9357114902442067,0.8635526754858445,0.837773929579401,0.8854835939345783,0.7271765298495058,0.678576528846229,0.7697653183340019,0.8125504620077151,0.7639492022684347,0.8589233999070892,0.8124046999730917,0.7728728441000539,0.8450849826702265,18115,4179,44897,4187
caid3,disorder_pdb,CAID3 Disorder-PDB,LMDisorder,DED,literal,0.5,261,0.9422804117202759,0.921581557393074,0.9584085762500762,0.8598331988162496,0.8212957922496835,0.8949180615096821,0.9014182084929497,0.8786634364769805,0.9202734418582454,0.8806257036545997,0.8591802818877801,0.8992572770799971,0.7467550251259012,0.7058296851910025,0.7857113297930628,0.7985341883901058,0.7541080606660227,0.8365861961338686,0.8280507815873565,0.7947645294777667,0.85812557234161,19176,4838,44238,3126
caid3,disorder_pdb,CAID3 Disorder-PDB,LMDisorder,DED,calibrated,0.737,261,0.9422804117202759,0.921581557393074,0.9584085762500762,0.8097928436911488,0.7648134043739171,0.8513926837613007,0.938055261227484,0.9192206726380393,0.9526292496287218,0.8739240524593164,0.8512677431393129,0.8945329422601901,0.7596082233053939,0.7184173965255634,0.7976329971988225,0.8559241706161137,0.8143990725834719,0.8899778769500827,0.8322197133772637,0.7967739576748467,0.8620082209493676,18060,3040,46036,4242
caid3,disorder_pdb,CAID3 Disorder-PDB,LMDisorder,DED,content,0.6430000066757202,261,0.9422804117202759,0.921581557393074,0.9584085762500762,0.8322123576360865,0.7904330119589966,0.870999446876154,0.9239139294156002,0.904961174564978,0.9404424660396382,0.8780631435258434,0.8554931224031054,0.8978317312497042,0.7562003068901161,0.7144900319093698,0.7948041187789952,0.8325109895039023,0.7902938343390878,0.8687492176411766,0.832361646784465,0.7984176897315483,0.8619392537168566,18560,3734,45342,3742
caid3,disorder_pdb,CAID3 Disorder-PDB,ESMDisPred-1,DED,literal,0.5,261,0.9159074425697327,0.8964511573314666,0.933779327571392,0.389202762084118,0.3275434083381285,0.4565109283906027,0.9834134811313066,0.9745698100583114,0.9902605220979084,0.6863081216077123,0.654883904884629,0.7202260961209898,0.5085743645189713,0.4490907492835374,0.5643709156936635,0.9142616389298505,0.8697016058802618,0.9483946029823069,0.5459806264938987,0.4792168612582728,0.6123555610319789,8680,814,48262,13622
caid3,disorder_pdb,CAID3 Disorder-PDB,ESMDisPred-1,DED,calibrated,0.198,261,0.9159074425697327,0.8964511573314666,0.933779327571392,0.7932920814276746,0.7489879021824384,0.838048181097856,0.8979541934958024,0.8763591205675343,0.9171104372188106,0.8456231374617384,0.8225441479712761,0.8673411964857559,0.6879549451543782,0.6446221047152585,0.7271335645233532,0.7793832599118943,0.7323937838322074,0.8210741499090255,0.7862761655037553,0.7505212447278014,0.817998823665311,17692,5008,44068,4610
caid3,disorder_pdb,CAID3 Disorder-PDB,ESMDisPred-1,DED,content,0.20399999618530273,261,0.9159074425697327,0.8964511573314666,0.933779327571392,0.7851313783517173,0.7404449844566726,0.8301038071408777,0.9025185426685142,0.8814981261369983,0.9212512543861358,0.8438249605101158,0.8207896982176329,0.8656477850865936,0.6877172374684513,0.6447172342637787,0.7282360308186131,0.7854131156364941,0.7399881254479188,0.8268637487771985,0.7852722217239213,0.7490561166505071,0.8176371574044873,17510,4784,44292,4792
caid3,disorder_pdb,CAID3 Disorder-PDB,ESMDisPred-2,DED,literal,0.5,261,0.9195783734321594,0.9001725107431412,0.9357936695218086,0.3992018653035602,0.333842089943396,0.46818211993181635,0.9862661993642514,0.9794983900832378,0.9913555627572584,0.6927340323339058,0.6600334296918544,0.7270161521009298,0.524182349455195,0.46600016574514974,0.5792581928980836,0.9296230552365041,0.8950015864705491,0.9551084486662424,0.5585495153549359,0.4879392329915438,0.6236554253504876,8903,674,48402,13399
caid3,disorder_pdb,CAID3 Disorder-PDB,ESMDisPred-2,DED,calibrated,0.21,261,0.9195783734321594,0.9001725107431412,0.9357936695218086,0.7804681194511703,0.7284008299383973,0.8270503396958117,0.9112193332789958,0.8921634146793689,0.9277400307445892,0.8458437263650831,0.820598970156033,0.869229355799811,0.6963867565325847,0.6522951280334399,0.7382711644853657,0.7997978219914534,0.7556574347851733,0.8379229191302975,0.7900147509361173,0.7523799887162851,0.8227237772133792,17406,4357,44719,4896
caid3,disorder_pdb,CAID3 Disorder-PDB,ESMDisPred-2,DED,content,0.2029999941587448,261,0.9195783734321594,0.9001725107431412,0.9357936695218086,0.7897497982243745,0.7387466973093334,0.8348161473604909,0.9056361561659467,0.8861268114179806,0.9224969868719621,0.8476929771951607,0.8233022271518158,0.8707231843475087,0.6958808657609394,0.6524718305433455,0.7377134420119362,0.7918090271533896,0.7476949542341367,0.8312012723293757,0.7907780721052395,0.7538887510862627,0.8237314615567779,17613,4631,44445,4689
caid3,disorder_pdb,CAID3 Disorder-PDB,UdonPred-DisProt,DED,literal,0.5,261,0.8831102252006531,0.8661903202533722,0.8981220811605454,0.5227333871401668,0.48446450442127326,0.564603813787506,0.9538470943027142,0.9472353390325601,0.9597988030139408,0.7382902407214404,0.7190272291736853,0.759458080013306,0.5574583310300804,0.5239309948890671,0.5918025416604572,0.8373195432018962,0.8037164314186711,0.8650252374773925,0.6436438923395446,0.6062850872251916,0.680084580938355,11658,2265,46811,10644
caid3,disorder_pdb,CAID3 Disorder-PDB,UdonPred-DisProt,DED,calibrated,0.197,261,0.8831102252006531,0.8661903202533722,0.8981220811605454,0.730562281409739,0.6973802597938202,0.765242048652345,0.8800839514222838,0.8685167375558862,0.890292087557038,0.8053231164160114,0.7885105386976266,0.8226913721960791,0.6115788048512486,0.5793125387815438,0.6436088136572304,0.7346469474253765,0.6919984566732288,0.7713637657641054,0.7325989208633094,0.7015833296320221,0.7622800923146311,16293,5885,43191,6009
caid3,disorder_pdb,CAID3 Disorder-PDB,UdonPred-DisProt,DED,content,0.19300000369548798,261,0.8831102252006531,0.8661903202533722,0.8981220811605454,0.7328939108600125,0.6997843503897729,0.7673386070510457,0.8786575923058114,0.8670232189032834,0.8890878853096205,0.805775751582912,0.7891607611303257,0.8230035786043293,0.6115664648921137,0.5791881635328864,0.6433391133963184,0.7329596412556054,0.6902601681867578,0.7696209358334767,0.7329267745840995,0.7019268223068682,0.7628680060121478,16345,5955,43121,5957
caid3,disorder_pdb,CAID3 Disorder-PDB,UdonPred-combined,DED,literal,0.5,261,0.9264755249023438,0.9119233742356301,0.9384910464286804,0.7133889337279168,0.6726301487940025,0.7547506825407915,0.9491808623359687,0.9393820801547605,0.9576149900614114,0.8312848980319427,0.8114938602270368,0.851012856107789,0.7020218394546404,0.6685354585489408,0.7337619005757885,0.8644859813084113,0.8368651778817048,0.8893712106858659,0.7817029430550779,0.7535124599690715,0.8093949177512246,15910,2494,46582,6392
caid3,disorder_pdb,CAID3 Disorder-PDB,UdonPred-combined,DED,calibrated,0.396,261,0.9264755249023438,0.9119233742356301,0.9384910464286804,0.8086718679939019,0.7712990923643818,0.8437243141785274,0.9230988670633303,0.9104312574286204,0.9338545552578449,0.8658853675286161,0.8485600468160014,0.8835319842201639,0.7363063854454837,0.7054919161100508,0.7680063716717324,0.8269521757072769,0.7945243503655057,0.8564053719159934,0.817709868286822,0.790086747001598,0.8434434184081134,18035,3774,45302,4267
caid3,disorder_pdb,CAID3 Disorder-PDB,UdonPred-combined,DED,content,0.3799999952316284,261,0.9264755249023438,0.9119233742356301,0.9384910464286804,0.817639673571877,0.7811249176981021,0.8523747229761859,0.917699078979542,0.9044320133971746,0.9287409870937434,0.8676693762757095,0.8506810910814191,0.8849128358957558,0.7355909804543119,0.7053306397159187,0.7675397355500251,0.8186675047140164,0.7853645485837107,0.8483083322762062,0.8181532663316583,0.789837878955149,0.8442152499968332,18235,4039,45037,4067
caid3,disorder_pdb,CAID3 Disorder-PDB,DARUMA-beta,DED,literal,0.5,261,0.9046516418457031,0.8807934761047364,0.9250688880681992,0.6898932831136221,0.6389068072827274,0.7343739056116905,0.9491401092183552,0.9371322701209379,0.9597254941644163,0.8195166961659887,0.7952751442653252,0.841082248230996,0.6835359121853967,0.6429506581023597,0.7185995486810456,0.8604182977295605,0.8254142081850292,0.8903363893779409,0.7657774238502886,0.7275347377953458,0.7975359270115927,15386,2496,46580,6916
caid3,disorder_pdb,CAID3 Disorder-PDB,DARUMA-beta,DED,calibrated,0.449,261,0.9046516418457031,0.8807934761047364,0.9250688880681992,0.7152273338714017,0.6663151238034527,0.7568550071121439,0.9387684407857201,0.9255653830741035,0.9500752084469033,0.8269978873285608,0.8031944582646022,0.8481806873276627,0.6863589228695739,0.6459821282341874,0.7208335754688753,0.8414749947246255,0.8047426883361354,0.8733131394313757,0.7732318580638906,0.7358470179151364,0.8036336844865417,15951,3005,46071,6351
caid3,disorder_pdb,CAID3 Disorder-PDB,DARUMA-beta,DED,content,0.3190000057220459,261,0.9046516418457031,0.8807934761047364,0.9250688880681992,0.7778674558335575,0.7340385443452305,0.8153376665117166,0.8994009291710816,0.883236571889504,0.913503552393602,0.8386341925023195,0.817243704231618,0.8581400983370044,0.6774093434985271,0.6357427667063701,0.7134162978485764,0.7784608481041059,0.736107127641326,0.816270000851076,0.7781640388454033,0.7415202625651597,0.8094246297244091,17348,4937,44139,4954
caid3,disorder_pdb,CAID3 Disorder-PDB,DisoFLAG-IDR,DED,literal,0.5,261,0.9201489686965942,0.9038316667079925,0.9347762405872345,0.6113353062505605,0.5538000451054778,0.6665906260870542,0.9623644958839351,0.9530540637905797,0.9707659273169386,0.7868499010672478,0.7590315671537726,0.8139456727224289,0.6452045620259282,0.6006990581526378,0.686929910388614,0.8806924617272786,0.8489137112955861,0.9083876844345682,0.7217002355556733,0.6765604006612242,0.7600075427781042,13634,1847,47229,8668
caid3,disorder_pdb,CAID3 Disorder-PDB,DisoFLAG-IDR,DED,calibrated,0.307,261,0.9201489686965942,0.9038316667079925,0.9347762405872345,0.7965204914357457,0.7524809196477058,0.8337323145372967,0.8925747819708207,0.8743233315476787,0.9093928897445548,0.8445476367032831,0.825514619328644,0.8628831065284581,0.6831560420617636,0.6468801552547306,0.7192378896238101,0.771140823059559,0.7301047558205866,0.8099016938597025,0.7836252150513917,0.7506993602079706,0.8139567747352494,17764,5272,43804,4538
caid3,disorder_pdb,CAID3 Disorder-PDB,DisoFLAG-IDR,DED,content,0.3230000138282776,261,0.9201489686965942,0.9038316667079925,0.9347762405872345,0.7810958658416286,0.7359350735334215,0.8199840530063973,0.9011125601108485,0.884304461560913,0.9172711604673579,0.8411042129762385,0.8203963948463336,0.8601493178531814,0.6824508004457792,0.6462651031419572,0.7178889064884844,0.7821128720872805,0.7414094323952459,0.8193105214889603,0.7816040381379697,0.7479421766328286,0.8126099302610932,17420,4853,44223,4882
caid3,disorder_pdb,CAID3 Disorder-PDB,s2D-2,DED,literal,0.5,261,0.7597671151161194,0.7357654258608818,0.78506690710783,0.732355842525334,0.6833261956276246,0.7800193326070937,0.6691865677724346,0.6483730059831571,0.6898102016256044,0.7007712051488844,0.6756514990438767,0.726383968970085,0.3736547780839244,0.326822515152713,0.4199475421750055,0.5015045443380005,0.45327651448635564,0.5500356522157134,0.5953344268270457,0.5545776291473999,0.6353830299684284,16333,16235,32841,5969
caid3,disorder_pdb,CAID3 Disorder-PDB,s2D-2,DED,calibrated,0.533,261,0.7597671151161194,0.7357654258608818,0.78506690710783,0.6668460227782261,0.6162486652167534,0.7145090142197252,0.7327818078082974,0.7148773944663391,0.750939735223899,0.6998139152932618,0.6737484557200677,0.7259537705776133,0.37939094495727727,0.33379618432830976,0.427513498662448,0.531408561423569,0.4831109529602461,0.5800099622834209,0.5914731148584156,0.5519595052614124,0.6302290858691512,14872,13114,35962,7430
caid3,disorder_pdb,CAID3 Disorder-PDB,s2D-2,DED,content,0.5720000267028809,261,0.7597671151161194,0.7357654258608818,0.78506690710783,0.5639404537709622,0.5155787545669522,0.6114776325530179,0.8040590105143044,0.7896564823521711,0.8186033804516456,0.6839997321426333,0.6588589324827758,0.7095671973616029,0.36849307157431377,0.323674932303101,0.4175014347033266,0.566710223944487,0.514951853477049,0.6168041905740722,0.5653219462860996,0.5268958844405911,0.6043157356150045,12577,9616,39460,9725
caid3,disorder_nox,CAID3 Disorder-NOX,AlphaFold-pLDDT,AF,literal,0.5,161,0.83292156457901,0.8020709022879601,0.8638214439153671,0.5880147717099373,0.5368165963303793,0.6363021572033329,0.8352992893252252,0.7973898967754716,0.8721233183370506,0.7116570305175813,0.6809055342138712,0.7406627627136402,0.42762086611474354,0.36204489288822034,0.4912916093233359,0.6091114588767171,0.5352751426329795,0.6854332219612911,0.5983772241992882,0.5482759272279621,0.6477858831238446,10509,6744,34203,7363
caid3,disorder_nox,CAID3 Disorder-NOX,AlphaFold-pLDDT,AF,calibrated,0.272,161,0.83292156457901,0.8020709022879601,0.8638214439153671,0.8324753804834378,0.7942329119267464,0.867166978160034,0.7446210955625565,0.7024942078528734,0.7868870489573115,0.7885482380229971,0.7607007014371437,0.8149392557185647,0.5360026335807226,0.4785900288425354,0.59397166254193,0.5872508387606079,0.5229973788266032,0.6574149034097102,0.6886847038674289,0.6376494864368158,0.7393860794925236,14878,10457,30490,2994
caid3,disorder_nox,CAID3 Disorder-NOX,AlphaFold-pLDDT,AF,content,0.48899999260902405,161,0.83292156457901,0.8020709022879601,0.8638214439153671,0.6085496866606983,0.5590501266546414,0.6568373100422169,0.8295113195105869,0.7912672622147978,0.8674244423301778,0.7190305030856425,0.6881086001626063,0.7475375175773046,0.43816470616728925,0.3734152237161339,0.5020415126485358,0.6090608724869799,0.5364536678282805,0.6854503871111227,0.6088051722690252,0.5587648802386426,0.657323191243506,10876,6981,33966,6996
caid3,disorder_nox,CAID3 Disorder-NOX,AlphaFold-rsa,AF,literal,0.5,161,0.8484285473823547,0.812624816596508,0.8824788957834243,0.9192032229185317,0.8865557956934979,0.9487145411900616,0.6792194788384985,0.6260980313863443,0.7350279122945753,0.7992113508785151,0.7706068663860047,0.8280878320600803,0.5504577078122318,0.4930477767299082,0.6127431706925204,0.5556946182728411,0.4920320978908455,0.6240934741983732,0.6926531042479181,0.637201298512242,0.7487989384208666,16428,13135,27812,1444
caid3,disorder_nox,CAID3 Disorder-NOX,AlphaFold-rsa,AF,calibrated,0.583,161,0.8484285473823547,0.812624816596508,0.8824788957834243,0.84724709042077,0.8086300765064927,0.8855180365681972,0.7591276528194983,0.7125457609915841,0.8054828158833921,0.8031873716201341,0.7768540495941583,0.830457414390057,0.5641271766951286,0.5032040313768845,0.628414831564432,0.6055588882223555,0.5365139364136083,0.6803451364556811,0.7062994146045667,0.6529758781003293,0.760460325047977,15142,9863,31084,2730
caid3,disorder_nox,CAID3 Disorder-NOX,AlphaFold-rsa,AF,content,0.7279999852180481,161,0.8484285473823547,0.812624816596508,0.8824788957834243,0.6372538048343778,0.5730433461914753,0.6974742093347019,0.8423327716316213,0.8022416561395286,0.8811220965916706,0.7397932882329996,0.7062012924586043,0.7737510595105073,0.4797910950886719,0.41234892576038173,0.5534131060521271,0.6382179882319977,0.5546599074993531,0.7225515394838642,0.6377355320995604,0.577513565652036,0.6943634729430052,11389,6456,34491,6483
caid3,disorder_nox,CAID3 Disorder-NOX,AlphaFold3-pLDDT,AF,literal,0.5,161,0.826826810836792,0.7931695148348809,0.8609403923153878,0.5464413607878246,0.4782059296698569,0.6121548886710483,0.8432608005470487,0.8057773412053445,0.8799974604266458,0.6948510806674366,0.6586145393123194,0.7291895350363157,0.4013325347546257,0.32596921876376067,0.47633470788907273,0.6034354918437963,0.522564525555711,0.6877019422438629,0.5735259572468876,0.5151102785061674,0.6261098321667187,9766,6418,34529,8106
caid3,disorder_nox,CAID3 Disorder-NOX,AlphaFold3-pLDDT,AF,calibrated,0.202,161,0.826826810836792,0.7931695148348809,0.8609403923153878,0.8501007162041182,0.8172648572013065,0.879723952443843,0.7239846631010819,0.6827507047714935,0.7687099654378282,0.7870426896526,0.7616341074166181,0.8139037271064735,0.5306761841168223,0.47506238119537136,0.5854619786355892,0.5734289488582751,0.5114867562812242,0.6377880524325683,0.6848784006130682,0.6341943846971329,0.7336683762712491,15193,11302,29645,2679
caid3,disorder_nox,CAID3 Disorder-NOX,AlphaFold3-pLDDT,AF,content,0.44999998807907104,161,0.826826810836792,0.7931695148348809,0.8609403923153878,0.606199641897941,0.5388992476755954,0.6687134693664544,0.8282169633917015,0.7907348495029201,0.8654818207978023,0.7172083026448213,0.6805705062819224,0.7514301259339162,0.4344440083613793,0.3599345596244084,0.5062117884535803,0.6063353481083501,0.5297481104408999,0.6857516395642483,0.6062674874090656,0.548800976278836,0.6571898793834853,10834,7034,33913,7038
caid3,disorder_nox,CAID3 Disorder-NOX,AlphaFold3-rsa,AF,literal,0.5,161,0.8483580946922302,0.8110311657190323,0.8822811409831046,0.9163495971351835,0.8842974043832517,0.9446925321588001,0.6805138349573839,0.6270370248114138,0.7355494036626622,0.7984317160462837,0.7693560405794027,0.8278009513144668,0.5490167166172325,0.49031787118632214,0.6119428081429742,0.5559251841542483,0.4933587975696057,0.6230501934135453,0.6920200291563668,0.6360241010162883,0.7449072458612831,16377,13082,27865,1495
caid3,disorder_nox,CAID3 Disorder-NOX,AlphaFold3-rsa,AF,calibrated,0.497,161,0.8483580946922302,0.8110311657190323,0.8822811409831046,0.9187555953446732,0.8875292734968602,0.9467199525316546,0.6783158717366352,0.6248285303924658,0.7330418417097888,0.7985357335406542,0.7697978694082317,0.8275915997648065,0.5492178715715053,0.49091822174693306,0.6128580467571041,0.5548796972154636,0.49239626975942025,0.6219561367322001,0.6918928029664588,0.6361001073836937,0.7456292940570522,16420,13172,27775,1452
caid3,disorder_nox,CAID3 Disorder-NOX,AlphaFold3-rsa,AF,content,0.7179999947547913,161,0.8483580946922302,0.8110311657190323,0.8822811409831046,0.6357430617726052,0.567330086411235,0.6976036819976456,0.8416733826653967,0.8025579176165384,0.8793592772532385,0.7387082222190009,0.7048715242147255,0.7730218652060737,0.47762003761272603,0.4071539547190316,0.550664909242704,0.6367049593723733,0.5545192968087022,0.7190033300680483,0.6362236470028279,0.5788570758453276,0.6913227784298932,11362,6483,34464,6510
caid3,disorder_nox,CAID3 Disorder-NOX,AIUPred,DED,literal,0.5,161,0.8156878352165222,0.7770581379532814,0.8514903530478477,0.853234109221128,0.8109837149156393,0.8922338490539697,0.6286174811341491,0.5747749236724318,0.6820115111447499,0.7409257951776385,0.7105198063155606,0.7699210401857195,0.4435048816424708,0.38588496434510183,0.504838809389368,0.5006895193065406,0.43757775000469507,0.5679252749198029,0.6310627379572918,0.5771188374384243,0.6842910599142779,15249,15207,25740,2623
caid3,disorder_nox,CAID3 Disorder-NOX,AIUPred,DED,calibrated,0.691,161,0.8156878352165222,0.7770581379532814,0.8514903530478477,0.7172112802148612,0.6625398117386936,0.7691863370952156,0.7954673114025448,0.7471625741628601,0.8396420546508773,0.756339295808703,0.7242303899879828,0.7868466929854369,0.4911368947904295,0.42477859045563243,0.5565810127877812,0.6048223470013684,0.5326462094336333,0.6808909428112654,0.6562396006655574,0.6018569743629303,0.7058650077749967,12818,8375,32572,5054
caid3,disorder_nox,CAID3 Disorder-NOX,AIUPred,DED,content,0.7599999904632568,161,0.8156878352165222,0.7770581379532814,0.8514903530478477,0.6351275738585497,0.573041266441206,0.693379831095957,0.8412093682076831,0.7958488951878931,0.8808857941617239,0.7381684710331164,0.703839310854271,0.7682970989834499,0.4764798107819898,0.40319428791197703,0.5414799304474631,0.6358035064134879,0.5562276932648339,0.7169580890399689,0.6354653603918825,0.5779683068581346,0.6860944828475214,11351,6502,34445,6521
caid3,disorder_nox,CAID3 Disorder-NOX,AIUPred-2-disorder,DED,literal,0.5,161,0.8236331343650818,0.7832395523786545,0.8617028966546059,0.8646486123545211,0.8183091089973099,0.9047919048570097,0.6735536180916795,0.617801262054233,0.729599212904949,0.7691011152231002,0.7352055709037746,0.8003025242028706,0.49515678922112993,0.42819298858749055,0.562198387938957,0.5361901457321304,0.47103018444242417,0.6036975169179315,0.6619121048573631,0.6068680859556808,0.7156033753331841,15453,13367,27580,2419
caid3,disorder_nox,CAID3 Disorder-NOX,AIUPred-2-disorder,DED,calibrated,0.57,161,0.8236331343650818,0.7832395523786545,0.8617028966546059,0.8014771709937332,0.7496802648470774,0.8434680079113884,0.7615942559894497,0.7169397285908032,0.8066456247635014,0.7815357134915915,0.7473659654037185,0.8123584948901019,0.5266324581171602,0.46016620081817144,0.5931958116949523,0.594702316698497,0.5283057034469427,0.6636180099076977,0.6827780161113494,0.630155719635404,0.7340048117516359,14324,9762,31185,3548
caid3,disorder_nox,CAID3 Disorder-NOX,AIUPred-2-disorder,DED,content,0.671999990940094,161,0.8236331343650818,0.7832395523786545,0.8617028966546059,0.6262869292748433,0.5662458099673111,0.6802123613561655,0.8378635797494322,0.7964457077837828,0.8779357794113606,0.7320752545121377,0.6968208006017225,0.7633933873891393,0.4644440030405562,0.3936388701138292,0.534601720385152,0.6276917900403769,0.5485225106250355,0.7084487616848444,0.6269885727089402,0.5705558012492119,0.6800000492625875,11193,6639,34308,6679
caid3,disorder_nox,CAID3 Disorder-NOX,IUPred3,DED,literal,0.5,161,0.794141411781311,0.7537194773554802,0.8315972283482551,0.6712735004476276,0.6155650010617802,0.7218865473718792,0.7946125479278091,0.7456329804635567,0.8385999014047015,0.7329430241877184,0.6991989524627072,0.7641625310790623,0.45014692197866735,0.3801687106413716,0.521024485538871,0.5878865095310433,0.51276301640068,0.6641716297991338,0.6268188824159461,0.5737711913830541,0.679001008009134,11997,8410,32537,5875
caid3,disorder_nox,CAID3 Disorder-NOX,IUPred3,DED,calibrated,0.478,161,0.794141411781311,0.7537194773554802,0.8315972283482551,0.7041181736794987,0.6497831193574867,0.7545455671288903,0.7711676069064889,0.7208092231290085,0.8176893408809589,0.7376428902929938,0.7041880994888565,0.7687454631056114,0.451948026698178,0.3837727807566016,0.5231295720234691,0.5731985059670219,0.49915213476898485,0.648188919613001,0.6319489780545372,0.5784326936507082,0.6843954454488694,12584,9370,31577,5288
caid3,disorder_nox,CAID3 Disorder-NOX,IUPred3,DED,content,0.5419999957084656,161,0.794141411781311,0.7537194773554802,0.8315972283482551,0.6110675917636527,0.5532883304560572,0.6643498867813246,0.8303416611717586,0.7857791517836741,0.8696486992041031,0.7207046264677056,0.6860162649804058,0.7512392101262103,0.44143709710452506,0.36955457377279993,0.5091656272396693,0.6112043877322588,0.5320631216469615,0.6906609353584929,0.6111359820928931,0.5571670061033582,0.6620934003496246,10921,6947,34000,6951
caid3,disorder_nox,CAID3 Disorder-NOX,ESpritz-D,DED,literal,0.5,161,0.8013268709182739,0.7626045718789101,0.8378561303019524,0.40862802148612354,0.3249104764093886,0.4856607112213232,0.9057073778298776,0.8695051907703947,0.9342108440777352,0.6571676996580006,0.6186316188471503,0.6927732096685821,0.36866063238654784,0.28691799884594427,0.4403139925721606,0.654156216409889,0.5632204233856964,0.7346192592162691,0.5030307204849154,0.4222294591926284,0.5737596442530873,7303,3861,37086,10569
caid3,disorder_nox,CAID3 Disorder-NOX,ESpritz-D,DED,calibrated,0.341,161,0.8013268709182739,0.7626045718789101,0.8378561303019524,0.6807855863921217,0.6072544985240946,0.7490042464939989,0.7766869367719247,0.7183655101826864,0.8228084574257831,0.7287362615820232,0.69110643308078,0.7640350284788728,0.43772239660766493,0.3657723174886491,0.511101620439489,0.570925812960443,0.4939315787394257,0.6466132832440139,0.6210346323660771,0.5564724898330259,0.6817362506420499,12167,9144,31803,5705
caid3,disorder_nox,CAID3 Disorder-NOX,ESpritz-D,DED,content,0.39399999380111694,161,0.8013268709182739,0.7626045718789101,0.8378561303019524,0.5943375111906893,0.5113001700612428,0.6744887882116841,0.8236745060688206,0.7724104057771399,0.864871243027415,0.7090060086297549,0.667636587411551,0.7467839223996583,0.4182101240695307,0.3412473470604982,0.4933681577121976,0.595336845645107,0.5136705406652934,0.6734885878533311,0.5948367586940695,0.5284518770050312,0.6580368252461377,10622,7220,33727,7250
caid3,disorder_nox,CAID3 Disorder-NOX,ESpritz-N,DED,literal,0.5,161,0.7799744009971619,0.7442778170108795,0.8138677403330803,0.5675358102059087,0.5148091165057732,0.6178749756304722,0.8403546047329474,0.8025159434684542,0.8739504847988534,0.7039452074694281,0.6718243584704042,0.7318480147684165,0.41619895582405086,0.3474718393886882,0.47532329318958083,0.6080935251798562,0.5317069294413914,0.6853149147735843,0.5871150729335495,0.5345107723147257,0.6355809501080882,10143,6537,34410,7729
caid3,disorder_nox,CAID3 Disorder-NOX,ESpritz-N,DED,calibrated,0.434,161,0.7799744009971619,0.7442778170108795,0.8138677403330803,0.6211951656222023,0.5664108596314279,0.6687828535311318,0.8109751630156056,0.7721364411044666,0.8458145297802173,0.7160851643189039,0.683520657046046,0.7449689207765843,0.42597485982937155,0.35876020269660314,0.48547092979437517,0.5892155822099565,0.5191732783251226,0.6652455540977817,0.6047829165985728,0.5513240482551831,0.6532435924130368,11102,7740,33207,6770
caid3,disorder_nox,CAID3 Disorder-NOX,ESpritz-N,DED,content,0.46299999952316284,161,0.7799744009971619,0.7442778170108795,0.8138677403330803,0.5979744852282901,0.5453409354573837,0.6467462438684962,0.8248955967470144,0.7868763189517038,0.8588298492603686,0.7114350409876522,0.6789170255161446,0.7399132956625905,0.4229701858996286,0.3543710382003536,0.48262440807645723,0.5984767878143025,0.5245887355950054,0.6765880731680561,0.5982255310811945,0.5454931231237259,0.6469447829380381,10687,7170,33777,7185
caid3,disorder_nox,CAID3 Disorder-NOX,ESpritz-X,DED,literal,0.5,161,0.7826781272888184,0.7467944145202636,0.8167090624570846,0.27288495971351834,0.22555915550497418,0.32342077804250063,0.9246587051554448,0.8940214803917613,0.9509448116665284,0.5987718324344815,0.5718725703768994,0.6231728655056437,0.26556710123346,0.19224430607381904,0.3290405490650383,0.6125345390605376,0.508427809599052,0.7159224269143014,0.3775644499496787,0.3216724545477256,0.4304989103733578,4877,3085,37862,12995
caid3,disorder_nox,CAID3 Disorder-NOX,ESpritz-X,DED,calibrated,0.105,161,0.7826781272888184,0.7467944145202636,0.8167090624570846,0.6540957923008057,0.6016821425604375,0.7031005398391644,0.7959069040466945,0.7549495225743623,0.8346002637608284,0.7250013481737501,0.6926001920753562,0.7535794549703054,0.4366454519114159,0.37015891000466367,0.4956382819429658,0.5831296453334663,0.5140213988311988,0.6519693466408644,0.6165774413882223,0.5630501687906483,0.662704718446957,11690,8357,32590,6182
caid3,disorder_nox,CAID3 Disorder-NOX,ESpritz-X,DED,content,0.14300000667572021,161,0.7826781272888184,0.7467944145202636,0.8167090624570846,0.5959042076991943,0.5411901077863529,0.6487750408081118,0.8240652550858427,0.7847731483011134,0.860216870840397,0.7099847313925185,0.676785443809754,0.7385828559659692,0.42008878749709494,0.34896827378475076,0.4811944463929872,0.5965049848773384,0.5227490312503682,0.6687289297679659,0.596204444942059,0.5419465384928509,0.6424654124032437,10650,7204,33743,7222
caid3,disorder_nox,CAID3 Disorder-NOX,MobiDB-lite,DED,literal,0.5,161,0.7926622033119202,0.7594184175133705,0.8268572792410851,0.6063675022381378,0.5488958097798238,0.6585844908295182,0.83476200942682,0.7959374212732968,0.8687403964429782,0.7205647558324789,0.6863362454007834,0.7495906412897861,0.4430344216369245,0.3723782147637896,0.5034988441154821,0.6156336988013407,0.541721152970505,0.6880410186626615,0.6109654686398872,0.5585009626859434,0.6590404126235484,10837,6766,34181,7035
caid3,disorder_nox,CAID3 Disorder-NOX,MobiDB-lite,DED,calibrated,0.286,161,0.7926622033119202,0.7594184175133705,0.8268572792410851,0.6921441360787824,0.6391660269264265,0.7407117339073254,0.7833052482477348,0.7404834122450076,0.8207299939543036,0.7377246921632586,0.7040080671318312,0.7658187376011659,0.45523821662186414,0.39050194898463314,0.5163632599545412,0.5823094666478369,0.5138643450116844,0.6515022804061397,0.6324939281605522,0.5817601259649736,0.6811854891469703,12370,8873,32074,5502
caid3,disorder_nox,CAID3 Disorder-NOX,MobiDB-lite,DED,content,0.42899999022483826,161,0.7926622033119202,0.7594184175133705,0.8268572792410851,0.6063675022381378,0.5488958097798238,0.6585844908295182,0.83476200942682,0.7959374212732968,0.8687403964429782,0.7205647558324789,0.6863362454007834,0.7495906412897861,0.4430344216369245,0.3723782147637896,0.5034988441154821,0.6156336988013407,0.541721152970505,0.6880410186626615,0.6109654686398872,0.5585009626859434,0.6590404126235484,10837,6766,34181,7035
caid3,disorder_nox,CAID3 Disorder-NOX,flDPnn,DED,literal,0.5,161,0.8343626260757446,0.8009515926241875,0.8669052243232727,0.37214637421665175,0.30704455978819983,0.441886976038957,0.9333284489706205,0.9053736040424492,0.9567723184689452,0.6527374115936362,0.621227144257971,0.684572462909926,0.3837231753630829,0.31373932632292256,0.44707864450293644,0.7089862488007675,0.6312428652158659,0.7859256906969148,0.4880930539757092,0.4239915514971461,0.549898938146042,6651,2730,38217,11221
caid3,disorder_nox,CAID3 Disorder-NOX,flDPnn,DED,calibrated,0.21,161,0.8343626260757446,0.8009515926241875,0.8669052243232727,0.7522940913160251,0.6996657300609982,0.8042946795608177,0.7789337436198012,0.7355492804381895,0.8167488738615315,0.7656139174679131,0.7336629626150195,0.7947959317385317,0.5027259040386234,0.439311462709496,0.5600020179562891,0.5976352402542561,0.5339605208364667,0.6575247184717512,0.6661051797171097,0.617279188549958,0.7098694439009112,13445,9052,31895,4427
caid3,disorder_nox,CAID3 Disorder-NOX,flDPnn,DED,content,0.28600001335144043,161,0.8343626260757446,0.8009515926241875,0.8669052243232727,0.6433527305282005,0.5853172354183983,0.702167767622483,0.8452633892592863,0.8057743263942981,0.8769459708080769,0.7443080598937435,0.7131549974364756,0.7760100114800733,0.4889095964718521,0.4272179077297295,0.5473422637452882,0.6447235617360099,0.580934820734271,0.7082627333438573,0.6440374166806699,0.5959131806105581,0.6896051244471681,11498,6336,34611,6374
caid3,disorder_nox,CAID3 Disorder-NOX,flDPnn2,DED,literal,0.5,161,0.8476799726486206,0.8164771497249603,0.8752282232046127,0.38910026857654434,0.3172085295575734,0.461941761999279,0.9399223386328669,0.9161043384228628,0.9588536135553144,0.6645113036047057,0.6288426192435722,0.6989886842818009,0.41271553150970536,0.33702032271824545,0.48281655253969985,0.7386870618228171,0.6638346901440489,0.8098392381584487,0.509711940189108,0.43817006094880073,0.5788994759881139,6954,2460,38487,10918
caid3,disorder_nox,CAID3 Disorder-NOX,flDPnn2,DED,calibrated,0.27,161,0.8476799726486206,0.8164771497249603,0.8752282232046127,0.7325984780662489,0.6711759734744932,0.7913745838701315,0.8028182772852712,0.7640344825969871,0.8377248171014411,0.7677083776757601,0.7324032576958359,0.7989914221129575,0.5130573340135508,0.4459195956069351,0.5727079410523958,0.6185571880757783,0.5532233843757871,0.6825306666684616,0.6707651323035939,0.6202678690195536,0.7170281342607864,13093,8074,32873,4779
caid3,disorder_nox,CAID3 Disorder-NOX,flDPnn2,DED,content,0.32600000500679016,161,0.8476799726486206,0.8164771497249603,0.8752282232046127,0.6573970456580125,0.5926080846702764,0.7233489810114071,0.8514909517180745,0.8143865162011894,0.8822429680636801,0.7544439986880436,0.7176780372169338,0.7873250883003634,0.5092259144538224,0.44098730982184664,0.5692282636256728,0.658945597307908,0.5914220624658706,0.7215817909526842,0.6581704106212537,0.604538818245265,0.7069958438842159,11749,6081,34866,6123
caid3,disorder_nox,CAID3 Disorder-NOX,flDPnn3a,DED,literal,0.5,161,0.8730846047401428,0.8443955928087234,0.8977948501706123,0.7931960608773501,0.7300742342044679,0.8577321423548753,0.7951498278262144,0.7480480348626555,0.83737824803053,0.7941729443517822,0.7611746278725887,0.8249665172963482,0.5564656293467396,0.49533392202150783,0.6153802279309722,0.6282574011700053,0.5673804326659971,0.6895799262311579,0.7011573845088535,0.6519357547882112,0.7460428401869805,14176,8388,32559,3696
caid3,disorder_nox,CAID3 Disorder-NOX,flDPnn3a,DED,calibrated,0.462,161,0.8730846047401428,0.8443955928087234,0.8977948501706123,0.8694606087735004,0.8235129005564705,0.9102846940673692,0.7477959313258603,0.6968761924085533,0.7920613026367492,0.8086282700496803,0.7793482749178927,0.8337229982248666,0.5719409685556736,0.517333731727827,0.6219685379881734,0.6007500193303951,0.5413822567381291,0.6593408625198802,0.7105491792034386,0.6631763563270424,0.7542146119143327,15539,10327,30620,2333
caid3,disorder_nox,CAID3 Disorder-NOX,flDPnn3a,DED,content,0.5609999895095825,161,0.8730846047401428,0.8443955928087234,0.8977948501706123,0.6706020590868398,0.5795989362307096,0.7581477154736653,0.856888172515691,0.8144524084755633,0.893361773743201,0.7637451158012654,0.7238111254322152,0.8039471039828633,0.5277151786317734,0.4545501588735317,0.6015391980308638,0.6716166993555618,0.6071487087432809,0.7418248456592901,0.6711089957163255,0.6098050383649679,0.7301864512229265,11985,5860,35087,5887
caid3,disorder_nox,CAID3 Disorder-NOX,flDPnn3b,DED,literal,0.5,161,0.8505822420120239,0.8149896785616875,0.8782838135957718,0.3118845120859445,0.2249412738833953,0.40731703994435975,0.9503016093975138,0.9267260655866632,0.9705595379993043,0.6310930607417291,0.5899445299688082,0.6745161245376705,0.35930738310789095,0.2701659409488029,0.4366982046492873,0.7325535550006571,0.6398249758587518,0.8166986791673897,0.43750245280797456,0.33959459512617396,0.5307211128423889,5574,2035,38912,12298
caid3,disorder_nox,CAID3 Disorder-NOX,flDPnn3b,DED,calibrated,0.245,161,0.8505822420120239,0.8149896785616875,0.8782838135957718,0.7762421665174575,0.6953297701998685,0.8429174292080288,0.771338559601436,0.7245083994774865,0.8140269591136062,0.7737903630594467,0.7314743175051683,0.8080513921483361,0.5151619889206887,0.43956055053310844,0.5791720852023612,0.5970476846273025,0.5371223008156268,0.6586211698882405,0.6749537802860757,0.6197412304498909,0.7250642658856797,13873,9363,31584,3999
caid3,disorder_nox,CAID3 Disorder-NOX,flDPnn3b,DED,content,0.3070000112056732,161,0.8505822420120239,0.8149896785616875,0.8782838135957718,0.6524731423455685,0.5641583228352718,0.731367216518969,0.8489510831074315,0.8063234737354552,0.8842688443319847,0.7507121127265,0.7073567790829579,0.7884228478005919,0.5016301232193484,0.4250916861554967,0.5736855350282108,0.6534237364115207,0.5901525916498647,0.7189040848775975,0.6529480933982866,0.5905011284602165,0.7099992009201139,11661,6185,34762,6211
caid3,disorder_nox,CAID3 Disorder-NOX,DISOPRED3-diso,DED,literal,0.5,161,0.8024811148643494,0.7617837250232696,0.8411103114485741,0.689961951656222,0.637497294067158,0.7398191519638033,0.7876767528756685,0.7449040838631977,0.8327771723465108,0.7388193522659452,0.7047050288466468,0.7698272753403163,0.4583716007558966,0.38538399299546444,0.5273556602310264,0.5864922711058264,0.5115270400942336,0.6642466378587064,0.6340334730184847,0.5777285157243457,0.6884976288934631,12331,8694,32253,5541
caid3,disorder_nox,CAID3 Disorder-NOX,DISOPRED3-diso,DED,calibrated,0.37,161,0.8024811148643494,0.7617837250232696,0.8411103114485741,0.750895255147717,0.7012213702041391,0.7969663166711846,0.751972061445283,0.7070841801404101,0.8003027977944411,0.7514336582965,0.7190824546006073,0.7812742617346287,0.4719321189319954,0.40668678787768703,0.5384169145619283,0.5692229385816084,0.49825960933885644,0.6431912473271441,0.6475583864118897,0.5900365885325246,0.7016562594752624,13420,10156,30791,4452
caid3,disorder_nox,CAID3 Disorder-NOX,DISOPRED3-diso,DED,content,0.6700000166893005,161,0.8024811148643494,0.7617837250232696,0.8411103114485741,0.5966875559534467,0.5404658031807388,0.6479557423240194,0.8268249200185606,0.7857222243967408,0.8670703326814132,0.7117562379860036,0.6770182704868977,0.7438398575343506,0.4242998386641148,0.3498057064796519,0.4945168576359653,0.6006195437904815,0.5167087391187493,0.6853067322647277,0.5986470934965055,0.5379706913156276,0.6536988295132418,10664,7091,33856,7208
caid3,disorder_nox,CAID3 Disorder-NOX,SETH-0,DED,literal,0.5,161,0.8448724746704102,0.8113384827971458,0.8778093039989472,0.7253245299910475,0.6777232705892976,0.7660164177487931,0.8161037438640193,0.7728127579463999,0.8566259525306876,0.7707141369275334,0.7384540036805723,0.7986177975698221,0.5226236223302613,0.4562757899501009,0.5855640484839658,0.6325574586444151,0.5585679700678937,0.7097474689839217,0.6757721881923627,0.623778969615161,0.7217638795815057,12963,7530,33417,4909
caid3,disorder_nox,CAID3 Disorder-NOX,SETH-0,DED,calibrated,0.383,161,0.8448724746704102,0.8113384827971458,0.8778093039989472,0.8567591763652641,0.8159131937289487,0.8911047013639861,0.7519964832588468,0.7073519929101449,0.7959453142978525,0.8043778298120554,0.7744796133661627,0.8321847081356766,0.5650550996583137,0.5042518684254809,0.6218961935632168,0.601248674755566,0.5351450065204951,0.6706139151404823,0.7066152887699301,0.6532014264995938,0.7562678753149207,15312,10155,30792,2560
caid3,disorder_nox,CAID3 Disorder-NOX,SETH-0,DED,content,0.5540000200271606,161,0.8448724746704102,0.8113384827971458,0.8778093039989472,0.640107430617726,0.5902923938598919,0.6837126113647014,0.8430898478521015,0.8031875606210211,0.8817349178601106,0.7415986392349138,0.7103379784134931,0.771236751686628,0.4832506294790178,0.41566850100714137,0.5483635146261172,0.6403582423733557,0.561758657012583,0.7224352596532638,0.6402328119316115,0.5875463751412663,0.6877145686959544,11440,6425,34522,6432
caid3,disorder_nox,CAID3 Disorder-NOX,SETH-1,DED,literal,0.5,161,0.831023097038269,0.7961943969130516,0.8632182165980339,0.7443487018800358,0.6984056146697301,0.784089467743437,0.8056756294722446,0.7673201624244949,0.8437161696015628,0.7750121656761402,0.7453418986245383,0.8021994671279516,0.5265515352970339,0.4609664774151037,0.5848012841748452,0.6257290686735654,0.5550261810893808,0.6988630579088904,0.6799039149545129,0.6295445997443334,0.7271005964711382,13303,7957,32990,4569
caid3,disorder_nox,CAID3 Disorder-NOX,SETH-1,DED,calibrated,0.396,161,0.831023097038269,0.7961943969130516,0.8632182165980339,0.8307408236347359,0.7887891760323149,0.8668467870151181,0.7512638288519305,0.7093725104104615,0.7908527415083098,0.7910023262433332,0.761037758798859,0.8179523487034899,0.5413791021865131,0.48100240106358505,0.5976740183017683,0.5931208053691275,0.5280606695968068,0.6612438822714214,0.692103300391572,0.6405138609931785,0.74127894272195,14847,10185,30762,3025
caid3,disorder_nox,CAID3 Disorder-NOX,SETH-1,DED,content,0.5770000219345093,161,0.831023097038269,0.7961943969130516,0.8632182165980339,0.6363585496866607,0.5871811328572595,0.6830035809031615,0.8424793025130046,0.8071135291840655,0.8769870657060205,0.7394189260998327,0.708331181609515,0.7688700750875067,0.4792089829647206,0.41318478218035315,0.5419835851690848,0.6381080626157213,0.5627954093745211,0.7148396320563314,0.6372321053368819,0.5865621596830539,0.6845348952356948,11373,6450,34497,6499
caid3,disorder_nox,CAID3 Disorder-NOX,VSL2,DED,literal,0.5,161,0.7950119376182556,0.7577434986829757,0.8276086494326591,0.8532900626678603,0.8209326177100484,0.8829619934533576,0.5966493271790363,0.5457548039944178,0.6466769743960913,0.7249696949234483,0.696943072411046,0.7538727917514981,0.41520507684904084,0.36095538205042077,0.4712410193918589,0.48007303406157525,0.4182794011389252,0.544618705281221,0.6144486079213505,0.5601918226551655,0.6661987870378103,15250,16516,24431,2622
caid3,disorder_nox,CAID3 Disorder-NOX,VSL2,DED,calibrated,0.613,161,0.7950119376182556,0.7577434986829757,0.8276086494326591,0.7646598030438675,0.7239279813699318,0.8018627890145421,0.7044716340635455,0.6546916712101262,0.7546448287080673,0.7345657185537064,0.7034338265421712,0.7641868610353404,0.43487191204903186,0.3748950637224151,0.498627936265897,0.5303683005394497,0.4626387512478191,0.6008735914283471,0.6263204931368729,0.57458113780458,0.6764236188317354,13666,12101,28846,4206
caid3,disorder_nox,CAID3 Disorder-NOX,VSL2,DED,content,0.777999997138977,161,0.7950119376182556,0.7577434986829757,0.8276086494326591,0.5910362578334826,0.5333803222867557,0.6441027839170643,0.8218917136786578,0.779763963963822,0.8623933016832296,0.7064639857560702,0.672128710830652,0.7386294043909951,0.41303224556816254,0.3421943375740737,0.481057171478481,0.5915658602150538,0.5154772263477759,0.672764651500517,0.5913009404388714,0.5366836967951094,0.6428866459663873,10563,7293,33654,7309
caid3,disorder_nox,CAID3 Disorder-NOX,SPOT-Disorder,DED,literal,0.5,161,0.8158723711967468,0.7682766377925873,0.8605609387159348,0.7638764547896151,0.6974487708490028,0.8220738721018319,0.7624978630913132,0.7108183141449098,0.8154111606606942,0.7631871589404642,0.7248182510764852,0.7987186614876749,0.4946964738004255,0.41636079086732275,0.5693201117595238,0.5839928134491167,0.5095649965496276,0.6602215118519834,0.6619311983320808,0.6003819772449223,0.7177379349678209,13652,9725,31222,4220
caid3,disorder_nox,CAID3 Disorder-NOX,SPOT-Disorder,DED,calibrated,0.46,161,0.8158723711967468,0.7682766377925873,0.8605609387159348,0.7803267681289168,0.714758801977041,0.8387648796332455,0.7507021271399614,0.6981859152393467,0.8041667309266584,0.7655144476344391,0.7264586145052216,0.8022333162827856,0.49645014535795373,0.4177074514535215,0.5718161689364741,0.577378488035108,0.504830969537124,0.6520804923527161,0.6636843858563747,0.6015730698695777,0.7196344710710573,13946,10208,30739,3926
caid3,disorder_nox,CAID3 Disorder-NOX,SPOT-Disorder,DED,content,0.7480000257492065,161,0.8158723711967468,0.7682766377925873,0.8605609387159348,0.6063115487914056,0.5338953123492444,0.6728729836648848,0.8282658070188292,0.7816117069653641,0.8748595847507309,0.7172886779051174,0.6786132766294101,0.755128587420537,0.4346047690221413,0.3545474655323217,0.5151205463948714,0.6064472800537274,0.5218700728555,0.6948342246270726,0.6063794068270846,0.5388348931453739,0.6680865275597623,10836,7032,33915,7036
caid3,disorder_nox,CAID3 Disorder-NOX,SPOT-Disorder2,DED,literal,0.5,161,0.852577269077301,0.8144108772277832,0.8831559434533119,0.8044427036705462,0.7570088165801524,0.8462737786711299,0.7825970156543824,0.7416421370526263,0.8261142222200627,0.7935198596624643,0.762994728772568,0.8218697745907062,0.5521082503469416,0.4899446975048742,0.613116565894488,0.6175952575282443,0.5492302517149096,0.6884429481467496,0.698743651430099,0.6451913350320805,0.7491205645755106,14377,8902,32045,3495
caid3,disorder_nox,CAID3 Disorder-NOX,SPOT-Disorder2,DED,calibrated,0.442,161,0.852577269077301,0.8144108772277832,0.8831559434533119,0.8266562220232766,0.7831617874103419,0.8664525199568033,0.7669914767870663,0.7236374469938635,0.8122029096475173,0.7968238494051714,0.7673846316572936,0.8249140973539173,0.554439995427143,0.4954553481725375,0.6163771849392018,0.6076084721365412,0.539318253647152,0.6770313749228638,0.7004053381373408,0.6460291854913527,0.7513861979182989,14774,9541,31406,3098
caid3,disorder_nox,CAID3 Disorder-NOX,SPOT-Disorder2,DED,content,0.6899999976158142,161,0.852577269077301,0.8144108772277832,0.8831559434533119,0.6509064458370636,0.5847369687028875,0.7155064084861797,0.8477055706156739,0.8095964172544277,0.8840424239121877,0.7493060082263687,0.713669757939541,0.7838580968334911,0.49863560426928333,0.4235705783741227,0.5702221999198104,0.6510157255582293,0.5709163848998696,0.72928865838903,0.6509610811113288,0.5886825263262807,0.7073562821409239,11633,6236,34711,6239
caid3,disorder_nox,CAID3 Disorder-NOX,SPOT-Disorder-Single,DED,literal,0.5,161,0.8136412501335144,0.7747574850916863,0.8506034344434737,0.5602618621307073,0.49872225593202646,0.6178620350664203,0.8662173052970914,0.827745070455729,0.900810344503041,0.7132395837138994,0.677783487694222,0.7438347774844823,0.4453191746822617,0.37350824866956156,0.5088066121458874,0.6463753146988575,0.5683414832792296,0.7247232653983733,0.6002457812546833,0.5450812738121726,0.650536503695462,10013,5478,35469,7859
caid3,disorder_nox,CAID3 Disorder-NOX,SPOT-Disorder-Single,DED,calibrated,0.203,161,0.8136412501335144,0.7747574850916863,0.8506034344434737,0.7448522829006267,0.689232237857305,0.796387746186782,0.7639875937187095,0.7196668247753857,0.8084041309576708,0.7544199383096681,0.7206852969691323,0.7860720375027179,0.47966648348946267,0.41113322207153014,0.5436472412053494,0.5793871866295265,0.5132661077101374,0.647723130661197,0.6517822169996083,0.5973189740360559,0.7015203133657549,13312,9664,31283,4560
caid3,disorder_nox,CAID3 Disorder-NOX,SPOT-Disorder-Single,DED,content,0.3869999945163727,161,0.8136412501335144,0.7747574850916863,0.8506034344434737,0.6291965085049239,0.5684934805575828,0.684637341231786,0.8384252814614013,0.7977911650779694,0.8749217371797477,0.7338108949831625,0.697874021380042,0.7651418954467333,0.46770294658121936,0.39579678672097973,0.5323217428259328,0.6295840098538715,0.555212994414219,0.7042160155480754,0.6293901995354435,0.5744961869036361,0.6781825905865487,11245,6616,34331,6627
caid3,disorder_nox,CAID3 Disorder-NOX,DisEMBL-dis465,DED,literal,0.5,161,0.7266474962234497,0.6944844633340835,0.7557845905423164,0.4290510295434199,0.39054451299370285,0.46655047783965425,0.8463867926832247,0.8187011117519678,0.8729519728242611,0.6377189111133224,0.6150921269746286,0.6579848570924964,0.2977660130285364,0.24876195345102572,0.34662517891197847,0.5493623728327841,0.48130237852037216,0.6168133628438404,0.4818096135721018,0.4407617500098497,0.518070450831422,7668,6290,34657,10204
caid3,disorder_nox,CAID3 Disorder-NOX,DisEMBL-dis465,DED,calibrated,0.383,161,0.7266474962234497,0.6944844633340835,0.7557845905423164,0.6671888988361683,0.6272175314550181,0.7031200084615049,0.6866925537890444,0.6515374541441854,0.7231509041466575,0.6769407263126064,0.6509442716971983,0.7011238897465024,0.32967114120495555,0.2803622292962275,0.38052444688496256,0.48171938754898397,0.42181821559834337,0.5444598400119341,0.5594838709677419,0.512072875304067,0.6048708475124014,11924,12829,28118,5948
caid3,disorder_nox,CAID3 Disorder-NOX,DisEMBL-dis465,DED,content,0.4519999921321869,161,0.7266474962234497,0.6944844633340835,0.7557845905423164,0.5241718889883616,0.4840854755873029,0.5627991897337894,0.7936356753852541,0.7628958839991146,0.8240731909231201,0.6589037821868079,0.6337217049857157,0.6803371321513378,0.31807911195987415,0.26618174256284416,0.3652612713053485,0.5257604669435403,0.46240758815813093,0.590169897478263,0.524964976183805,0.48311007958669794,0.5634627334422084,9368,8450,32497,8504
caid3,disorder_nox,CAID3 Disorder-NOX,DisEMBL-disHL,DED,literal,0.5,161,0.6771506071090698,0.644592271745205,0.7071083217859269,0.0016226499552372427,0.0009255889185835063,0.0025167865569827117,0.9996825164236697,0.999450794057961,0.9998639338995854,0.5006525831894535,0.5002832020902159,0.5010986328435209,0.022471659564926083,0.010363450819234425,0.033539863507474524,0.6904761904761905,0.4917630986820958,0.8536585365853658,0.00323769119124707,0.0018480454275800957,0.005018418142390437,29,13,40934,17843
caid3,disorder_nox,CAID3 Disorder-NOX,DisEMBL-disHL,DED,calibrated,0.124,161,0.6771506071090698,0.644592271745205,0.7071083217859269,0.3438339301700985,0.2960329465407146,0.3898485362696692,0.8666324761276772,0.8439254192473759,0.8859101111999793,0.6052332031488878,0.5813082218268283,0.6280123036072719,0.2432250638081397,0.19218441740553055,0.2909035385796434,0.5294675168016543,0.46303693389802647,0.5943136085346656,0.4169210936969943,0.3685347938216486,0.4571008192554994,6145,5461,35486,11727
caid3,disorder_nox,CAID3 Disorder-NOX,DisEMBL-disHL,DED,content,0.09799999743700027,161,0.6771506071090698,0.644592271745205,0.7071083217859269,0.4616718889883617,0.4067835070492664,0.5089013460427688,0.7707768578894669,0.7418000048490685,0.7950419010868653,0.6162243734389143,0.589437768873036,0.6420360226893158,0.23332364736885847,0.1816373236222583,0.2808874570126089,0.4678233259624653,0.40634690012271657,0.5303892240161874,0.4647272522459095,0.41791698825490026,0.505792327782213,8251,9386,31561,9621
caid3,disorder_nox,CAID3 Disorder-NOX,IsUnstruct,DED,literal,0.5,161,0.7951327562332153,0.7610932007431984,0.8265852406620979,0.7808303491495077,0.7375551373538694,0.8199844130374931,0.6885486116198989,0.641829240628133,0.7356296126008732,0.7346894803847033,0.7048253483757866,0.7625252672239531,0.4335843938907781,0.37747591841885564,0.49301822071935303,0.5225026209375468,0.45954772193831395,0.5888815038982271,0.626065500224316,0.5759245305880214,0.6736869397988369,13955,12753,28194,3917
caid3,disorder_nox,CAID3 Disorder-NOX,IsUnstruct,DED,calibrated,0.691,161,0.7951327562332153,0.7610932007431984,0.8265852406620979,0.6684198746642793,0.6129909835666048,0.7170737834214815,0.7881896109605099,0.7469190041094969,0.8275929094540666,0.7283047428123945,0.6949182345210722,0.7572554294753701,0.4401260464437905,0.37574802542408314,0.49971266274610093,0.5793685435763131,0.5095183639697645,0.6530509989504631,0.620716531137149,0.5682429887108567,0.6686520289942086,11946,8673,32274,5926
caid3,disorder_nox,CAID3 Disorder-NOX,IsUnstruct,DED,content,0.7670000195503235,161,0.7951327562332153,0.7610932007431984,0.8265852406620979,0.6024507609668756,0.5472844998782884,0.6533445300862674,0.8274598871712213,0.7897558531987662,0.8635550871308458,0.7149553240690485,0.683795629892977,0.7427649119271141,0.4301824914309743,0.364150049055092,0.48877167205844924,0.6038021534320323,0.530969502234957,0.6796132242091203,0.603125700201658,0.5500956577748933,0.6499124910541653,10767,7065,33882,7105
caid3,disorder_nox,CAID3 Disorder-NOX,RONN,DED,literal,0.5,161,0.7755283117294312,0.7417546167969704,0.8063726797699928,0.7583370635631155,0.7179503068337589,0.7954815998876854,0.675409675922534,0.6331985028075859,0.7202746981520712,0.7168733697428247,0.6874047013139514,0.7442745177364554,0.40050224390465416,0.34490005335829416,0.4587645528743471,0.5048800476829086,0.44401303442897194,0.5702194868292225,0.6061812326683962,0.5549638572435217,0.6560761278491423,13553,13291,27656,4319
caid3,disorder_nox,CAID3 Disorder-NOX,RONN,DED,calibrated,0.52,161,0.7755283117294312,0.7417546167969704,0.8063726797699928,0.7247649955237243,0.682261563545608,0.7627283760628661,0.7159987300656947,0.6749997643419569,0.7595678713634081,0.7203818627947095,0.6910530533759403,0.7475456688839047,0.4110049087947086,0.3542764779062831,0.46862462063291077,0.5269302741843626,0.4654319437854325,0.5942183449892211,0.6102134074527725,0.5582765998225377,0.6577208736771956,12953,11629,29318,4919
caid3,disorder_nox,CAID3 Disorder-NOX,RONN,DED,content,0.5899999737739563,161,0.7755283117294312,0.7417546167969704,0.8063726797699928,0.5869516562220233,0.5373736492011048,0.6314047320694991,0.8205485139326446,0.7829701969015516,0.8572464354415299,0.7037500850773339,0.6747369715196211,0.7299278056486768,0.4077191037999609,0.34710889423144775,0.46559242984243393,0.5880704114811077,0.5158927055393746,0.6641974187462727,0.5875105012601513,0.5378825709596571,0.631260478901306,10490,7348,33599,7382
caid3,disorder_nox,CAID3 Disorder-NOX,PreDisorder,DED,literal,0.5,161,0.7866086959838867,0.7415003806352616,0.8280935153365135,0.8108213965980304,0.7570264494071655,0.8550661672428383,0.6478374484089189,0.6053228337052496,0.6884762757168538,0.7293294225034747,0.6952084531054218,0.7590623122433204,0.42195112814207764,0.3616252723235843,0.4809878667530836,0.5012279063332296,0.4411812425055599,0.5622242530698975,0.6194985357929161,0.5691660614589561,0.6692192496494053,14491,14420,26527,3381
caid3,disorder_nox,CAID3 Disorder-NOX,PreDisorder,DED,calibrated,0.537,161,0.7866086959838867,0.7415003806352616,0.8280935153365135,0.7049015219337511,0.6451987442805691,0.7557316169450324,0.7615942559894497,0.7233466593791316,0.7982983702133568,0.7332478889616004,0.7009011490490928,0.7629765241178902,0.4419845248085235,0.38056807057496317,0.504495632682723,0.5634168157423971,0.49971516032931385,0.6314546869861959,0.6262676476436667,0.5769251910762917,0.6736559419652848,12598,9762,31185,5274
caid3,disorder_nox,CAID3 Disorder-NOX,PreDisorder,DED,content,0.6110000014305115,161,0.7866086959838867,0.7415003806352616,0.8280935153365135,0.6028424350940018,0.5439883475740585,0.655648920415906,0.8277529489339879,0.7921079512729312,0.860455912469247,0.7152976920139948,0.6835254338889013,0.7446921856828785,0.43090179749569235,0.3707568013172735,0.4896462939150359,0.6043641667134122,0.5334031386165713,0.6757970975254588,0.6036023418022914,0.5532569150741191,0.6490237378598815,10774,7053,33894,7098
caid3,disorder_nox,CAID3 Disorder-NOX,OPAL,DED,literal,0.5,161,0.6719998121261597,0.6317918628454209,0.7085370078682899,0.8549127126230975,0.818881844835212,0.8878486306439518,0.36798788678047234,0.3176510410719044,0.4115479180381245,0.611450299701785,0.5864816674365756,0.6352556152444206,0.22365266720784024,0.17468132191371882,0.26569371336330294,0.3712279508236552,0.3220321382874296,0.41975756375110634,0.5176689818736235,0.4680492484779373,0.5656489440683635,15279,25879,15068,2593
caid3,disorder_nox,CAID3 Disorder-NOX,OPAL,DED,calibrated,0.528,161,0.6719998121261597,0.6317918628454209,0.7085370078682899,0.6673008057296329,0.6200089407950115,0.7167223239329233,0.5879307397367328,0.5422205516766331,0.6245185957675179,0.6276157727331828,0.5967897741607527,0.6545105645908965,0.23482153597777397,0.18085094355974263,0.2826487824713781,0.4141116010972603,0.3568986560425577,0.46477078213712353,0.5110668295086884,0.4612747632656134,0.5533473799204418,11926,16873,24074,5946
caid3,disorder_nox,CAID3 Disorder-NOX,OPAL,DED,content,0.5590000152587891,161,0.6719998121261597,0.6317918628454209,0.7085370078682899,0.4500335720680394,0.3977778879631653,0.5081638524189424,0.7652331062104671,0.7247552902473018,0.7978878628492899,0.6076333391392532,0.5774920374327052,0.6371192243431438,0.21601045013131145,0.1566282786421227,0.2732211523721301,0.45553919347530586,0.39501322114920373,0.5168526457545772,0.45276964647601897,0.4051997314163281,0.4978177750970769,8043,9613,31334,9829
caid3,disorder_nox,CAID3 Disorder-NOX,pyHCA,DED,literal,0.5,161,0.8028081655502319,0.7612867146730423,0.8389490291476249,0.39710161145926587,0.3257459991638333,0.47055698420771924,0.9219234620362908,0.8887279396768364,0.9487664244294756,0.6595125367477783,0.6216010529502868,0.6938876241728292,0.3861424835753505,0.30582337150116234,0.4543602013892813,0.6894307363512726,0.596426442156348,0.7765116923485326,0.5039409216786197,0.42861949698994817,0.5721502556688987,7097,3197,37750,10775
caid3,disorder_nox,CAID3 Disorder-NOX,pyHCA,DED,calibrated,0.272,161,0.8028081655502319,0.7612867146730423,0.8389490291476249,0.6756938227394808,0.6113152579598738,0.7338883416113096,0.7839402154003956,0.7329108010362758,0.8261445634053086,0.7298170190699382,0.6922478822546512,0.7601582321780918,0.4415716080513744,0.371671668064242,0.5045309773958279,0.5771638866319362,0.5086010540932155,0.644968902286189,0.6225544528934142,0.5673513492230252,0.6740602252802124,12076,8847,32100,5796
caid3,disorder_nox,CAID3 Disorder-NOX,pyHCA,DED,content,0.32199999690055847,161,0.8028081655502319,0.7612867146730423,0.8389490291476249,0.6078782452999105,0.5313957688495038,0.6759114391498959,0.8293159450020758,0.7831548116070518,0.8693188453009729,0.7185970951509932,0.678546329752891,0.7510877854063295,0.437325318851945,0.36106497516386377,0.5056097190148673,0.6085251778412591,0.5337369629591808,0.6788960761487824,0.6082015395381385,0.546703857643424,0.6608771121812934,10864,6989,33958,7008
caid3,disorder_nox,CAID3 Disorder-NOX,DeepIDP-2L,DED,literal,0.5,161,0.8193759918212891,0.7716489195823669,0.8577507749199867,0.7444606087735004,0.6746341281074215,0.8082503413387374,0.7706547488216475,0.7208945578647422,0.8148127406844233,0.757557678797574,0.7173129434113032,0.791641964523922,0.48667109548428894,0.4139571746317794,0.5544703011486639,0.5862266478674656,0.5177911005751642,0.6511841559452859,0.6559357128771445,0.6008524855319022,0.7076489322613966,13305,9391,31556,4567
caid3,disorder_nox,CAID3 Disorder-NOX,DeepIDP-2L,DED,calibrated,0.55,161,0.8193759918212891,0.7716489195823669,0.8577507749199867,0.7131826320501343,0.6417892942007516,0.7823622269873489,0.8004737831831392,0.7567883478163095,0.8415255194930142,0.7568282076166368,0.716412502603859,0.7918375960742583,0.49350803655064385,0.4163218489898008,0.5614012077072279,0.6093899407152419,0.5398537866693709,0.6760824549002034,0.65721357120759,0.5998431172287418,0.7102562291456674,12746,8170,32777,5126
caid3,disorder_nox,CAID3 Disorder-NOX,DeepIDP-2L,DED,content,0.6200000047683716,161,0.8193759918212891,0.7716489195823669,0.8577507749199867,0.6321060877350044,0.5504255965463036,0.7103269355959638,0.8397440593938506,0.8003866465522642,0.8763498859494208,0.7359250735644275,0.6936311493242259,0.7773277124113995,0.4719469397248604,0.39001614785992783,0.5497989909434766,0.6325662131138362,0.558372629008035,0.7069272390175967,0.6323360667207747,0.5677623846398686,0.6889351922923306,11297,6562,34385,6575
caid3,disorder_nox,CAID3 Disorder-NOX,PredIDR-long,DED,literal,0.5,161,0.8169599771499634,0.7783163905143737,0.849405138194561,0.8454006266786034,0.7876323247291612,0.8877515611289117,0.6708183749725255,0.6275391560544522,0.7154270378554588,0.7581095008255645,0.7204822663088087,0.7911301756016196,0.475021717250601,0.40834298322407453,0.5434418445108846,0.5285084650902476,0.46267727365467265,0.5965816922149104,0.6504089539388721,0.5943358983406108,0.7054994296157179,15109,13479,27468,2763
caid3,disorder_nox,CAID3 Disorder-NOX,PredIDR-long,DED,calibrated,0.429,161,0.8169599771499634,0.7783163905143737,0.849405138194561,0.8983885407341092,0.8614873438350037,0.9285424393371402,0.622536449556744,0.5795962566053745,0.6672783563166458,0.7604624951454266,0.7310617994242129,0.7902679857657486,0.48039428852109317,0.42439677187196023,0.5420879704875201,0.5095201827875095,0.44655840058602053,0.5740619090512874,0.6502510934715697,0.5948454433122942,0.7040578172233741,16056,15456,25491,1816
caid3,disorder_nox,CAID3 Disorder-NOX,PredIDR-long,DED,content,0.777999997138977,161,0.8169599771499634,0.7783163905143737,0.849405138194561,0.6012757385854969,0.5340022005079066,0.6636150191425567,0.8259945783573888,0.7847052176343727,0.8657539258427834,0.7136351584714429,0.6743615257003901,0.7480433472942527,0.42727705365958574,0.3471398455884646,0.4984202692474511,0.6013093839180795,0.5261638090379346,0.6842201032083007,0.601292560781132,0.5427008080795983,0.6547109941712685,10746,7125,33822,7126
caid3,disorder_nox,CAID3 Disorder-NOX,PredIDR-short,DED,literal,0.5,161,0.8096237182617188,0.772158320248127,0.8416942805051804,0.8417636526410027,0.7850314253295754,0.8845633833643636,0.6555058978679756,0.6136185687412554,0.6990617099862353,0.7486347752544892,0.71256863090837,0.7801615061869847,0.45742379746850664,0.3921305092460137,0.5211080737466632,0.5160891938250429,0.4526041213269868,0.5832109705659214,0.6398706988218282,0.5869537461301302,0.6939780267745431,15044,14106,26841,2828
caid3,disorder_nox,CAID3 Disorder-NOX,PredIDR-short,DED,calibrated,0.432,161,0.8096237182617188,0.772158320248127,0.8416942805051804,0.8878692927484333,0.8509975553719469,0.9178222714082808,0.6138178621144407,0.5720427486307107,0.6579869426025012,0.750843577431437,0.7214993443266434,0.7792607997257437,0.4628521057159862,0.4079618496072509,0.5193368335921192,0.5008680281556769,0.4403543796601585,0.564424218735947,0.6404455835166387,0.5874046764461365,0.6930422607062195,15868,15813,25134,2004
caid3,disorder_nox,CAID3 Disorder-NOX,PredIDR-short,DED,content,0.8080000281333923,161,0.8096237182617188,0.772158320248127,0.8416942805051804,0.5914279319606087,0.5260336164776349,0.6529871189344454,0.82184287005153,0.7819630612981653,0.8599895079484263,0.7066354010060694,0.6691349577124902,0.7408518486851555,0.4133164322657405,0.3365787829789471,0.4819082970189683,0.591659669745312,0.5194650096620875,0.6709966199473087,0.5915437781570921,0.533035575666191,0.6453178904747648,10570,7295,33652,7302
caid3,disorder_nox,CAID3 Disorder-NOX,PredIDR2-Prof-Art,DED,literal,0.5,161,0.819422721862793,0.7738267853856087,0.8571231096982955,0.8899395702775291,0.8439869953580208,0.9259864954232391,0.611595477080128,0.557834232054067,0.6685510180217349,0.7507675236788285,0.7157412446161546,0.7853013222832669,0.46287274465300926,0.39705115522771395,0.528864500385541,0.5000157188217171,0.43862944427052075,0.5674274557011096,0.6402850184175036,0.5826999348724079,0.6984971626009744,15905,15904,25043,1967
caid3,disorder_nox,CAID3 Disorder-NOX,PredIDR2-Prof-Art,DED,calibrated,0.814,161,0.819422721862793,0.7738267853856087,0.8571231096982955,0.7424462846911369,0.674679232141771,0.7980316656598585,0.7738540063985152,0.7282426778613313,0.8178554725195541,0.7581501455448261,0.720684369724397,0.7930516918096788,0.48846736168276245,0.4153459785053121,0.5621843347322915,0.5889742110169115,0.5174668968849813,0.6681693410897315,0.6568649290859137,0.598052791921599,0.7140720828023458,13269,9260,31687,4603
caid3,disorder_nox,CAID3 Disorder-NOX,PredIDR2-Prof-Art,DED,content,0.902999997138977,161,0.819422721862793,0.7738267853856087,0.8571231096982955,0.6192367949865711,0.5550993186913965,0.6782889522864326,0.8344201040369258,0.7913423499124219,0.8748264663287928,0.7268284495117485,0.6916248152591828,0.7610987484120284,0.45383600554626774,0.37789355312701484,0.5278020903860023,0.6201042191965036,0.540859675221383,0.7045102177502967,0.6196702035331336,0.5606761703863966,0.6742594726841978,11067,6780,34167,6805
caid3,disorder_nox,CAID3 Disorder-NOX,PredIDR2-Seq-Art,DED,literal,0.5,161,0.8199196457862854,0.7821234121918679,0.8594113558530807,0.8932967770814683,0.8557709699909519,0.9225142018702981,0.6069797543165556,0.556275982711278,0.6601443422135622,0.7501382656990119,0.7187884754629345,0.7783223052790397,0.4620493577274722,0.40064608771636534,0.5189131465507757,0.49800361844157465,0.43608882042704616,0.5611152272991305,0.639495293410775,0.5837690053791449,0.692329143640282,15965,16093,24854,1907
caid3,disorder_nox,CAID3 Disorder-NOX,PredIDR2-Seq-Art,DED,calibrated,0.742,161,0.8199196457862854,0.7821234121918679,0.8594113558530807,0.7791517457475381,0.7320310115383398,0.8200120255818418,0.7497496764109702,0.706643940102193,0.7919696010329318,0.7644507110792542,0.7332470661557762,0.792309368180859,0.49440544614650833,0.4335072148639999,0.5532227827932483,0.5760797617077611,0.50792918418425,0.6479996436827231,0.6624012938825992,0.6110396910759196,0.7100135193353397,13925,10247,30700,3947
caid3,disorder_nox,CAID3 Disorder-NOX,PredIDR2-Seq-Art,DED,content,0.9010000228881836,161,0.8199196457862854,0.7821234121918679,0.8594113558530807,0.6176141450313339,0.5609788771413188,0.6687049907259831,0.833785136884265,0.7942295527754869,0.872833589333852,0.7256996409577995,0.6917085561310244,0.7584214498859236,0.45159892307041954,0.3821683309792459,0.5203923044019447,0.618583277292087,0.5409032854499597,0.7005081595219618,0.6180983312800986,0.5642567432515321,0.6700076426294975,11038,6806,34141,6834
caid3,disorder_nox,CAID3 Disorder-NOX,AUCpred-profile,DED,literal,0.5,161,0.8050076961517334,0.7645757049322128,0.8413698017597199,0.7033348254252462,0.6440818346123127,0.7601686322000103,0.7696778762790925,0.727499926125729,0.8116944840789724,0.7365063508521693,0.6994046539042109,0.770972719513054,0.4495925621202885,0.3799264622402217,0.5170171498901999,0.571337666469706,0.505749040521558,0.6402548486720605,0.6305018433526446,0.5785358164219558,0.6796274681617157,12570,9431,31516,5302
caid3,disorder_nox,CAID3 Disorder-NOX,AUCpred-profile,DED,calibrated,0.054,161,0.8050076961517334,0.7645757049322128,0.8413698017597199,0.8143464637421666,0.7663861291274886,0.8580985010971828,0.6864727574669695,0.6457280062054869,0.7313621721147979,0.750409610604568,0.7177641594054671,0.780517359867577,0.4617589016607463,0.4025184226169239,0.5206935966148983,0.5313230140186916,0.4742800066428464,0.5936319425675187,0.6430717568045246,0.5962633964300571,0.6900486377224535,14554,12838,28109,3318
caid3,disorder_nox,CAID3 Disorder-NOX,AUCpred-profile,DED,content,0.9829999804496765,161,0.8050076961517334,0.7645757049322128,0.8413698017597199,0.5979185317815577,0.531227005176308,0.6632307237425896,0.8248711749334505,0.7843833257565777,0.8630682602496216,0.7113948533575041,0.6725425402750713,0.7497146903650957,0.42288979161249807,0.3463476042600653,0.5001522817779869,0.5984207873662989,0.525175578933104,0.6777711050878,0.5981695541436928,0.5392433306331588,0.6522859544554105,10686,7171,33776,7186
caid3,disorder_nox,CAID3 Disorder-NOX,AUCpred-no-profile,DED,literal,0.5,161,0.7965819239616394,0.7585945665836334,0.8331430226564407,0.5990376007162042,0.5380148626060283,0.6565817812606625,0.8311475810193665,0.7942810563451974,0.8659580026987768,0.7150925908677853,0.6807909084469714,0.7466030072448043,0.4319234458039551,0.3615536794059596,0.49766791640859076,0.6076049943246311,0.5375184147670256,0.6826935004684797,0.6032908824523836,0.552530641189971,0.6496272242937401,10706,6914,34033,7166
caid3,disorder_nox,CAID3 Disorder-NOX,AUCpred-no-profile,DED,calibrated,0.091,161,0.7965819239616394,0.7585945665836334,0.8331430226564407,0.7181065353625783,0.6673539080312483,0.7695042792377338,0.7559283952426307,0.7158022770145244,0.7956815282758006,0.7370174653026045,0.7047090751718054,0.7675031725231685,0.4473805287617119,0.3865655186471028,0.5058454163721874,0.5622043104958823,0.501477391054632,0.6284583659394638,0.6306633906633906,0.5824106813628145,0.6745487634500582,12834,9994,30953,5038
caid3,disorder_nox,CAID3 Disorder-NOX,AUCpred-no-profile,DED,content,0.46000000834465027,161,0.7965819239616394,0.7585945665836334,0.8331430226564407,0.6054722470904208,0.544530849488705,0.6623345645622923,0.8278506361882434,0.7910046647771287,0.8630053441074037,0.7166614416393321,0.6817314348803539,0.7483783145557309,0.4333365484875102,0.3638246727696225,0.49738941084451466,0.6055400111919418,0.5361508094604579,0.6799088635274075,0.6055061272452577,0.55477203950907,0.651062501686269,10821,7049,33898,7051
caid3,disorder_nox,CAID3 Disorder-NOX,DisoPred,DED,literal,0.5,161,0.8612302541732788,0.8287568718194962,0.8895972236990929,0.7508393017009848,0.6980787929930788,0.7965308134617605,0.822844164407649,0.7829917048748007,0.8615941774914032,0.7868417330543169,0.7589827824503808,0.8130338692435956,0.5526417626031247,0.4944664680147209,0.6122712629063286,0.6491075315629081,0.5819076820249848,0.7199945833101189,0.696277078739136,0.6471359887388961,0.7443080989585584,13419,7254,33693,4453
caid3,disorder_nox,CAID3 Disorder-NOX,DisoPred,DED,calibrated,0.44,161,0.8612302541732788,0.8287568718194962,0.8895972236990929,0.8095904207699194,0.7630731753585951,0.8501398919389004,0.7845507607394925,0.741532368391271,0.8300892055313966,0.797070590754706,0.7696571407513841,0.8240800916011526,0.5587375123638861,0.5021674524942198,0.6178611065981066,0.6212270834227813,0.5553829528371038,0.6920171363796962,0.703009984694993,0.6527795403722086,0.7507246097688928,14469,8822,32125,3403
caid3,disorder_nox,CAID3 Disorder-NOX,DisoPred,DED,content,0.5550000071525574,161,0.8612302541732788,0.8287568718194962,0.8895972236990929,0.6713854073410922,0.612721938636386,0.7221632221484972,0.8569370161428188,0.8199523423248722,0.8923396733265917,0.7641612117419555,0.7335789357762109,0.7924966439073164,0.5284474906148182,0.46730786138819136,0.5873835180587503,0.6719493755950048,0.6001067182406284,0.7462971591632682,0.6716672730834896,0.6181396587257312,0.7213360681760821,11999,5858,35089,5873
caid3,disorder_nox,CAID3 Disorder-NOX,DisPredict2,DED,literal,0.5,161,0.6484816074371338,0.6044537231326104,0.691697433590889,0.487186660698299,0.4225076165693557,0.5624339155629992,0.7068893936063692,0.6502717576636322,0.7583477095334346,0.5970380271523341,0.566712906671714,0.6292760839985446,0.18688331871813663,0.12697497904396932,0.2495030611633467,0.42044521705538657,0.3531644882454696,0.4908937192433199,0.4513620694124051,0.3905948293226931,0.5084074906094082,8707,12002,28945,9165
caid3,disorder_nox,CAID3 Disorder-NOX,DisPredict2,DED,calibrated,0.38,161,0.6484816074371338,0.6044537231326104,0.691697433590889,0.6976275738585497,0.6365581421319813,0.7568511248912717,0.5271936894033751,0.4602905753512868,0.5922913916597324,0.6124106316309623,0.5799398282475127,0.6476040865265784,0.20750131035938857,0.14741339630268746,0.2745158957990192,0.39173055171547067,0.33079992618482296,0.45583534894514754,0.5017303822937625,0.4414514412076104,0.5591039800070627,12468,19360,21587,5404
caid3,disorder_nox,CAID3 Disorder-NOX,DisPredict2,DED,content,0.5899999737739563,161,0.6484816074371338,0.6044537231326104,0.691697433590889,0.4281557743957028,0.36138538154326183,0.5033103796316839,0.750799814394217,0.6979640723064271,0.798418544388633,0.5894777943949598,0.5589322372196576,0.6222043323154661,0.17900077929862424,0.11757581433857524,0.2435982853817188,0.4285394265232975,0.3573638881830315,0.5007449498025118,0.4283475145544111,0.36850911986799395,0.48561348586620534,7652,10204,30743,10220
caid3,disorder_nox,CAID3 Disorder-NOX,DisPredict3,DED,literal,0.5,161,0.8509485125541687,0.8181188568472862,0.8766491293907166,0.4665957923008057,0.39689693774063844,0.5389910783021199,0.916208757662344,0.8822584913432321,0.94200001790344,0.6914022749815749,0.6569833150226452,0.7267043942019377,0.44005938068222344,0.37033376557248954,0.5071264626660913,0.7084961767204758,0.6286557452056183,0.7796905048017267,0.5626475946292423,0.5004108188742692,0.6210803393737049,8339,3431,37516,9533
caid3,disorder_nox,CAID3 Disorder-NOX,DisPredict3,DED,calibrated,0.083,161,0.8509485125541687,0.8181188568472862,0.8766491293907166,0.7918531781557744,0.7461793485232004,0.8384827255165925,0.7744401299240482,0.7261891711861475,0.8164509276756641,0.7831466540399112,0.7559360127245219,0.8096693409242721,0.5321705093762944,0.4754235838437619,0.5879486762298344,0.6050966307508124,0.544869293392251,0.6657524437403219,0.6859912748424625,0.6374403245835089,0.7304287323747587,14152,9236,31711,3720
caid3,disorder_nox,CAID3 Disorder-NOX,DisPredict3,DED,content,0.20800000429153442,161,0.8509485125541687,0.8181188568472862,0.8766491293907166,0.6494516562220233,0.5900557372274519,0.7100523778762207,0.8472171343443964,0.8036505731455478,0.882414121412231,0.7483343952832098,0.7178324042768194,0.7804610984663409,0.4967393065696035,0.4348062013768561,0.5618391006817066,0.6497788725298103,0.58426759096992,0.714020232605572,0.6496152231705611,0.5989510370089006,0.7008563304055049,11607,6256,34691,6265
caid3,disorder_nox,CAID3 Disorder-NOX,IDP-Fusion,DED,literal,0.5,161,0.8307411670684814,0.7838077619671822,0.8689283847808837,0.8258169203222918,0.7628606184807109,0.8832078762065125,0.7200771729308618,0.6682750457762572,0.7669568338911791,0.7729470466265769,0.7339687012128392,0.8078035571101309,0.505109939139778,0.4353381317431619,0.5743119146682841,0.5628694557797186,0.5004341303668022,0.6258563392024764,0.6694486653210261,0.6175578381945421,0.7185964335241066,14759,11462,29485,3113
caid3,disorder_nox,CAID3 Disorder-NOX,IDP-Fusion,DED,calibrated,0.593,161,0.8307411670684814,0.7838077619671822,0.8689283847808837,0.7637645478961504,0.6961298677576527,0.8261997785427417,0.7825970156543824,0.7392155293270296,0.8238027108507672,0.7731807817752665,0.7360316142277666,0.80800692213485,0.5168082213226932,0.4468496547151434,0.5868325035131515,0.6052678254700248,0.5372214545314391,0.6740082121763707,0.6753413813576093,0.6205141084954336,0.7240760699195088,13650,8902,32045,4222
caid3,disorder_nox,CAID3 Disorder-NOX,IDP-Fusion,DED,content,0.6890000104904175,161,0.8307411670684814,0.7838077619671822,0.8689283847808837,0.6309870188003581,0.5654448380027212,0.701657589230714,0.8404278701736391,0.801351172414091,0.8755553577836903,0.7357074444869987,0.700127480309993,0.7705494761887403,0.47187011268929113,0.4008065953987995,0.5435108849517841,0.6331480545730167,0.5560985490762204,0.7068082750052685,0.6320656895440406,0.5750631985737912,0.6883157889050657,11277,6534,34413,6595
caid3,disorder_nox,CAID3 Disorder-NOX,rawMSA-disorder,DED,literal,0.5,161,0.8476349711418152,0.8137453988194465,0.8764268815517425,0.41316025067144135,0.3237605614034973,0.5021512854020831,0.9149388233570225,0.8804997383416743,0.9462131455566182,0.6640495370142319,0.62415470024452,0.7045823161097844,0.38881627074963676,0.30514944586387444,0.4645328869521017,0.6794883592527836,0.5975782791382855,0.7645501406480751,0.5138661748843035,0.4345599413543461,0.5878224814052512,7384,3483,37464,10488
caid3,disorder_nox,CAID3 Disorder-NOX,rawMSA-disorder,DED,calibrated,0.369,161,0.8476349711418152,0.8137453988194465,0.8764268815517425,0.8132833482542524,0.735811629050218,0.8740892353096801,0.7496031455295871,0.6985313638836995,0.7898306960086837,0.7814432468919197,0.7402605706660979,0.8147148524448837,0.5242764510916169,0.4497064022213052,0.5858313619046672,0.5863724382765855,0.5241286339189624,0.6478225591543778,0.6814345991561181,0.62644287112717,0.7294514634464999,14535,10253,30694,3337
caid3,disorder_nox,CAID3 Disorder-NOX,rawMSA-disorder,DED,content,0.42100000381469727,161,0.8476349711418152,0.8137453988194465,0.8764268815517425,0.6330013428827216,0.5410482849709389,0.7142618841933125,0.8399638557159255,0.7948400234091161,0.8794989457364768,0.7364825992993236,0.6875367765484675,0.7758900556464245,0.4730099566800531,0.3793083352062972,0.5457094969792123,0.6332139258927572,0.5583983248921287,0.7084064331807699,0.6331076165426157,0.5595440775869206,0.691991959829061,11313,6553,34394,6559
caid3,disorder_nox,CAID3 Disorder-NOX,Metapredict-v1,DED,literal,0.5,161,0.8044313192367554,0.7712140768766403,0.837834669649601,0.5511414503133393,0.49473439052212786,0.6047514197704442,0.868048941314382,0.8331637259564435,0.8984678155170592,0.7095951958138607,0.6775653598793355,0.7371155034948002,0.43990354616547184,0.37261153824304244,0.4981959768608364,0.6457746017176949,0.5663895824918298,0.7199780612878738,0.5947169811320755,0.542007498842887,0.6418614035345315,9850,5403,35544,8022
caid3,disorder_nox,CAID3 Disorder-NOX,Metapredict-v1,DED,calibrated,0.361,161,0.8044313192367554,0.7712140768766403,0.837834669649601,0.7018800358102059,0.6477755546542414,0.7508442195151306,0.7880919237062545,0.7448853655884607,0.826421995662746,0.7449859797582301,0.7126238463038265,0.7735260952879368,0.46924921447529777,0.4039938073149361,0.5284706976083654,0.5911125771641299,0.5210037933011369,0.658400151766843,0.6417517202568235,0.5903971434078179,0.6886535124850681,12544,8677,32270,5328
caid3,disorder_nox,CAID3 Disorder-NOX,Metapredict-v1,DED,content,0.4359999895095825,161,0.8044313192367554,0.7712140768766403,0.837834669649601,0.624832139659803,0.5710558117666109,0.6771889923374826,0.83671575451193,0.798420907200768,0.8711070208906139,0.7307739470858665,0.6989591949729176,0.7589411611084688,0.4616863271780304,0.3971748873035041,0.5196517035709864,0.6254971153307567,0.552962449716395,0.6946192004963969,0.6251644506648005,0.5738062364880414,0.6708554543201544,11167,6686,34261,6705
caid3,disorder_nox,CAID3 Disorder-NOX,Metapredict-v2,DED,literal,0.5,161,0.8228357434272766,0.7818572252988816,0.8613419815897941,0.7915174574753805,0.744855935409005,0.8326547139162935,0.7776638093144796,0.7341388486742232,0.82164118013395,0.7845906333949301,0.7542410970315784,0.8134213441288263,0.5354277965693706,0.4718154437244525,0.5988180054255705,0.6084301075268818,0.5375447818878079,0.6788967172934748,0.6880015563445357,0.6342972533378022,0.7387743406999798,14146,9104,31843,3726
caid3,disorder_nox,CAID3 Disorder-NOX,Metapredict-v2,DED,calibrated,0.431,161,0.8228357434272766,0.7818572252988816,0.8613419815897941,0.8205013428827216,0.7753953095605888,0.8589535728755873,0.7571006422936968,0.7098922868651081,0.8015283652329945,0.7888009925882091,0.7588491866334052,0.8171090114914973,0.5385180976614363,0.47544803751077297,0.6012132034755721,0.5958553433563593,0.527076408558521,0.6644459505464055,0.6903629772609576,0.6378491592609549,0.7402557775104713,14664,9946,31001,3208
caid3,disorder_nox,CAID3 Disorder-NOX,Metapredict-v2,DED,content,0.765999972820282,161,0.8228357434272766,0.7818572252988816,0.8613419815897941,0.6347918531781558,0.5810103692466252,0.6814375027587283,0.8413803209026303,0.8017096011077892,0.8817833316357556,0.738086087040393,0.7050357987366931,0.7678677470796272,0.47641292146686426,0.4054526864710182,0.5459482898721636,0.6359304932735426,0.553720301079861,0.718127305148195,0.6353606630824372,0.5782693971485033,0.6860231759116756,11345,6495,34452,6527
caid3,disorder_nox,CAID3 Disorder-NOX,Metapredict-v3,DED,literal,0.5,161,0.8486319780349731,0.8133883163332939,0.8825323283672333,0.8349373321396598,0.7931095752041094,0.8758492281817314,0.7831342955527878,0.738770212626465,0.8287796810622854,0.8090358138462238,0.7766033296847424,0.8361706217414558,0.5791489010091606,0.5132059969519135,0.6412711568633931,0.6269221073859339,0.5578927811031071,0.695883727999173,0.7161299611268416,0.6619229156987523,0.7646486293776682,14922,8880,32067,2950
caid3,disorder_nox,CAID3 Disorder-NOX,Metapredict-v3,DED,calibrated,0.536,161,0.8486319780349731,0.8133883163332939,0.8825323283672333,0.8224597135183527,0.7797820803093617,0.8651018004951164,0.7941729552836594,0.7512340532454019,0.840322960510691,0.808316334401006,0.7758674452175307,0.8360928087330783,0.5806027110973885,0.5144070603768663,0.6445997854241768,0.6355774635707182,0.5654345294151938,0.7071428809598082,0.7170418790702212,0.6624663405206878,0.7667031555105475,14699,8428,32519,3173
caid3,disorder_nox,CAID3 Disorder-NOX,Metapredict-v3,DED,content,0.7919999957084656,161,0.8486319780349731,0.8133883163332939,0.8825323283672333,0.6653424350940018,0.6099712486870322,0.7135007291457424,0.8541285075829731,0.8158785449039028,0.8931526846958717,0.7597354713384874,0.727544962512206,0.7912351003843313,0.5195364968677145,0.4501199637585048,0.5899725964141693,0.6656403940886699,0.5861828588416478,0.7494058774754226,0.665491381240206,0.6077505809578614,0.7185542967335101,11891,5973,34974,5981
caid3,disorder_nox,CAID3 Disorder-NOX,DisoMine,DED,literal,0.5,161,0.7853659987449646,0.746143390238285,0.8231572464108468,0.39005147717099375,0.3222281888687724,0.4637180847342531,0.8869514250128214,0.8453263625556587,0.9187011275056269,0.6385014510919076,0.6030660952420759,0.6747252266555976,0.32018026081097545,0.2413429850168558,0.39695886710923944,0.600948275862069,0.507792694122461,0.6894635067076387,0.47305917480998916,0.4061729914190188,0.5350477098668506,6971,4629,36318,10901
caid3,disorder_nox,CAID3 Disorder-NOX,DisoMine,DED,calibrated,0.3,161,0.7853659987449646,0.746143390238285,0.8231572464108468,0.7189458370635631,0.6663552447554598,0.7722357074622952,0.738833125747918,0.6756984653157341,0.7867338579128792,0.7288894814057405,0.6936425563188152,0.762436507826653,0.4297173458905947,0.3578086119295295,0.49374237880751626,0.5457673193730621,0.47550196588094057,0.6162251341245959,0.6204998189061934,0.5639451230317705,0.671946693307271,12849,10694,30253,5023
caid3,disorder_nox,CAID3 Disorder-NOX,DisoMine,DED,content,0.38600000739097595,161,0.7853659987449646,0.746143390238285,0.8231572464108468,0.5826432408236347,0.523401041208896,0.6447143175725372,0.8186191906610985,0.7648507516560926,0.8599334011225138,0.7006312157423666,0.6662624335252983,0.734039916823174,0.40146530533324787,0.3297634122058568,0.473220600362092,0.5836883408071749,0.5017551062565735,0.662357483257717,0.5831653225806451,0.5249002611317409,0.635558643966416,10413,7427,33520,7459
caid3,disorder_nox,CAID3 Disorder-NOX,PUNCH2,DED,literal,0.5,161,0.8531495332717896,0.8134981617331505,0.8881949812173844,0.8495971351835273,0.8027362767917758,0.8909655623515559,0.7666984150242997,0.7197664016415594,0.8149590171927189,0.8081477751039134,0.7767583591577705,0.8377744926546995,0.5741833616056308,0.5091522435623382,0.639236269012774,0.6138173586126046,0.5467405086867334,0.6854335346669471,0.7127132765378207,0.6582137111073979,0.7656184920476331,15184,9553,31394,2688
caid3,disorder_nox,CAID3 Disorder-NOX,PUNCH2,DED,calibrated,0.476,161,0.8531495332717896,0.8134981617331505,0.8881949812173844,0.8560877350044763,0.8099793225035388,0.8964766287002727,0.7619117395657802,0.714259268152018,0.8103024046677545,0.8089997372851283,0.7776270296251298,0.8390942829402498,0.5748109083653938,0.5081381153143986,0.6393978604055631,0.6108028264601382,0.5430764115599603,0.6816153249472561,0.7129377227930384,0.6579727557110545,0.7652326645776755,15300,9749,31198,2572
caid3,disorder_nox,CAID3 Disorder-NOX,PUNCH2,DED,content,0.7900000214576721,161,0.8531495332717896,0.8134981617331505,0.8881949812173844,0.652920769919427,0.5900302055697505,0.7112494801819362,0.8497814247686033,0.810308606673905,0.8876814229986765,0.7513510973440152,0.7152832186574405,0.7847254309919536,0.503115759765869,0.4279894608086304,0.576895860419203,0.6548260381593715,0.5700000146904073,0.7405365371161633,0.6538720161380702,0.5920197951932256,0.7113732064535236,11669,6151,34796,6203
caid3,disorder_nox,CAID3 Disorder-NOX,PUNCH2-Light,DED,literal,0.5,161,0.8503602743148804,0.8124557822942734,0.8852273181080818,0.8420434198746642,0.7952322972166241,0.8840445393542569,0.7672845385498327,0.7205941290168649,0.8153093334235819,0.8046639792122485,0.7729909383522942,0.8341608658704545,0.5682013197577772,0.5041166314625947,0.633872841898672,0.6122955488648385,0.5436565363075899,0.6843018987832155,0.7090223792697291,0.6528171051456788,0.7623437360436006,15049,9529,31418,2823
caid3,disorder_nox,CAID3 Disorder-NOX,PUNCH2-Light,DED,calibrated,0.509,161,0.8503602743148804,0.8124557822942734,0.8852273181080818,0.8401410026857654,0.7927265929520001,0.8822380862431035,0.7690917527535595,0.7227841866539358,0.8171781278930159,0.8046163777196624,0.7728041290875884,0.8341368669773633,0.5684690616321634,0.5043503426985981,0.6342129540777328,0.6136085002043319,0.5447897495985786,0.6855191124346806,0.7092248830947995,0.6528105529730321,0.7622298391296582,15015,9455,31492,2857
caid3,disorder_nox,CAID3 Disorder-NOX,PUNCH2-Light,DED,content,0.7649999856948853,161,0.8503602743148804,0.8124557822942734,0.8852273181080818,0.6431848701880036,0.587591865239042,0.6932004587888284,0.8454831855813613,0.8048061948903126,0.8837089386886054,0.7443340278846824,0.7118472652796116,0.7737052888166671,0.4890545610815287,0.418983092387534,0.5577671896999736,0.6449893390191898,0.5639051585237806,0.7266698391860008,0.6440858407575503,0.5866252383733026,0.695642647299513,11495,6327,34620,6377
caid3,disorder_nox,CAID3 Disorder-NOX,DisorderUnetLM,DED,literal,0.5,161,0.8870347142219543,0.8610190331935883,0.9105804398655891,0.6620411817367949,0.5983020857031665,0.7302994870249497,0.8849732581141475,0.8530938565308636,0.9139921927340018,0.7735072199254712,0.7404704759161637,0.8074942603718952,0.5595647185403305,0.49557075934680084,0.6282908025277247,0.7152702212549873,0.6496447315752971,0.7845649570102419,0.6876271284942174,0.632295092143765,0.742303441642697,11832,4710,36237,6040
caid3,disorder_nox,CAID3 Disorder-NOX,DisorderUnetLM,DED,calibrated,0.108,161,0.8870347142219543,0.8610190331935883,0.9105804398655891,0.8995076096687556,0.8689810027823996,0.9296735032386138,0.738051627713874,0.691630541837162,0.7821943747277986,0.8187796186913148,0.7940985749163488,0.8428630911211925,0.5887680643263091,0.5342045272971161,0.6443913023563947,0.5998059846280128,0.538070095384052,0.6643170853165354,0.7197027353718046,0.6690780278612934,0.7684677376392285,16076,10726,30221,1796
caid3,disorder_nox,CAID3 Disorder-NOX,DisorderUnetLM,DED,content,0.4320000112056732,161,0.8870347142219543,0.8610190331935883,0.9105804398655891,0.6956132497761862,0.6329106126573916,0.7601623186145916,0.867267443280338,0.8337790016562067,0.8982488672249012,0.7814403465282621,0.7486669795359424,0.813618710997698,0.562925079289545,0.4991698950919453,0.6284452669760133,0.6958079140314546,0.6308904501059649,0.7622746400581839,0.6957105682867455,0.6416650493675614,0.7494004741591287,12432,5435,35512,5440
caid3,disorder_nox,CAID3 Disorder-NOX,LMDisorder,DED,literal,0.5,161,0.8372734785079956,0.8008441716432572,0.8702027410268783,0.9124328558639212,0.8816894964478063,0.9396114717045388,0.6455173761203506,0.5901867954691755,0.701432870861212,0.7789751159921359,0.748669640483728,0.8075524985754783,0.5138151766042296,0.45599104635796917,0.5728206749893565,0.5290701447018363,0.4691368245502947,0.5931506029159896,0.6697745102065963,0.6164839503354891,0.722383538454701,16307,14515,26432,1565
caid3,disorder_nox,CAID3 Disorder-NOX,LMDisorder,DED,calibrated,0.746,161,0.8372734785079956,0.8008441716432572,0.8702027410268783,0.8715868397493286,0.8327904974261107,0.9068523994528327,0.6965345446552861,0.642104094300296,0.7494288357049579,0.7840606922023073,0.7511314918697771,0.8123970966487454,0.523176641820233,0.45883842940967345,0.5875344732661826,0.5562618290897404,0.49199727980905866,0.6246598855431854,0.6791062670299728,0.6253909027524943,0.7319201092596459,15577,12426,28521,2295
caid3,disorder_nox,CAID3 Disorder-NOX,LMDisorder,DED,content,0.9929999709129333,161,0.8372734785079956,0.8008441716432572,0.8702027410268783,0.62886078782453,0.5713445765963262,0.6804317079754372,0.8380833760715071,0.7965765088378709,0.8756192055460607,0.7334720819480185,0.7028032670832614,0.7641104209474402,0.4669662536028867,0.3997432931841737,0.5341090875108419,0.628966366332755,0.5520681367758088,0.7077538141944903,0.6289135726476596,0.5742384106178553,0.6819315141512862,11239,6630,34317,6633
caid3,disorder_nox,CAID3 Disorder-NOX,ESMDisPred-1,DED,literal,0.5,161,0.8691697716712952,0.8400112435221672,0.8930065155029296,0.4193151298119964,0.34580871001543206,0.5022505167950765,0.9352821940557305,0.9067665616815654,0.9586939902964144,0.6772986619338635,0.6400100393091757,0.717450842228353,0.4316934660989133,0.35838133469288075,0.5074180410125012,0.7387618296529969,0.6606630495013629,0.8112038424340067,0.5349800114220445,0.4629178277496686,0.6045211389220364,7494,2650,38297,10378
caid3,disorder_nox,CAID3 Disorder-NOX,ESMDisPred-1,DED,calibrated,0.192,161,0.8691697716712952,0.8400112435221672,0.8930065155029296,0.8477506714413607,0.8032949720170526,0.8882872950792987,0.7580042493955601,0.706607700112211,0.8025488039449685,0.8028774604184604,0.7754244531115994,0.8292802924071608,0.5633901539657515,0.5076060509983001,0.6187743253911075,0.6045889864325619,0.5392769810049922,0.665347862422995,0.7058138451504704,0.6560786365824869,0.7501584738723116,15151,9909,31038,2721
caid3,disorder_nox,CAID3 Disorder-NOX,ESMDisPred-1,DED,content,0.3070000112056732,161,0.8691697716712952,0.8400112435221672,0.8930065155029296,0.6714973142345568,0.5946422951883791,0.7394554235313001,0.8579138886853738,0.8144396132348399,0.892465366444329,0.7647056014599654,0.7267368072673699,0.7964729047587437,0.529855146563593,0.4604100755410953,0.5935719769139605,0.6734945844323474,0.6059680688929144,0.7362674141987232,0.6724944663920875,0.6183613503832197,0.721839146915913,12001,5818,35129,5871
caid3,disorder_nox,CAID3 Disorder-NOX,ESMDisPred-2,DED,literal,0.5,161,0.8724372386932373,0.842311555147171,0.8958899393677712,0.43492614145031333,0.3555316978537462,0.5147324882833691,0.9341099470046645,0.9051648955676944,0.9577254164696899,0.684518044227489,0.6454829992569711,0.7217509024957384,0.443693558786289,0.36871466710200457,0.5158528562985288,0.7423359755515233,0.6671425679067252,0.812913115516548,0.5484952192781286,0.47345321237529747,0.615503685447723,7773,2698,38249,10099
caid3,disorder_nox,CAID3 Disorder-NOX,ESMDisPred-2,DED,calibrated,0.225,161,0.8724372386932373,0.842311555147171,0.8958899393677712,0.8071844225604298,0.7463641595360209,0.8588450663772059,0.80186582655628,0.7562909473889828,0.8393917785813472,0.8045251245583549,0.7719858297983581,0.8322446615023488,0.5761688651850662,0.5142490430886949,0.6301472010360082,0.6400461422423355,0.5777302774052061,0.697073672898265,0.713964019697607,0.6654589780089043,0.755964083093474,14426,8113,32834,3446
caid3,disorder_nox,CAID3 Disorder-NOX,ESMDisPred-2,DED,content,0.3009999990463257,161,0.8724372386932373,0.842311555147171,0.8958899393677712,0.686269024171889,0.6022096757774724,0.75610116492337,0.8633599531101179,0.8208105708468848,0.8963794304365209,0.7748144886410034,0.734742700928713,0.8079335647423465,0.5497330451031835,0.47766712441321635,0.6149065480867251,0.6867301231802911,0.6216178292703483,0.7471656219203617,0.68649949624986,0.6276810759348992,0.7376444046805407,12265,5595,35352,5607
caid3,disorder_nox,CAID3 Disorder-NOX,UdonPred-DisProt,DED,literal,0.5,161,0.8288337588310242,0.8033255755901336,0.8520862236618996,0.5586951656222023,0.5148502832319681,0.605723410587684,0.8716389479082717,0.8461674130159462,0.8958009677836473,0.7151670567652371,0.6912814159902634,0.7392471171187196,0.45171344598991575,0.39987155121143847,0.5008137953498156,0.6551407387966669,0.5924212831903051,0.7163046860458484,0.603086401111346,0.5590651642713171,0.6451275648090079,9985,5256,35691,7887
caid3,disorder_nox,CAID3 Disorder-NOX,UdonPred-DisProt,DED,calibrated,0.19,161,0.8288337588310242,0.8033255755901336,0.8520862236618996,0.7673455684870188,0.7360436848910138,0.7994663741432712,0.748626272987032,0.7141210792212026,0.7819490878527097,0.7579859207370254,0.7368531996920622,0.7799048184275668,0.48282548971705874,0.43719853239865064,0.5298341385581725,0.5712500520681468,0.5104053095327266,0.6330565251937588,0.6549344540223024,0.6098964337639732,0.7008358273455427,13714,10293,30654,4158
caid3,disorder_nox,CAID3 Disorder-NOX,UdonPred-DisProt,DED,content,0.4059999883174896,161,0.8288337588310242,0.8033255755901336,0.8520862236618996,0.6298679498657117,0.5875464884941544,0.673436758263673,0.8391579358683176,0.8108417553190772,0.8662974208610774,0.7345129428670146,0.709711962662349,0.7584256189745325,0.469240745496108,0.4168696229141788,0.518966896060477,0.6308916661996301,0.568344505257561,0.6908434399573978,0.6303793924121517,0.5863064803552642,0.6724921889642423,11257,6586,34361,6615
caid3,disorder_nox,CAID3 Disorder-NOX,UdonPred-combined,DED,literal,0.5,161,0.8533148765563965,0.825704102218151,0.8761447221040726,0.7687444046553268,0.7278955727616854,0.8104602729521609,0.7905096832490781,0.7506995350687308,0.8268475462710723,0.7796270439522024,0.7516564819680523,0.8067003100391704,0.5300667373537903,0.4731425164981255,0.586659240433408,0.6156293408612269,0.5533945213286648,0.6780584075962247,0.6837194257135037,0.640323720128744,0.7258375172922239,13739,8578,32369,4133
caid3,disorder_nox,CAID3 Disorder-NOX,UdonPred-combined,DED,calibrated,0.425,161,0.8533148765563965,0.825704102218151,0.8761447221040726,0.8476387645478961,0.8141041986801507,0.8809960616706509,0.7441815029184067,0.7005526804671398,0.7874490932466195,0.7959101337331513,0.7684246618486694,0.8224186507110496,0.5489435122998915,0.49244916571676123,0.6046327370509821,0.5912035591632844,0.5291504480111722,0.6543951649741815,0.696569799521795,0.6483936035061268,0.74114862209578,15149,10475,30472,2723
caid3,disorder_nox,CAID3 Disorder-NOX,UdonPred-combined,DED,content,0.5640000104904175,161,0.8533148765563965,0.825704102218151,0.8761447221040726,0.6421777081468218,0.5928185758376745,0.6945039765306794,0.845532029208489,0.8154476120832451,0.8736491078466802,0.7438548686776554,0.7154118364681368,0.7708928050198176,0.48825050819051974,0.434407821837792,0.5432571579167176,0.6447028423772609,0.5846232635197915,0.7058886836902876,0.643437797835959,0.6022901066479656,0.6828719881183649,11477,6325,34622,6395
caid3,disorder_nox,CAID3 Disorder-NOX,DARUMA-beta,DED,literal,0.5,161,0.8160735368728638,0.7770548611879349,0.8537483796477318,0.7533012533572068,0.700982583914511,0.8009650702955524,0.7621559577014189,0.7190719775334985,0.8087765117606441,0.7577286055293129,0.7252121604442722,0.786991408867996,0.48506379739148114,0.4201341584825856,0.5478778424962221,0.5802517024394449,0.5130281713559204,0.6505952066997204,0.6555485221794809,0.6016901785467045,0.7039671964498507,13463,9739,31208,4409
caid3,disorder_nox,CAID3 Disorder-NOX,DARUMA-beta,DED,calibrated,0.457,161,0.8160735368728638,0.7770548611879349,0.8537483796477318,0.7730528200537153,0.7225392079303649,0.8173377608642427,0.7471853859867634,0.703070238884889,0.7948637815180111,0.7601191030202394,0.7275944899784175,0.7891942175297425,0.4863194320038705,0.4220845914036709,0.5492431170935169,0.5716650115855677,0.5056064814145981,0.6402037800005418,0.6572787821122741,0.6041155983506962,0.7056490266644632,13816,10352,30595,4056
caid3,disorder_nox,CAID3 Disorder-NOX,DARUMA-beta,DED,content,0.7689999938011169,161,0.8160735368728638,0.7770548611879349,0.8537483796477318,0.6256154879140555,0.5694364298494907,0.6787463047937335,0.8368134417661856,0.7966119999795105,0.8738314073409921,0.7312144648401205,0.6983779684700371,0.762475015722873,0.46249458437910074,0.3932084748421384,0.5258993914272148,0.6259306947321278,0.5515469688932177,0.7041409603454181,0.6257730516300546,0.5688368224853976,0.6748822985093698,11181,6682,34265,6691
caid3,disorder_nox,CAID3 Disorder-NOX,DisoFLAG-IDR,DED,literal,0.5,161,0.8706286549568176,0.841886182129383,0.8957080140709877,0.6515778871978514,0.5857195321817096,0.7158909870295594,0.8680733631279459,0.8335475478951545,0.897597832220864,0.7598256251628986,0.7255702697837715,0.7951867202501167,0.5267966244323706,0.4643122718176123,0.5956137785072182,0.6831113978999237,0.6207670332908033,0.7510306181616314,0.6669721355136171,0.61726230106772,0.7187885980247662,11645,5402,35545,6227
caid3,disorder_nox,CAID3 Disorder-NOX,DisoFLAG-IDR,DED,calibrated,0.341,161,0.8706286549568176,0.841886182129383,0.8957080140709877,0.8081915846016114,0.764089695877162,0.8493163293535667,0.7742935990426649,0.7325847076674119,0.812279030882338,0.7912425918221382,0.7648329949998383,0.8177952838453935,0.5462343719146724,0.4940239543113791,0.6030051008780957,0.6098117031157646,0.5476623722135959,0.6741248413297215,0.6951248857019106,0.6444498541270347,0.74285908464465,14444,9242,31705,3428
caid3,disorder_nox,CAID3 Disorder-NOX,DisoFLAG-IDR,DED,content,0.47699999809265137,161,0.8706286549568176,0.841886182129383,0.8957080140709877,0.6716092211280215,0.6072534410953327,0.7349040645111354,0.8573521869734047,0.8215089651881119,0.8880682942000606,0.7644807040507131,0.7310391385169837,0.7987645773182542,0.5291953527942949,0.4666500093189599,0.5976499575738403,0.6726630800268998,0.6112403585877949,0.7419059045622753,0.6721357374846008,0.6223210376213575,0.722675990509296,12003,5841,35106,5869
caid3,disorder_nox,CAID3 Disorder-NOX,s2D-2,DED,literal,0.5,161,0.6913807392120361,0.6506287723779678,0.7247862711548805,0.7394807520143241,0.6783708963642067,0.7932046554239937,0.5548391823576819,0.5201964368518173,0.5870539567375541,0.647159967186003,0.6163600025224616,0.6749032893506947,0.27137594099897294,0.21136752461684719,0.325045421027754,0.42030276046304543,0.36630912991237813,0.4755008540791105,0.5359720983048099,0.48567210267387373,0.5845178554879454,13216,18228,22719,4656
caid3,disorder_nox,CAID3 Disorder-NOX,s2D-2,DED,calibrated,0.502,161,0.6913807392120361,0.6506287723779678,0.7247862711548805,0.7362354521038496,0.6747987083369773,0.7894148283503044,0.5587710943414658,0.5240536902312775,0.5908774194204099,0.6475032732226577,0.6164804588165759,0.6753054282625272,0.2718759063312057,0.21165556920749318,0.3258423303132643,0.4213931144915933,0.36734533450564316,0.47636374560307737,0.536000162942746,0.48584441690788227,0.5844831121940455,13158,18067,22880,4714
caid3,disorder_nox,CAID3 Disorder-NOX,s2D-2,DED,content,0.6029999852180481,161,0.6913807392120361,0.6506287723779678,0.7247862711548805,0.47174350940017906,0.41558242077602153,0.5245681631061824,0.7700197816689868,0.7413848179569343,0.7966762515852713,0.6208816455345829,0.5919845146750156,0.6478601012865641,0.24185491657262226,0.18450702931747837,0.2943113652016844,0.4723778574630211,0.40870742805901544,0.5338268940020686,0.472060470324748,0.4253328084329275,0.5166055077639412,8431,9417,31530,9441
