dataset,round,reference,method,kind,operating_point,d_balanced_accuracy,d_balanced_accuracy_lo,d_balanced_accuracy_hi,d_balanced_accuracy_p,d_mcc,d_mcc_lo,d_mcc_hi,d_mcc_p,d_sensitivity,d_sensitivity_lo,d_sensitivity_hi,d_sensitivity_p,d_specificity,d_specificity_lo,d_specificity_hi,d_specificity_p
CAID2 Disorder-PDB,caid2,disorder_pdb,AlphaFold-rsa,AF,literal,0.10776311828835318,0.08684085004712415,0.1304818274524108,0.001,0.10729221701992761,0.06555017404778629,0.15082148082233007,0.001,0.26886725165848957,0.22515767467291023,0.3133593294930846,0.001,-0.05334101508178323,-0.06666200731108891,-0.04139306271144989,0.001
CAID2 Disorder-PDB,caid2,disorder_pdb,AIUPred,DED,literal,0.04707604209885783,0.015055447807365493,0.07814833619395592,0.006,-0.044459491927526865,-0.10994131430234817,0.020687814948289106,0.164,0.2419412526978294,0.18149968323782123,0.3032726688641118,0.001,-0.14778916850011375,-0.17593950915798498,-0.12318202165109693,0.001
CAID2 Disorder-PDB,caid2,disorder_pdb,IUPred3,DED,literal,0.021353979415521605,-0.01262823286603501,0.05149848368008313,0.204,-0.022250637918023747,-0.08495032779694467,0.03079666696531655,0.48,0.08965319371444527,0.01977126939797064,0.15310648222330012,0.018,-0.04694523488340206,-0.06039530645104587,-0.03571747641824341,0.001
CAID2 Disorder-PDB,caid2,disorder_pdb,ESpritz-D,DED,literal,-0.13195995071764752,-0.18083505712782158,-0.08572090658678853,0.001,-0.22148595461221043,-0.30811634297741924,-0.1415293040801609,0.001,-0.2617689795257484,-0.36198197803873117,-0.17030218936687191,0.001,-0.0021509219095466312,-0.010681757020633195,0.005897017685344663,0.63
CAID2 Disorder-PDB,caid2,disorder_pdb,ESpritz-N,DED,literal,-0.04032331383370173,-0.07184092314798132,-0.012977380540743462,0.004,-0.10773812149932946,-0.1605110906382231,-0.06249069420312401,0.001,-0.04748456679163293,-0.11021425035340612,0.006930732224949472,0.086,-0.03316206087577054,-0.04031968834788279,-0.0264515515979809,0.001
CAID2 Disorder-PDB,caid2,disorder_pdb,ESpritz-X,DED,literal,-0.16593981972941688,-0.198783608688586,-0.13451706047498077,0.001,-0.2681994223512685,-0.3278941926027764,-0.2124999110672158,0.001,-0.3381213055815267,-0.40431998647780115,-0.2741459293186161,0.001,0.006241666122692958,0.001964946376997279,0.011041096204513613,0.006
CAID2 Disorder-PDB,caid2,disorder_pdb,MobiDB-lite,DED,literal,-0.04570471881270205,-0.07864020147494499,-0.01453657429558695,0.002,-0.09396173846514166,-0.14546259271088707,-0.04446885096561762,0.001,-0.07598389878252448,-0.14182553132641973,-0.01244051114132366,0.018,-0.015425538842879614,-0.021329726914427624,-0.009664601240006884,0.001
CAID2 Disorder-PDB,caid2,disorder_pdb,flDPnn,DED,literal,-0.15273511812242146,-0.19780303607427052,-0.10805127644433131,0.001,-0.24724419795920233,-0.3276069309508373,-0.16918816393816166,0.001,-0.30977184812894587,-0.40040615415546665,-0.22041399276962875,0.001,0.004301611884103011,-0.001812797680045139,0.009972095040082826,0.158
CAID2 Disorder-PDB,caid2,disorder_pdb,flDPnn2,DED,literal,-0.15281314931041412,-0.19915004159639288,-0.10262150064358229,0.001,-0.24604700128603194,-0.33150428724201697,-0.16085836651215576,0.001,-0.3105546315217585,-0.4030204067656128,-0.20969960205006596,0.001,0.004928332900930228,-0.0004850824491938188,0.010452052880601498,0.068
CAID2 Disorder-PDB,caid2,disorder_pdb,DISOPRED3-diso,DED,literal,0.0400402380513828,0.008622261385467477,0.07237234160272525,0.012,0.026822817722981885,-0.025319101270568026,0.07855653486750572,0.324,0.10726424688841876,0.04315104086001662,0.17098326862966118,0.001,-0.027183770785653164,-0.035231756618813455,-0.019845849490254606,0.001
CAID2 Disorder-PDB,caid2,disorder_pdb,SETH-0,DED,literal,0.05045932642592921,0.023971368552559335,0.07683009977376236,0.001,0.0645626817210102,0.024592286946168326,0.10642385516166271,0.002,0.10913055458973589,0.05553156230423409,0.1618564167946938,0.001,-0.008211901737877489,-0.012213524478739298,-0.003976785696092888,0.001
CAID2 Disorder-PDB,caid2,disorder_pdb,SETH-1,DED,literal,0.046173572011028945,0.020787324619373555,0.07501898940937342,0.001,0.036160519783749324,-0.009618329240898336,0.08491592121036359,0.126,0.11954004497313064,0.0676551811434452,0.17802507174933557,0.001,-0.027192900951072754,-0.03477688264869156,-0.02017935906099541,0.001
CAID2 Disorder-PDB,caid2,disorder_pdb,VSL2,DED,literal,0.033810774804662796,0.0054946827710581824,0.06087448474095777,0.014,-0.08292976058680893,-0.14366973150459167,-0.029233552885789084,0.006,0.2632921235055885,0.20835255514171117,0.3159270679926569,0.001,-0.19567057389626294,-0.2126940857412214,-0.1785160602532784,0.001
CAID2 Disorder-PDB,caid2,disorder_pdb,SPOT-Disorder,DED,literal,0.0788301432690131,0.0501995108394637,0.11027102933105978,0.001,0.08288908619770384,0.03209959667629064,0.13762512421857903,0.002,0.18820959512805546,0.13067204990358572,0.2482717550480961,0.001,-0.030549308590029262,-0.04470349927900423,-0.01848085694725108,0.001
CAID2 Disorder-PDB,caid2,disorder_pdb,SPOT-Disorder2,DED,literal,0.08013905583038014,0.051972080395210556,0.11165042782586315,0.001,0.10408435033006867,0.06018665594058259,0.15444314209743903,0.001,0.1723806706263341,0.11679095041846208,0.23584940703801519,0.001,-0.012102558965573813,-0.01856705986418449,-0.005816596340957668,0.001
CAID2 Disorder-PDB,caid2,disorder_pdb,SPOT-Disorder-Single,DED,literal,-0.01921633281047986,-0.05572522519753001,0.0132333739551989,0.256,-0.03232967478180392,-0.09018285532521833,0.016997147904741584,0.21,-0.03646123463193836,-0.10939866808247342,0.028680571344026927,0.298,-0.001971430989021349,-0.007340275353321502,0.003538952306983815,0.46
CAID2 Disorder-PDB,caid2,disorder_pdb,DisEMBL-dis465,DED,literal,-0.11204166850957568,-0.14191014982597955,-0.08312120182691828,0.001,-0.2363613723506499,-0.2884693533557588,-0.18621702246924324,0.001,-0.18782623276803487,-0.24785630421671803,-0.1292452458656167,0.001,-0.03625710425111652,-0.04289235561882285,-0.029593351492043948,0.001
CAID2 Disorder-PDB,caid2,disorder_pdb,DisEMBL-disHL,DED,literal,-0.28169464233272923,-0.3069703927556895,-0.2550446337698404,0.001,-0.6563478004798958,-0.69802504106995,-0.6118374752505614,0.001,-0.5750021855252889,-0.6249959200266427,-0.5204013589432533,0.001,0.011612900859830468,0.007635228594068711,0.016257023543787424,0.001
CAID2 Disorder-PDB,caid2,disorder_pdb,IsUnstruct,DED,literal,0.03570237869012608,0.00750558344477201,0.0617279795934251,0.016,-0.04642151031044402,-0.10443917397888015,0.002665034558127274,0.058,0.18300447740273212,0.12630142062300412,0.23557451039232527,0.001,-0.11159972002247996,-0.12653532540845486,-0.09766296792953126,0.001
CAID2 Disorder-PDB,caid2,disorder_pdb,RONN,DED,literal,0.011719736731953643,-0.01569848363022568,0.03750262422196784,0.4,-0.10148333535956588,-0.15799417743100744,-0.05141301340745674,0.001,0.16529678437148385,0.11247188548700672,0.21393704840164549,0.001,-0.14185731090757656,-0.15731486326057129,-0.12684187280138196,0.001
CAID2 Disorder-PDB,caid2,disorder_pdb,PreDisorder,DED,literal,0.0398266149243502,0.010242543774504877,0.06947962056109444,0.006,-0.06639409793571824,-0.12523028254139265,-0.011208305579734124,0.02,0.253445993890362,0.19470482724520116,0.3116266191918173,0.001,-0.1737927640416616,-0.1884514157598746,-0.1592758179852747,0.001
CAID2 Disorder-PDB,caid2,disorder_pdb,OPAL,DED,literal,-0.12529735703196845,-0.1662103033432409,-0.08247798550835823,0.001,-0.3858550794525728,-0.45317016665705223,-0.3211862198434282,0.001,0.1845555983006982,0.11228172732544058,0.25827549655847176,0.001,-0.4351503123646351,-0.47886149514084064,-0.39294700971154944,0.001
CAID2 Disorder-PDB,caid2,disorder_pdb,pyHCA,DED,literal,-0.1393445986855369,-0.18217644636089855,-0.09007348749230845,0.001,-0.22249875452534168,-0.2986297218714509,-0.14043476596476537,0.001,-0.2826830130860628,-0.3687757722621124,-0.18485020468552904,0.001,0.003993815714989043,-0.0005813591160196668,0.008783562042552776,0.094
CAID2 Disorder-PDB,caid2,disorder_pdb,DeepIDP-2L,DED,literal,0.052012046547728334,0.02200923560509742,0.07980340131708559,0.001,0.026796693285968107,-0.02631229729838779,0.0744559876448544,0.306,0.1502169209102416,0.09045744920245362,0.2073068552053622,0.001,-0.046192827814784926,-0.06141468723252991,-0.033048658845548085,0.001
CAID2 Disorder-PDB,caid2,disorder_pdb,PredIDR-long,DED,literal,0.10918192299556224,0.08456865654297169,0.1345318241941553,0.001,0.1019064298612675,0.05213431552753627,0.15206977734630553,0.001,0.2818643210315843,0.2311868106434896,0.33102608098026526,0.001,-0.0635004750404598,-0.07579965163193647,-0.05014410591188899,0.001
CAID2 Disorder-PDB,caid2,disorder_pdb,PredIDR-short,DED,literal,0.10397259310697185,0.07950110010078994,0.12903396242170012,0.001,0.08452151417270423,0.03509024044676203,0.13316685336923323,0.004,0.284954544478239,0.23550944920297856,0.3337405697645126,0.001,-0.07700935826429532,-0.09023275673361313,-0.06335138986798142,0.001
CAID2 Disorder-PDB,caid2,disorder_pdb,AUCpred-profile,DED,literal,0.046734727904182566,0.01964795105437159,0.07148652392347628,0.001,0.03187837640689815,-0.012613616563829862,0.07340540689994446,0.154,0.12565794762202143,0.06990899209763435,0.1748039557729492,0.001,-0.0321884918136563,-0.0422028792347239,-0.02413475605593618,0.001
CAID2 Disorder-PDB,caid2,disorder_pdb,AUCpred-no-profile,DED,literal,-0.021212592756659588,-0.05048938536785293,0.007112935684984345,0.14,-0.06125519854149813,-0.10724154870628992,-0.016210002580878683,0.01,-0.021894805332274545,-0.08181661125996333,0.036657143686016753,0.456,-0.020530380181044628,-0.028086170320651124,-0.013944054979479406,0.001
CAID2 Disorder-PDB,caid2,disorder_pdb,DisoPred,DED,literal,0.034092945449173545,-0.0007484893628122487,0.06455058081062033,0.054,0.012460837680708175,-0.04562485287680652,0.06479472278448181,0.65,0.1003542113544726,0.028450492129389295,0.16276738585794628,0.002,-0.032168320456125485,-0.0455167340870105,-0.02089368707576108,0.001
CAID2 Disorder-PDB,caid2,disorder_pdb,Dispredict2,DED,literal,-0.19575258864644549,-0.2332596824460073,-0.15507334654261803,0.001,-0.46507484980330394,-0.5437253760229261,-0.38035438441397545,0.001,-0.27906279470699713,-0.35258867473775946,-0.20297160313059023,0.001,-0.11244238258589388,-0.14494939094615528,-0.08302360812765688,0.001
CAID2 Disorder-PDB,caid2,disorder_pdb,Dispredict3,DED,literal,-0.13724321495971284,-0.18180464278742742,-0.0893305659737147,0.001,-0.23221564498755987,-0.3149802266486442,-0.14999792693641134,0.001,-0.27193336687936254,-0.36241825268006755,-0.1762383648876701,0.001,-0.002553063040063132,-0.010152967470256413,0.0042771179427286985,0.498
CAID2 Disorder-PDB,caid2,disorder_pdb,IDP-Fusion,DED,literal,0.08866066123153878,0.06154430227624595,0.11788142593471572,0.001,0.07316619375310827,0.021587052846617646,0.12449040035494432,0.004,0.23655433757820055,0.18217972918186076,0.2939197628029177,0.001,-0.059233015115122994,-0.07654028705083701,-0.04572312117509191,0.001
CAID2 Disorder-PDB,caid2,disorder_pdb,rawMSA,DED,literal,0.04632611855161309,-0.0003139164756305461,0.0885843875326418,0.056,0.02165270826382465,-0.05860646247421283,0.09308489526451441,0.55,0.13497213051713378,0.03870297838787355,0.218591679329064,0.006,-0.042319893413907614,-0.06330197530280139,-0.02620177717988867,0.001
CAID2 Disorder-PDB,caid2,disorder_pdb,metapredict,DED,literal,0.08203852900911107,0.05403278873761883,0.1120128034557047,0.001,0.09019903245938905,0.043258451221851194,0.13873385835592486,0.001,0.19197623821902107,0.1365780811204614,0.252821613782587,0.001,-0.02789918020079895,-0.03626142116375008,-0.02007134288359233,0.001
CAID2 Disorder-PDB,caid2,disorder_pdb,disomine,DED,literal,-0.10031511564146355,-0.147754424672867,-0.0469296045711146,0.001,-0.19260147223189378,-0.2831009002816684,-0.09753049490352565,0.001,-0.18128004780872406,-0.2796618262709511,-0.07448847926185448,0.001,-0.019350183474203055,-0.03555538435462868,-0.00680251499258464,0.001
CAID2 Disorder-PDB,caid2,disorder_pdb,s2D,DED,literal,-0.06762630547593429,-0.09454704073743678,-0.0438360416269679,0.001,-0.2806197521339858,-0.338985601587555,-0.2307361678909082,0.001,0.19698047913336852,0.14328915196651001,0.2437561810956094,0.001,-0.33223309008523716,-0.35327098287735437,-0.31105623344436345,0.001
CAID2 Disorder-PDB,caid2,disorder_pdb,AlphaFold-rsa,AF,calibrated,0.025857884277934923,0.012880185125994176,0.03814465588184637,0.001,0.03529768836303132,0.010928779329395809,0.0621679025971001,0.004,0.056327138026565034,0.030182217453984233,0.08064616434588495,0.001,-0.004611369470695186,-0.01773803081778329,0.008014671344701603,0.474
CAID2 Disorder-PDB,caid2,disorder_pdb,AIUPred,DED,calibrated,-0.037232804647217746,-0.06854409855041455,-0.007436226772515387,0.016,-0.06139720498848734,-0.11351402607366515,-0.012232631162076204,0.014,-0.0700213275634884,-0.13473757891461716,-0.010306386061377452,0.034,-0.0044442817309470915,-0.019837764376950957,0.010484169201051358,0.542
CAID2 Disorder-PDB,caid2,disorder_pdb,IUPred3,DED,calibrated,-0.06088842517302638,-0.08919428975857353,-0.03558241721525051,0.001,-0.10184232606459173,-0.15087297092670995,-0.060463293518348775,0.001,-0.11402168420593278,-0.1716395104301766,-0.06202639582187865,0.001,-0.007755166140119993,-0.022466871469640694,0.005743193676132857,0.324
CAID2 Disorder-PDB,caid2,disorder_pdb,ESpritz-D,DED,calibrated,-0.04086941367661411,-0.07320721061984467,-0.01166899067251264,0.004,-0.12651391063247563,-0.18748811886000946,-0.07076732393605746,0.001,0.004004819917318534,-0.05961130056825232,0.06091343569565323,0.838,-0.08574364727054676,-0.11963378877549317,-0.057723208079836,0.001
CAID2 Disorder-PDB,caid2,disorder_pdb,ESpritz-N,DED,calibrated,-0.08037360265185521,-0.10579410057208738,-0.05899264656395983,0.001,-0.16589054441835063,-0.21087962625852466,-0.1264050298707933,0.001,-0.11616894964236257,-0.16691997689164018,-0.07334830204094676,0.001,-0.04457825566134783,-0.05817470393646358,-0.031047480285668127,0.001
CAID2 Disorder-PDB,caid2,disorder_pdb,ESpritz-X,DED,calibrated,-0.07000333488755237,-0.09541174553089252,-0.0470071296014476,0.001,-0.14599083550742983,-0.19078398485116038,-0.10419589104326563,0.001,-0.09911033382151643,-0.14780656360321595,-0.050831135380265076,0.001,-0.04089633595358827,-0.05625050235326335,-0.02545838380494707,0.001
CAID2 Disorder-PDB,caid2,disorder_pdb,MobiDB-lite,DED,calibrated,-0.05313769177675502,-0.07706317975983075,-0.03400164129782285,0.001,-0.12003561383813467,-0.1611901785745496,-0.08248591560456678,0.001,-0.06347812716652972,-0.1098450248782683,-0.022450610644842512,0.004,-0.04279725638698033,-0.0577816851916578,-0.028704517011537225,0.001
CAID2 Disorder-PDB,caid2,disorder_pdb,flDPnn,DED,calibrated,-0.058199421503694684,-0.0854939954401657,-0.03029388954149378,0.001,-0.1397104719302468,-0.1859768229789946,-0.08956546809409968,0.001,-0.057349957925995454,-0.10846674471956629,-0.0010759449608644673,0.042,-0.05904888508139392,-0.08105601242885593,-0.03934521918063968,0.001
CAID2 Disorder-PDB,caid2,disorder_pdb,flDPnn2,DED,calibrated,-0.042972598152910255,-0.06791810722398454,-0.017272634905976497,0.002,-0.12137385478565871,-0.16861658636074706,-0.07386218703245902,0.001,-0.016348023359272542,-0.06514367927408225,0.03348435044399589,0.488,-0.06959717294654794,-0.09475973279739032,-0.046936177753273814,0.001
CAID2 Disorder-PDB,caid2,disorder_pdb,DISOPRED3-diso,DED,calibrated,-0.025830849383332913,-0.04981112634838622,-0.0029121787658653486,0.03,-0.049060318537999935,-0.08842662197642912,-0.012291703410834704,0.022,-0.04176334962773569,-0.08810187170766313,0.00848327066115596,0.076,-0.00989834913893014,-0.020585507277351697,0.0009982909003639407,0.072
CAID2 Disorder-PDB,caid2,disorder_pdb,SETH-0,DED,calibrated,0.010556990997598156,-0.004982069010752377,0.027027270295793777,0.2,0.01991554795972404,-0.006681699239191274,0.04750915756990402,0.156,0.017169802210024527,-0.013037349221086758,0.04946878420980346,0.3,0.0039441797851717895,-0.004853802098861903,0.013256061300283591,0.404
CAID2 Disorder-PDB,caid2,disorder_pdb,SETH-1,DED,calibrated,-0.010105161894054188,-0.026837663884670578,0.006960652122420351,0.242,-0.03229252746747163,-0.0654393926175042,0.00022555971539379565,0.052,-0.001748184928185286,-0.03256629684300997,0.03293108394797657,0.888,-0.018462138859923084,-0.031069833717885038,-0.005594180907277433,0.004
CAID2 Disorder-PDB,caid2,disorder_pdb,VSL2,DED,calibrated,-0.04254824493915025,-0.06694995975326114,-0.019958313340267403,0.001,-0.09888205275312899,-0.1438335374391238,-0.05664355200625273,0.001,-0.0476510585098376,-0.09693500608938645,-0.0024228265333133842,0.036,-0.03744543136846292,-0.051977463515478134,-0.022293981355405203,0.001
CAID2 Disorder-PDB,caid2,disorder_pdb,SPOT-Disorder,DED,calibrated,0.014114928554365679,-0.005844692169344234,0.03487396263291203,0.18,0.009301586724791288,-0.030058311016031666,0.04749976371780964,0.644,0.04230128755345116,0.003901400567189234,0.08293451367246552,0.028,-0.014071430444719792,-0.031196452478750185,0.0019389706906947969,0.082
CAID2 Disorder-PDB,caid2,disorder_pdb,SPOT-Disorder2,DED,calibrated,0.017716851156761217,-0.0003199655531913036,0.03890670670556187,0.054,0.03480755926372505,0.0038223334012623734,0.07111827229429336,0.028,0.027438415484493144,-0.007484120816993866,0.06681455724052865,0.154,0.00799528682902929,-0.00241109442697206,0.019250768932346486,0.122
CAID2 Disorder-PDB,caid2,disorder_pdb,SPOT-Disorder-Single,DED,calibrated,-0.018108974313087445,-0.043195720719987216,0.005049508323451505,0.156,-0.03772219841428283,-0.08257600911841806,0.0018977911438452235,0.06,-0.025501573656438535,-0.07628461329156053,0.021994242190495374,0.3,-0.010716374969736351,-0.024063884543239645,0.0020689892041941887,0.106
CAID2 Disorder-PDB,caid2,disorder_pdb,DisEMBL-dis465,DED,calibrated,-0.13874850739367495,-0.16259034914612167,-0.11626402814979768,0.001,-0.2883617418961773,-0.33150371110769467,-0.24885546257824517,0.001,-0.19849683943459898,-0.24405272584779933,-0.15338369622520873,0.001,-0.07900017535275092,-0.09236946800295232,-0.0659955904210442,0.001
CAID2 Disorder-PDB,caid2,disorder_pdb,DisEMBL-disHL,DED,calibrated,-0.20749516301435036,-0.23195862495578434,-0.1813215249683891,0.001,-0.47340471083653496,-0.5153537763307926,-0.4288889072930817,0.001,-0.07445667849635439,-0.12285976852687257,-0.024410976660917544,0.008,-0.3405336475323464,-0.36159561785415395,-0.31963193543134755,0.001
CAID2 Disorder-PDB,caid2,disorder_pdb,IsUnstruct,DED,calibrated,-0.05363036071614194,-0.07627572814984016,-0.031435176087988244,0.001,-0.11822716547783547,-0.15961220639253693,-0.07873123298310666,0.001,-0.0679540883391273,-0.11232379372163505,-0.02589472221565598,0.002,-0.039306633093156566,-0.05348242819304087,-0.02583157432429858,0.001
CAID2 Disorder-PDB,caid2,disorder_pdb,RONN,DED,calibrated,-0.0872211279213361,-0.10959047370164289,-0.06602265808692973,0.001,-0.16390366515061902,-0.20541231178736877,-0.12614354865121047,0.001,-0.14609278887584098,-0.19174621045519746,-0.10447022801259065,0.001,-0.028349466966831216,-0.041241244207743485,-0.0155170065527219,0.001
CAID2 Disorder-PDB,caid2,disorder_pdb,PreDisorder,DED,calibrated,-0.05821732205504994,-0.08655354893008416,-0.03151364512243609,0.001,-0.10385170991965714,-0.15041004967289054,-0.06010093644021168,0.001,-0.10248932136839452,-0.1557222487027465,-0.046635288529786545,0.001,-0.013945322741705367,-0.024308667618274913,-0.0027822880501445894,0.01
CAID2 Disorder-PDB,caid2,disorder_pdb,OPAL,DED,calibrated,-0.20272498769015687,-0.24365649060739328,-0.16099604281447497,0.001,-0.464723273848231,-0.5360396265677984,-0.3936505219491866,0.001,-0.010027900683451227,-0.08005718352812928,0.05971865588343304,0.79,-0.39542207469686247,-0.44086644015793097,-0.35096849405599795,0.001
CAID2 Disorder-PDB,caid2,disorder_pdb,pyHCA,DED,calibrated,-0.05440306264805997,-0.08528340133618584,-0.02476369754138341,0.001,-0.10503456101604423,-0.15805522170287045,-0.05726048808437916,0.001,-0.08667522332497594,-0.14450080832167683,-0.026027326766957744,0.004,-0.022130901971143997,-0.04043249311792838,-0.005099760715902458,0.002
CAID2 Disorder-PDB,caid2,disorder_pdb,DeepIDP-2L,DED,calibrated,-0.008523555168105101,-0.031200135234665798,0.013934039535543091,0.436,-0.044586916526563505,-0.08665463652661656,-0.004307505742158652,0.036,0.020728220959416892,-0.025161323390686142,0.06363210835808002,0.358,-0.037775331295627095,-0.059479034758465776,-0.01971591914951533,0.001
CAID2 Disorder-PDB,caid2,disorder_pdb,PredIDR-long,DED,calibrated,0.026758295610532726,0.005097766615295309,0.047860992637402726,0.018,0.032486725989766194,-0.006980549900887366,0.07012744031569078,0.08,0.0629015566579993,0.018130796191710683,0.10473210461251142,0.002,-0.00938496543693384,-0.020994605667890992,0.0037589679318529292,0.136
CAID2 Disorder-PDB,caid2,disorder_pdb,PredIDR-short,DED,calibrated,0.01616506267148243,-0.006165740378230181,0.03759950106852785,0.144,0.015211016897013895,-0.023590330028043793,0.053679611392561936,0.424,0.04289099318179912,-0.0018091789887128339,0.08528371003930788,0.058,-0.010560867838834248,-0.021909823744804907,0.0024246365609828786,0.088
CAID2 Disorder-PDB,caid2,disorder_pdb,AUCpred-profile,DED,calibrated,-0.01040750020292897,-0.02871394522218382,0.006622662561648898,0.236,-0.03699903544987943,-0.06930157430254479,-0.004965819235122757,0.024,0.0028384719588294537,-0.03409474403849866,0.03688099288411064,0.856,-0.023653472364687397,-0.036861500721018424,-0.010822263037948088,0.002
CAID2 Disorder-PDB,caid2,disorder_pdb,AUCpred-no-profile,DED,calibrated,-0.050776744878738254,-0.07204878224609446,-0.03081779374475447,0.001,-0.11748259791997154,-0.15657499588619972,-0.08150576269279954,0.001,-0.0571297168739349,-0.09739846250435037,-0.018811982373001822,0.006,-0.04442377288354161,-0.05800048352553159,-0.03152501780781923,0.001
CAID2 Disorder-PDB,caid2,disorder_pdb,DisoPred,DED,calibrated,-0.028919877837994205,-0.05378061331830985,-0.006042600660060662,0.012,-0.05998077134220182,-0.10536341722009984,-0.01825500739465465,0.006,-0.041072022737176445,-0.09265981704651897,0.004168088044754598,0.082,-0.01676773293881196,-0.03361771868838165,6.129353835203664e-05,0.052
CAID2 Disorder-PDB,caid2,disorder_pdb,Dispredict2,DED,calibrated,-0.24409825630954923,-0.28894665359164806,-0.19824911739627335,0.001,-0.5241925848513168,-0.6083500394202844,-0.43950860082443166,0.001,-0.2848962735379172,-0.3595992436512266,-0.20708536276721173,0.001,-0.20330023908118136,-0.2536771260496066,-0.15596682619510616,0.001
CAID2 Disorder-PDB,caid2,disorder_pdb,Dispredict3,DED,calibrated,-0.04626925662642244,-0.07385756512998944,-0.017561314677188918,0.002,-0.14285281351060272,-0.19375769339207205,-0.08930632724134882,0.001,0.007152575768047365,-0.0473528254356634,0.06302344800445116,0.76,-0.09969108902089227,-0.12656208606046365,-0.07426948882020283,0.001
CAID2 Disorder-PDB,caid2,disorder_pdb,IDP-Fusion,DED,calibrated,0.007343907354249692,-0.012562087972278254,0.028108352503101414,0.48,-0.0043887708265504186,-0.04116053802928396,0.03429272360673032,0.804,0.032572526511361055,-0.006574599475147024,0.07318248304697769,0.102,-0.017884711802861667,-0.03398535153004447,-0.0035387445721027926,0.014
CAID2 Disorder-PDB,caid2,disorder_pdb,rawMSA,DED,calibrated,-0.025214044824979957,-0.06457271299795332,0.008846011025145714,0.144,-0.056671964376875564,-0.12619983378306124,9.081775909065438e-05,0.052,-0.03055171481673953,-0.11062130604204566,0.03488174179004522,0.362,-0.019876374833220387,-0.04334914444956283,0.0001155738483906536,0.052
CAID2 Disorder-PDB,caid2,disorder_pdb,metapredict,DED,calibrated,0.003779411202956906,-0.016579658869506287,0.024599464202141232,0.754,0.010647240935395956,-0.021754221016032155,0.04542427359107989,0.548,0.002752722049427948,-0.03764549795795771,0.04455865419859046,0.928,0.004806100356485869,-0.005816469978428667,0.016662958533340565,0.38
CAID2 Disorder-PDB,caid2,disorder_pdb,disomine,DED,calibrated,-0.06391071026546086,-0.09796972997454491,-0.02914223679073996,0.001,-0.14409199739349618,-0.20867906743484552,-0.08277459636987249,0.001,-0.07562350707145163,-0.1427216138136186,-0.009143520409336954,0.028,-0.0521979134594701,-0.08060051862587059,-0.026379493062014796,0.001
CAID2 Disorder-PDB,caid2,disorder_pdb,s2D,DED,calibrated,-0.14814991970421,-0.17028924636763285,-0.12788740168204724,0.001,-0.3547735407470212,-0.397827285036518,-0.312657892114748,0.001,-0.08138184071274401,-0.12375708866327811,-0.0425259738620442,0.001,-0.214917998695676,-0.23430184568606968,-0.19561456701367175,0.001
CAID2 Disorder-PDB,caid2,disorder_pdb,AlphaFold-rsa,AF,content,0.017017313694225645,0.0055403033653645605,0.029379155968324702,0.001,0.03404064483721469,0.008600399998989592,0.06294587623538456,0.002,0.02435994697262618,0.0040259048358209145,0.04496835009802054,0.018,0.009674680415825108,-0.007516553021677019,0.02616252376198013,0.252
CAID2 Disorder-PDB,caid2,disorder_pdb,AIUPred,DED,content,-0.037654518467158976,-0.06295247000711277,-0.012854996471215638,0.002,-0.07529101759899309,-0.12683355894559978,-0.025644462459873955,0.002,-0.05284570066364812,-0.10258727224117956,-0.0049900583273993675,0.032,-0.022463336270669838,-0.04765489078987706,0.00018966911157626776,0.056
CAID2 Disorder-PDB,caid2,disorder_pdb,IUPred3,DED,content,-0.053860354024652876,-0.0787285350529031,-0.030620738661983404,0.001,-0.10788761741721846,-0.15610272000710645,-0.06306843389324925,0.001,-0.07557833772274428,-0.12311101564089184,-0.03212194941168218,0.001,-0.032142370326561476,-0.055481387307759145,-0.010122828611210489,0.004
CAID2 Disorder-PDB,caid2,disorder_pdb,ESpritz-D,DED,content,-0.06094426738253693,-0.09450376954838886,-0.03103614629893357,0.001,-0.12114395065935503,-0.18077968016205465,-0.06579265288022432,0.001,-0.08652388668850076,-0.15588158324321016,-0.026435438154078904,0.002,-0.03536464807657309,-0.0677266855121248,-0.00788429250050186,0.01
CAID2 Disorder-PDB,caid2,disorder_pdb,ESpritz-N,DED,content,-0.08395907633544376,-0.10645455744557784,-0.06249842466761079,0.001,-0.16822854537773613,-0.21063979568963587,-0.12955519010491073,0.001,-0.11824038529793864,-0.16255693555331224,-0.07820858015890063,0.001,-0.04967776737294891,-0.0684304541585273,-0.030881888964716036,0.001
CAID2 Disorder-PDB,caid2,disorder_pdb,ESpritz-X,DED,content,-0.07322685210655581,-0.09618175421317764,-0.052102333973708684,0.001,-0.1456974622061519,-0.18924027425846054,-0.10511139729802547,0.001,-0.10483304840254647,-0.15020341512020308,-0.061295466428548905,0.001,-0.04162065581056517,-0.060856506669884215,-0.021530167842562523,0.001
CAID2 Disorder-PDB,caid2,disorder_pdb,MobiDB-lite,DED,content,-0.06581896751532397,-0.08639972398206994,-0.04614560191736236,0.001,-0.11404980072170699,-0.1537942841223685,-0.07725974223339364,0.001,-0.11899264520428438,-0.1605849991259265,-0.07818672912228225,0.001,-0.012645289826363596,-0.03083566385103864,0.004480470267242213,0.174
CAID2 Disorder-PDB,caid2,disorder_pdb,flDPnn,DED,content,-0.06717463265851488,-0.09510083581056622,-0.03913486711253262,0.001,-0.13424814921645517,-0.18288094027690482,-0.08408272773409332,0.001,-0.0950446449574757,-0.14922027674800134,-0.03803765016320329,0.001,-0.03930462035955408,-0.06577359104146611,-0.015261821355212094,0.004
CAID2 Disorder-PDB,caid2,disorder_pdb,flDPnn2,DED,content,-0.057956622568584346,-0.08484864778482429,-0.031577134567138294,0.001,-0.11634418434592064,-0.16967392018286204,-0.0628183679357193,0.001,-0.08107979438425751,-0.13185186267348437,-0.029352516282783073,0.002,-0.03483345075291116,-0.06174861413992357,-0.009687810582392955,0.008
CAID2 Disorder-PDB,caid2,disorder_pdb,DISOPRED3-diso,DED,content,-0.027625733459372852,-0.0446286778786687,-0.011381872524042892,0.004,-0.05504782795687676,-0.08853043693998713,-0.02417500541200989,0.002,-0.03932919255541699,-0.07157355064542358,-0.00768270215780006,0.012,-0.015922274363328718,-0.029979409103335023,-0.0017017547992579866,0.026
CAID2 Disorder-PDB,caid2,disorder_pdb,SETH-0,DED,content,0.006392439296621655,-0.006013033415887536,0.018640965755549552,0.3,0.012425218488897254,-0.01442430615826131,0.03719249657782273,0.348,0.009520520766956307,-0.011434331495523397,0.030149770359197785,0.356,0.0032643578262870074,-0.011310971593769925,0.01744460567913164,0.664
CAID2 Disorder-PDB,caid2,disorder_pdb,SETH-1,DED,content,-0.01641457006074022,-0.029675054622771518,-0.0028323045025370783,0.014,-0.033294861513142746,-0.06417687179583687,-0.002787692124249421,0.032,-0.0225897762126285,-0.04438293325659655,-0.00142921937273247,0.038,-0.01023936390885193,-0.028131899230696575,0.007124928247288815,0.258
CAID2 Disorder-PDB,caid2,disorder_pdb,VSL2,DED,content,-0.04805088306840465,-0.07102464375256183,-0.025676034325118932,0.001,-0.09633301230588469,-0.13893127286186718,-0.05383224525457716,0.001,-0.06755338191865581,-0.1124073278293574,-0.025015462338559617,0.001,-0.028548384218153484,-0.04676281042241423,-0.01057612289444349,0.001
CAID2 Disorder-PDB,caid2,disorder_pdb,SPOT-Disorder,DED,content,0.0040050539975101315,-0.013083671992980042,0.021485382483897742,0.646,0.007960517145971617,-0.027482902061215325,0.045956504993907125,0.658,0.006166034386963735,-0.024259845173937224,0.03789097414057803,0.708,0.0018440736080565267,-0.018547627862812367,0.021273304721381565,0.828
CAID2 Disorder-PDB,caid2,disorder_pdb,SPOT-Disorder2,DED,content,0.012956173157372257,-0.001342915667395117,0.028399304384148435,0.078,0.025815105940657175,-0.0027878970292357502,0.056227948446045006,0.084,0.01870194207804479,-0.007633334955674959,0.04807534741285154,0.16,0.007210404236699726,-0.009029251903352986,0.022602849501918387,0.41
CAID2 Disorder-PDB,caid2,disorder_pdb,SPOT-Disorder-Single,DED,content,-0.019797714916846752,-0.04171636546052912,-0.0006571253152353641,0.04,-0.03945817383324881,-0.07733679327219067,-0.0023136360541991087,0.04,-0.027969893936916,-0.06890672458172448,0.00940371009086261,0.162,-0.0116255358967775,-0.030535145999494473,0.005498753684272188,0.198
CAID2 Disorder-PDB,caid2,disorder_pdb,DisEMBL-dis465,DED,content,-0.1443123968593275,-0.1660939751636045,-0.1228429843184458,0.001,-0.28871089098162894,-0.32997240861926563,-0.24873320169510973,0.001,-0.20426280811888486,-0.24554661331655558,-0.16365023046108879,0.001,-0.0843619855997702,-0.10118912335772878,-0.06775721557486876,0.001
CAID2 Disorder-PDB,caid2,disorder_pdb,DisEMBL-disHL,DED,content,-0.23923224119383787,-0.26504101754537646,-0.21358829367967064,0.001,-0.4782029780986413,-0.5241547104303994,-0.4293510458508982,0.001,-0.33994687105622556,-0.39134883623245725,-0.28804958167915395,0.001,-0.13851761133145016,-0.15741289098403766,-0.11763034884978446,0.001
CAID2 Disorder-PDB,caid2,disorder_pdb,IsUnstruct,DED,content,-0.057117819939542944,-0.07707310895173482,-0.03549328623704501,0.001,-0.11455926365377732,-0.15507937719170067,-0.0742943648306079,0.001,-0.0802994203818024,-0.11749487025116677,-0.0408626216585718,0.001,-0.033936219497283475,-0.05312640468613695,-0.015786630021273187,0.001
CAID2 Disorder-PDB,caid2,disorder_pdb,RONN,DED,content,-0.08160332679693809,-0.10115245546790787,-0.06134772430909705,0.001,-0.16244417370035594,-0.2019703564766403,-0.12312015007821474,0.001,-0.11691772593910178,-0.15471487184215374,-0.07799096134087886,0.001,-0.04628892765477439,-0.06632392046413683,-0.028055418795379473,0.001
CAID2 Disorder-PDB,caid2,disorder_pdb,PreDisorder,DED,content,-0.05189481732536106,-0.07356316266537616,-0.02975158675473345,0.001,-0.10389004966719463,-0.1434505105574325,-0.06456828710981644,0.001,-0.07331961787428996,-0.11493600705032744,-0.03154587272633011,0.001,-0.030470016776432168,-0.04625075862338582,-0.014862874569921893,0.001
CAID2 Disorder-PDB,caid2,disorder_pdb,OPAL,DED,content,-0.25160343565850185,-0.2940142000578015,-0.20859491863980809,0.001,-0.5021736480134656,-0.5844247792663062,-0.4222444736311033,0.001,-0.3612637774394594,-0.4387953726719276,-0.2833860829649733,0.001,-0.1419430938775442,-0.1787067955436637,-0.10909646846230837,0.001
CAID2 Disorder-PDB,caid2,disorder_pdb,pyHCA,DED,content,-0.057309811077666806,-0.08396472246476674,-0.03398981268381265,0.001,-0.11492905605177692,-0.16574116638865014,-0.06819405987041371,0.001,-0.08008564429935787,-0.12956771709343257,-0.03581644149421152,0.001,-0.03453397785597575,-0.06185638442350907,-0.008839511829756539,0.002
CAID2 Disorder-PDB,caid2,disorder_pdb,DeepIDP-2L,DED,content,-0.019422111013204776,-0.04079291865380393,0.0027667559487190223,0.09,-0.038935233612900876,-0.08017149655967665,0.00495170741051726,0.08,-0.026766620452703956,-0.0676852886357111,0.015065744315744365,0.226,-0.012077601573705604,-0.0362175135628065,0.009007217153342077,0.27
CAID2 Disorder-PDB,caid2,disorder_pdb,PredIDR-long,DED,content,0.017273681386393406,0.00014889113978278938,0.03472624357504494,0.05,0.03418062160674866,0.0010531199871995135,0.06793708379894253,0.04,0.025116060095214984,-0.009444637597725094,0.056974731790127506,0.146,0.009431302677571833,-0.005720335388466288,0.026241568323479472,0.26
CAID2 Disorder-PDB,caid2,disorder_pdb,PredIDR-short,DED,content,0.010585914230652433,-0.007711902852674279,0.028204531897899093,0.24,0.02085119848132645,-0.011743304671745487,0.054396264779637646,0.214,0.015533967926447829,-0.01943513830911642,0.04814717279347912,0.386,0.005637860534857036,-0.00933526220095487,0.022144495958842395,0.498
CAID2 Disorder-PDB,caid2,disorder_pdb,AUCpred-profile,DED,content,-0.017003035488797287,-0.03247832255965903,-0.0021846906878605545,0.026,-0.03446527755311642,-0.0652421474392423,-0.004397496710680259,0.022,-0.02332668881785672,-0.05324152178614423,0.003947349586560927,0.098,-0.010679382159737847,-0.028231143994287097,0.005576309657567614,0.188
CAID2 Disorder-PDB,caid2,disorder_pdb,AUCpred-no-profile,DED,content,-0.057568210837952175,-0.07738156547067603,-0.037996907231725774,0.001,-0.11478157974228205,-0.15254493197366772,-0.07851464974518892,0.001,-0.08205103514434779,-0.12068600030637178,-0.046290243834474776,0.001,-0.03308538653155655,-0.0504910081012226,-0.01660641883166945,0.001
CAID2 Disorder-PDB,caid2,disorder_pdb,DisoPred,DED,content,-0.028619972639849025,-0.048914596791305096,-0.0077581486177563126,0.006,-0.05736524428963938,-0.10042524631835589,-0.016809032232221938,0.008,-0.03992787298486195,-0.08113461586770876,-0.0025525236150599475,0.036,-0.017312072294836098,-0.041032320380532825,0.004283169642702816,0.126
CAID2 Disorder-PDB,caid2,disorder_pdb,Dispredict2,DED,content,-0.2601385263397247,-0.3056050590877318,-0.21638282710284903,0.001,-0.5203696418289977,-0.6089941625968086,-0.43563650494909356,0.001,-0.3666956640820141,-0.4442953902052219,-0.2855731482610366,0.001,-0.1535813885974351,-0.20316741438420421,-0.10634038493607123,0.001
CAID2 Disorder-PDB,caid2,disorder_pdb,Dispredict3,DED,content,-0.07156215680846621,-0.09998279391933242,-0.04214542974967249,0.001,-0.14262431209575618,-0.19534745625675864,-0.08833031482200258,0.001,-0.1018495040202529,-0.15969294607481554,-0.04185253078752229,0.001,-0.041274809596679535,-0.06685585102103132,-0.015946949223874372,0.001
CAID2 Disorder-PDB,caid2,disorder_pdb,IDP-Fusion,DED,content,-0.0006411182409045832,-0.015900531658855976,0.015332664142657437,0.928,-0.0009561147846417382,-0.03236679650054927,0.030679007179373913,0.98,-0.000913685092143946,-0.032997148489231944,0.028779586342769573,0.952,-0.00036855138966521915,-0.021535008880397947,0.018530532889610072,0.996
CAID2 Disorder-PDB,caid2,disorder_pdb,rawMSA,DED,content,-0.02922075112457869,-0.06145078963356622,-0.0027556339159165786,0.04,-0.058486437322164055,-0.11518581245047586,-0.007374454195115367,0.028,-0.04065521122534686,-0.10089476802606126,0.01054586748587102,0.124,-0.017786291023810515,-0.0449404815976528,0.005871488900458968,0.164
CAID2 Disorder-PDB,caid2,disorder_pdb,metapredict,DED,content,-0.0014334610739784232,-0.015547212111930322,0.012839552003216483,0.878,-0.0031614951789878123,-0.035164079591937694,0.025472925614022195,0.846,-0.0014032380601197217,-0.029524093174021538,0.02706808556857334,0.924,-0.0014636840878371263,-0.01808858069823881,0.01525150731548696,0.876
CAID2 Disorder-PDB,caid2,disorder_pdb,disomine,DED,content,-0.06978232044854547,-0.10219567482942787,-0.03942483698295453,0.001,-0.13956062636730612,-0.20363929816755263,-0.08130777963960978,0.001,-0.09811378795433555,-0.15620367524730844,-0.04015262160673437,0.002,-0.041450852942755405,-0.07324104044894297,-0.011932341402236186,0.001
CAID2 Disorder-PDB,caid2,disorder_pdb,s2D,DED,content,-0.1848209977402733,-0.2096788999016101,-0.1601240313352747,0.001,-0.37038447632377197,-0.41845647269787906,-0.3230196851283036,0.001,-0.2599046376607803,-0.3086692918010105,-0.21236527618233206,0.001,-0.10973735781976626,-0.12926867775273765,-0.09029562596782717,0.001
CAID2 Disorder-NOX,caid2,disorder_nox,AlphaFold-rsa,AF,literal,0.06578431660554096,0.03698546600701943,0.09469580797723041,0.001,0.10982056114307776,0.05762709241920473,0.1606346439415196,0.001,0.29011461550825857,0.23507754070268164,0.34292864645323085,0.001,-0.15854598229717662,-0.20272813200387757,-0.12309002705860399,0.001
CAID2 Disorder-NOX,caid2,disorder_nox,AIUPred,DED,literal,0.0467061811095127,0.011455008640453644,0.08229444565324517,0.012,0.07727077075417568,0.010927475784593623,0.14571458800621656,0.024,0.27733339325694384,0.20614575649166975,0.3461357833786322,0.001,-0.18392103103791846,-0.2262020412631459,-0.14650513598965298,0.001
CAID2 Disorder-NOX,caid2,disorder_nox,IUPred3,DED,literal,0.04882009404169487,0.011586372203140861,0.08330349367187814,0.014,0.08088397808386574,0.013390747396506926,0.144709663590019,0.022,0.13360014838140113,0.05618582411560425,0.21034037388525886,0.001,-0.0359599602980114,-0.06710671985185139,-0.0064147763660424365,0.014
CAID2 Disorder-NOX,caid2,disorder_nox,ESpritz-D,DED,literal,-0.015720746614829112,-0.07804098294790188,0.04301870859276267,0.612,0.041446681723853414,-0.08109310221062681,0.15692780312395893,0.496,-0.22449191481865904,-0.3393070658348626,-0.1139852037169427,0.001,0.19305042158900085,0.14687404568957704,0.23895278524006286,0.001
CAID2 Disorder-NOX,caid2,disorder_nox,ESpritz-N,DED,literal,-0.009513738463093746,-0.04574432479526851,0.02174536142436814,0.596,-0.014217965756908858,-0.07807068309466988,0.04198526262302165,0.66,-0.03344290241963337,-0.1043928129903769,0.03363133115102569,0.29,0.01441542549344588,-0.01295465685020627,0.04260503340411878,0.326
CAID2 Disorder-NOX,caid2,disorder_nox,ESpritz-X,DED,literal,-0.06844542394313871,-0.11041974809522133,-0.027054833541581374,0.001,-0.0678471924024525,-0.15226460701874014,0.01612628471959755,0.11,-0.3332282091985781,-0.41173856996263686,-0.2623214814812198,0.001,0.19633736131230067,0.15602207500047952,0.23709037008522515,0.001
CAID2 Disorder-NOX,caid2,disorder_nox,MobiDB-lite,DED,literal,0.008191121462511696,-0.031023662003199174,0.04410648842223406,0.672,0.02892053272355883,-0.041243514431766826,0.09473245039063839,0.4,-0.051713749228222076,-0.13056221116261682,0.022905837638098444,0.174,0.06809599215324548,0.041872111523208896,0.09645272474739129,0.001
CAID2 Disorder-NOX,caid2,disorder_nox,flDPnn,DED,literal,-0.026601711123575504,-0.080034325980254,0.027584385001192643,0.344,0.047217507047305984,-0.06175826075738164,0.15678727154412006,0.39,-0.2780085636888597,-0.3800258255202945,-0.17814732483401655,0.001,0.22480514144170868,0.17694867576594292,0.2723630452443319,0.001
CAID2 Disorder-NOX,caid2,disorder_nox,flDPnn2,DED,literal,-0.026211636545032682,-0.08170573703618207,0.03127349913649707,0.378,0.06727792314637697,-0.05521684184668385,0.18180334284674668,0.264,-0.2938295334605899,-0.4034138905437208,-0.18063065659111058,0.001,0.24140626037052448,0.19108721249709698,0.2906600130650012,0.001
CAID2 Disorder-NOX,caid2,disorder_nox,DISOPRED3-diso,DED,literal,0.03212315541527556,-0.006157869942323865,0.067698887020305,0.094,0.04964214711548998,-0.017500731992796868,0.11402940179912516,0.136,0.12470757966585526,0.04758103734468249,0.20505618452354993,0.004,-0.06046126883530416,-0.08643195386891658,-0.03679212024764796,0.001
CAID2 Disorder-NOX,caid2,disorder_nox,SETH-0,DED,literal,0.04895248339040339,0.0189875532607763,0.07600248998003435,0.004,0.08110582583302073,0.028673402132281627,0.13199719857227563,0.004,0.13320440141916867,0.07177290728232776,0.19519611404464085,0.001,-0.035299434638361916,-0.05168733268799067,-0.020548581969364557,0.001
CAID2 Disorder-NOX,caid2,disorder_nox,SETH-1,DED,literal,0.05081617913859796,0.019189197784028594,0.08167584290385718,0.001,0.08434979039509535,0.025022928714415665,0.14503203962865513,0.006,0.13590683181157057,0.06953012915600804,0.20363702453413937,0.001,-0.03427447353437466,-0.05047384535924393,-0.018885830117519316,0.001
CAID2 Disorder-NOX,caid2,disorder_nox,VSL2,DED,literal,0.02793149172759651,-0.006024216549818296,0.06110652858679737,0.108,0.047203789757501585,-0.016291437711593634,0.1099344089942486,0.16,0.28243600344424946,0.21665613284166085,0.3430995096642984,0.001,-0.22657301998905646,-0.26421842681606517,-0.19284573798494636,0.001
CAID2 Disorder-NOX,caid2,disorder_nox,SPOT-Disorder,DED,literal,0.06386708294426692,0.029267026054735957,0.10016052197639443,0.002,0.10400962168569892,0.04177454114655098,0.17054983013800631,0.002,0.22345072387289644,0.15447103730498218,0.2957728725348341,0.001,-0.09571655798436256,-0.1289820933418733,-0.0638729289511959,0.001
CAID2 Disorder-NOX,caid2,disorder_nox,SPOT-Disorder2,DED,literal,0.07844752590257133,0.04451446092802877,0.11247172315450855,0.001,0.13130584015631003,0.06963247249198687,0.19529762293148112,0.001,0.2072400016281054,0.13773976761338425,0.2824057011650876,0.001,-0.05034494982296272,-0.07237417201323061,-0.0302497303635079,0.001
CAID2 Disorder-NOX,caid2,disorder_nox,SPOT-Disorder-Single,DED,literal,0.026087174156714434,-0.018066643654949952,0.0666765402583446,0.222,0.05721291845320936,-0.01974545354689058,0.12940862417231583,0.14,-0.0023861123915439307,-0.08739203214240965,0.07523633078186162,0.97,0.0545604607049728,0.025951131885117617,0.08285726705583601,0.002
CAID2 Disorder-NOX,caid2,disorder_nox,DisEMBL-dis465,DED,literal,-0.049139668401645895,-0.0871344628920966,-0.012941424882734528,0.006,-0.0711811197412714,-0.13897035128876492,-0.006075774631783687,0.034,-0.1869437293592016,-0.26306719802023565,-0.12214259027890427,0.001,0.08866439255590981,0.05739241139156366,0.12017149443032507,0.001
CAID2 Disorder-NOX,caid2,disorder_nox,DisEMBL-disHL,DED,literal,-0.143733879482585,-0.18485880862880577,-0.10355986929231288,0.001,-0.2634606605634159,-0.34091631860677646,-0.18960592456533637,0.001,-0.5747373249695482,-0.6390283687390103,-0.515059489323406,0.001,0.2872695660043782,0.23792618871804114,0.3338433455530513,0.001
CAID2 Disorder-NOX,caid2,disorder_nox,IsUnstruct,DED,literal,0.03584334961625825,0.0008318146022209268,0.06917822452856134,0.048,0.05408848298362047,-0.011240582827375263,0.11714193008277811,0.096,0.20095948476942474,0.13331061334931646,0.26437970778130143,0.001,-0.1292727855369082,-0.16667505168447705,-0.09691828788085181,0.001
CAID2 Disorder-NOX,caid2,disorder_nox,RONN,DED,literal,0.01885714713690408,-0.012913744935094522,0.04832185093432277,0.28,0.023857532033073673,-0.03661483156313814,0.08027596383332618,0.438,0.17711018864853484,0.1104932793991379,0.2371436092885824,0.001,-0.13939589437472671,-0.17123429410209418,-0.11142228814776711,0.001
CAID2 Disorder-NOX,caid2,disorder_nox,PreDisorder,DED,literal,0.039767656341585154,0.005018745856537647,0.07318218454777387,0.034,0.06444668494250719,0.0002815056607894611,0.12820019894693002,0.05,0.26587250015872543,0.1943130743660484,0.33499839816045685,0.001,-0.18633718747555514,-0.20876037853754148,-0.16425603502771274,0.001
CAID2 Disorder-NOX,caid2,disorder_nox,OPAL,DED,literal,-0.03225821880124281,-0.07955273589775227,0.016400206397317586,0.19,-0.06395618357074707,-0.15305957949135235,0.022385271664089865,0.164,0.18375145152672717,0.09703620040278098,0.2721551085749135,0.001,-0.2482678891292128,-0.30750495329653105,-0.19220734311113838,0.001
CAID2 Disorder-NOX,caid2,disorder_nox,pyHCA,DED,literal,-0.03201086874744856,-0.08726220153392315,0.025586136982299442,0.28,0.0057266794050455615,-0.09943679845595016,0.116447103349234,0.94,-0.2530799669462385,-0.36747791031636773,-0.13965649866660199,0.001,0.18905822945134143,0.14682655493376315,0.23382989834850823,0.001
CAID2 Disorder-NOX,caid2,disorder_nox,DeepIDP-2L,DED,literal,0.04440838346453276,0.010143238136640947,0.07826322052393796,0.01,0.06933221454845587,0.00860258223510699,0.12895176447802648,0.024,0.18238132544490593,0.11869057830603716,0.2424329946581766,0.001,-0.09356455851584042,-0.12769341547678256,-0.06220526925601683,0.001
CAID2 Disorder-NOX,caid2,disorder_nox,PredIDR-long,DED,literal,0.054094158421147655,0.022156375360368522,0.0846458757998044,0.001,0.09181857816095902,0.03284444463242292,0.14936873925391667,0.001,0.2998244614676464,0.23572265242138257,0.35978714513379956,0.001,-0.1916361446253511,-0.2225664354157049,-0.16206494397664378,0.001
CAID2 Disorder-NOX,caid2,disorder_nox,PredIDR-short,DED,literal,0.05020570638542419,0.019188950534435378,0.08080853458529598,0.002,0.08533896504655218,0.029075730370899326,0.14226043961361998,0.002,0.29863117662040983,0.2357767964923473,0.3583352869459704,0.001,-0.1982197638495615,-0.2278059378033308,-0.17050053062284307,0.001
CAID2 Disorder-NOX,caid2,disorder_nox,AUCpred-profile,DED,literal,0.041041394438258265,0.009248752270030428,0.06982813384289517,0.012,0.0648715161378877,0.0061122306139666585,0.11779886016017066,0.02,0.14323999220643907,0.08073134903435328,0.20060930743949199,0.001,-0.06115720332992254,-0.08699865722662199,-0.03699183694750836,0.001
CAID2 Disorder-NOX,caid2,disorder_nox,AUCpred-no-profile,DED,literal,0.006385883752197469,-0.02813540181834341,0.03955343648835252,0.702,0.01520733395442072,-0.048797007859038406,0.0747961007987196,0.63,-0.009998560130930586,-0.07948152312907392,0.056891752272501865,0.768,0.022770327635325525,-0.005887236136282069,0.05066215467251266,0.14
CAID2 Disorder-NOX,caid2,disorder_nox,DisoPred,DED,literal,0.0830254925643975,0.0451350923569208,0.12054464128420775,0.001,0.14530628857918698,0.07634213385768963,0.2139966405340783,0.001,0.16131690913128713,0.08712595987364652,0.2364989866927897,0.001,0.004734075997507874,-0.025257432065561573,0.03419432929106369,0.756
CAID2 Disorder-NOX,caid2,disorder_nox,Dispredict2,DED,literal,-0.11595163244099206,-0.1651859487345322,-0.06722870418147106,0.001,-0.20964838808924305,-0.3065140678974645,-0.11345851611796469,0.001,-0.26374499281314306,-0.350121464800465,-0.17457133731823776,0.001,0.031841727931158935,-0.01725270589693358,0.08190221082105552,0.234
CAID2 Disorder-NOX,caid2,disorder_nox,Dispredict3,DED,literal,-0.018960798497028756,-0.07628803108363152,0.03722796001186998,0.51,0.051608798216806376,-0.054660878959790674,0.1604782349138703,0.376,-0.25122420601589407,-0.3642812042532266,-0.13717553219641074,0.001,0.2133026090218366,0.16456774716367426,0.2617643396639191,0.001
CAID2 Disorder-NOX,caid2,disorder_nox,IDP-Fusion,DED,literal,0.07979141299947604,0.046785983684181714,0.11175689862665909,0.001,0.13270221027295415,0.07269002463443594,0.19346376030870135,0.001,0.2766773651160353,0.21518731067392896,0.3422383040204189,0.001,-0.1170945391170832,-0.14640178089318748,-0.08844340670289133,0.001
CAID2 Disorder-NOX,caid2,disorder_nox,rawMSA,DED,literal,0.0745790227745687,0.02241522393634848,0.11934464340306916,0.006,0.1268506342560275,0.03306654837768806,0.20843300311807456,0.006,0.17436944160930004,0.0679305453823034,0.2718249321342078,0.001,-0.02521139606016265,-0.05977054427003985,0.009150418152659321,0.156
CAID2 Disorder-NOX,caid2,disorder_nox,metapredict,DED,literal,0.07823911919552412,0.04771278501733088,0.10876408608199725,0.001,0.12963376186746864,0.07152558817906934,0.1878182128662588,0.001,0.23520839667648813,0.17264328551058228,0.3007858395156836,0.001,-0.0787301582854399,-0.09968042980903215,-0.05935751400598781,0.001
CAID2 Disorder-NOX,caid2,disorder_nox,disomine,DED,literal,0.003411359672258818,-0.05303735936151476,0.0690343760657279,0.926,0.05378083922265487,-0.06231592682038753,0.17135323255693197,0.364,-0.1457722740659782,-0.2647181747814499,-0.020712184614461317,0.03,0.15259499341049584,0.10570885727843325,0.20146274173208353,0.001
CAID2 Disorder-NOX,caid2,disorder_nox,s2D,DED,literal,-0.02258342672736329,-0.05537082968068061,0.007737411266171227,0.136,-0.044441073999436836,-0.10753429307020296,0.011769026538003553,0.124,0.21165108513846043,0.15082556970340336,0.26992524389962064,0.001,-0.256817938593187,-0.2779471477177732,-0.23406987038534527,0.001
CAID2 Disorder-NOX,caid2,disorder_nox,AlphaFold-rsa,AF,calibrated,0.010900291441457469,-0.008802252791245226,0.02935896020119939,0.284,0.0181041631359396,-0.017051835796138233,0.05072513448986716,0.31,-0.034165524045744515,-0.07436085443061277,0.0027424059681516928,0.074,0.055966106928659456,0.03498555856721152,0.07687386045411482,0.001
CAID2 Disorder-NOX,caid2,disorder_nox,AIUPred,DED,calibrated,-0.0007861596667677633,-0.0318895436644072,0.03170657812674597,0.968,-0.0013143567717597588,-0.05533082024027135,0.057293741150468376,0.974,-0.08187762063454505,-0.1394526488393198,-0.023244277048820053,0.01,0.08030530130100953,0.047224827756990446,0.1105353663017414,0.001
CAID2 Disorder-NOX,caid2,disorder_nox,IUPred3,DED,calibrated,-0.010988228368066668,-0.04057279962203242,0.017367301167064437,0.458,-0.01542495643315053,-0.06349727673747836,0.035571887947767375,0.554,-0.14477696000283952,-0.19960888846244818,-0.09364687981303074,0.001,0.12280050326670619,0.09000755364825402,0.15186748424910645,0.001
CAID2 Disorder-NOX,caid2,disorder_nox,ESpritz-D,DED,calibrated,0.003983048082911549,-0.03132087196328993,0.041465454977575464,0.846,0.00743418398135336,-0.05460717572214795,0.07423627129911471,0.84,0.004438061970393048,-0.05078772418619065,0.06259219973692638,0.882,0.0035280341954300443,-0.055113179796820726,0.05499797105461498,0.874
CAID2 Disorder-NOX,caid2,disorder_nox,ESpritz-N,DED,calibrated,-0.03904517751064762,-0.06469916426535867,-0.012205217970819261,0.002,-0.06883572319884289,-0.11288846372169924,-0.021622649102086406,0.004,-0.047576101965309335,-0.09075418639868879,-0.0034142365285968505,0.04,-0.030514253055985912,-0.06117050407937501,0.00016325408555025825,0.052
CAID2 Disorder-NOX,caid2,disorder_nox,ESpritz-X,DED,calibrated,-0.03514058446419821,-0.06581191379543304,-0.004871179703616559,0.022,-0.061506501349576706,-0.1170793718939889,-0.008439360488352017,0.022,-0.15501103651942091,-0.20987922283101562,-0.10245028588111314,0.001,0.0847298675910245,0.053791869381806606,0.11706999056957762,0.001
CAID2 Disorder-NOX,caid2,disorder_nox,MobiDB-lite,DED,calibrated,-0.015517343429232467,-0.04067493547891737,0.009499644298812983,0.23,-0.02732565609494448,-0.07033106818879777,0.017709978096786674,0.224,-0.11155436795620305,-0.1552327205511864,-0.06738623452244775,0.001,0.08051968109773813,0.053430772969525434,0.10679299444449718,0.001
CAID2 Disorder-NOX,caid2,disorder_nox,flDPnn,DED,calibrated,0.002201095377937633,-0.027324593744939472,0.03133147905930013,0.912,0.003187429455725285,-0.049813780317338505,0.055193332364973334,0.936,-0.008586057246461694,-0.0568188322000594,0.04311572910784871,0.744,0.012988248002336956,-0.02990713386959816,0.05534380738414591,0.534
CAID2 Disorder-NOX,caid2,disorder_nox,flDPnn2,DED,calibrated,0.014342583085053602,-0.018571334781185143,0.047372131343528995,0.368,0.026054982443351533,-0.03359722475270017,0.08336006315535352,0.372,-0.07448593865978838,-0.13404267197967162,-0.0102972182155581,0.02,0.10317110482989557,0.06427427614013263,0.14064859134919153,0.001
CAID2 Disorder-NOX,caid2,disorder_nox,DISOPRED3-diso,DED,calibrated,-0.02116303736733596,-0.044940425962583117,0.0012364313721583801,0.066,-0.03853592251477087,-0.07888940898676082,0.0008468425821706869,0.056,-0.06393984818404197,-0.10665820147248206,-0.025150223327472826,0.002,0.02161377344937005,-0.01021323883691734,0.04799216454456412,0.138
CAID2 Disorder-NOX,caid2,disorder_nox,SETH-0,DED,calibrated,0.018807586751436206,0.006123004309641228,0.031225138504422253,0.002,0.032835494083156065,0.00978163929872292,0.05575968323043592,0.002,0.012224773264709398,-0.009350855333394645,0.033784744007523904,0.266,0.025390400238163004,0.008429734237214465,0.04291501595404251,0.002
CAID2 Disorder-NOX,caid2,disorder_nox,SETH-1,DED,calibrated,0.007724933477720143,-0.0075821895824469965,0.022546351168438478,0.316,0.012651686671488483,-0.01367703580249255,0.03960670242753108,0.346,-0.018520834376171563,-0.0405469973481447,0.004386805680071411,0.102,0.03397070133161185,0.014266874208484789,0.05251512543805696,0.001
CAID2 Disorder-NOX,caid2,disorder_nox,VSL2,DED,calibrated,-0.020705578664424296,-0.047621174032226085,0.007126921111165454,0.162,-0.0375871300152853,-0.08507482419568363,0.011766597551156296,0.154,-0.05093675237028326,-0.09566121256326555,-0.002846152817151151,0.042,0.009525595041434683,-0.03015959551626209,0.041103484244670266,0.576
CAID2 Disorder-NOX,caid2,disorder_nox,SPOT-Disorder,DED,calibrated,0.005780829736656631,-0.015359707360427022,0.027628772883919607,0.59,0.009509108214776556,-0.028035984505324928,0.047726413224663373,0.628,-0.01650571187930964,-0.054002692968689946,0.019183949687941373,0.364,0.028067371352622904,-0.002879221240033025,0.060326108220156015,0.082
CAID2 Disorder-NOX,caid2,disorder_nox,SPOT-Disorder2,DED,calibrated,0.03036496676450793,0.01528573701664901,0.046409972009588636,0.001,0.0528955303657729,0.02581828776997969,0.08249670145563658,0.001,0.0023302669269635408,-0.027073928497371363,0.03035115136820486,0.856,0.05839966660205232,0.03936361633972586,0.07736980340830482,0.001
CAID2 Disorder-NOX,caid2,disorder_nox,SPOT-Disorder-Single,DED,calibrated,0.005958759117622839,-0.018164682864124766,0.029722855175554307,0.634,0.009630998992448106,-0.0324806761113542,0.05074022811450241,0.674,-0.04417610555727145,-0.0893854219834839,0.00018431192521415642,0.052,0.056093623792517124,0.02987037877942312,0.08175664502946882,0.001
CAID2 Disorder-NOX,caid2,disorder_nox,DisEMBL-dis465,DED,calibrated,-0.07680735014066027,-0.10478267819603103,-0.047606256797515435,0.001,-0.13712185214614062,-0.18685896002153038,-0.08535170654331468,0.001,-0.1926965961233293,-0.23750642842460587,-0.1443116525103408,0.001,0.03908189584200873,0.006133049235245567,0.07228476044527567,0.024
CAID2 Disorder-NOX,caid2,disorder_nox,DisEMBL-disHL,DED,calibrated,-0.11079393185082612,-0.14033848274500363,-0.07982644304039752,0.001,-0.19130247606511422,-0.24492273959115438,-0.13937318959685602,0.001,-0.06550567426931406,-0.11146870168258301,-0.020249539577619807,0.002,-0.15608218943233818,-0.1957001169568012,-0.11684760992208108,0.001
CAID2 Disorder-NOX,caid2,disorder_nox,IsUnstruct,DED,calibrated,-0.02319437143301704,-0.04851005324781198,0.003909103371367348,0.106,-0.04236294212608635,-0.08800042926314273,0.006140924096881756,0.102,-0.08664599422634109,-0.13070368367346533,-0.04234407740627494,0.001,0.04025725136030701,0.0027727494796484452,0.07096091437826835,0.04
CAID2 Disorder-NOX,caid2,disorder_nox,RONN,DED,calibrated,-0.039628956906015006,-0.06520614226485448,-0.015165683910065998,0.002,-0.07166761946924041,-0.11656572461501215,-0.02814592730967969,0.002,-0.10604765546374166,-0.14671987796482072,-0.06317583153007686,0.001,0.026789741651711652,-0.005963523639067749,0.05391870216116995,0.116
CAID2 Disorder-NOX,caid2,disorder_nox,PreDisorder,DED,calibrated,-0.013995893558217993,-0.03804377269942624,0.009223702567402955,0.256,-0.025878189443186216,-0.06738427236490936,0.015344536377757333,0.234,-0.045213819079845396,-0.08662155694439118,-0.00015841241930841245,0.05,0.017222031963409407,-0.006498600056939793,0.04032790352014865,0.142
CAID2 Disorder-NOX,caid2,disorder_nox,OPAL,DED,calibrated,-0.09139873155113133,-0.1430500193521034,-0.04041450736195627,0.001,-0.15940896624529297,-0.26007592634521526,-0.06357219075714969,0.001,-0.06751777480931172,-0.15089256408422744,0.026706496949492897,0.156,-0.11527968829295096,-0.1758583531880968,-0.058300694319941525,0.001
CAID2 Disorder-NOX,caid2,disorder_nox,pyHCA,DED,calibrated,-0.011371443719136206,-0.04180455766639752,0.018940161506202206,0.486,-0.020412679725682628,-0.07532755703753105,0.03171332008150564,0.458,-0.09430523520847217,-0.15069973742092022,-0.0381537914211136,0.001,0.07156234777019974,0.040893650561474114,0.10241261567181366,0.001
CAID2 Disorder-NOX,caid2,disorder_nox,DeepIDP-2L,DED,calibrated,-0.023073674668942248,-0.06350503454495868,0.015367869243757453,0.282,-0.0072880200560617526,-0.08049378087986257,0.06071497346487719,0.868,-0.29411150721991386,-0.37601308076986284,-0.224874425386384,0.001,0.24796415788202933,0.2103889945852763,0.28451918786212965,0.001
CAID2 Disorder-NOX,caid2,disorder_nox,PredIDR-long,DED,calibrated,-0.0029010987606350467,-0.022582346060556088,0.018792711844909653,0.788,-0.0033577702409777555,-0.038329169210737965,0.03491150710230787,0.854,0.016062541235267964,-0.020901560440963234,0.05261855336258664,0.388,-0.02186473875653806,-0.049617769146369006,0.006350658901428552,0.116
CAID2 Disorder-NOX,caid2,disorder_nox,PredIDR-short,DED,calibrated,-0.007612660185024597,-0.027275013567150744,0.013839395274906803,0.464,-0.010018504642341823,-0.04419483329616971,0.02772983293508394,0.568,0.026832972822321846,-0.007293429674847348,0.06348790838739689,0.146,-0.04205829319237104,-0.06743877408377076,-0.014855062037854307,0.001
CAID2 Disorder-NOX,caid2,disorder_nox,AUCpred-profile,DED,calibrated,-0.0027317233326226414,-0.019557467840370227,0.014638739777295027,0.756,-0.0049322772040757915,-0.03537012709545247,0.025228684657407196,0.762,-0.0060665920417133454,-0.03685126307501742,0.024429045848876965,0.706,0.0006031453764680668,-0.021508432666217096,0.02228568358855926,0.97
CAID2 Disorder-NOX,caid2,disorder_nox,AUCpred-no-profile,DED,calibrated,-0.025618453877724563,-0.04516184872007029,-0.005228658942307968,0.008,-0.04295020404534895,-0.07824201896523061,-0.00678651086224465,0.01,-0.0022311165275629157,-0.03634019544727997,0.033261724820629696,0.866,-0.0490057912278862,-0.07138986461160172,-0.02613863227167205,0.001
CAID2 Disorder-NOX,caid2,disorder_nox,DisoPred,DED,calibrated,0.026097778146992823,0.0006297458044688732,0.05098406652824015,0.038,0.049920003402088575,0.007554987865618361,0.09399262109152527,0.01,-0.08003092142527919,-0.1229367386611995,-0.03902720571925688,0.001,0.13222647771926482,0.10250055019561236,0.16227258267051317,0.001
CAID2 Disorder-NOX,caid2,disorder_nox,Dispredict2,DED,calibrated,-0.19536387217659001,-0.22956157124670193,-0.15708370849890133,0.001,-0.2694392781493262,-0.356992107782438,-0.1728200137219148,0.001,-0.8236611328273227,-0.8692838543134448,-0.764776119694979,0.001,0.4329333884741428,0.38236074733741504,0.4851886607046528,0.001
CAID2 Disorder-NOX,caid2,disorder_nox,Dispredict3,DED,calibrated,0.009393985433138111,-0.020036906599534644,0.03779136711030119,0.55,0.017196604021318854,-0.034321692074046194,0.06784830203041743,0.522,0.018791705707288324,-0.03160789273543873,0.07252622462792087,0.476,-3.7348410121010865e-06,-0.047036160560132614,0.04160561204641652,0.994
CAID2 Disorder-NOX,caid2,disorder_nox,IDP-Fusion,DED,calibrated,0.020574294041280135,-0.012592863420089301,0.05010345159051288,0.198,0.04140391646598791,-0.016069612331924818,0.09319451191089552,0.154,-0.09948189350954979,-0.16193567162390934,-0.04655162632225476,0.001,0.14063048159211008,0.11425494014605189,0.1678992423253855,0.001
CAID2 Disorder-NOX,caid2,disorder_nox,rawMSA,DED,calibrated,0.01869044228463902,-0.02490185492830476,0.058994397909711,0.378,0.04585821945408989,-0.028380131906287673,0.11675674248191933,0.23,-0.14378037447736086,-0.231373347572438,-0.06404328155874803,0.001,0.18116125904663885,0.14066568145465078,0.22252185503401467,0.001
CAID2 Disorder-NOX,caid2,disorder_nox,metapredict,DED,calibrated,0.020737791946535026,0.0039278937761380115,0.03751119435026759,0.02,0.03584096836486921,0.00650532531433867,0.0660601693110882,0.022,-0.00463324444762989,-0.03589304854378904,0.02312109024655042,0.78,0.046108828340699945,0.0257488601785856,0.06722238964895988,0.001
CAID2 Disorder-NOX,caid2,disorder_nox,disomine,DED,calibrated,0.011188341380747284,-0.02059387520755778,0.0427574568113105,0.492,0.02074836512331003,-0.0349992078879053,0.07712568141701195,0.474,0.0218390290878972,-0.041751300825679294,0.0811466239990778,0.47,0.0005376536735973687,-0.041144480791758614,0.04731192466008822,0.99
CAID2 Disorder-NOX,caid2,disorder_nox,s2D,DED,calibrated,-0.08465042959383103,-0.1062590561835205,-0.06301382687043305,0.001,-0.13726912354211043,-0.17745726995611183,-0.09765222334198635,0.001,0.008904092412696716,-0.025175507085504235,0.0450693188435121,0.606,-0.1782049516003588,-0.20538875846785484,-0.15108333667335003,0.001
CAID2 Disorder-NOX,caid2,disorder_nox,AlphaFold-rsa,AF,content,0.01854449252201998,-0.017987792567506416,0.05516048967659056,0.3,0.03720485892362818,-0.02969815350411759,0.10493931631163736,0.278,0.02756139733675342,-0.0473845694688328,0.09914831462621525,0.446,0.009527587707286539,-0.017032638950869112,0.034349323540128256,0.482
CAID2 Disorder-NOX,caid2,disorder_nox,AIUPred,DED,content,0.0642645542731592,0.013108689013599885,0.10956148383283018,0.018,0.12888671462179283,0.035287811466075195,0.21809711320915956,0.01,0.09375751933861567,-0.006560724326829519,0.18566440954242305,0.07,0.03477158920770274,0.0009478024993851226,0.06950311317160798,0.044
CAID2 Disorder-NOX,caid2,disorder_nox,IUPred3,DED,content,0.05996722917154962,0.01107829642999536,0.10501340477835766,0.02,0.12017394664137933,0.03052218132639091,0.20747129120587826,0.01,0.08760699347445658,-0.01224332954841468,0.18109291219669532,0.076,0.03232746486864269,0.0010325636593627252,0.06408553207001524,0.05
CAID2 Disorder-NOX,caid2,disorder_nox,ESpritz-D,DED,content,0.08478939648928029,0.017312908233011567,0.14902233292582234,0.008,0.169628371845465,0.0435361000530646,0.29309213278880775,0.008,0.12364107366252464,-0.003610630780547222,0.2553418332061654,0.058,0.045937719316035956,0.0010498393347771072,0.09088708700258599,0.05
CAID2 Disorder-NOX,caid2,disorder_nox,ESpritz-N,DED,content,0.01835533115773329,-0.02278263143466555,0.056777849439145905,0.388,0.036997392384903745,-0.03905275277608857,0.11042054803334625,0.384,0.026720300618927877,-0.05114372168911852,0.10948279207626228,0.506,0.009990361696538701,-0.0214436586612426,0.04172839928819293,0.554
CAID2 Disorder-NOX,caid2,disorder_nox,ESpritz-X,DED,content,0.03502527585377909,-0.012144307031251932,0.07862785675857456,0.142,0.07030256663231418,-0.02117205873900518,0.1565751610958917,0.13,0.05053709550093917,-0.037734618265611204,0.13499669141726223,0.254,0.019513456206619026,-0.016011393422434513,0.05512236871360703,0.286
CAID2 Disorder-NOX,caid2,disorder_nox,MobiDB-lite,DED,content,0.02963873402100237,-0.016826701989231644,0.07703474323855497,0.224,0.07976590512604173,-0.014213155813223022,0.1707803586372252,0.088,-0.013616928521442003,-0.10531927013556934,0.07930852595330305,0.778,0.07289439656344676,0.043591020166295874,0.10235017774603512,0.001
CAID2 Disorder-NOX,caid2,disorder_nox,flDPnn,DED,content,0.08213357929373574,0.03320547301443163,0.13316719641851657,0.001,0.16331081922736818,0.07506459407148913,0.2551269622613644,0.001,0.12095771390437587,0.02609819136447172,0.2320125905732313,0.012,0.04330944468309559,0.003552785315297208,0.08243800713584032,0.036
CAID2 Disorder-NOX,caid2,disorder_nox,flDPnn2,DED,content,0.08764331057501958,0.03571689644500221,0.14186870776417226,0.002,0.174550649564538,0.0802404863027253,0.2724563525792394,0.001,0.12806062012551359,0.023311546901617432,0.24843512517383853,0.012,0.04722600102452553,0.007046138774608757,0.08836879005875647,0.024
CAID2 Disorder-NOX,caid2,disorder_nox,DISOPRED3-diso,DED,content,0.009131596661337152,-0.03962366091834475,0.058131189382649426,0.71,0.019433725878471714,-0.07137364171870783,0.11211813412576431,0.694,0.01013317559811459,-0.09146271388955232,0.10608842066218928,0.85,0.008130017724559718,-0.021069093156382734,0.037719806308943865,0.574
CAID2 Disorder-NOX,caid2,disorder_nox,SETH-0,DED,content,0.026218649618651533,-0.009320584560280825,0.06106004063007713,0.138,0.052901780085075074,-0.017083170962581447,0.11943686936590886,0.114,0.037489977292346766,-0.034535755741087366,0.10966810618801989,0.288,0.014947321944956304,-0.010631991529358372,0.03923652415287022,0.264
CAID2 Disorder-NOX,caid2,disorder_nox,SETH-1,DED,content,0.03671151298608679,-0.006044044496222351,0.07693450301208478,0.08,0.07333882621291363,-0.004683035210695323,0.14995572632462703,0.066,0.05439802689689461,-0.030960991379682796,0.1355504784744098,0.184,0.01902499907527897,-0.005499209012239081,0.04409923934380849,0.144
CAID2 Disorder-NOX,caid2,disorder_nox,VSL2,DED,content,0.03050241314449107,-0.011845805060670324,0.07309126256211435,0.174,0.06137889265906083,-0.019087783437874102,0.14652658449750955,0.14,0.04402548889206853,-0.0424742860226263,0.12946556226104497,0.306,0.016979337396913617,-0.014770421466646833,0.05044568385684015,0.264
CAID2 Disorder-NOX,caid2,disorder_nox,SPOT-Disorder,DED,content,0.04560981959937512,-0.011916185139230814,0.09958887321230173,0.1,0.09188054661122441,-0.012940672818130283,0.19234719657373606,0.08,0.06596305296897091,-0.04026359974094958,0.17276799279571603,0.228,0.025256586229779342,-0.00821098552529009,0.06190671828895808,0.18
CAID2 Disorder-NOX,caid2,disorder_nox,SPOT-Disorder2,DED,content,0.0379100088059143,-0.015559115380792467,0.08957336272282201,0.156,0.07621686610142087,-0.02167964206131628,0.17606824929230475,0.126,0.055366118624360826,-0.05448094272124179,0.15780265808658347,0.308,0.020453898987467765,-0.014336151074424389,0.054512506491325684,0.228
CAID2 Disorder-NOX,caid2,disorder_nox,SPOT-Disorder-Single,DED,content,0.05327600946252457,0.0028091424757803827,0.10234872012312904,0.038,0.10676092110573858,0.010540918228107867,0.20136090943673332,0.028,0.0777602002491759,-0.023857568192000717,0.17587224986604866,0.128,0.028791818675873243,-0.003673430878045039,0.06111467633406906,0.084
CAID2 Disorder-NOX,caid2,disorder_nox,DisEMBL-dis465,DED,content,0.006635791672447407,-0.03534575272891298,0.04746093707496114,0.748,0.013399571431349674,-0.0657732778309048,0.09040851031160223,0.73,0.00904100260086097,-0.07265868121433494,0.08603899274994747,0.814,0.0042305807440338496,-0.02244639799151652,0.030142112607313223,0.764
CAID2 Disorder-NOX,caid2,disorder_nox,DisEMBL-disHL,DED,content,-0.025528619847289897,-0.0750856559648859,0.019690259134252527,0.292,-0.05114528128617161,-0.1448567588186877,0.036213168918987904,0.282,-0.0370271863067372,-0.13428505626086254,0.05643265194773573,0.434,-0.014030053387842585,-0.05136239561280663,0.022349506693388175,0.454
CAID2 Disorder-NOX,caid2,disorder_nox,IsUnstruct,DED,content,0.029693136737138658,-0.0130248144893444,0.07038955484484999,0.188,0.05947586352874957,-0.02432077315234133,0.13840371652551547,0.164,0.043340838521454046,-0.04092305015329689,0.12420223276639958,0.3,0.016045434952823272,-0.012555775638860834,0.04437187174769498,0.286
CAID2 Disorder-NOX,caid2,disorder_nox,RONN,DED,content,0.02355887733436654,-0.017564965856375445,0.06341731796555512,0.274,0.050676589681591895,-0.02771452918955571,0.12630517525950485,0.22,0.022312949851985904,-0.05999614850638187,0.10306737649474824,0.58,0.02480480481674717,-0.0024114635196213537,0.05166660641484301,0.084
CAID2 Disorder-NOX,caid2,disorder_nox,PreDisorder,DED,content,0.03378852297802455,-0.013457225210999313,0.08079491667280844,0.172,0.06746820849788474,-0.02082811633452419,0.1557487610793604,0.144,0.050065106870225314,-0.044268662228176055,0.1433038531307044,0.306,0.017511939085823797,-0.01298490964396421,0.045202156662222735,0.224
CAID2 Disorder-NOX,caid2,disorder_nox,OPAL,DED,content,-0.00899881182797067,-0.05663311966036541,0.040389453780213816,0.698,-0.018336206379195943,-0.11212413677108139,0.07906636639564768,0.702,-0.014161007236354077,-0.10383544732687498,0.078705970660869,0.768,-0.003836616419587262,-0.05664284579371097,0.048604263452658114,0.876
CAID2 Disorder-NOX,caid2,disorder_nox,pyHCA,DED,content,0.05937444810254423,-0.0006436670164372048,0.11939880454531888,0.056,0.1183455829026806,0.008763847145491424,0.22897754538695633,0.032,0.08771259645768396,-0.034219248371273533,0.20812342618965057,0.158,0.031036299747404534,-0.005811370415441363,0.06508152583543071,0.092
CAID2 Disorder-NOX,caid2,disorder_nox,DeepIDP-2L,DED,content,0.08299052265256586,0.033833756357089004,0.13042067504940907,0.001,0.16606368568389232,0.07443558771475714,0.2554281884865067,0.001,0.1205609807943872,0.02031464432284633,0.21790569071142066,0.014,0.04542006451074449,0.009401494869774114,0.07874186068768406,0.018
CAID2 Disorder-NOX,caid2,disorder_nox,PredIDR-long,DED,content,-0.0022687790041704386,-0.04623862025632668,0.03935835428711354,0.904,-0.004366896719413237,-0.08875093691950374,0.07640771341860322,0.91,-0.003137568948438063,-0.09366013841365774,0.0837587307713866,0.94,-0.0013999890599028081,-0.027691453497689648,0.025431761889351343,0.896
CAID2 Disorder-NOX,caid2,disorder_nox,PredIDR-short,DED,content,-0.0007477011006552319,-0.04200218461483148,0.0395443206816859,0.964,-0.000916098887289954,-0.08124470350942728,0.07652159530042782,0.97,-0.003115864311249581,-0.08761870033368879,0.07785511567226237,0.954,0.0016204621099391212,-0.024116743980064567,0.027084724972754593,0.898
CAID2 Disorder-NOX,caid2,disorder_nox,AUCpred-profile,DED,content,-0.09300766776276584,-0.1296529865655861,-0.05813702514251317,0.001,-0.1857352210235879,-0.2590574357728145,-0.11408174343068382,0.001,-0.4060808947337011,-0.4700740642034355,-0.3481861311753717,0.001,0.22006555920816945,0.18084883079032443,0.257675143492172,0.001
CAID2 Disorder-NOX,caid2,disorder_nox,AUCpred-no-profile,DED,content,0.03117310676992414,-0.013809292317964387,0.07333856118142214,0.192,0.06221506965986535,-0.02384755875478774,0.14341709853415163,0.176,0.04622657817679339,-0.04189184766525417,0.1305263542391517,0.298,0.016119635363054895,-0.018159571258731598,0.048636774868193906,0.338
CAID2 Disorder-NOX,caid2,disorder_nox,DisoPred,DED,content,0.089903297699106,0.0371195164407016,0.14108778279882064,0.001,0.17985593275343376,0.08020223977259662,0.27703683283029085,0.001,0.13125192718024276,0.027823895070191552,0.23186584932406684,0.012,0.04855466821796924,0.014172672156010318,0.07957716516043072,0.002
CAID2 Disorder-NOX,caid2,disorder_nox,Dispredict2,DED,content,-0.06532492873845439,-0.10759965077045372,-0.017804437996866308,0.01,-0.1307615202890273,-0.2177907910515011,-0.0353608163731987,0.012,-0.0941783793685583,-0.1750135575853846,-0.006347347716153215,0.036,-0.03647147810835047,-0.08544367144801686,0.013041267498834538,0.15
CAID2 Disorder-NOX,caid2,disorder_nox,Dispredict3,DED,content,0.07751277643824392,0.023857650796930065,0.13510035406051854,0.01,0.15431906295350323,0.05722117897697176,0.2594630793277527,0.008,0.11383702362906174,-0.002297097958435032,0.2303126484331691,0.054,0.041188529247426116,-0.004033426805198361,0.08859975431407897,0.08
CAID2 Disorder-NOX,caid2,disorder_nox,IDP-Fusion,DED,content,0.08315542416337479,0.032180826111523265,0.13330522114236787,0.001,0.1667387928244665,0.07158213221108471,0.2620382812751476,0.001,0.12019731804900094,0.015824648370508943,0.22512228406945253,0.02,0.04611353027774863,0.009916460809539035,0.07992318376708676,0.01
CAID2 Disorder-NOX,caid2,disorder_nox,rawMSA,DED,content,0.10087657751786731,0.038789820353675876,0.1581152162116585,0.006,0.20238277483207456,0.08400973583116904,0.31189759192303407,0.004,0.14673585533520334,0.015519730328272674,0.2657490710295065,0.03,0.05501729970053134,0.008041453810989302,0.10007070003746689,0.02
CAID2 Disorder-NOX,caid2,disorder_nox,metapredict,DED,content,0.03809049047893777,-0.00412715435492843,0.0826487445969154,0.076,0.07656417088897016,-0.001888437282728526,0.16034452116330855,0.054,0.05501511983690773,-0.03516309549956424,0.14430373830594292,0.242,0.02116586112096782,0.005883973397676096,0.03712268947920488,0.008
CAID2 Disorder-NOX,caid2,disorder_nox,disomine,DED,content,0.08423719306290085,0.02283349278432565,0.14633256369505176,0.004,0.16936895980008598,0.05562097120697518,0.28681164890938887,0.001,0.12239023769430543,-0.0004917014622916393,0.2543657475663103,0.054,0.0460841484314963,-0.002752951551290683,0.0939686016086552,0.058
CAID2 Disorder-NOX,caid2,disorder_nox,s2D,DED,content,-0.027133163198981413,-0.06397153215176414,0.005336884242984095,0.122,-0.054071384062449074,-0.12398565405345428,0.009617408301736309,0.112,-0.041102799412135016,-0.11302031050794295,0.021033833692543094,0.222,-0.013163526985827814,-0.04054219174994257,0.0180982038875254,0.366
CAID3 Disorder-PDB,caid3,disorder_pdb,AlphaFold-rsa,AF,literal,0.12175736951705954,0.10073791923067278,0.1436397092224433,0.001,0.12623931932607885,0.08909559933819479,0.16334807844802618,0.001,0.31111466580352726,0.26952410155997786,0.3562652825832802,0.001,-0.06759992676940815,-0.08329355053721209,-0.054172053054922294,0.001
CAID3 Disorder-PDB,caid3,disorder_pdb,AlphaFold3-pLDDT,AF,literal,-0.020601988611929842,-0.0518445304539238,0.00510474304974958,0.16,-0.0328242080795401,-0.08224809700552262,0.007391010668555459,0.154,-0.04067191716368155,-0.10347467965583415,0.011252971624471305,0.164,-0.0005320600601781257,-0.002844824029661605,0.0017100358668410253,0.684
CAID3 Disorder-PDB,caid3,disorder_pdb,AlphaFold3-rsa,AF,literal,0.11947743368368344,0.09753823133498837,0.1423937323821105,0.001,0.12204215454867762,0.0842430498139317,0.16029728188491152,0.001,0.3074430215561956,0.2623004810474229,0.35367179708569657,0.001,-0.06848815418882867,-0.08392295699609441,-0.053946730881561794,0.001
CAID3 Disorder-PDB,caid3,disorder_pdb,AIUPred,DED,literal,0.040189473586800466,0.01478378069180853,0.06592041483324639,0.002,-0.05986459992659551,-0.10787250500500563,-0.011309292818237048,0.016,0.264494196203508,0.21640098919637477,0.31128506102698256,0.001,-0.18411524902990703,-0.21027155749898804,-0.1597247146343979,0.001
CAID3 Disorder-PDB,caid3,disorder_pdb,AIUPred-2-disorder,DED,literal,0.08470969389510159,0.05979735067545247,0.10987765415611726,0.001,0.055651482436758375,0.013679240897096023,0.09913563134309573,0.012,0.2552478613262076,0.20895390512434936,0.30550798634266063,0.001,-0.08582847353600442,-0.10310204942526452,-0.07021234925065,0.001
CAID3 Disorder-PDB,caid3,disorder_pdb,IUPred3,DED,literal,0.008979255678071032,-0.020372388848760994,0.03679685559620755,0.52,-0.04280917940598273,-0.09174797252674666,0.0016844287875877832,0.062,0.0696623157258152,0.012952377596251534,0.125589117509803,0.012,-0.05170380436967314,-0.06296578998310552,-0.04138277817874454,0.001
CAID3 Disorder-PDB,caid3,disorder_pdb,ESpritz-D,DED,literal,-0.10191276167395198,-0.14146652200941298,-0.06132140417470282,0.001,-0.1892648051409593,-0.262938437035559,-0.11901827211383828,0.001,-0.18991816908154407,-0.26658229287301594,-0.11141980484894014,0.001,-0.013907354266359886,-0.025716171500472805,-0.0029714187911543608,0.012
CAID3 Disorder-PDB,caid3,disorder_pdb,ESpritz-N,DED,literal,-0.024772181965081186,-0.04904495305671335,0.0018815107764580652,0.07,-0.07834916153296373,-0.12007264163774017,-0.03432158429909623,0.001,-0.018255787683156235,-0.06552086403345232,0.03475737432664326,0.504,-0.031288576247006136,-0.03902157614651627,-0.023625758609740814,0.001
CAID3 Disorder-PDB,caid3,disorder_pdb,ESpritz-X,DED,literal,-0.14636836710542753,-0.17821203717065776,-0.11372552819321971,0.001,-0.23954917948337873,-0.29483767093411534,-0.18435720984550116,0.001,-0.29761637160009174,-0.3619006425373698,-0.23309310536053285,0.001,0.004879637389236717,0.0008730358680774126,0.009256400983642478,0.008
CAID3 Disorder-PDB,caid3,disorder_pdb,MobiDB-lite,DED,literal,-0.0055335613089997895,-0.03377928242518222,0.02408952012090765,0.692,-0.042062414155450256,-0.08722273279158885,0.003827898318597631,0.076,0.015774506247500937,-0.03984346917218594,0.07693165237987296,0.596,-0.026841628865500518,-0.033340052773607014,-0.02083524612849818,0.001
CAID3 Disorder-PDB,caid3,disorder_pdb,flDPnn,DED,literal,-0.1080761420044179,-0.14864417926989906,-0.0654439699576366,0.001,-0.18404481457207983,-0.25474028924973124,-0.11446704212290737,0.001,-0.21247294424647187,-0.2924435282847729,-0.12373743749652573,0.001,-0.003679339762363959,-0.012502588782441468,0.005076434990469711,0.426
CAID3 Disorder-PDB,caid3,disorder_pdb,flDPnn2,DED,literal,-0.09323672664059014,-0.13408886907941933,-0.05232271082743359,0.001,-0.15803259083967083,-0.22560565481112593,-0.08917909704358938,0.001,-0.18257252558887258,-0.26517631904557476,-0.10022981255567591,0.001,-0.0039009276923077274,-0.012330811666201638,0.005368504742846275,0.386
CAID3 Disorder-PDB,caid3,disorder_pdb,flDPnn3a,DED,literal,0.06217199844290863,0.03132117569430232,0.09391877990952689,0.002,0.025046802515317327,-0.026220238046187175,0.07225106816468357,0.346,0.20053156316632753,0.13705591188137312,0.2670480556889605,0.001,-0.07618756628051025,-0.09401866558373191,-0.059301109205072464,0.001
CAID3 Disorder-PDB,caid3,disorder_pdb,flDPnn3b,DED,literal,-0.13411186525267185,-0.17234810185242977,-0.0936275785503228,0.001,-0.21937562134012603,-0.29434967922037303,-0.1452441462393027,0.001,-0.27176863688687614,-0.34663034951363486,-0.1925060117732962,0.001,0.003544906381532436,-0.0032743007730557357,0.011407626747044337,0.332
CAID3 Disorder-PDB,caid3,disorder_pdb,DISOPRED3-diso,DED,literal,0.03550508764707522,0.012643806401136642,0.05983703136805524,0.006,0.029613845214275743,-0.007518865762132484,0.06943618057827766,0.124,0.09165670146720666,0.046726381587823385,0.1391624198839518,0.001,-0.02064652617305625,-0.027902999311750283,-0.013218906143243867,0.001
CAID3 Disorder-PDB,caid3,disorder_pdb,SETH-0,DED,literal,0.056546607124998906,0.03358810674942257,0.07861634467105756,0.001,0.07850665728518044,0.044813146616436324,0.11161463757057054,0.001,0.11880528703083522,0.07242600457251071,0.16285941716322394,0.001,-0.005712072780837398,-0.009166239854424649,-0.0025149074645772983,0.001
CAID3 Disorder-PDB,caid3,disorder_pdb,SETH-1,DED,literal,0.06355313799537211,0.03941698174206914,0.08753902593329464,0.001,0.07242470108395693,0.03598387335620591,0.10950302416770989,0.001,0.1480919863364847,0.10009725196356625,0.19463815469307147,0.001,-0.020985710345740507,-0.027245471596963756,-0.015648796912495076,0.001
CAID3 Disorder-PDB,caid3,disorder_pdb,VSL2,DED,literal,0.03350506153106385,0.008073383561061322,0.05790307271589686,0.008,-0.07784001841076646,-0.12225207420695008,-0.03586905748508135,0.002,0.2771236842962944,0.22757147259674612,0.324701034999043,0.001,-0.21011356123416672,-0.22900101512593996,-0.19145802491343386,0.001
CAID3 Disorder-PDB,caid3,disorder_pdb,SPOT-Disorder,DED,literal,0.07216431419708515,0.03632497579057211,0.10152032404024351,0.001,0.08586509721624247,0.02993666609510497,0.13224332799546984,0.008,0.16518080671666624,0.09204586482998588,0.22344197173521863,0.001,-0.020852178322495973,-0.02911575797968935,-0.01381857282424186,0.001
CAID3 Disorder-PDB,caid3,disorder_pdb,SPOT-Disorder2,DED,literal,0.09155082902728548,0.06792555351817556,0.11572333300388307,0.001,0.121756417996243,0.0846695006320759,0.16119057516159188,0.001,0.1974864273629576,0.14846091247792753,0.24483104630586153,0.001,-0.014384769308386685,-0.020168013597995513,-0.009182769137808409,0.001
CAID3 Disorder-PDB,caid3,disorder_pdb,SPOT-Disorder-Single,DED,literal,-0.02283972160289687,-0.0536369298023863,0.009284882809420652,0.162,-0.03698487755317607,-0.08379913467057784,0.012799137146589493,0.144,-0.04466609199125185,-0.10672471043209207,0.021585938803565706,0.164,-0.0010133512145418947,-0.004442177815536563,0.0023941452841831213,0.54
CAID3 Disorder-PDB,caid3,disorder_pdb,DisEMBL-dis465,DED,literal,-0.09311578569587786,-0.11708565090649042,-0.06754861086692805,0.001,-0.20327868707249888,-0.24225450636196738,-0.16272995093922263,0.001,-0.14887315223801798,-0.19651925041171625,-0.09735216926971063,0.001,-0.03735841915373773,-0.04374169846566327,-0.030960850338684176,0.001
CAID3 Disorder-PDB,caid3,disorder_pdb,DisEMBL-disHL,DED,literal,-0.26789026675147376,-0.29155503796482796,-0.24182652851152514,0.001,-0.6198182935557586,-0.6580827805935979,-0.5757871077658058,0.001,-0.5484603551799883,-0.5951644824535431,-0.49569165099017776,0.001,0.012679821677040749,0.007641196559410604,0.02039826487535117,0.001
CAID3 Disorder-PDB,caid3,disorder_pdb,IsUnstruct,DED,literal,0.036935405904574496,0.009813732332096804,0.06412496057174723,0.01,-0.04388452190074686,-0.08916603933174393,0.0009242017467852303,0.058,0.19850776680468155,0.14313671168450195,0.24980859096660718,0.001,-0.12463695499553257,-0.14023293912593526,-0.10976720917336401,0.001
CAID3 Disorder-PDB,caid3,disorder_pdb,RONN,DED,literal,0.01552328101226529,-0.010597819428011601,0.04152974585343702,0.23,-0.09024276055085993,-0.1341605584572277,-0.046999546720794386,0.001,0.1787873699917665,0.12892327207353596,0.22929965866110802,0.001,-0.14774080796723593,-0.16209648595796977,-0.1334154930652995,0.001
CAID3 Disorder-PDB,caid3,disorder_pdb,PreDisorder,DED,literal,0.03613464024544976,-0.003223799152004844,0.0691716064473955,0.07,-0.06555656766352785,-0.1285703618620886,-0.0164480187593463,0.012,0.2508007923700128,0.17197630093655022,0.31489531109219465,0.001,-0.17853151187911334,-0.19582687103922988,-0.16270874160766266,0.001
CAID3 Disorder-PDB,caid3,disorder_pdb,OPAL,DED,literal,-0.14757273738860385,-0.17816122558447384,-0.11701909425067056,0.001,-0.40581747666173446,-0.45582450743011993,-0.35198129278790113,0.001,0.29901786091147514,0.2457751722732609,0.35769114540246627,0.001,-0.594163335688683,-0.6353188101219115,-0.5523916520424289,0.001
CAID3 Disorder-PDB,caid3,disorder_pdb,pyHCA,DED,literal,-0.09548172603947978,-0.12853088098662407,-0.06129288835884465,0.001,-0.15487758545457736,-0.2128569096807828,-0.09568860395222081,0.001,-0.19125417952419724,-0.257648802012569,-0.12236949791668288,0.001,0.0002907274452376798,-0.00484817137273563,0.00513246511171434,0.91
CAID3 Disorder-PDB,caid3,disorder_pdb,DeepIDP-2L,DED,literal,0.05182551273649358,0.009118679371644418,0.09001496852148928,0.012,0.03378785428473566,-0.030885581685092464,0.09320326456538801,0.296,0.14642189586110416,0.06128760860720366,0.22485757918435906,0.001,-0.042770870388117006,-0.05602544406225518,-0.03169327567513197,0.001
CAID3 Disorder-PDB,caid3,disorder_pdb,PredIDR-long,DED,literal,0.0961777293428833,0.058335069881134044,0.1260823406657314,0.001,0.07792749832452148,0.018742397261390892,0.12971970969870256,0.018,0.2716162634396264,0.20048256092143757,0.3297956564429614,0.001,-0.07926080475385978,-0.09786470845078225,-0.06235776346343887,0.001
CAID3 Disorder-PDB,caid3,disorder_pdb,PredIDR-short,DED,literal,0.09171639797006799,0.05414586573461329,0.12291063443396591,0.001,0.06171376824008119,0.0016968956507808814,0.11292024769825837,0.046,0.278487006794382,0.20567096692467454,0.33771870525111847,0.001,-0.09505421085424606,-0.11253693644159345,-0.07831217475458298,0.001
CAID3 Disorder-PDB,caid3,disorder_pdb,PredIDR2-Prof-Art,DED,literal,0.11179066153721805,0.07906078124659663,0.14045593207197984,0.001,0.10153409894704833,0.048449721548049676,0.14978840748837374,0.001,0.3059196612504717,0.2461981660533717,0.3601306604708663,0.001,-0.08233833817603561,-0.1049007352952794,-0.06068777949634228,0.001
CAID3 Disorder-PDB,caid3,disorder_pdb,PredIDR2-Seq-Art,DED,literal,0.10923946269163158,0.08583433533870784,0.13342755465198994,0.001,0.0924678706887827,0.045313390731007805,0.13655735396079252,0.001,0.31012724895063765,0.26648712597904745,0.3556138158015547,0.001,-0.09164832356737444,-0.11981255379937573,-0.06576763226885013,0.001
CAID3 Disorder-PDB,caid3,disorder_pdb,AUCpred-profile,DED,literal,0.04519238420152103,0.010148692020140604,0.07741127684457166,0.01,0.033015734355825554,-0.01988718133897752,0.08312128231861243,0.23,0.12248200659785684,0.050959658861939094,0.1868368093439908,0.002,-0.03209723819481476,-0.03949798045046024,-0.025456511527465784,0.001
CAID3 Disorder-PDB,caid3,disorder_pdb,AUCpred-no-profile,DED,literal,-0.003046281509588102,-0.035563071021099416,0.02824733004807631,0.84,-0.028842510649847122,-0.0783729465106082,0.020221405263238623,0.264,0.012644993983567537,-0.051953277824779466,0.07653732159226767,0.702,-0.018737557002743734,-0.025044966373058454,-0.012641628367231931,0.001
CAID3 Disorder-PDB,caid3,disorder_pdb,DisoPred,DED,literal,0.05040720222440875,0.023164617456868052,0.07665665818471239,0.001,0.0417151519871711,-0.001955869429428635,0.08504750322321014,0.068,0.13247320024392578,0.07913758563885481,0.18610723279809854,0.001,-0.03165879579510829,-0.04157575483499459,-0.020931064471185656,0.001
CAID3 Disorder-PDB,caid3,disorder_pdb,DisPredict2,DED,literal,-0.12952095407044187,-0.16326684590009152,-0.09205478580851187,0.001,-0.35778772497453587,-0.4204952936498098,-0.28958634978310643,0.001,-0.08455402155284884,-0.1525256085192698,-0.008665205184683717,0.026,-0.17448788658803488,-0.2051622248540124,-0.1438918191101227,0.001
CAID3 Disorder-PDB,caid3,disorder_pdb,DisPredict3,DED,literal,-0.06413583995548963,-0.10293940365321592,-0.024944097053365984,0.002,-0.12421454366324372,-0.19244280091656749,-0.060948803093342344,0.001,-0.11328811194100254,-0.19358033011768935,-0.032048708471407936,0.008,-0.014983567969976708,-0.028081600760495914,-0.0035038563475985204,0.008
CAID3 Disorder-PDB,caid3,disorder_pdb,IDP-Fusion,DED,literal,0.08151233788938483,0.044348141687115504,0.11489730820658425,0.001,0.06267387421244147,0.002483817074584693,0.11516056978534621,0.036,0.2294648918274981,0.15251352763952003,0.2999591905266168,0.001,-0.06644021604872838,-0.08327483477766645,-0.052482715218593275,0.001
CAID3 Disorder-PDB,caid3,disorder_pdb,rawMSA-disorder,DED,literal,-0.08704033929453919,-0.1276035236094588,-0.04446388385193855,0.001,-0.1600848234186722,-0.23246736717863112,-0.08817363409705714,0.001,-0.1619480937217497,-0.2427990930365451,-0.07604243326298628,0.001,-0.012132584867328699,-0.022871740232861513,-0.0033052817371170026,0.01
CAID3 Disorder-PDB,caid3,disorder_pdb,Metapredict-v1,DED,literal,-0.029016668255870855,-0.05598672102535483,0.0005068696186843962,0.056,-0.061555594120927266,-0.10601637453704159,-0.015535160785200085,0.016,-0.04644579274803722,-0.1009769751353778,0.012533534778432116,0.106,-0.011587543763704479,-0.01675928489236802,-0.006485818080927145,0.001
CAID3 Disorder-PDB,caid3,disorder_pdb,Metapredict-v2,DED,literal,0.0725476465223028,0.051908379902402095,0.09454154538418574,0.001,0.07103267507202289,0.034791243590097484,0.10801048324133322,0.001,0.1825013110754905,0.14088663956204117,0.22663654129284913,0.001,-0.03740601803088489,-0.04882040068717866,-0.02685050505093485,0.001
CAID3 Disorder-PDB,caid3,disorder_pdb,Metapredict-v3,DED,literal,0.09439717505206752,0.0728120207396763,0.11588839783352337,0.001,0.1187805654883991,0.08384495522491434,0.1534123873665413,0.001,0.21070410514281104,0.16774602786971526,0.25490133218042416,0.001,-0.021909755038676024,-0.02962348398410271,-0.015365992516858197,0.001
CAID3 Disorder-PDB,caid3,disorder_pdb,DisoMine,DED,literal,-0.11177266052290827,-0.15342434041364178,-0.06870657143129551,0.001,-0.2368011661255801,-0.3141913334278584,-0.16098738375286747,0.001,-0.18706055572392238,-0.2708457433685992,-0.1004943352989025,0.001,-0.03648476532189414,-0.057447300923237125,-0.018770902893222467,0.001
CAID3 Disorder-PDB,caid3,disorder_pdb,PUNCH2,DED,literal,0.10784627091920067,0.08587797608150789,0.13177296603269337,0.001,0.14626712067143233,0.10975097165557604,0.18460387591101923,0.001,0.23014384587947875,0.18505777951186342,0.27767724917989217,0.001,-0.014451304041077457,-0.02353394285785985,-0.007172343727193534,0.001
CAID3 Disorder-PDB,caid3,disorder_pdb,PUNCH2-Light,DED,literal,0.10309857038028752,0.08018753711830433,0.12653252138044604,0.001,0.13791673476411256,0.1010703951545386,0.17616485583510583,0.001,0.22191016268729571,0.17458897894765665,0.26836584951727926,0.001,-0.015713021926720673,-0.025087075575601817,-0.00797520767060944,0.001
CAID3 Disorder-PDB,caid3,disorder_pdb,DisorderUnetLM,DED,literal,0.02942727539119303,-0.007511928722316546,0.06163481479608714,0.104,0.01257470359254739,-0.04985610481122246,0.06707762666334353,0.684,0.08681402776559062,0.015324339041144788,0.15278643608604087,0.022,-0.027959476983204567,-0.04615965645882021,-0.013674762844966304,0.001
CAID3 Disorder-PDB,caid3,disorder_pdb,LMDisorder,DED,literal,0.11225821675204392,0.09018656784207853,0.13454381722307474,0.001,0.10022706342953716,0.06077555671138876,0.140126600313729,0.001,0.31067633747005813,0.26666793321770305,0.3556488832933591,0.001,-0.08615990396597027,-0.10552705516592581,-0.06893026059557054,0.001
CAID3 Disorder-PDB,caid3,disorder_pdb,ESMDisPred-1,DED,literal,-0.08176403286324736,-0.12087011131969501,-0.04209616240369512,0.001,-0.1382438452583417,-0.20591248176188492,-0.07150931544613841,0.001,-0.15951889861601204,-0.2374632481552899,-0.07856757009755778,0.001,-0.004009167110482672,-0.014265888036570595,0.007024450532057219,0.454
CAID3 Disorder-PDB,caid3,disorder_pdb,ESMDisPred-2,DED,literal,-0.07537352244650304,-0.11531551059087275,-0.034009630111011144,0.001,-0.12275283575611329,-0.1895332664349832,-0.054996270249250585,0.001,-0.14960259814588203,-0.2277012072863353,-0.06479991156166495,0.001,-0.0011444467471240585,-0.009661696228177285,0.008472061910576168,0.766
CAID3 Disorder-PDB,caid3,disorder_pdb,UdonPred-DisProt,DED,literal,-0.029868722536536538,-0.05846138098570636,-0.00019538024338528124,0.05,-0.08918597962527414,-0.13522379246413896,-0.04241183263544054,0.001,-0.026216441521650674,-0.0835776160921156,0.03601191862077397,0.414,-0.033521003551422394,-0.04154225716459528,-0.024920340087085442,0.001
CAID3 Disorder-PDB,caid3,disorder_pdb,UdonPred-combined,DED,literal,0.06335534477805127,0.031297507615580936,0.0936445607358455,0.001,0.05574366720221796,0.00631920490502117,0.10160562794231966,0.026,0.1650516215917702,0.10143500958388682,0.2263527513695681,0.001,-0.038340932035667616,-0.046536220890141554,-0.03095410639203186,0.001
CAID3 Disorder-PDB,caid3,disorder_pdb,DARUMA-beta,DED,literal,0.05095608586721452,0.025330046558191682,0.07679039737297495,0.001,0.03647743906040597,-0.004955190333339437,0.07720879619150338,0.074,0.14011369550389455,0.08496108024957577,0.1926916443126721,0.001,-0.0382015237694655,-0.048318916796310826,-0.02920532210241538,0.001
CAID3 Disorder-PDB,caid3,disorder_pdb,DisoFLAG-IDR,DED,literal,0.018931077680285843,-0.014808399028745641,0.052624728713649066,0.288,-0.0010590226728948969,-0.055007715729319576,0.05109392410995068,0.968,0.06290042172469025,-0.00834702964039948,0.1306834455720508,0.07,-0.025038266364118555,-0.03364023738258539,-0.016917666410357964,0.001
CAID3 Disorder-PDB,caid3,disorder_pdb,s2D-2,DED,literal,-0.06656860211726068,-0.10424861343349952,-0.03347588857554402,0.001,-0.2710092730514525,-0.3319135161730065,-0.21488833887654585,0.001,0.184368205922924,0.10970524472857318,0.2505686980751343,0.001,-0.3175054101574453,-0.3388880821928813,-0.2976267260277578,0.001
CAID3 Disorder-PDB,caid3,disorder_pdb,AlphaFold-rsa,AF,calibrated,0.014188001630784841,0.0012630677892017052,0.028163753719709674,0.032,0.019261957148435507,-0.00510808126615346,0.04263680169708181,0.114,0.03188688287524478,0.004917362313474599,0.05952121047702862,0.014,-0.0035108796136751035,-0.015306606438509701,0.007199204845573359,0.566
CAID3 Disorder-PDB,caid3,disorder_pdb,AlphaFold3-pLDDT,AF,calibrated,-0.0012837422675713625,-0.011549142353851741,0.009653891167274834,0.814,-0.026294612597944543,-0.04569081629715742,-0.00823244699914827,0.01,0.0305370727499622,0.010005764971714194,0.05097388768777414,0.002,-0.033104557285104926,-0.04238555046163175,-0.02525035403747958,0.001
CAID3 Disorder-PDB,caid3,disorder_pdb,AlphaFold3-rsa,AF,calibrated,0.01099611571069986,-0.0036530174148821093,0.025513376883774894,0.138,0.005042290736168073,-0.022330015223292775,0.03088342889594432,0.71,0.03782015485316967,0.008552404029686834,0.0669252160672959,0.01,-0.015827923431769943,-0.029476405668052347,-0.0035344423368073325,0.008
CAID3 Disorder-PDB,caid3,disorder_pdb,AIUPred,DED,calibrated,-0.07831413658456492,-0.10015567525678537,-0.057036368730047846,0.001,-0.11617583408665334,-0.15420030186478162,-0.08046619151108239,0.001,-0.16284909880209852,-0.20802895010473524,-0.11636603939409043,0.001,0.006220825632968682,-0.005193692461995053,0.01682469844842387,0.254
CAID3 Disorder-PDB,caid3,disorder_pdb,AIUPred-2-disorder,DED,calibrated,-0.02583013154926453,-0.04363536434327463,-0.008085669236864738,0.006,-0.042876846863871776,-0.07152437883987786,-0.013909464232668927,0.004,-0.04820328711245705,-0.08511710281967579,-0.00881428157573157,0.01,-0.0034569759860719963,-0.014655040912036506,0.00704938386616767,0.548
CAID3 Disorder-PDB,caid3,disorder_pdb,IUPred3,DED,calibrated,-0.08745422494278392,-0.10995899012591717,-0.06476288679092507,0.001,-0.16094957304279284,-0.1997174583148079,-0.12044580229325899,0.001,-0.1477050541503075,-0.1928224062690271,-0.1025078021778836,0.001,-0.027203395735260358,-0.039969488899179506,-0.013963086373147604,0.001
CAID3 Disorder-PDB,caid3,disorder_pdb,ESpritz-D,DED,calibrated,-0.11131790406700938,-0.14581333533997765,-0.07870008178704076,0.001,-0.21338709518078433,-0.2738194847187749,-0.15754139437062736,0.001,-0.17804242490430386,-0.24350537887912405,-0.11373953528888435,0.001,-0.0445933832297149,-0.06725163904621688,-0.024455182799683763,0.001
CAID3 Disorder-PDB,caid3,disorder_pdb,ESpritz-N,DED,calibrated,-0.0925754885306119,-0.11230926784405018,-0.07141352199379059,0.001,-0.182451308322186,-0.2171616006893336,-0.14451774567582604,0.001,-0.1404258907116872,-0.17851477976468938,-0.09994543706895277,0.001,-0.04472508634953653,-0.058075535745651705,-0.031079631946615494,0.001
CAID3 Disorder-PDB,caid3,disorder_pdb,ESpritz-X,DED,calibrated,-0.08729597019414001,-0.10706741171143634,-0.06428162512301465,0.001,-0.16796840039697225,-0.20331601639326477,-0.12879091002569074,0.001,-0.1378660145656741,-0.1768835789359585,-0.0930553553650923,0.001,-0.03672592582260593,-0.049124193395513695,-0.023760386207077103,0.001
CAID3 Disorder-PDB,caid3,disorder_pdb,MobiDB-lite,DED,calibrated,-0.10850892850867723,-0.13194503961856255,-0.0825089923923424,0.001,-0.1616250754666378,-0.2002779310694841,-0.12030347827990835,0.001,-0.2258784029761126,-0.271739107696319,-0.17508823216107294,0.001,0.008860545958758166,0.0006051703870336767,0.01712357049172953,0.04
CAID3 Disorder-PDB,caid3,disorder_pdb,flDPnn,DED,calibrated,-0.06224482634341544,-0.08806145949928128,-0.03902633029690459,0.001,-0.1353635831438957,-0.1784300706200114,-0.09622349675389041,0.001,-0.07505557057440308,-0.12632758931071442,-0.026000847473495327,0.002,-0.0494340821124278,-0.06741972648637488,-0.0335143807489776,0.001
CAID3 Disorder-PDB,caid3,disorder_pdb,flDPnn2,DED,calibrated,-0.055558497654413015,-0.07886107165014226,-0.03321031290576056,0.001,-0.12789344373169453,-0.16731127923801137,-0.09089668929381686,0.001,-0.05609522953576949,-0.10270174384798406,-0.00920336862535023,0.01,-0.05502176577305653,-0.07244260470149586,-0.039197526979896716,0.001
CAID3 Disorder-PDB,caid3,disorder_pdb,flDPnn3a,DED,calibrated,-0.016622452179040702,-0.03536631466150385,0.003987716682601813,0.1,-0.07565353325291538,-0.11071214971447639,-0.0405884861202579,0.001,0.04464525231454387,0.004988117780778664,0.08366436872654275,0.022,-0.07789015667262528,-0.0984055110889653,-0.05781274867183947,0.001
CAID3 Disorder-PDB,caid3,disorder_pdb,flDPnn3b,DED,calibrated,-0.05236740203731904,-0.08607415009522791,-0.023158765339723834,0.001,-0.12223218282306206,-0.1800341796298178,-0.07366069912638186,0.001,-0.050336312818242905,-0.11791227416672434,0.009927941021634912,0.128,-0.05439849125639516,-0.07306155198435005,-0.036731988595194436,0.001
CAID3 Disorder-PDB,caid3,disorder_pdb,DISOPRED3-diso,DED,calibrated,-0.03746789363807184,-0.05527737234501124,-0.02047486114456095,0.001,-0.06948155702164524,-0.10060265844372555,-0.039350768256588044,0.001,-0.06153290199349634,-0.09677657262339891,-0.025119422541047785,0.001,-0.013402885282647341,-0.026142437423095993,-0.0015611155431630509,0.024
CAID3 Disorder-PDB,caid3,disorder_pdb,SETH-0,DED,calibrated,0.0016603823302841754,-0.009542844344182394,0.012795188760887425,0.802,0.0018002080871552795,-0.01785151347564421,0.0221325429113163,0.876,0.004243887759860813,-0.018822208306730107,0.02723092581646387,0.746,-0.000923123099292465,-0.009385434834376958,0.007365272692380619,0.824
CAID3 Disorder-PDB,caid3,disorder_pdb,SETH-1,DED,calibrated,-0.020354085637538058,-0.03333903220547106,-0.007126083919783181,0.006,-0.03599225823086259,-0.05821691788823456,-0.013776166974447359,0.002,-0.03553555910425385,-0.061360098926255414,-0.009457979949978903,0.014,-0.005172612170822273,-0.01477870363819229,0.00407842161324034,0.236
CAID3 Disorder-PDB,caid3,disorder_pdb,VSL2,DED,calibrated,-0.08088976281198396,-0.10176708627314471,-0.05817364004364774,0.001,-0.13605287954504394,-0.17212043865301624,-0.09769490776004724,0.001,-0.15152893864538197,-0.1924971459024757,-0.10661295427221273,0.001,-0.010250586978585947,-0.02110569474381406,0.0008983675280226996,0.068
CAID3 Disorder-PDB,caid3,disorder_pdb,SPOT-Disorder,DED,calibrated,-0.021587353891707343,-0.05083216815892468,0.0026033439982752244,0.076,-0.028301572900919926,-0.07297098966737223,0.008946658126508831,0.164,-0.04884014673256844,-0.11002459724295253,-0.0019053706769942723,0.042,0.005665438949153739,-0.005264526250112126,0.0157182354240239,0.26
CAID3 Disorder-PDB,caid3,disorder_pdb,SPOT-Disorder2,DED,calibrated,0.004843635273103979,-0.009419171594790216,0.0197062376522914,0.512,0.009860089911465211,-0.014264583663228265,0.03455423131852486,0.414,0.0069158475721364885,-0.021940707452235385,0.037476132498123226,0.626,0.002771422974071473,-0.006475490508999054,0.011287300446596227,0.558
CAID3 Disorder-PDB,caid3,disorder_pdb,SPOT-Disorder-Single,DED,calibrated,-0.04414427698059264,-0.06491365237564128,-0.023685263686220266,0.001,-0.08357059680783697,-0.11809151832881604,-0.05000753720889467,0.001,-0.07052951985764983,-0.11062993797196191,-0.02961777643737995,0.001,-0.017759034103535444,-0.028891543361633784,-0.006371750975594482,0.004
CAID3 Disorder-PDB,caid3,disorder_pdb,DisEMBL-dis465,DED,calibrated,-0.15553363716058266,-0.1768022786074353,-0.1353987862519345,0.001,-0.29305529121695634,-0.32960206363120953,-0.2590475542696109,0.001,-0.2614680751246008,-0.3015529966406673,-0.21949519468054907,0.001,-0.04959919919656452,-0.059034803541567746,-0.03875911301041784,0.001
CAID3 Disorder-PDB,caid3,disorder_pdb,DisEMBL-disHL,DED,calibrated,-0.2542103270341323,-0.2811036636354595,-0.22648392190943334,0.001,-0.47790848991865664,-0.527800118472968,-0.4260091775711437,0.001,-0.4590700738859781,-0.5102195124602315,-0.40451686190837627,0.001,-0.049350580182286594,-0.06235776243116902,-0.03550398487623839,0.001
CAID3 Disorder-PDB,caid3,disorder_pdb,IsUnstruct,DED,calibrated,-0.0850881103191858,-0.10775600564349377,-0.061672346542344374,0.001,-0.14748939488534993,-0.18526888677193962,-0.10911266255960192,0.001,-0.15469292241994292,-0.19944514772990998,-0.10854715487355851,0.001,-0.01548329821842868,-0.025428137784648513,-0.00565579365988225,0.002
CAID3 Disorder-PDB,caid3,disorder_pdb,RONN,DED,calibrated,-0.10500617894338833,-0.12644063078752266,-0.08356226105420554,0.001,-0.1906248631708613,-0.227963284246487,-0.15563343018497716,0.001,-0.18196868013160208,-0.22465163789935727,-0.13796688070354482,0.001,-0.028043677755174627,-0.03886241068778033,-0.01707127225116239,0.001
CAID3 Disorder-PDB,caid3,disorder_pdb,PreDisorder,DED,calibrated,-0.07806975110527001,-0.1081421500637706,-0.05247545611021948,0.001,-0.13715208199088405,-0.18609072475234453,-0.0946770254375926,0.001,-0.1395162219836834,-0.1990524811334271,-0.08673294234363987,0.001,-0.016623280226856555,-0.02661088450622456,-0.005326218624884386,0.002
CAID3 Disorder-PDB,caid3,disorder_pdb,OPAL,DED,calibrated,-0.23748984092711733,-0.2697046849208874,-0.2055146654165524,0.001,-0.516924121741639,-0.573890101623865,-0.46089260005462984,0.001,-0.1506267076045679,-0.20481979898547134,-0.09361927866582105,0.001,-0.32435297424966675,-0.36265804514578803,-0.28692634147941587,0.001
CAID3 Disorder-PDB,caid3,disorder_pdb,pyHCA,DED,calibrated,-0.10054442874513993,-0.12833572903674478,-0.07545703778012104,0.001,-0.18447191889532946,-0.23592638623302534,-0.14020586727857373,0.001,-0.17128726973981248,-0.22279442462195237,-0.12222447988182736,0.001,-0.029801587750467352,-0.046728815176367414,-0.013081976845424307,0.001
CAID3 Disorder-PDB,caid3,disorder_pdb,DeepIDP-2L,DED,calibrated,-0.05705542669230346,-0.09142692927727405,-0.025799865560434246,0.001,-0.08512980802617048,-0.14035163679900234,-0.034822582358928635,0.001,-0.11791771529395867,-0.18591876211102507,-0.05434452492547595,0.001,0.0038068619093517653,-0.008391162344483102,0.014375767831551745,0.492
CAID3 Disorder-PDB,caid3,disorder_pdb,PredIDR-long,DED,calibrated,-0.010653727805965619,-0.03855098660847737,0.012032211502307799,0.418,-0.040573272573557834,-0.0883203888835346,-0.00021964732864376745,0.048,0.010711901591064535,-0.04367794444965779,0.05515707257370122,0.626,-0.03201935720299578,-0.04957907960589432,-0.015579847672163092,0.001
CAID3 Disorder-PDB,caid3,disorder_pdb,PredIDR-short,DED,calibrated,-0.014826124522642928,-0.04197521406506731,0.0087026594989431,0.236,-0.05565188400080503,-0.10193537981660893,-0.015191709457322126,0.004,0.015550583930024061,-0.03831916885075515,0.05964966914959976,0.506,-0.04520283297530992,-0.06141758397624619,-0.029480757877512056,0.001
CAID3 Disorder-PDB,caid3,disorder_pdb,PredIDR2-Prof-Art,DED,calibrated,0.005512699837276653,-0.017186708573997272,0.02604604285352508,0.578,-0.013254179544463661,-0.055451986333179604,0.02594187612544958,0.518,0.04096383364083475,-0.002629761983425405,0.08327523506520577,0.058,-0.02993843396628144,-0.049745833128394375,-0.01046802285901909,0.002
CAID3 Disorder-PDB,caid3,disorder_pdb,PredIDR2-Seq-Art,DED,calibrated,0.0018886351487196844,-0.01328626310280638,0.01734924150820893,0.806,-0.01682306899803041,-0.04995158562128209,0.015526058559608567,0.314,0.0304834293163637,0.0017398134949840134,0.06313445263168282,0.032,-0.02670615901892433,-0.048631140003031086,-0.007259511846941669,0.01
CAID3 Disorder-PDB,caid3,disorder_pdb,AUCpred-profile,DED,calibrated,-0.048418756558609936,-0.07385872330627687,-0.022797492269671336,0.001,-0.08025019328966682,-0.12242351443614022,-0.04031491427759245,0.001,-0.09129829699743602,-0.14493584629703496,-0.039618704936459595,0.001,-0.00553921611978385,-0.014788922371659713,0.003020518442997238,0.204
CAID3 Disorder-PDB,caid3,disorder_pdb,AUCpred-no-profile,DED,calibrated,-0.07023051689354566,-0.0924030223837961,-0.045815154379490665,0.001,-0.13587938339508118,-0.17480073960443174,-0.0965083986931218,0.001,-0.1093554158894456,-0.15454176743959286,-0.06257274191645068,0.001,-0.031105617897645738,-0.04406391472030565,-0.01907070445665623,0.001
CAID3 Disorder-PDB,caid3,disorder_pdb,DisoPred,DED,calibrated,-0.03228909627743535,-0.051066327659757056,-0.012934685128384926,0.001,-0.06672451082152056,-0.10146496979601805,-0.0318471682619174,0.001,-0.044110461279596974,-0.0821863137506346,-0.006958340671486607,0.026,-0.020467731275273713,-0.03612191258336021,-0.003818142152458976,0.01
CAID3 Disorder-PDB,caid3,disorder_pdb,DisPredict2,DED,calibrated,-0.21509724440760386,-0.24615766836648534,-0.18380063510268374,0.001,-0.4670970506832352,-0.525746311184006,-0.4085261551174743,0.001,-0.19821742249303653,-0.25849395064543657,-0.13730322091180405,0.001,-0.23197706632217113,-0.2710418915264302,-0.19425079907213544,0.001
CAID3 Disorder-PDB,caid3,disorder_pdb,DisPredict3,DED,calibrated,-0.053082989754145715,-0.07642032578900754,-0.032346379320570565,0.001,-0.13153655735492836,-0.17336191469328688,-0.09410500261407694,0.001,-0.03726800755635259,-0.08159060308530276,0.006371578654371897,0.074,-0.06889797195193884,-0.09381809069439748,-0.048462799776529536,0.001
CAID3 Disorder-PDB,caid3,disorder_pdb,IDP-Fusion,DED,calibrated,-0.024477031481499746,-0.05420322240407013,0.0017041227859521785,0.07,-0.05108540769705084,-0.09853715178320169,-0.009417988851075592,0.014,-0.032797240821824974,-0.09405607732899036,0.020691521040603445,0.23,-0.01615682214117452,-0.03071848024022419,-0.0035618975171520504,0.008
CAID3 Disorder-PDB,caid3,disorder_pdb,rawMSA-disorder,DED,calibrated,-0.047840433528939796,-0.07719405061591503,-0.02074095465526935,0.001,-0.13125504324706658,-0.18514535896342774,-0.08256386506824248,0.001,-0.010059576718778917,-0.06784913781685212,0.04277694517054705,0.766,-0.08562129033910068,-0.11280391492293673,-0.060594161087954165,0.001
CAID3 Disorder-PDB,caid3,disorder_pdb,Metapredict-v1,DED,calibrated,-0.07637527554505107,-0.09698323573499328,-0.05505260705004455,0.001,-0.13706504777395823,-0.17136407234721987,-0.10077163138792287,0.001,-0.13285466626364512,-0.17207753818895152,-0.08858814145654097,0.001,-0.01989588482645702,-0.03021014884686434,-0.009408600737216576,0.001
CAID3 Disorder-PDB,caid3,disorder_pdb,Metapredict-v2,DED,calibrated,-0.023549524846784596,-0.038638649175303776,-0.009276571138286198,0.001,-0.04652554108647775,-0.07242609667570725,-0.020679229583414876,0.001,-0.03486274546657734,-0.06591452847297463,-0.006314057779924804,0.022,-0.012236304226991863,-0.025483070473456944,-0.0004977527628547401,0.042
CAID3 Disorder-PDB,caid3,disorder_pdb,Metapredict-v3,DED,calibrated,-0.009986574389717479,-0.025396163179919766,0.004162816372823036,0.174,-0.000762799222492404,-0.02374437886055187,0.022793099332795642,0.96,-0.0360314141628443,-0.06703436123374962,-0.007515063651850101,0.014,0.016058265383409338,0.0076084414985926364,0.02427361501478763,0.001
CAID3 Disorder-PDB,caid3,disorder_pdb,DisoMine,DED,calibrated,-0.11074457854274791,-0.1390964485965643,-0.08436872957194956,0.001,-0.24072125190727822,-0.29230121518948754,-0.18884588847197756,0.001,-0.1287674308602178,-0.1831332544511467,-0.08031934912985106,0.001,-0.092721726225278,-0.1265396925975061,-0.06337618565482739,0.001
CAID3 Disorder-PDB,caid3,disorder_pdb,PUNCH2,DED,calibrated,0.015313976451245378,0.00032153067484431703,0.03167559170718986,0.042,0.02940524747331424,0.0033618723511549156,0.05848800439481065,0.024,0.023853629850191266,-0.007147886189021479,0.05639500481339786,0.114,0.006774323052299487,-0.005353278644347852,0.017641151486796385,0.272
CAID3 Disorder-PDB,caid3,disorder_pdb,PUNCH2-Light,DED,calibrated,0.007408780423753187,-0.009028786604018313,0.024446129968691492,0.362,0.02401886680238202,-0.002971928366768769,0.05274183955231458,0.076,0.0004906869319822502,-0.033322166695156315,0.033209910277248136,0.992,0.014326873915524122,0.002958581694502083,0.02461712788363227,0.024
CAID3 Disorder-PDB,caid3,disorder_pdb,DisorderUnetLM,DED,calibrated,0.008901376947965755,-0.010511218306185835,0.028328464115125716,0.36,-0.023485114956999644,-0.06330548495853267,0.015638317589600905,0.248,0.0749295190342471,0.04150942571640769,0.10756845324749771,0.001,-0.057126765138315584,-0.08093765789996564,-0.03585507233356719,0.001
CAID3 Disorder-PDB,caid3,disorder_pdb,LMDisorder,DED,calibrated,0.0026693520543555433,-0.012983766354304288,0.01900354557438466,0.788,-0.006520489067815485,-0.035713552360583246,0.022397698144796977,0.678,0.019193253162238237,-0.010744431279578004,0.052284502479894406,0.208,-0.013854549053527147,-0.02948722627383884,-0.0009458082839659979,0.042
CAID3 Disorder-PDB,caid3,disorder_pdb,ESMDisPred-1,DED,calibrated,-0.025735188384464747,-0.04767335459137905,-0.0058063078980285536,0.012,-0.0785384284344611,-0.11681702918943176,-0.041688304674021126,0.001,0.0028580395238674743,-0.040155064304480514,0.04285090954891412,0.866,-0.05432841629279697,-0.07524664946019738,-0.034731577358159856,0.001
CAID3 Disorder-PDB,caid3,disorder_pdb,ESMDisPred-2,DED,calibrated,-0.025538718089928865,-0.050139427868895844,-0.0024558594015947443,0.03,-0.0701434159811129,-0.11265694264416212,-0.02868074153151681,0.001,-0.010203194007473052,-0.05683778204359859,0.03613944653154067,0.702,-0.04087424217238467,-0.0600506565266611,-0.023327606986094623,0.001
CAID3 Disorder-PDB,caid3,disorder_pdb,UdonPred-DisProt,DED,calibrated,-0.06578075180938817,-0.08448696321716671,-0.046406387987333306,0.001,-0.1543558027077093,-0.18626357457018242,-0.1209274948031442,0.001,-0.059922186444888635,-0.09649249354580065,-0.020689542957602346,0.002,-0.07163931717388768,-0.08278201900791662,-0.05949941278753299,0.001
CAID3 Disorder-PDB,caid3,disorder_pdb,UdonPred-combined,DED,calibrated,-0.005253776991336577,-0.023624864802790732,0.011835357015307692,0.572,-0.02975902005197665,-0.059722281791993743,-0.0018571403772041342,0.03,0.018263197326680265,-0.01901999235731009,0.0536029918828267,0.308,-0.028770751309353415,-0.0394146903965813,-0.018852556293991487,0.001
CAID3 Disorder-PDB,caid3,disorder_pdb,DARUMA-beta,DED,calibrated,-0.04452220139606616,-0.06314809231041338,-0.026521427628642204,0.001,-0.08022417531804903,-0.11065111347216382,-0.05035823223821637,0.001,-0.07615212351072774,-0.11694909280026135,-0.03871923939541756,0.001,-0.01289227928140459,-0.024432617466751533,-0.0015052418841147467,0.03
CAID3 Disorder-PDB,caid3,disorder_pdb,DisoFLAG-IDR,DED,calibrated,-0.026716865535937835,-0.04729273673678061,-0.0071783010985518965,0.006,-0.08287887623323931,-0.11939454622293608,-0.048008038164031326,0.001,0.005705058227109858,-0.035056278797246786,0.04351509119997187,0.758,-0.05913878929898553,-0.07628430066967534,-0.04196386291087793,0.001
CAID3 Disorder-PDB,caid3,disorder_pdb,s2D-2,DED,calibrated,-0.17061088122312934,-0.2014762830984934,-0.1422974492413647,0.001,-0.3850807419680857,-0.4386880046061998,-0.33933895235818223,0.001,-0.12298235586566597,-0.18120455729931162,-0.06613363438187628,0.001,-0.21823940658059274,-0.23773326681536577,-0.1990487648133547,0.001
CAID3 Disorder-PDB,caid3,disorder_pdb,AlphaFold-rsa,AF,content,0.011392356997464307,-0.0016866877526896889,0.0246530525934999,0.098,0.02285660241035619,-0.0028568909845596287,0.047994756350008876,0.082,0.015823445109224715,-0.008561462927277094,0.04281754977304843,0.214,0.006961268885703899,-0.00721427754448119,0.020219448694110288,0.334
CAID3 Disorder-PDB,caid3,disorder_pdb,AlphaFold3-pLDDT,AF,content,-0.008356456288936567,-0.018081181648878904,0.0008239598973645112,0.084,-0.016793097335498778,-0.03505140238593653,0.00031114459896801,0.054,-0.011404390145279065,-0.029196326855765484,0.0072287253662481395,0.19,-0.005308522432594066,-0.013228315679218889,0.0018922980595237663,0.144
CAID3 Disorder-PDB,caid3,disorder_pdb,AlphaFold3-rsa,AF,content,0.0067523969780321925,-0.007018481944512908,0.020640086380138128,0.336,0.013810750248858045,-0.01325465064691578,0.03990065312144573,0.314,0.009058768174025084,-0.018179001831071462,0.03615034773837212,0.486,0.004446025782039298,-0.010408448525772268,0.01864090318325476,0.55
CAID3 Disorder-PDB,caid3,disorder_pdb,AIUPred,DED,content,-0.06628673870760086,-0.0860793509809248,-0.04667384674152495,0.001,-0.1327282497338709,-0.16885531701621545,-0.09512206636216054,0.001,-0.09078973323432203,-0.12909769175268415,-0.05181350470707331,0.001,-0.04178374418087968,-0.06228022084432492,-0.021248487029382913,0.001
CAID3 Disorder-PDB,caid3,disorder_pdb,AIUPred-2-disorder,DED,content,-0.025127546225682817,-0.04199978918192354,-0.007930518702348925,0.004,-0.05019566610940426,-0.08158438187728911,-0.019657689431354295,0.002,-0.034430735396399965,-0.06940179243734887,0.0018208658861691052,0.062,-0.01582435705496566,-0.03325790072395192,0.0002193268640380247,0.056
CAID3 Disorder-PDB,caid3,disorder_pdb,IUPred3,DED,content,-0.08124335998626185,-0.10285493858120544,-0.05898687222765841,0.001,-0.1626963817439354,-0.20178817060528037,-0.122912484218706,0.001,-0.11132202948218878,-0.15243256228731436,-0.06868549416806756,0.001,-0.05116469049033491,-0.07047192638340054,-0.03140342854473769,0.001
CAID3 Disorder-PDB,caid3,disorder_pdb,ESpritz-D,DED,content,-0.10419825234601114,-0.13333595518512453,-0.07801460663241444,0.001,-0.20853604057037228,-0.26451473195608693,-0.15719755559408974,0.001,-0.14241443381909527,-0.19998783973768597,-0.09043699795920981,0.001,-0.06598207087292701,-0.09563571393481335,-0.039316006636985854,0.001
CAID3 Disorder-PDB,caid3,disorder_pdb,ESpritz-N,DED,content,-0.09122893989497945,-0.10976143225433782,-0.07185785540419799,0.001,-0.1824911903088671,-0.2175757975753516,-0.14676443133853337,0.001,-0.12561518123440024,-0.16224379398516361,-0.08879555533239605,0.001,-0.05684269855555863,-0.07457799555551274,-0.03810507897670707,0.001
CAID3 Disorder-PDB,caid3,disorder_pdb,ESpritz-X,DED,content,-0.08258559127071044,-0.10110756612252587,-0.06325260564398412,0.001,-0.16468672610304533,-0.1992986884607524,-0.13014117387872048,0.001,-0.1146603300111624,-0.14991085927754322,-0.07729468334635857,0.001,-0.05051085253025849,-0.0666206354635365,-0.03425229169005119,0.001
CAID3 Disorder-PDB,caid3,disorder_pdb,MobiDB-lite,DED,content,-0.08797839473691535,-0.10920918762117145,-0.06533184397421414,0.001,-0.1363458715728784,-0.17300665718789884,-0.09884284917586385,0.001,-0.18202232202470595,-0.22322967694133952,-0.13974859743111923,0.001,0.006065532550875275,-0.006457087388400995,0.018604001138314133,0.348
CAID3 Disorder-PDB,caid3,disorder_pdb,flDPnn,DED,content,-0.06561547365160968,-0.08844557992246373,-0.04431590609782995,0.001,-0.13135790654137774,-0.17148497564256732,-0.09418909440485043,0.001,-0.08996423505317881,-0.1364445653508805,-0.044969793885453066,0.001,-0.04126671225004053,-0.0616626280269879,-0.02344474431652954,0.001
CAID3 Disorder-PDB,caid3,disorder_pdb,flDPnn2,DED,content,-0.05986848455488858,-0.08195157932650741,-0.03920260793177811,0.001,-0.12007454849468198,-0.16023823346275887,-0.08249140044255283,0.001,-0.0817836233051906,-0.12519631640352988,-0.039286936605554906,0.001,-0.03795334580458658,-0.05619420992921001,-0.020387497706499225,0.001
CAID3 Disorder-PDB,caid3,disorder_pdb,flDPnn3a,DED,content,-0.03803747771397046,-0.06117039967103656,-0.01531456485912375,0.001,-0.07589256406132291,-0.11540762579729844,-0.036876891836475086,0.001,-0.05242897431004189,-0.10235388788028886,-0.005217156328426939,0.026,-0.023645981117899027,-0.042212816010119544,-0.004561500918451292,0.012
CAID3 Disorder-PDB,caid3,disorder_pdb,flDPnn3b,DED,content,-0.05698764521390735,-0.08999107615823165,-0.028201016376975446,0.001,-0.11426853463099919,-0.1709115862496311,-0.06510713299577037,0.001,-0.07782127855383492,-0.14307886227497882,-0.021411240729594605,0.012,-0.036154011873979784,-0.055335147973929286,-0.01740577016655182,0.001
CAID3 Disorder-PDB,caid3,disorder_pdb,DISOPRED3-diso,DED,content,-0.03471961037329073,-0.052050378983164544,-0.0179354234909348,0.001,-0.0682458895353159,-0.10280286238553886,-0.03452096011005618,0.001,-0.04967455541656627,-0.08053348200071872,-0.01748519466670461,0.002,-0.019764665330015183,-0.03836158348836511,-0.002227262376163005,0.026
CAID3 Disorder-PDB,caid3,disorder_pdb,SETH-0,DED,content,0.0008986312346267355,-0.010311935974122041,0.013111352583778959,0.908,0.0018627647378207678,-0.01942611153082663,0.02600438898813015,0.888,0.0010980306921213447,-0.021169887920129256,0.023408389290796913,0.954,0.0006992317771321284,-0.01152779337335827,0.013722216653591836,0.912
CAID3 Disorder-PDB,caid3,disorder_pdb,SETH-1,DED,content,-0.019055345077057702,-0.03159985551532202,-0.005741148595831127,0.002,-0.03807870641717071,-0.06302348077045596,-0.013804714858644145,0.004,-0.026461157566051646,-0.05078014192434902,-0.0009565202280328492,0.04,-0.011649532588063756,-0.026933419635573764,0.002852182112685674,0.114
CAID3 Disorder-PDB,caid3,disorder_pdb,VSL2,DED,content,-0.07021382670124711,-0.08810004384855452,-0.052281193473510575,0.001,-0.14053036246196907,-0.17216580251666622,-0.1087309199978154,0.001,-0.09647807489166643,-0.13060240561563455,-0.05959917890602625,0.001,-0.04394957851082778,-0.058338412024056686,-0.029194855841858918,0.001
CAID3 Disorder-PDB,caid3,disorder_pdb,SPOT-Disorder,DED,content,-0.01634113966986442,-0.040817590547119316,0.002957852992915034,0.096,-0.03311367243571997,-0.07230286698168649,0.00047785088623137804,0.052,-0.021714051715716505,-0.0703206832295914,0.017534795383033236,0.304,-0.010968227624012328,-0.026601971710772478,0.004533049943364706,0.16
CAID3 Disorder-PDB,caid3,disorder_pdb,SPOT-Disorder2,DED,content,0.0040921842666649146,-0.009171408641544984,0.018347191982365684,0.574,0.00794293088190012,-0.015618199345278694,0.033689500298123995,0.528,0.006111042302693372,-0.021316719008920338,0.03474565303468186,0.658,0.0020733262306364573,-0.011398834024746304,0.014673915831839376,0.726
CAID3 Disorder-PDB,caid3,disorder_pdb,SPOT-Disorder-Single,DED,content,-0.044560082148647435,-0.0644243443069402,-0.02617727632904934,0.001,-0.08921496097457787,-0.12490559679346701,-0.05500478352738725,0.001,-0.06108860005708905,-0.09952742457533803,-0.024854461484398658,0.001,-0.02803156424020582,-0.04408306752567126,-0.011505240842008074,0.002
CAID3 Disorder-PDB,caid3,disorder_pdb,DisEMBL-dis465,DED,content,-0.14437348971380717,-0.16508329853046105,-0.1253143583655323,0.001,-0.2887387747552319,-0.3265724826297368,-0.2558121469408078,0.001,-0.19899017519441706,-0.2388345065043756,-0.16019762894234987,0.001,-0.08975680423319728,-0.10365969200434091,-0.07506380430545048,0.001
CAID3 Disorder-PDB,caid3,disorder_pdb,DisEMBL-disHL,DED,content,-0.24270529679931024,-0.26946482849755743,-0.2154467487109871,0.001,-0.48419166001827896,-0.5333154404323799,-0.4327716499760968,0.001,-0.33949317556707276,-0.3932226441144118,-0.2848023664529836,0.001,-0.14591741803154776,-0.16564894902195945,-0.12591025461330616,0.001
CAID3 Disorder-PDB,caid3,disorder_pdb,IsUnstruct,DED,content,-0.0750569774762879,-0.09570182965266824,-0.05566951398489506,0.001,-0.15014121959203225,-0.18819348527496693,-0.11496034891023602,0.001,-0.10333854463999732,-0.1449753493428249,-0.06444481664183169,0.001,-0.04677541031257846,-0.062296003463346045,-0.03213420020823728,0.001
CAID3 Disorder-PDB,caid3,disorder_pdb,RONN,DED,content,-0.09531462255099356,-0.11577551910479601,-0.07693931590682052,0.001,-0.18564446324943987,-0.22373633386347086,-0.1532951379888658,0.001,-0.14099724907555042,-0.18088082989033344,-0.10220349068433897,0.001,-0.04963199602643674,-0.06451273897389281,-0.03420213700134892,0.001
CAID3 Disorder-PDB,caid3,disorder_pdb,PreDisorder,DED,content,-0.07125492630188125,-0.09891679859067089,-0.04689715806822787,0.001,-0.14318792350821286,-0.18997611137573914,-0.10104056458263538,0.001,-0.09704530248824698,-0.15276545340365372,-0.048814161046318916,0.001,-0.04546455011551552,-0.05947921461882126,-0.03069357111927786,0.001
CAID3 Disorder-PDB,caid3,disorder_pdb,OPAL,DED,content,-0.25754627059013313,-0.29104896942207953,-0.22473311830473033,0.001,-0.5152922396008192,-0.5793323094248308,-0.45339498325181865,0.001,-0.3535183859572823,-0.41007981204986477,-0.2925048095968639,0.001,-0.16157415522298393,-0.19577392554883702,-0.12887660407957346,0.001
CAID3 Disorder-PDB,caid3,disorder_pdb,pyHCA,DED,content,-0.09971766897717524,-0.12607448512860753,-0.07632498036032832,0.001,-0.19867250491351776,-0.2521061802577488,-0.1518321406579875,0.001,-0.13843543633523991,-0.18506842843951082,-0.09290129972348114,0.001,-0.06099990161911055,-0.08728536480724278,-0.0352660672449613,0.001
CAID3 Disorder-PDB,caid3,disorder_pdb,DeepIDP-2L,DED,content,-0.04377549047893551,-0.07446241898673851,-0.016972966089221466,0.001,-0.08795431804261714,-0.1409926028906427,-0.040307734246683484,0.001,-0.059333654819007056,-0.12099223012491805,-0.005667571184513883,0.038,-0.02821732613886396,-0.051341992941701706,-0.008158482963032421,0.004
CAID3 Disorder-PDB,caid3,disorder_pdb,PredIDR-long,DED,content,-0.015474276862852396,-0.04253405777762952,0.005691698262606969,0.184,-0.031387972400154195,-0.07840538535177109,0.007567294162995497,0.13,-0.0206450037207219,-0.07071354853976321,0.02022629841029471,0.404,-0.010303550004982889,-0.02879199038195659,0.007564024270033047,0.264
CAID3 Disorder-PDB,caid3,disorder_pdb,PredIDR-short,DED,content,-0.023153157098169275,-0.048943554207989445,-0.001655023011393508,0.032,-0.04689814919939982,-0.09485019869223979,-0.0069527635618480315,0.01,-0.031038640163306624,-0.08180394320344941,0.011523063170020742,0.18,-0.015267674033031923,-0.03258983490352826,0.001647914555031987,0.074
CAID3 Disorder-PDB,caid3,disorder_pdb,PredIDR2-Prof-Art,DED,content,-0.001812930528431346,-0.02446437975992269,0.01702777107075077,0.882,-0.0040954404729147496,-0.046100847020578255,0.033412201093803426,0.84,-0.00156867787035152,-0.04441942719116641,0.03867016252369001,0.984,-0.0020571831865111695,-0.023016681001631328,0.019139576691009436,0.884
CAID3 Disorder-PDB,caid3,disorder_pdb,PredIDR2-Seq-Art,DED,content,-0.003931877965461403,-0.019433280416656134,0.010643883002724246,0.616,-0.008088727781480756,-0.041884445754990715,0.025057790102767718,0.648,-0.004740879913055751,-0.03279774922433839,0.025584480222050683,0.728,-0.003122876017867051,-0.026952235764966477,0.018678668779445753,0.82
CAID3 Disorder-PDB,caid3,disorder_pdb,AUCpred-profile,DED,content,-0.04086661427784048,-0.0641865508576669,-0.01862645950979108,0.001,-0.08202791110514411,-0.11990467034375075,-0.04401537670012445,0.001,-0.05591066580128742,-0.10234397783382632,-0.012108334631814202,0.012,-0.02582256275439356,-0.037148522325354975,-0.014644035793448355,0.001
CAID3 Disorder-PDB,caid3,disorder_pdb,AUCpred-no-profile,DED,content,-0.0692303427873928,-0.08985134530941957,-0.0477103079891409,0.001,-0.13791636109867014,-0.1743677997745754,-0.10239734165367068,0.001,-0.09638367769662738,-0.13503396739437976,-0.05334216357856864,0.001,-0.04207700787815823,-0.057679701906985695,-0.0273540604985646,0.001
CAID3 Disorder-PDB,caid3,disorder_pdb,DisoPred,DED,content,-0.030034139995478406,-0.04808301926263287,-0.012747312310414191,0.002,-0.05986428543111317,-0.09504530939089575,-0.023664498484825453,0.002,-0.04144933474000409,-0.07580625598552866,-0.008578432183618045,0.012,-0.01861894525095271,-0.039222485560943855,0.0020418337920192174,0.086
CAID3 Disorder-PDB,caid3,disorder_pdb,DisPredict2,DED,content,-0.23146105355147384,-0.26140017581284253,-0.20120463125841365,0.001,-0.46262484477107024,-0.5196494470622106,-0.4061396508524352,0.001,-0.31890927825614185,-0.3817167123343503,-0.2554089806166847,0.001,-0.1440128288468058,-0.17920094873252973,-0.11093073941872096,0.001
CAID3 Disorder-PDB,caid3,disorder_pdb,DisPredict3,DED,content,-0.06059721585864019,-0.08334539879699246,-0.04065509104511976,0.001,-0.12148113191262853,-0.16213165945828376,-0.08415805617098199,0.001,-0.08256856149337055,-0.1278720379963478,-0.04114821109863161,0.001,-0.03862587022390983,-0.06348688770298193,-0.017252113295303868,0.001
CAID3 Disorder-PDB,caid3,disorder_pdb,IDP-Fusion,DED,content,-0.027409048376355778,-0.055382308332736996,-0.0035578416393912413,0.026,-0.05530607548736712,-0.10308195813339444,-0.012961194887696897,0.014,-0.036774333625609654,-0.0947764315599016,0.012636393161482658,0.154,-0.01804376312710189,-0.03713537732929781,-0.0004097210845968982,0.048
CAID3 Disorder-PDB,caid3,disorder_pdb,rawMSA-disorder,DED,content,-0.060562251733743494,-0.09236934223803782,-0.03283725255760159,0.001,-0.12169883801761,-0.1792891270930636,-0.0719004249986434,0.001,-0.08214616257118403,-0.1422444870881005,-0.025303112443105465,0.001,-0.038978340896302976,-0.06406121108173866,-0.015190687717838354,0.001
CAID3 Disorder-PDB,caid3,disorder_pdb,Metapredict-v1,DED,content,-0.07012222601274112,-0.08925676934975285,-0.05079522162625726,0.001,-0.14036227614136879,-0.17521052596829514,-0.10642531402692197,0.001,-0.09633508027640926,-0.13274634678405797,-0.05836668119675776,0.001,-0.04390937174907296,-0.058960446463434395,-0.027999731024274485,0.001
CAID3 Disorder-PDB,caid3,disorder_pdb,Metapredict-v2,DED,content,-0.02100998168845803,-0.0356564824659696,-0.006789036176524522,0.001,-0.04234435712684979,-0.07109066825831316,-0.015996573633619705,0.002,-0.028203199749987903,-0.058392381148386345,-3.964295418772022e-05,0.05,-0.01381676362692816,-0.031179432563026258,0.002793399755491934,0.112
CAID3 Disorder-PDB,caid3,disorder_pdb,Metapredict-v3,DED,content,-0.004829999473227406,-0.018028012205248106,0.008283156389144015,0.494,-0.009929864374961678,-0.03668360853977937,0.015800953645320515,0.47,-0.005998725019512284,-0.03412068014932033,0.019202635967424265,0.652,-0.0036612739269425276,-0.020186664898247546,0.010630979138813395,0.662
CAID3 Disorder-PDB,caid3,disorder_pdb,DisoMine,DED,content,-0.11575800015841818,-0.14187128471465354,-0.09074014843809079,0.001,-0.23166772632027596,-0.28260841154324334,-0.18055052767717425,0.001,-0.15837929023434502,-0.20964891477190034,-0.11196084932414198,0.001,-0.07313671008249133,-0.10836960560229615,-0.0430727695739254,0.001
CAID3 Disorder-PDB,caid3,disorder_pdb,PUNCH2,DED,content,0.015527174908562383,0.0031095933920823023,0.030701295704932744,0.016,0.030811986140263103,0.004183621505124466,0.059979763936849444,0.024,0.02196731740031688,-0.003221664181240784,0.05092525672212855,0.086,0.009087032416807887,-0.005730033902157336,0.02365133372742933,0.256
CAID3 Disorder-PDB,caid3,disorder_pdb,PUNCH2-Light,DED,content,0.012551978961039958,-0.0005049906544000254,0.0289844185158279,0.066,0.02480769490328663,-0.0015731230486256517,0.056870707987131064,0.066,0.01796200570044646,-0.010209077894109847,0.04734922098994195,0.204,0.007141952221633456,-0.008655902058122214,0.022489391851660802,0.38
CAID3 Disorder-PDB,caid3,disorder_pdb,DisorderUnetLM,DED,content,-0.014593429718386272,-0.03661426909595358,0.006821737094829929,0.202,-0.02918400436622801,-0.07319290235853321,0.012574018670198375,0.196,-0.019762382257382773,-0.06161043903293337,0.017401018388392937,0.348,-0.009424477179389764,-0.03369928307436565,0.012326698145421502,0.436
CAID3 Disorder-PDB,caid3,disorder_pdb,LMDisorder,DED,content,-0.00010291293158943448,-0.01383601242898474,0.014402593572853964,0.986,-0.00044140890235802376,-0.02934674366390667,0.02803331056913421,0.97,0.0005238895296753879,-0.02629752694326434,0.02946227840638528,0.998,-0.000729715392854256,-0.018604592268566096,0.014437235017442214,0.962
CAID3 Disorder-PDB,caid3,disorder_pdb,ESMDisPred-1,DED,content,-0.03430765765332156,-0.056185331464589865,-0.01378348385591215,0.001,-0.06913515985371071,-0.10881669149838076,-0.031773157625709404,0.001,-0.04616747258667763,-0.0895673598490262,-0.0048565230171182545,0.024,-0.022447842719965503,-0.04289636423027371,-0.0019300296376950693,0.028
CAID3 Disorder-PDB,caid3,disorder_pdb,ESMDisPred-2,DED,content,-0.03054681023148516,-0.05389509830772896,-0.008194802052190342,0.001,-0.06111980307096758,-0.10343304841510657,-0.020249756852612356,0.001,-0.04188373451354596,-0.0865288215078461,0.0004931236092946986,0.056,-0.019209885949424358,-0.03900400995922029,-0.0007315468783507882,0.036
CAID3 Disorder-PDB,caid3,disorder_pdb,UdonPred-DisProt,DED,content,-0.07216994566265567,-0.09042397704045675,-0.053776138190389525,0.001,-0.14482209200473678,-0.17640974976234883,-0.11310319596368433,0.001,-0.09855923178961165,-0.13325426339754648,-0.06236875019080071,0.001,-0.04578065953569966,-0.05824871562218857,-0.03232119984633568,0.001
CAID3 Disorder-PDB,caid3,disorder_pdb,UdonPred-combined,DED,content,-0.010331450534476535,-0.026307661546195866,0.005522144573661507,0.22,-0.020938215296295325,-0.04940802857438769,0.006430647737949229,0.154,-0.013775829885230621,-0.047948091703827106,0.017848178283380013,0.394,-0.006887071183722444,-0.01906918232231474,0.004931354495736872,0.26
CAID3 Disorder-PDB,caid3,disorder_pdb,DARUMA-beta,DED,content,-0.03968169946604077,-0.05640276390704452,-0.02243125786583991,0.001,-0.07948959411289166,-0.1099328483632169,-0.04712296323422146,0.001,-0.05433709175726324,-0.08960204062759586,-0.0200827233345325,0.002,-0.025026307174818293,-0.04030807907822921,-0.009591082994831001,0.002
CAID3 Disorder-PDB,caid3,disorder_pdb,DisoFLAG-IDR,DED,content,-0.0369993222149687,-0.05850881433053341,-0.017386960353864677,0.001,-0.0740820458582022,-0.11104048929888939,-0.03998319254513773,0.001,-0.05067324600456664,-0.09282222027246834,-0.012730086872154782,0.004,-0.023325398425370753,-0.0406970317472511,-0.006269158520153065,0.006
CAID3 Disorder-PDB,caid3,disorder_pdb,s2D-2,DED,content,-0.19342513176247308,-0.22259852805065022,-0.1663058164503137,0.001,-0.38675899582448936,-0.43951808692842925,-0.3406867203453256,0.001,-0.26702579814280825,-0.3228440924395752,-0.21368182950970208,0.001,-0.1198244653821379,-0.13748381635838539,-0.10189698194901863,0.001
CAID3 Disorder-NOX,caid3,disorder_nox,AlphaFold-rsa,AF,literal,0.0878956832944521,0.06270238012313682,0.11650080862480643,0.001,0.12380612834562485,0.07719760240373344,0.17460204266420234,0.001,0.3322367071191418,0.28699497327221357,0.3850265211594659,0.001,-0.15644534053023765,-0.19128189549676808,-0.12190406410746064,0.001
CAID3 Disorder-NOX,caid3,disorder_nox,AlphaFold3-pLDDT,AF,literal,-0.016682268910118113,-0.050962396959168196,0.014286831481378794,0.304,-0.02619938599154982,-0.08329550646260651,0.026611453458184373,0.35,-0.04128337477714543,-0.121500894334042,0.026508217932973883,0.276,0.0079188369569092,-0.005313978986188572,0.0244008089384228,0.34
CAID3 Disorder-NOX,caid3,disorder_nox,AlphaFold3-rsa,AF,literal,0.08691635977479092,0.060636805350729,0.11539401882082408,0.001,0.12191364270704966,0.07244109907441613,0.1725536196261831,0.001,0.329095464396088,0.27984797384766286,0.38450487128414723,0.001,-0.1552627448465061,-0.1900087456031825,-0.12204888597173712,0.001
CAID3 Disorder-NOX,caid3,disorder_nox,AIUPred,DED,literal,0.02891714631728059,-0.00019804089889014395,0.05862129962242931,0.052,0.015318137588028986,-0.03931989271770178,0.07155063936813243,0.628,0.2659348426223309,0.2126212164852082,0.323171939223989,0.001,-0.20810054998776975,-0.24268271689717788,-0.1752106661584214,0.001
CAID3 Disorder-NOX,caid3,disorder_nox,AIUPred-2-disorder,DED,literal,0.05708965456078198,0.028947459800449844,0.0877625706054454,0.001,0.06703639415560105,0.018086953665793354,0.12081459148811861,0.014,0.2767174635033961,0.22276643386681486,0.33080285438532586,0.001,-0.16253815438183217,-0.1976541696250155,-0.12785644285011138,0.001
CAID3 Disorder-NOX,caid3,disorder_nox,IUPred3,DED,literal,0.02099890978932566,-0.012702764567934562,0.052706801132336126,0.216,0.021984256432466258,-0.03864308852884329,0.07949815894291887,0.472,0.08325216057428364,0.019344895181898615,0.1485179950288578,0.014,-0.04125434099563233,-0.0669914487765332,-0.01714657864085275,0.004
CAID3 Disorder-NOX,caid3,disorder_nox,ESpritz-D,DED,literal,-0.05505908406420325,-0.1027946753621521,-0.008747398933082885,0.016,-0.06103268146777162,-0.15634034527111354,0.03134427858174844,0.208,-0.17926749969378575,-0.2715949363707893,-0.08589833325305449,0.001,0.06914933156537924,0.03284880597546196,0.1039366490924017,0.001
CAID3 Disorder-NOX,caid3,disorder_nox,ESpritz-N,DED,literal,-0.008383021017849317,-0.03554065449768452,0.02085641771388199,0.608,-0.01288568523764026,-0.06216608192973714,0.04154734358319879,0.674,-0.021288322427489105,-0.07850104696464857,0.03561890850186747,0.494,0.0045222803917904794,-0.011445320857472813,0.020113667152571738,0.594
CAID3 Disorder-NOX,caid3,disorder_nox,ESpritz-X,DED,literal,-0.11284925025626828,-0.14796365286141794,-0.07752559152389683,0.001,-0.162280957454302,-0.23384116409255726,-0.09173568606404908,0.001,-0.3144401790368007,-0.38755177499014487,-0.24447747611717127,0.001,0.08874167852426411,0.06553210440227326,0.11449905738645381,0.001
CAID3 Disorder-NOX,caid3,disorder_nox,MobiDB-lite,DED,literal,0.008339059184795168,-0.02501400863830582,0.04114630336429458,0.624,0.014093975722466389,-0.046620619806798394,0.0723705856826054,0.642,0.017933779495648706,-0.047945937223814517,0.08435812622714195,0.608,-0.0012556611260583707,-0.02070524923176768,0.018255746758270044,0.932
CAID3 Disorder-NOX,caid3,disorder_nox,flDPnn,DED,literal,-0.05826357053674409,-0.10269036091836634,-0.011874814689617392,0.012,-0.043343917893451385,-0.1370315479349544,0.047298425527360986,0.37,-0.21380334566092665,-0.30457140258121757,-0.11918902721900984,0.001,0.09727620458743845,0.060778192534634394,0.13330582073546096,0.001
CAID3 Disorder-NOX,caid3,disorder_nox,flDPnn2,DED,literal,-0.04634029794106117,-0.09460366628897876,0.0010437592967110336,0.058,-0.014213840805658799,-0.10967519984325613,0.07395097117835296,0.764,-0.19678290099287454,-0.2914397332392136,-0.09775778192460338,0.001,0.10410230511075225,0.06531618211081378,0.14290486841470365,0.001
CAID3 Disorder-NOX,caid3,disorder_nox,flDPnn3a,DED,literal,0.08297567048911984,0.044176691882380374,0.12105832995293335,0.001,0.12953912829898157,0.056078018517527084,0.2010315841258631,0.002,0.2075370741111735,0.1311278806143605,0.28648574014501116,0.001,-0.04158573313293382,-0.08479344720141276,0.0011615953338568526,0.058
CAID3 Disorder-NOX,caid3,disorder_nox,flDPnn3b,DED,literal,-0.08067761395961463,-0.12901564360980622,-0.03102959485692346,0.002,-0.06947005827995585,-0.1678148953704181,0.0327002684886404,0.164,-0.275982290042896,-0.3720996248290448,-0.17638095841088977,0.001,0.11462706212366677,0.07939189455114581,0.15083186932546733,0.001
CAID3 Disorder-NOX,caid3,disorder_nox,DISOPRED3-diso,DED,literal,0.027159147730024025,0.0019498989141270408,0.05104577748539607,0.026,0.030827545487121934,-0.015905534171122074,0.07577393599316135,0.206,0.10213870338049512,0.05003051942343193,0.15586297551218342,0.002,-0.047820407920447075,-0.06841378234903679,-0.024715357901421403,0.001
CAID3 Disorder-NOX,caid3,disorder_nox,SETH-0,DED,literal,0.05921852738302368,0.03545968566594886,0.08287591433699366,0.001,0.09523126162409604,0.05393322956879477,0.1358184190908352,0.001,0.1379379254449184,0.08742075815163113,0.18658038260801207,0.001,-0.019500870678871053,-0.03251622399625208,-0.00619040705432853,0.004
CAID3 Disorder-NOX,caid3,disorder_nox,SETH-1,DED,literal,0.06354354616402269,0.03781806522092001,0.09026280757620568,0.001,0.099106151395503,0.05378045862653989,0.1463815398720158,0.001,0.1571354322561744,0.1050519102512964,0.21139252862438615,0.001,-0.030048339928129022,-0.0454856516603963,-0.014507053304584438,0.001
CAID3 Disorder-NOX,caid3,disorder_nox,VSL2,DED,literal,0.013115744492871855,-0.014685170935904032,0.04164601178785823,0.376,-0.012813561018752148,-0.06334285909152228,0.03767851126217745,0.604,0.26541660364815645,0.21527302307066373,0.3226842896695197,0.001,-0.23918511466241277,-0.26998391759227464,-0.20908002917715096,0.001
CAID3 Disorder-NOX,caid3,disorder_nox,SPOT-Disorder,DED,literal,0.05233189337282362,0.015822468504473185,0.08596263044943944,0.016,0.06877782925640312,0.0052467609636035525,0.1279279886805265,0.036,0.17738170839748726,0.09098536593608518,0.24746752470167174,0.001,-0.07271792165184005,-0.10185383274966131,-0.04549750868256856,0.001
CAID3 Disorder-NOX,caid3,disorder_nox,SPOT-Disorder2,DED,literal,0.08212582087559031,0.057925421236281326,0.1074461286471402,0.001,0.12507264906069968,0.08216413518247638,0.17156267219421964,0.001,0.21735318586394417,0.16959573900339184,0.26973733249828696,0.001,-0.05310154411276358,-0.0696774851929044,-0.037313014164935064,0.001
CAID3 Disorder-NOX,caid3,disorder_nox,SPOT-Disorder-Single,DED,literal,0.001040275968208403,-0.03320632716006433,0.03543875556970796,0.964,0.01649814074412682,-0.04740179461624914,0.0782224942292271,0.616,-0.02826222334779338,-0.10006574725457029,0.04369923478218197,0.414,0.03034277528421018,0.012173232002235777,0.048167053155700724,0.001
CAID3 Disorder-NOX,caid3,disorder_nox,DisEMBL-dis465,DED,literal,-0.07411606599262788,-0.10073512358272128,-0.04612297721481314,0.001,-0.1305396672608225,-0.1815674113871898,-0.07783885006446278,0.001,-0.15889599884475955,-0.21296458784273875,-0.10239669923200224,0.001,0.010663866859503799,-0.00940267579418055,0.030846983457150166,0.284
CAID3 Disorder-NOX,caid3,disorder_nox,DisEMBL-disHL,DED,literal,-0.2109319437178409,-0.2403629128209259,-0.1802734339034332,0.001,-0.4055576362715923,-0.472591966225826,-0.3364436275551535,0.001,-0.5859053935328984,-0.6350587024361366,-0.5351771925004302,0.001,0.16404150609721663,0.12760936997438183,0.20217901179779404,0.001
CAID3 Disorder-NOX,caid3,disorder_nox,IsUnstruct,DED,literal,0.022774653470002747,-0.008563871527961283,0.05411944475028266,0.15,0.005376361027915831,-0.053123920225710365,0.05858038704548333,0.846,0.19289151740722893,0.1341483112282435,0.25539191820992796,0.001,-0.14734221046722343,-0.1742536807827598,-0.12142713338299813,0.001
CAID3 Disorder-NOX,caid3,disorder_nox,RONN,DED,literal,0.004634035014056897,-0.02407416319029739,0.032796937414788806,0.75,-0.028314161740364503,-0.08237350889993897,0.02396226675664381,0.304,0.16959549926414597,0.11580235205179845,0.22572060964476268,0.001,-0.1603274292360322,-0.18455186051946898,-0.13952356037624222,0.001
CAID3 Disorder-NOX,caid3,disorder_nox,PreDisorder,DED,literal,0.017565508081193917,-0.022581430471905823,0.05400627132047437,0.358,-0.006106662001460002,-0.07660916599672184,0.056983366651095026,0.874,0.22371263004427286,0.1348663858726083,0.2979844419513459,0.001,-0.18858161388188507,-0.21763730904999964,-0.16198604446841833,0.001
CAID3 Disorder-NOX,caid3,disorder_nox,OPAL,DED,literal,-0.10098876505153942,-0.1341366129434569,-0.06617035065394868,0.001,-0.20544042042884056,-0.273635510039921,-0.13712977789087863,0.001,0.26836620378433496,0.20825253673820743,0.3323580723182028,0.001,-0.47034373388741374,-0.5213203793435248,-0.41867388127669813,0.001
CAID3 Disorder-NOX,caid3,disorder_nox,pyHCA,DED,literal,-0.05241544400625995,-0.09173513045843208,-0.011417977905031405,0.01,-0.04258597782384257,-0.11915766520581922,0.03472099782583236,0.272,-0.19071790895057014,-0.26779539817969683,-0.10895228809324499,0.001,0.08588702093805026,0.0567998092314094,0.11544815609046608,0.001
CAID3 Disorder-NOX,caid3,disorder_nox,DeepIDP-2L,DED,literal,0.0455863433681178,0.0005636111168668553,0.08724191791638856,0.046,0.05812618001738711,-0.02052774101786284,0.13189781532304037,0.136,0.15730452219251345,0.061124844945938187,0.242285503186178,0.002,-0.06613183545627782,-0.09799669722748687,-0.034306290265210974,0.001
CAID3 Disorder-NOX,caid3,disorder_nox,PredIDR-long,DED,literal,0.047019695244639365,0.004513183167748308,0.08140265819473597,0.038,0.0483330484877381,-0.02080914725771784,0.1090316920035301,0.15,0.25807248129084565,0.17198362575233173,0.32408760561047284,0.001,-0.16403309080156694,-0.19026200811615335,-0.13546406597724936,0.001
CAID3 Disorder-NOX,caid3,disorder_nox,PredIDR-short,DED,literal,0.037586210065060605,-0.005032781325774527,0.07175383756486978,0.072,0.03074832993103531,-0.037796278918751786,0.08974275201142595,0.334,0.2544804660977702,0.16984706166557775,0.321275870392972,0.001,-0.179308045967649,-0.20438869784397337,-0.15249491137749382,0.001
CAID3 Disorder-NOX,caid3,disorder_nox,PredIDR2-Prof-Art,DED,literal,0.039843542258256676,0.005785716147467513,0.07459272129643144,0.03,0.036584918100391495,-0.021001081643033884,0.09569350107650693,0.212,0.3025984182611605,0.23723903924163073,0.360198822580136,0.001,-0.22291133374464717,-0.25918973142693086,-0.1892087258189612,0.001
CAID3 Disorder-NOX,caid3,disorder_nox,PredIDR2-Seq-Art,DED,literal,0.03857432425327446,0.01128000259051264,0.06673227461101407,0.002,0.03461822260540612,-0.012379518108716497,0.08560929888849661,0.148,0.30498898650963274,0.2582701676315702,0.35095997525915573,0.001,-0.22784033800308381,-0.2628292792801695,-0.19165694871737593,0.001
CAID3 Disorder-NOX,caid3,disorder_nox,AUCpred-profile,DED,literal,0.024927881331912614,-0.012818452752000256,0.06060006724123229,0.208,0.021811377956310538,-0.04353220941217316,0.0818147858235545,0.528,0.11603181894544425,0.03798957543821722,0.18971594092611205,0.004,-0.06617605628161902,-0.08564630710179681,-0.048420435920134716,0.001
CAID3 Disorder-NOX,caid3,disorder_nox,AUCpred-no-profile,DED,literal,0.0033295482402876746,-0.03286058918667202,0.03935722986316248,0.848,0.003781035722509955,-0.061819659503571475,0.06691367855930154,0.894,0.011273046249977174,-0.06412846930053817,0.0894228805986319,0.768,-0.004613949769401829,-0.02540633113614847,0.01585180342650294,0.656
CAID3 Disorder-NOX,caid3,disorder_nox,DisoPred,DED,literal,0.07491722555890451,0.04765310214767867,0.10019109659917325,0.001,0.12472353031930099,0.07501944743720246,0.17505125946346203,0.001,0.1623836360140826,0.1070762548036156,0.21523020460093784,0.001,-0.012549184896273548,-0.035924952163260165,0.012052785043240533,0.318
CAID3 Disorder-NOX,caid3,disorder_nox,DisPredict2,DED,literal,-0.11427353333203139,-0.14888681595403994,-0.07472408021940481,0.001,-0.24007684958991457,-0.30839048267077224,-0.16321150898988135,0.001,-0.0997558050647952,-0.17514436764001107,-0.017372260010831378,0.012,-0.1287912615992676,-0.17832605122130227,-0.07872347477678669,0.001
CAID3 Disorder-NOX,caid3,disorder_nox,DisPredict3,DED,literal,-0.019693366379914565,-0.06365005017724033,0.026312318877615877,0.382,0.012820998193487008,-0.07446723011163606,0.09816181047924884,0.742,-0.11946857366712266,-0.2187147547150158,-0.024420485726099807,0.018,0.08008184090729352,0.04174744647116591,0.11748885284043355,0.002
CAID3 Disorder-NOX,caid3,disorder_nox,IDP-Fusion,DED,literal,0.06117677798283242,0.020590495531603872,0.0988909186097949,0.006,0.07718113525208284,0.008025656283630755,0.14335561148434933,0.026,0.23841349431450026,0.15347187404438783,0.31623986653469294,0.001,-0.11605993834883546,-0.1475765342490634,-0.08997530900069317,0.001
CAID3 Disorder-NOX,caid3,disorder_nox,rawMSA-disorder,DED,literal,-0.04754916574069047,-0.09400479423657102,-0.0006878165026899592,0.048,-0.038826965641411915,-0.13184842827431373,0.05070765710091962,0.406,-0.1744787030871329,-0.26770538911451697,-0.07616833601484278,0.001,0.07938037160575198,0.04066481510276947,0.12121190375886232,0.001
CAID3 Disorder-NOX,caid3,disorder_nox,Metapredict-v1,DED,literal,-0.002658637221555037,-0.033355058665038816,0.028727849615909577,0.84,0.010864004375756672,-0.0465743101928438,0.06723804112852205,0.696,-0.037405946386911436,-0.10190232331526299,0.026324465566509633,0.256,0.03208867194380136,0.012372890576659518,0.051554923668258666,0.001
CAID3 Disorder-NOX,caid3,disorder_nox,Metapredict-v2,DED,literal,0.07297129520250295,0.04999888042449362,0.09629859620687087,0.001,0.10794673318087225,0.06687642111779923,0.14933120351281576,0.001,0.20406086509790333,0.15839230603471388,0.2534818678312583,0.001,-0.058118274692897445,-0.07566965096919685,-0.042711563997883825,0.001
CAID3 Disorder-NOX,caid3,disorder_nox,Metapredict-v3,DED,literal,0.0974764376183624,0.074976763428237,0.1206570932101654,0.001,0.1518454617557211,0.1137579847745248,0.19476996271717542,0.001,0.24753579019675018,0.20279210580944732,0.2961173486267608,0.001,-0.0525829149600254,-0.07001209331832783,-0.03458875947469611,0.001
CAID3 Disorder-NOX,caid3,disorder_nox,DisoMine,DED,literal,-0.07321405065351923,-0.12192908677557147,-0.024402527371153195,0.01,-0.10843935290185137,-0.2086204328459018,-0.018773055306835828,0.032,-0.1963887325947597,-0.2897024650279225,-0.0941530596765744,0.001,0.04996063128772128,0.001978469729319074,0.09259303959540136,0.036
CAID3 Disorder-NOX,caid3,disorder_nox,PUNCH2,DED,literal,0.09654894242402201,0.07277128810113281,0.12083003788977373,0.001,0.14693599490762882,0.10349406947777366,0.19156299442321684,0.001,0.26211190876180696,0.2115698719381285,0.31520045084156456,0.001,-0.0690140239137629,-0.09057924364101531,-0.04815216583624346,0.001
CAID3 Disorder-NOX,caid3,disorder_nox,PUNCH2-Light,DED,literal,0.09309305558792359,0.06872397783071328,0.11777951345518727,0.001,0.1409991112920666,0.0981050710665068,0.18569295495257537,0.001,0.2546391976447383,0.20435011282174267,0.3072019803239757,0.001,-0.06845308646889114,-0.08976866705696553,-0.04654775989136257,0.001
CAID3 Disorder-NOX,caid3,disorder_nox,DisorderUnetLM,DED,literal,0.062195553957530104,0.02363750114639352,0.10286750341174346,0.004,0.13256010298071377,0.0610652512924422,0.2097720574450945,0.002,0.07479476538643291,-0.00402859764241836,0.15564387201102983,0.058,0.04959634252862728,0.016716946278113733,0.08365505336113746,0.006
CAID3 Disorder-NOX,caid3,disorder_nox,LMDisorder,DED,literal,0.0674365043443669,0.04395067636126534,0.09176523255066454,0.001,0.08669356441342874,0.04582838156149894,0.13048074131124954,0.001,0.3249301898425706,0.2787745210249369,0.3727694638021791,0.001,-0.19005718115383677,-0.22361310110351765,-0.15717272988992978,0.001
CAID3 Disorder-NOX,caid3,disorder_nox,ESMDisPred-1,DED,literal,-0.03431246678079895,-0.07883607081952887,0.012564127175421809,0.136,0.0036713012596714706,-0.08713816152654724,0.09034091974668329,0.922,-0.1680684539669763,-0.2598593877021297,-0.06814772619419383,0.001,0.09944352040537839,0.06263794529170531,0.13653167728583906,0.001
CAID3 Disorder-NOX,caid3,disorder_nox,ESMDisPred-2,DED,literal,-0.027219009477085287,-0.07468817950511122,0.021362446090289568,0.24,0.015416435310126453,-0.07440348016279913,0.10104676060245452,0.696,-0.1526528886086786,-0.25199668589141705,-0.053270366897282144,0.001,0.09821486965450801,0.06052253203157932,0.13508002313173512,0.001
CAID3 Disorder-NOX,caid3,disorder_nox,UdonPred-DisProt,DED,literal,0.003923814439077597,-0.029303450405728116,0.03811564966742927,0.814,0.024364148727375648,-0.042522817218359904,0.08767748543951763,0.444,-0.028011204812425746,-0.09301181129174182,0.04154289094677335,0.406,0.03585883369058094,0.005417460235086611,0.06908086615016275,0.012
CAID3 Disorder-NOX,caid3,disorder_nox,UdonPred-combined,DED,literal,0.0681929352121011,0.03404090083813428,0.10183202868467692,0.001,0.10251901379144093,0.04588777938962811,0.16111603995218207,0.001,0.18187353650294186,0.11147371165851827,0.255125955222938,0.001,-0.04548766607873968,-0.06817521319974457,-0.025697934911497182,0.001
CAID3 Disorder-NOX,caid3,disorder_nox,DARUMA-beta,DED,literal,0.04564950464811024,0.017470687901168732,0.07465378799225549,0.002,0.056622814552724374,0.006371417370843348,0.1075999310154767,0.028,0.165149209171307,0.11030853364566384,0.22411839355664817,0.001,-0.07385019987508651,-0.09778222620569464,-0.05105905316385522,0.001
CAID3 Disorder-NOX,caid3,disorder_nox,DisoFLAG-IDR,DED,literal,0.04875206922479801,0.009532079395770195,0.08847085613538448,0.006,0.09979061544418169,0.027146690716284665,0.17134921204005196,0.004,0.06539123489429992,-0.013662560994527005,0.14634869785891302,0.11,0.0321129035552961,-0.0018148861732397714,0.0645878823172103,0.068
CAID3 Disorder-NOX,caid3,disorder_nox,s2D-2,DED,literal,-0.06435839147841067,-0.09949332781134887,-0.03097462151018439,0.001,-0.1562420079038312,-0.22226425638752192,-0.09356087867916785,0.001,0.152920807740271,0.06946027181194443,0.2266283696553517,0.001,-0.2816375906970924,-0.31166442415925455,-0.25009246191152085,0.001
CAID3 Disorder-NOX,caid3,disorder_nox,AlphaFold-rsa,AF,calibrated,0.014860681296634433,-0.0028448402436874074,0.03374914382544772,0.132,0.02859549767593112,-0.0038367698802742956,0.06399933131681865,0.106,0.015452177955878,-0.018360626736250045,0.05265270793809205,0.41,0.014269184637390861,-0.003589934519226273,0.031153390075953018,0.102
CAID3 Disorder-NOX,caid3,disorder_nox,AlphaFold3-pLDDT,AF,calibrated,-0.0016675469389909883,-0.01420552195874381,0.010925240347284877,0.772,-0.005682641841627677,-0.028294286248421428,0.017188081914440018,0.6,0.017480803499994764,-0.006289383127337353,0.042050115118690355,0.144,-0.020815897377976744,-0.03288787165444201,-0.008881042997035155,0.002
CAID3 Disorder-NOX,caid3,disorder_nox,AlphaFold3-rsa,AF,calibrated,0.009980631653840607,-0.008984469450027956,0.030903076154907796,0.356,0.013429142752665704,-0.021014086034206538,0.051935968687394245,0.486,0.08670657269574074,0.058669911910208816,0.12041897676095749,0.001,-0.06674530938805953,-0.09776521938391376,-0.038284268304962815,0.001
CAID3 Disorder-NOX,caid3,disorder_nox,AIUPred,DED,calibrated,-0.0325821012571865,-0.058784740260734714,-0.006766004699626981,0.014,-0.04563185719634032,-0.09173185678829085,0.0014511608029578662,0.062,-0.11533092474134442,-0.1631113141933887,-0.0656322407105339,0.001,0.050166722226971425,0.02769555091819751,0.07317906375507165,0.001
CAID3 Disorder-NOX,caid3,disorder_nox,AIUPred-2-disorder,DED,calibrated,-0.00748755288866157,-0.027433884429666558,0.013883739095443293,0.476,-0.010246628482751178,-0.04718361132275484,0.028540268714306247,0.572,-0.03137435300028465,-0.07489469196022257,0.010504645155499611,0.13,0.016399247222961516,-0.0009178094820126104,0.03312670475589557,0.07
CAID3 Disorder-NOX,caid3,disorder_nox,IUPred3,DED,calibrated,-0.05137073623229944,-0.08132921693793588,-0.02296749815216313,0.004,-0.0849469611943031,-0.13859048207411975,-0.0329294980051406,0.008,-0.12872097293195334,-0.18201866882312925,-0.07505981356017986,0.001,0.025979500467354477,0.0014072458673584285,0.0491819687782766,0.04
CAID3 Disorder-NOX,caid3,disorder_nox,ESpritz-D,DED,calibrated,-0.05984567234063039,-0.0992549665959508,-0.01930944803740629,0.002,-0.09843654057394419,-0.17251285466566452,-0.022962259940002897,0.004,-0.15021491788268065,-0.22698993880068757,-0.07756430280161489,0.002,0.03052357320141989,-0.012621201086979424,0.07120527457414197,0.18
CAID3 Disorder-NOX,caid3,disorder_nox,ESpritz-N,DED,calibrated,-0.0733793790619133,-0.09935878454730279,-0.047050150226937454,0.001,-0.1119794206937654,-0.15925725581770137,-0.06340557275792061,0.001,-0.21255034695532027,-0.2607741725833532,-0.16388520395840092,0.001,0.06579158883149368,0.04723679965796236,0.08501269544443625,0.001
CAID3 Disorder-NOX,caid3,disorder_nox,ESpritz-X,DED,calibrated,-0.06433330538767341,-0.09291707413389749,-0.03772939247890672,0.001,-0.1010361027510979,-0.15451781270690348,-0.0528642103728006,0.001,-0.17933548918001993,-0.2308555275448472,-0.12699753102900874,0.001,0.05066887840467308,0.027506640193362724,0.07185881873345942,0.001
CAID3 Disorder-NOX,caid3,disorder_nox,MobiDB-lite,DED,calibrated,-0.051629580449325724,-0.07924259454320383,-0.024903678308082326,0.001,-0.0824568700640126,-0.13529599982790205,-0.03385441515912627,0.004,-0.141265051080873,-0.1914746795609913,-0.09142143477065023,0.001,0.038005890182221565,0.017670429125837637,0.05798368227233115,0.001
CAID3 Disorder-NOX,caid3,disorder_nox,flDPnn,DED,calibrated,-0.023350322758738395,-0.05230612058135283,0.00592550814873677,0.106,-0.03451211265300048,-0.0886244566701253,0.020692962096883538,0.202,-0.07945291807278052,-0.14030866908552148,-0.021532426386236113,0.012,0.03275227255530373,-0.002945530270734409,0.06715476342900716,0.064
CAID3 Disorder-NOX,caid3,disorder_nox,flDPnn2,DED,calibrated,-0.02111223957816004,-0.05204132363383237,0.006378942416926458,0.134,-0.02395915023640729,-0.08174559642803386,0.030409820934252443,0.368,-0.09913002270575469,-0.16433185214979087,-0.03859442655526999,0.002,0.056905543549434605,0.019428725474367275,0.09422549793106091,0.006
CAID3 Disorder-NOX,caid3,disorder_nox,flDPnn3a,DED,calibrated,0.019636120842197655,-0.00872089942470704,0.048591783192411815,0.164,0.03506923643061896,-0.01896134003241806,0.08892420596901766,0.196,0.037913532890305794,-0.009288626771523789,0.09015327457022335,0.128,0.001358708794089508,-0.03938337768783526,0.04439276612710229,0.952
CAID3 Disorder-NOX,caid3,disorder_nox,flDPnn3b,DED,calibrated,-0.01510186576145744,-0.05949092646246188,0.023586638678223897,0.49,-0.021670816269542,-0.10183220157918245,0.049044075176247925,0.612,-0.05575052136353379,-0.1392969625682263,0.015528102979729789,0.136,0.02554678984061891,-0.02055639837926009,0.07181562048061335,0.33
CAID3 Disorder-NOX,caid3,disorder_nox,DISOPRED3-diso,DED,calibrated,-0.03729731346029216,-0.05596001342620975,-0.018966904717492468,0.001,-0.06432304104138944,-0.09735296163499324,-0.03146454804557623,0.001,-0.08188674953738027,-0.1200304053389975,-0.04593168385088102,0.001,0.007292122616795938,-0.012429199150688982,0.02839039001192462,0.506
CAID3 Disorder-NOX,caid3,disorder_nox,SETH-0,DED,calibrated,0.015712806190246016,0.0025704297631710614,0.02941032485487817,0.018,0.028875734630454324,0.00556837556761192,0.05302184638598607,0.02,0.024260600299824787,-0.00047938902944167066,0.05016448030563144,0.056,0.007165012080667248,-0.006455771337462918,0.020254526877104214,0.294
CAID3 Disorder-NOX,caid3,disorder_nox,SETH-1,DED,calibrated,0.002390608299040236,-0.013309578854726724,0.018445373574772824,0.788,0.005133680196821115,-0.02361978991248538,0.03531969790331691,0.752,-0.0015273921507365548,-0.030138982601575603,0.025971619005785564,0.912,0.006308608748817033,-0.011534516211982157,0.022721843008137965,0.46
CAID3 Disorder-NOX,caid3,disorder_nox,VSL2,DED,calibrated,-0.054315991118222294,-0.0800500426405858,-0.028690457804075545,0.002,-0.1018054156305996,-0.150797794892634,-0.05561219295320316,0.002,-0.06809040394233004,-0.11203045145563922,-0.021396127976893,0.006,-0.04054157829411455,-0.06812575857004993,-0.015503838268244302,0.006
CAID3 Disorder-NOX,caid3,disorder_nox,SPOT-Disorder,DED,calibrated,-0.022402809178105543,-0.05256344853570314,0.004299621262809348,0.098,-0.03819022360457234,-0.09047303840061541,0.009515108037215968,0.12,-0.05105881432482408,-0.11946742367529806,0.003075124098201543,0.076,0.006253195968612992,-0.02099854319580798,0.03224544971345164,0.65
CAID3 Disorder-NOX,caid3,disorder_nox,SPOT-Disorder2,DED,calibrated,0.008365229969046626,-0.007981594922889251,0.025777914255460145,0.336,0.01872263841506239,-0.009471792772488219,0.0507375754103619,0.222,-0.005384202026150661,-0.03917561125930167,0.02621234177910593,0.714,0.022114661964243908,0.006864052135295729,0.038175910858282674,0.004
CAID3 Disorder-NOX,caid3,disorder_nox,SPOT-Disorder-Single,DED,calibrated,-0.034809225164579446,-0.06070873946347471,-0.009380021653425802,0.018,-0.05763822284079521,-0.10362413349981373,-0.01233788209222407,0.02,-0.08849427335997001,-0.139736505037188,-0.03458499581727247,0.002,0.01887582303081113,-0.0004221263244062467,0.036920747678443076,0.054
CAID3 Disorder-NOX,caid3,disorder_nox,DisEMBL-dis465,DED,calibrated,-0.11211127724820678,-0.13589048365748677,-0.0870159098814083,0.001,-0.2075763542227712,-0.2534853631325441,-0.16155072168872003,0.001,-0.16573823123664316,-0.21265415041164018,-0.11771926905934597,0.001,-0.05848432325977036,-0.08066230698003508,-0.03691989654728694,0.001
CAID3 Disorder-NOX,caid3,disorder_nox,DisEMBL-disHL,DED,calibrated,-0.18386102633002463,-0.2199149385354217,-0.14765134837484892,0.001,-0.2947278592548207,-0.36737730894266146,-0.22072558465273415,0.001,-0.48878951524620323,-0.5497789046394542,-0.42818711695204403,0.001,0.12106746258615397,0.07952323249443739,0.1625921932104395,0.001
CAID3 Disorder-NOX,caid3,disorder_nox,IsUnstruct,DED,calibrated,-0.060969980532029906,-0.09137789271261458,-0.03183157602550029,0.001,-0.09742683197123456,-0.15222742815596849,-0.04502422841996764,0.002,-0.16483986560543695,-0.2186559879596324,-0.1111228241744358,0.001,0.04289990454137715,0.021554515974065866,0.06483772533294124,0.001
CAID3 Disorder-NOX,caid3,disorder_nox,RONN,DED,calibrated,-0.0689075008371502,-0.09387700314385343,-0.04448826783819218,0.001,-0.12652647979293324,-0.17198601024918403,-0.0818275041052492,0.001,-0.10884080452389268,-0.1531256057731092,-0.062445587560575375,0.001,-0.028974197150407752,-0.048945775922053326,-0.009257709232076318,0.001
CAID3 Disorder-NOX,caid3,disorder_nox,PreDisorder,DED,calibrated,-0.055411995957376135,-0.08632126849814895,-0.02763351403843747,0.001,-0.09463924058727144,-0.1488787611372191,-0.043856253543459296,0.001,-0.12708041241510282,-0.19410006574235492,-0.07105986436245386,0.001,0.016256420500350557,-0.006564566978301522,0.04134747260038813,0.184
CAID3 Disorder-NOX,caid3,disorder_nox,OPAL,DED,calibrated,-0.16184460459202968,-0.1993193981145745,-0.12475774782661041,0.001,-0.3032719289916754,-0.3752073287157664,-0.22974039231343557,0.001,-0.16373968326820834,-0.21961113468235022,-0.10476196507031402,0.001,-0.15994952591585102,-0.2142661971490192,-0.10528197476868068,0.001
CAID3 Disorder-NOX,caid3,disorder_nox,pyHCA,DED,calibrated,-0.05964353153998336,-0.09130816416750365,-0.026894047057416888,0.001,-0.09628060820686718,-0.15372973614248442,-0.03720014898213815,0.001,-0.15733459054979462,-0.21987898287014837,-0.09794108849809431,0.001,0.03804752746982792,0.0075891334943038406,0.06662606583791623,0.022
CAID3 Disorder-NOX,caid3,disorder_nox,DeepIDP-2L,DED,calibrated,-0.03209058516378461,-0.06982360322843098,0.0034885883633831503,0.08,-0.043638868950017375,-0.11343714918874655,0.02151357540943754,0.198,-0.1188217858408924,-0.19700395884628488,-0.04663966943378693,0.002,0.0546406155133232,0.026204374188876615,0.0886271684632093,0.001
CAID3 Disorder-NOX,caid3,disorder_nox,PredIDR-long,DED,calibrated,-0.0275345887662917,-0.05210531002098567,-0.0032058009153088426,0.026,-0.05472824663411046,-0.099143820509214,-0.011668175480412194,0.016,0.0662281873449758,0.018628064937716324,0.10836348417543448,0.006,-0.12129736487755918,-0.1498776657302743,-0.09332714788203454,0.001
CAID3 Disorder-NOX,caid3,disorder_nox,PredIDR-short,DED,calibrated,-0.0372248518885718,-0.061415195668589856,-0.015021260753160064,0.002,-0.07244931102038119,-0.11616491196006205,-0.03197381308376325,0.002,0.055692094954377186,0.008893488597769445,0.0960333801890098,0.018,-0.1301417987315208,-0.15728006151044865,-0.10340958043300442,0.001
CAID3 Disorder-NOX,caid3,disorder_nox,PredIDR2-Prof-Art,DED,calibrated,-0.03014819880249968,-0.05765464513253732,-0.006167845428167751,0.014,-0.04708680184293604,-0.0961986672871594,-0.004405188803062363,0.024,-0.08971960330149016,-0.1566144766444687,-0.03220926409187855,0.001,0.029423205696490803,0.007336560475337484,0.05405834052762399,0.004
CAID3 Disorder-NOX,caid3,disorder_nox,PredIDR2-Seq-Art,DED,calibrated,-0.02415850335066545,-0.043361061414727155,-0.005720399311250502,0.014,-0.04175629330429393,-0.07676568527888969,-0.009484725980327074,0.02,-0.05362039418441843,-0.09261671619336284,-0.014392185503617124,0.008,0.005303387483087539,-0.01415045438513749,0.025035823682164324,0.598
CAID3 Disorder-NOX,caid3,disorder_nox,AUCpred-profile,DED,calibrated,-0.03826714865784841,-0.06463622331758456,-0.010809338788088391,0.01,-0.07477496151058272,-0.12230617967404725,-0.029110739856088474,0.006,-0.018080427673458726,-0.07041768545363664,0.032222754222502765,0.51,-0.05845386964223809,-0.07522595000506237,-0.041338831873641325,0.001
CAID3 Disorder-NOX,caid3,disorder_nox,AUCpred-no-profile,DED,calibrated,-0.051839701961929975,-0.0810713806787324,-0.023356927999657263,0.004,-0.08947032955771951,-0.14444684231123228,-0.03752346817803626,0.004,-0.11465529487857765,-0.16627229876604496,-0.059509655103624506,0.001,0.010975890954717708,-0.01049113965180427,0.03218181902030037,0.324
CAID3 Disorder-NOX,caid3,disorder_nox,DisoPred,DED,calibrated,0.008012766410564894,-0.013974020904361307,0.030597427156095054,0.462,0.021964502321744316,-0.018992993804695282,0.06340777411697293,0.286,-0.023781155424708583,-0.0652814042689673,0.015994896065326242,0.274,0.03980668824583837,0.0129928267301226,0.06641317232965528,0.002
CAID3 Disorder-NOX,caid3,disorder_nox,DisPredict2,DED,calibrated,-0.17585916703569812,-0.2120296422894122,-0.13667542464747082,0.001,-0.3278949339840178,-0.3945553669285905,-0.2562920115385231,0.001,-0.13374464778649825,-0.1973098027159803,-0.06779188366011062,0.001,-0.21797368628489805,-0.2781343320516397,-0.15625740004929622,0.001
CAID3 Disorder-NOX,caid3,disorder_nox,DisPredict3,DED,calibrated,-0.005133766413461438,-0.03007901158617803,0.01971524235284444,0.666,-0.0034299965711541524,-0.05387223522471319,0.04660649229618967,0.864,-0.03883151350135456,-0.08601846055440121,0.007909868989377804,0.118,0.028563980674431683,-0.013346310474208678,0.07038574961850926,0.206
CAID3 Disorder-NOX,caid3,disorder_nox,IDP-Fusion,DED,calibrated,-0.015319318514965435,-0.048651214392268896,0.015663520860659596,0.376,-0.01936943490640284,-0.07934499183193694,0.0366683175134285,0.53,-0.06790649001081807,-0.14335090042495174,-0.0030080637390489866,0.036,0.037267852980887216,0.012119287354095221,0.06346298197756077,0.001
CAID3 Disorder-NOX,caid3,disorder_nox,rawMSA-disorder,DED,calibrated,-0.007942958197310359,-0.044266080255064066,0.025973873170747282,0.702,-0.013484744300673965,-0.0812046469155088,0.04909485376593711,0.722,-0.019351503704490222,-0.09482260305789211,0.04301335392765905,0.612,0.0034655873098695055,-0.03767326273427743,0.0447532626584736,0.852
CAID3 Disorder-NOX,caid3,disorder_nox,Metapredict-v1,DED,calibrated,-0.04446999032049916,-0.07019355313147388,-0.018194282801610347,0.006,-0.06858862427051943,-0.11564040057190987,-0.021651917887928925,0.008,-0.1317346896779173,-0.17793479734375153,-0.08216028107610589,0.001,0.04279470903691897,0.022344237915385416,0.06317391173904298,0.001
CAID3 Disorder-NOX,caid3,disorder_nox,Metapredict-v2,DED,calibrated,8.685202181092511e-05,-0.015280516756290368,0.016357212844363325,0.994,0.0022531401515215356,-0.025570546764628044,0.031322014471550245,0.878,-0.011769730259060892,-0.04351863586933585,0.019068969750481484,0.46,0.01194343430268275,-0.004863448267278583,0.026937785674600607,0.184
CAID3 Disorder-NOX,caid3,disorder_nox,Metapredict-v3,DED,calibrated,0.019779666100347423,0.003788405511718035,0.03675158373862099,0.014,0.04470630143859732,0.016322241751227762,0.07449861776542438,0.001,-0.00967172414070641,-0.03932048461290606,0.022070804607083213,0.516,0.04923105634140126,0.03479230070024956,0.06382699477938872,0.001
CAID3 Disorder-NOX,caid3,disorder_nox,DisoMine,DED,calibrated,-0.0597930729086877,-0.09304460108345082,-0.027097121922461977,0.002,-0.10666414195265111,-0.1705254516350722,-0.042989818693164726,0.004,-0.11212182086164688,-0.17249976891360755,-0.05375713820827311,0.001,-0.007464324955728515,-0.059521324736770326,0.03349060505275037,0.806
CAID3 Disorder-NOX,caid3,disorder_nox,PUNCH2,DED,calibrated,0.020343628265548752,0.0018798447247586115,0.03945492673347994,0.036,0.03884237699541282,0.004773772162514928,0.07303491047174919,0.026,0.023790049695859353,-0.01237249151518107,0.05906483158175089,0.184,0.01689720683523815,-0.0019695547716091387,0.03589045005105218,0.076
CAID3 Disorder-NOX,caid3,disorder_nox,PUNCH2-Light,DED,calibrated,0.01599752629830054,-0.0027143023800118866,0.03520363323452737,0.078,0.03254999208611482,-0.00171993409661882,0.06736910318642501,0.06,0.007927846725958325,-0.030257648938424593,0.04408542525179795,0.678,0.024067205870642754,0.005167741685454666,0.043791234255424145,0.006
CAID3 Disorder-NOX,caid3,disorder_nox,DisorderUnetLM,DED,calibrated,0.030192220297616836,0.010580808667045317,0.05162680572246016,0.001,0.05280858660805025,0.015291244843576166,0.09260630627963568,0.001,0.06784823173265465,0.032919828883683055,0.10793454595905894,0.001,-0.0074637911374209834,-0.03441157456838315,0.021457138179049165,0.606
CAID3 Disorder-NOX,caid3,disorder_nox,LMDisorder,DED,calibrated,-0.0045487377234963485,-0.02257540598300845,0.01468515894408517,0.6,-0.012684670601393033,-0.046853046640289345,0.02211435430238353,0.448,0.039265926603734416,0.006867721427260865,0.07335425580030192,0.022,-0.0483634020507271,-0.07722249714676391,-0.02273474854588423,0.002
CAID3 Disorder-NOX,caid3,disorder_nox,ESMDisPred-1,DED,calibrated,0.013959063882674176,-0.009340695378816977,0.03938023665805041,0.256,0.02664985965194762,-0.01810775320529312,0.07496674747387407,0.242,0.01603672093946523,-0.032105232906333034,0.06384116481945018,0.498,0.011881406825883125,-0.02666720327650711,0.051538021659703274,0.536
CAID3 Disorder-NOX,caid3,disorder_nox,ESMDisPred-2,DED,calibrated,0.015406799820108842,-0.015131645530251968,0.04614874713712633,0.368,0.03887305869892583,-0.019781023175356068,0.09773456623778834,0.192,-0.025100989918247982,-0.08681804430353113,0.035135569388017214,0.438,0.05591458955846566,0.015074369159234702,0.09755602936659064,0.006
CAID3 Disorder-NOX,caid3,disorder_nox,UdonPred-DisProt,DED,calibrated,-0.030346406051699096,-0.053158601421105206,-0.008473367946516158,0.01,-0.05305911240314116,-0.09658107840880643,-0.01118523440224088,0.016,-0.06432467367865723,-0.10592505302442293,-0.021432721161545557,0.002,0.0036318615752590376,-0.025652258424108343,0.03390099435948301,0.824
CAID3 Disorder-NOX,caid3,disorder_nox,UdonPred-combined,DED,calibrated,0.007283532879138004,-0.013287798796424097,0.028172705417996696,0.49,0.012657727209209971,-0.024319169083787066,0.050479779917555076,0.502,0.015533740855642946,-0.028344877110101217,0.05942551154934703,0.472,-0.0009666750973669365,-0.0218313986311907,0.016929700906293144,0.962
CAID3 Disorder-NOX,caid3,disorder_nox,DARUMA-beta,DED,calibrated,-0.028966582216096277,-0.0515091191202413,-0.005884056594085831,0.016,-0.050733214849442834,-0.09175565717863611,-0.008762942787401364,0.02,-0.0598698642536624,-0.10343397748907891,-0.017791681325813196,0.012,0.0019366998214698388,-0.019479333353496563,0.02290790800736161,0.844
CAID3 Disorder-NOX,caid3,disorder_nox,DisoFLAG-IDR,DED,calibrated,0.0026686515597922713,-0.022891499674893668,0.030133279784773856,0.842,0.009872942950970064,-0.037711851474160805,0.05991634460918669,0.71,-0.022978877298802877,-0.07589608338675184,0.027982410219017914,0.378,0.028316180418387425,-0.0032511791478237097,0.05971427726337348,0.074
CAID3 Disorder-NOX,caid3,disorder_nox,s2D-2,DED,calibrated,-0.14107378922050479,-0.16834264300676866,-0.1132578597118591,0.001,-0.2644846271480897,-0.31687400084157114,-0.21007481597815483,0.001,-0.09517856908636513,-0.1632869502923912,-0.037544380495657066,0.001,-0.18696900935464444,-0.21821018915272053,-0.15429926028653865,0.001
CAID3 Disorder-NOX,caid3,disorder_nox,AlphaFold-rsa,AF,content,0.021407469381383847,-0.010693092479456589,0.0515632216367056,0.172,0.04267787589927408,-0.008915048133499534,0.09211930678447909,0.106,0.030147521402011993,-0.04601780927901273,0.09680860525142725,0.376,0.01266741736075571,-0.0009942560894404674,0.02891103070292937,0.07
CAID3 Disorder-NOX,caid3,disorder_nox,AlphaFold3-pLDDT,AF,content,-0.0015383729258469617,-0.034570034370772044,0.026756546210323705,0.964,-0.0033838219833729373,-0.05633194137626541,0.04435268667269446,0.924,-0.0017107864847607814,-0.07687780148526943,0.06094924292899553,0.996,-0.0013659593669331405,-0.0149291784128513,0.014701005630557016,0.824
CAID3 Disorder-NOX,caid3,disorder_nox,AlphaFold3-rsa,AF,content,0.02018499000250724,-0.01421591589675057,0.05160065487775709,0.234,0.040190951087517295,-0.01580192106644971,0.092938218673502,0.156,0.028445014121790377,-0.05527544242294485,0.09802176594119687,0.446,0.011924965883224108,-0.0033640141865868773,0.029876719387382,0.138
CAID3 Disorder-NOX,caid3,disorder_nox,AIUPred,DED,content,0.018556753759326347,-0.01320900218135653,0.050040723092719605,0.274,0.037229136501758554,-0.022539174325317064,0.09430684806040579,0.226,0.02600865369794811,-0.03811115045841704,0.0925452405482814,0.438,0.011104853820704584,-0.011374068892417192,0.032770291914005635,0.318
CAID3 Disorder-NOX,caid3,disorder_nox,AIUPred-2-disorder,DED,content,0.01306813640442228,-0.018825622423014214,0.04470844788942846,0.434,0.026200250602299524,-0.02487619318549407,0.0812004591957035,0.36,0.018189015656783138,-0.05468198302855809,0.08812022959432798,0.624,0.007947257152061427,-0.009414618439736322,0.02618083436591214,0.394
CAID3 Disorder-NOX,caid3,disorder_nox,IUPred3,DED,content,0.001273508838079453,-0.031347972247165366,0.033654456594313924,0.946,0.00247332517260651,-0.05960308976607597,0.06019340506591329,0.948,0.0022657850190032926,-0.0647141506004551,0.06818795346105144,0.944,0.00028123265715561364,-0.022934199167831213,0.023497659297274102,0.95
CAID3 Disorder-NOX,caid3,disorder_nox,ESpritz-D,DED,content,-0.010104862451578694,-0.054341130982093394,0.03527373153547934,0.64,-0.020315008947322823,-0.10430033080326767,0.06558449828460768,0.636,-0.013114030249665613,-0.10522659423807994,0.0751595794361594,0.766,-0.007095694653491774,-0.04900365316225555,0.0311829917350532,0.75
CAID3 Disorder-NOX,caid3,disorder_nox,ESpritz-N,DED,content,-0.00832968839779358,-0.03646964039394184,0.021029069941004314,0.598,-0.01675817997071594,-0.06737627126807243,0.03617819006802561,0.546,-0.011515783563063998,-0.06733107406563418,0.04463653753219722,0.716,-0.005143593232523154,-0.02123654240182072,0.010391873455256388,0.532
CAID3 Disorder-NOX,caid3,disorder_nox,ESpritz-X,DED,content,-0.009678469590916304,-0.04286612564764272,0.021899223565328148,0.568,-0.01948814633913105,-0.08018998785683239,0.037035419662997636,0.52,-0.013270336751726414,-0.07611118829949427,0.050203492474575666,0.664,-0.006086602430106199,-0.0278069584806847,0.014365142210699976,0.586
CAID3 Disorder-NOX,caid3,disorder_nox,MobiDB-lite,DED,content,0.0009676035211280633,-0.03226154985521919,0.033643870393791415,0.958,0.003562111003533607,-0.056900806057180904,0.06048212520093262,0.912,-0.0026365942894752605,-0.06677262737927567,0.06198729346283494,0.94,0.004571801331731389,-0.0149531881774053,0.023890821149406993,0.628
CAID3 Disorder-NOX,caid3,disorder_nox,flDPnn,DED,content,0.025482629570414958,-0.013436400036950798,0.06329757148000717,0.198,0.050512317038995475,-0.020585301051939463,0.11826873612608858,0.17,0.036398734638292636,-0.04303841674988906,0.12069372524815712,0.4,0.014566524502537278,-0.021657097540622377,0.04794995827864535,0.386
CAID3 Disorder-NOX,caid3,disorder_nox,flDPnn2,DED,content,0.035593133551152435,-0.002243393482329983,0.07251588982279303,0.066,0.07070205837772903,-0.001011761335646522,0.14038972601910338,0.054,0.05044855626482739,-0.029123100278178632,0.13012361359635982,0.2,0.02073771083747748,-0.01885914554862144,0.05989023489048959,0.326
CAID3 Disorder-NOX,caid3,disorder_nox,flDPnn3a,DED,content,0.04585826314115164,-0.0009142134564143828,0.09070234526658832,0.058,0.09133869835580233,0.0040497144639635,0.17234077518693094,0.036,0.06522400660377511,-0.02734689708844509,0.16234176904926315,0.178,0.02649251967852819,-0.016127298763040154,0.06825220982830231,0.212
CAID3 Disorder-NOX,caid3,disorder_nox,flDPnn3b,DED,content,0.032227094539139696,-0.015961289871998654,0.07575404119401771,0.21,0.06429694445067043,-0.025698971600238648,0.1465999542209191,0.182,0.04547308999314683,-0.04976310637794421,0.13461607913924784,0.36,0.01898109908513257,-0.023357920646389974,0.060200205693835405,0.396
CAID3 Disorder-NOX,caid3,disorder_nox,DISOPRED3-diso,DED,content,-0.007196073399196438,-0.03520385536047617,0.018805238515898198,0.636,-0.013715033240770289,-0.0650665639690204,0.03379407932982251,0.606,-0.011509381083968201,-0.06986693001081465,0.04543028289483187,0.678,-0.002882765714424672,-0.02228745583992839,0.01861343285685092,0.73
CAID3 Disorder-NOX,caid3,disorder_nox,SETH-0,DED,content,0.022825909914610365,-0.002716831555422072,0.04653175214517016,0.078,0.04543105120743697,0.0016481016228099713,0.08716101682627514,0.042,0.03237726440980222,-0.021429701202347325,0.08542860705651635,0.26,0.013274555419418506,0.0005306269423049458,0.026490082950856433,0.044
CAID3 Disorder-NOX,caid3,disorder_nox,SETH-1,DED,content,0.020770581150495546,-0.008528573403191426,0.050776914078601604,0.156,0.04151960509713027,-0.010323709527665008,0.09575430812464977,0.118,0.028873138700174966,-0.030187056924100477,0.08935186403809539,0.352,0.012668023600816118,-0.0023410936734797653,0.028268521687026857,0.1
CAID3 Disorder-NOX,caid3,disorder_nox,VSL2,DED,content,-0.01312982527434946,-0.04674215529406694,0.01889014344650998,0.448,-0.02627294136760871,-0.08963642267419723,0.031867088631361326,0.394,-0.01813878175327352,-0.08133023939615948,0.0478005438149823,0.596,-0.0081208687954254,-0.03239015887622146,0.013778704035119296,0.448
CAID3 Disorder-NOX,caid3,disorder_nox,SPOT-Disorder,DED,content,-0.000788208162350364,-0.037865587685973416,0.0329225693538681,0.984,-0.0016778556204855813,-0.06350646681529745,0.057043613265232655,0.962,-0.00019749767680007156,-0.08307685864000594,0.0713170569672812,0.974,-0.0013789186479006609,-0.026986768074023133,0.02626425199345733,0.906
CAID3 Disorder-NOX,caid3,disorder_nox,SPOT-Disorder2,DED,content,0.030868284885972392,-0.0049579561042466,0.06362382318826248,0.082,0.061316546715598684,0.003074867993367576,0.11625756220131511,0.048,0.04391936867043151,-0.0369702049068574,0.11656599700588142,0.26,0.017817201101513278,-0.0014249928964282788,0.03908658651817575,0.068
CAID3 Disorder-NOX,caid3,disorder_nox,SPOT-Disorder-Single,DED,content,0.014238186206829435,-0.01825097520297337,0.04729863097561328,0.378,0.028416686364204614,-0.02890896028036242,0.08615371076531796,0.312,0.020064706890032015,-0.047321202671317855,0.08668408405051972,0.568,0.008411665523626865,-0.009137736854907366,0.023839858597021802,0.322
CAID3 Disorder-NOX,caid3,disorder_nox,DisEMBL-dis465,DED,content,-0.06040554092047951,-0.08608104699011389,-0.034175875052741875,0.001,-0.1209370882360065,-0.17000002525195804,-0.07177831244277505,0.001,-0.08446865227860104,-0.13628518616878266,-0.03106747029171924,0.004,-0.03634242956235797,-0.05586939652923617,-0.018027379879386404,0.001
CAID3 Disorder-NOX,caid3,disorder_nox,DisEMBL-disHL,DED,content,-0.10319545574693118,-0.1402416212395664,-0.06582081155950979,0.001,-0.20617320510933917,-0.28050150518868466,-0.1310927417025009,0.001,-0.1466147852230206,-0.21109036482237536,-0.07712258982724497,0.001,-0.05977612627084177,-0.10022482810964112,-0.019059923680662828,0.002
CAID3 Disorder-NOX,caid3,disorder_nox,IsUnstruct,DED,content,-0.004692683354278314,-0.03758503911142298,0.026454627066015635,0.792,-0.009367725826411669,-0.06843547470715189,0.04652378458713146,0.788,-0.006637789032682431,-0.07017172775910316,0.057755451993782014,0.852,-0.0027475776758741966,-0.025987268612717294,0.018499480286781646,0.818
CAID3 Disorder-NOX,caid3,disorder_nox,RONN,DED,content,-0.015817364132608636,-0.04408015714899155,0.012664301522905362,0.276,-0.0315747133554895,-0.08296488360691731,0.019269541204543113,0.248,-0.022347581102973593,-0.08048952750913958,0.037231660749282934,0.442,-0.00928714716224367,-0.027704993955412184,0.008973681093103576,0.304
CAID3 Disorder-NOX,caid3,disorder_nox,PreDisorder,DED,content,-0.003790271576583211,-0.04146945450392862,0.031723954383386335,0.86,-0.0077651670322206835,-0.07270961153357017,0.05383508203181257,0.818,-0.00527093521047952,-0.08908300046769592,0.07404005901525579,0.926,-0.002309607942686903,-0.0260413319910545,0.02134905939689251,0.82
CAID3 Disorder-NOX,caid3,disorder_nox,OPAL,DED,content,-0.11152747843364225,-0.1520806138912431,-0.0683129331020838,0.001,-0.22320793930101557,-0.30732179836769186,-0.13598291915599953,0.001,-0.15625868290512662,-0.23574103840473695,-0.0683825391124528,0.001,-0.06679627396215787,-0.12201969614343088,-0.014893317024464035,0.014
CAID3 Disorder-NOX,caid3,disorder_nox,pyHCA,DED,content,-0.0011204548601625275,-0.04043120729753332,0.03523658155483144,0.982,-0.0023653134525175815,-0.07351979906180114,0.06351597610627335,0.984,-0.0009258286221465802,-0.08245739047178434,0.07837641868280482,0.98,-0.0013150810981784758,-0.03230193227004527,0.02728208077777029,0.942
CAID3 Disorder-NOX,caid3,disorder_nox,DeepIDP-2L,DED,content,0.016894810547538205,-0.033742328900857765,0.0647335721523768,0.502,0.03320164314701679,-0.05650109007095028,0.1149119328933317,0.43,0.02458161779138994,-0.08256842803641307,0.12598033601314518,0.624,0.009208003303686476,-0.01966276045779498,0.040711150869933474,0.592
CAID3 Disorder-NOX,caid3,disorder_nox,PredIDR-long,DED,content,-0.005338114565522421,-0.03998908394945384,0.02634276693222716,0.764,-0.010977863034711656,-0.0695172255087179,0.042359361216014295,0.722,-0.006924335848955286,-0.08523188029513616,0.06515928183663318,0.896,-0.0037518932820895566,-0.025688616231283688,0.021307321325655777,0.716
CAID3 Disorder-NOX,caid3,disorder_nox,PredIDR-short,DED,content,-0.012276422300112048,-0.04766112455882637,0.018563879118753093,0.488,-0.024875994202237146,-0.08545458443444419,0.028700108060426464,0.386,-0.01661090474658417,-0.09643768301442805,0.054920994073629686,0.658,-0.007941939853639933,-0.029887747687000536,0.01749277187263642,0.466
CAID3 Disorder-NOX,caid3,disorder_nox,PredIDR2-Prof-Art,DED,content,0.007992215645613001,-0.027676506506381704,0.041239483809083995,0.608,0.01607862042697453,-0.044682111184363056,0.0725020213201614,0.538,0.011012876590233502,-0.06968170767420921,0.08628283786938462,0.748,0.004971554700992504,-0.0156991098061244,0.027423584305921244,0.656
CAID3 Disorder-NOX,caid3,disorder_nox,PredIDR2-Seq-Art,DED,content,0.0066943199463380485,-0.025455959432393174,0.03583367003523409,0.664,0.013478074842909837,-0.04160470072631055,0.06280173753483939,0.608,0.009139143731392454,-0.06121453532059265,0.07693465499417027,0.774,0.004249496161283645,-0.013716016585611956,0.023203655381162442,0.624
CAID3 Disorder-NOX,caid3,disorder_nox,AUCpred-profile,DED,content,-0.007295952120332496,-0.04946262632577946,0.03087784025556819,0.786,-0.01501086098971559,-0.08956086872379344,0.053007701834507814,0.714,-0.009470551698465982,-0.0950820285596759,0.0719875868329038,0.864,-0.0051213525421990105,-0.02331812238778359,0.01439038129326845,0.59
CAID3 Disorder-NOX,caid3,disorder_nox,AUCpred-no-profile,DED,content,-0.002491701584547884,-0.038413075806766436,0.033490874744847896,0.916,-0.005365698394477368,-0.07141999401579259,0.05674763205708014,0.886,-0.0029065127217208146,-0.07652638564979354,0.07326712968495963,0.962,-0.0020768904473749497,-0.02227831916997016,0.018260184925325898,0.838
CAID3 Disorder-NOX,caid3,disorder_nox,DisoPred,DED,content,0.04493267815652013,0.01528489000920577,0.07342486273273735,0.006,0.09015024828293883,0.03581500130170908,0.1440182373950853,0.002,0.06239269645255019,0.0031488388796473902,0.11847667735004357,0.042,0.027472659860490054,0.0029124282616593503,0.052576219597714274,0.022
CAID3 Disorder-NOX,caid3,disorder_nox,DisPredict2,DED,content,-0.12930215427660194,-0.1647586336980779,-0.08987007810052397,0.001,-0.2587079887358326,-0.3281473050056609,-0.17877175879711335,0.001,-0.17963066076707812,-0.2531068956358118,-0.09815059793959986,0.001,-0.07897364778612578,-0.12642482081621714,-0.03269685953591607,0.004
CAID3 Disorder-NOX,caid3,disorder_nox,DisPredict3,DED,content,0.03000219337846552,-0.00770898315697717,0.06657575264186821,0.11,0.0594898109362949,-0.012130335353015836,0.12575420140902835,0.098,0.043341314122066155,-0.041289935189532584,0.12294555135999855,0.284,0.016663072634864898,-0.023161616196548343,0.0583198764629846,0.436
CAID3 Disorder-NOX,caid3,disorder_nox,IDP-Fusion,DED,content,0.01707374635629079,-0.02520797832799414,0.058335120110680885,0.44,0.034087863616578375,-0.03829051327196757,0.10508379410849172,0.374,0.02382178888677059,-0.06940903277978208,0.11230346500335238,0.608,0.01032570382581099,-0.014714135390339675,0.03647621786264622,0.418
CAID3 Disorder-NOX,caid3,disorder_nox,rawMSA-disorder,DED,content,0.017437490614033924,-0.032850473273350334,0.061440804722333056,0.466,0.03453849369239943,-0.05815593596145757,0.1157976046090734,0.436,0.02527911226299166,-0.07736520575695129,0.12332988768416915,0.586,0.009595868965076195,-0.0305157502212632,0.05427411029618784,0.64
CAID3 Disorder-NOX,caid3,disorder_nox,Metapredict-v1,DED,content,0.011039182974519257,-0.018326993879043837,0.04118099829845689,0.48,0.022007607715692244,-0.03383742553157351,0.07667388746988164,0.432,0.015559726588747172,-0.04376779027635454,0.07764419290519751,0.628,0.0065186393602913425,-0.014000520472371766,0.02565873976228398,0.502
CAID3 Disorder-NOX,caid3,disorder_nox,Metapredict-v2,DED,content,0.019026839437863836,-0.005024542662246361,0.04255646164331009,0.114,0.03830553490618149,-0.004131771778799058,0.07996978656953223,0.072,0.026340190336076187,-0.02244236951073337,0.07555818955962992,0.304,0.011713488539651486,-0.0011291119732617897,0.024045615352982587,0.088
CAID3 Disorder-NOX,caid3,disorder_nox,Metapredict-v3,DED,content,0.0409335965691207,0.018741812768198758,0.06543478645220466,0.001,0.08176672689319527,0.04280245382394853,0.12545565728621602,0.001,0.05755249697476518,0.012781842531221263,0.10751067403357492,0.012,0.02431469616347623,0.00928522085389782,0.04101470280251923,0.001
CAID3 Disorder-NOX,caid3,disorder_nox,DisoMine,DED,content,-0.018456079932374414,-0.06207748549054731,0.027356214676069798,0.402,-0.037209359702079794,-0.11835987952495544,0.04480368503391198,0.362,-0.024304063067345012,-0.10916458304297402,0.06085418814949209,0.604,-0.012608096797403818,-0.06114778379854214,0.028916247816962278,0.614
CAID3 Disorder-NOX,caid3,disorder_nox,PUNCH2,DED,content,0.03277730438373787,-0.0004222459015862766,0.06549728800726266,0.052,0.06568123602500711,0.0054878498903182535,0.12142994687388442,0.032,0.04558286585773943,-0.025498732657785114,0.11257375166014186,0.192,0.019971742909736315,0.0012546420821110517,0.03953069630486731,0.038
CAID3 Disorder-NOX,caid3,disorder_nox,PUNCH2-Light,DED,content,0.02514804016003682,-0.0005361110559067705,0.052960185586793766,0.062,0.0506443319288594,0.0029852841525169265,0.1004973559195679,0.03,0.03461446743415545,-0.020693301598983086,0.0944524415706049,0.252,0.01568161288591819,-0.0009292993742965631,0.03204490106827493,0.074
CAID3 Disorder-NOX,caid3,disorder_nox,DisorderUnetLM,DED,content,0.0627392097669741,0.024270565846579044,0.1025940437149622,0.004,0.12535297373793974,0.05482588607042685,0.19980365243168743,0.001,0.08780243986642526,0.010703425087269859,0.1656959871771017,0.024,0.03767597966752295,0.006179599491585159,0.07202179117641914,0.032
CAID3 Disorder-NOX,caid3,disorder_nox,LMDisorder,DED,content,0.01469058384115424,-0.013537709642342277,0.04440477913043179,0.346,0.029199226508789,-0.02214110897178889,0.08140459700579925,0.282,0.0211902491775328,-0.04042522984435465,0.08413298381057226,0.498,0.008190918504775683,-0.00961269191767937,0.02820047945455855,0.42
CAID3 Disorder-NOX,caid3,disorder_nox,ESMDisPred-1,DED,content,0.04594852664004849,0.005302621292291346,0.08586808115729139,0.026,0.091685352289121,0.02018628454529661,0.162575500384882,0.014,0.06475372651024715,-0.020694742882105474,0.1500953245623597,0.14,0.02714332676984983,-0.014283431618015829,0.06538137230133664,0.17
CAID3 Disorder-NOX,caid3,disorder_nox,ESMDisPred-2,DED,content,0.05558167194358481,0.011292040940082088,0.09729461529017906,0.008,0.11078007950215704,0.032424067122978274,0.19126897931952147,0.008,0.07852079892912311,-0.011240014500145277,0.1689865826248751,0.088,0.032642544958046485,-0.00904026367369693,0.07342876829336199,0.138
CAID3 Disorder-NOX,caid3,disorder_nox,UdonPred-DisProt,DED,content,0.015920803192080456,-0.014479225436399309,0.04747703153030992,0.33,0.031463555606763546,-0.02857090860229377,0.09012214639813956,0.308,0.022611242660232303,-0.03805701998347405,0.08821100161387271,0.49,0.009230363723928615,-0.01995978199475457,0.039447005726508534,0.59
CAID3 Disorder-NOX,caid3,disorder_nox,UdonPred-combined,DED,content,0.02524086548962439,-0.011604025958160721,0.06287349376330897,0.182,0.05020444887120878,-0.017003370278167677,0.11693900175392478,0.148,0.03520808364548086,-0.04041072621570548,0.11739321655513159,0.38,0.015273647333767924,-0.010707161785985924,0.04260984718021113,0.286
CAID3 Disorder-NOX,caid3,disorder_nox,DARUMA-beta,DED,content,0.011869169175330435,-0.018062718888167857,0.04285075579721401,0.462,0.023627829170066814,-0.030180604020079323,0.07793714485534596,0.408,0.016962142500980115,-0.04357255494769253,0.08270973511191644,0.614,0.006776195849680753,-0.012383370016986917,0.024543299948363972,0.444
CAID3 Disorder-NOX,caid3,disorder_nox,DisoFLAG-IDR,DED,content,0.04592422380394746,0.007830602622538518,0.08340248920675089,0.01,0.09144024717739965,0.02131063153438388,0.16115660773866408,0.004,0.0647516913740202,-0.011186223173466386,0.14335639263674552,0.098,0.027096756233874718,-0.006601271128712225,0.059318324579069874,0.104
CAID3 Disorder-NOX,caid3,disorder_nox,s2D-2,DED,content,-0.09803689802774336,-0.13249969793450664,-0.06243330843317889,0.001,-0.19666325145122154,-0.2596265020414696,-0.1320944754811189,0.001,-0.1357765024325342,-0.21544725490084565,-0.06339899160996527,0.001,-0.06029729362295251,-0.08636925884912167,-0.03174865303298874,0.001
