dataset,round,reference,method,kind,operating_point,dbacc_short_lt20,dbacc_short_lt20_lo,dbacc_short_lt20_hi,dbacc_short_lt20_p,relbacc_short_lt20,relbacc_short_lt20_lo,relbacc_short_lt20_hi,drecall_short_lt20,dbacc_mid_20_30,dbacc_mid_20_30_lo,dbacc_mid_20_30_hi,dbacc_mid_20_30_p,relbacc_mid_20_30,relbacc_mid_20_30_lo,relbacc_mid_20_30_hi,drecall_mid_20_30,dbacc_long_gt30,dbacc_long_gt30_lo,dbacc_long_gt30_hi,dbacc_long_gt30_p,relbacc_long_gt30,relbacc_long_gt30_lo,relbacc_long_gt30_hi,drecall_long_gt30,interaction_short_minus_long,interaction_lo,interaction_hi,interaction_p
CAID2 Disorder-PDB,caid2,disorder_pdb,AlphaFold-rsa,AF,literal,0.07640438447317517,0.04442333801965046,0.11200283407138475,0.001,0.11093419053409684,0.06358752448056264,0.16483109437781843,0.20614978402813358,0.09258327974337555,0.05660356064915436,0.1302695934060318,0.001,0.12615383758374354,0.07373225770408556,0.1852911313962851,0.23850757456853433,0.11154630059264069,0.08750503710993607,0.1368265277502028,0.001,0.1408715526539548,0.10768399856340417,0.17692481967987406,0.27643361626706464,-0.03514191611946552,-0.07525593030996658,0.006984706304588258,0.104
CAID2 Disorder-PDB,caid2,disorder_pdb,AIUPred,DED,literal,0.01286451420067102,-0.03524812971953855,0.06454666368389853,0.638,0.019177095468332232,-0.04954818237032003,0.0960900772414074,0.17351819690145578,-0.01893365690616637,-0.0846869080409912,0.044863867140391506,0.578,-0.024857071610392863,-0.10954134856121596,0.06224838802913051,0.10992185468778103,0.055162139395109805,0.01950754450095284,0.08982205922148688,0.004,0.06985980806374203,0.023831690401076574,0.11746149066660609,0.25811344729033336,-0.042297625194438776,-0.1031486357177917,0.01981563183841053,0.168
CAID2 Disorder-PDB,caid2,disorder_pdb,IUPred3,DED,literal,-0.014256197078037743,-0.05586522737055922,0.030421041178240467,0.51,-0.020246619609048735,-0.07917733193085409,0.04579731266552008,0.018432840727326587,-0.07051325283689906,-0.12410779773261889,-0.019806771960778482,0.01,-0.09515033321303633,-0.1626233664199663,-0.028075713373367273,-0.09408127079039606,0.03159894861121847,-0.0066709600170630125,0.06564648309819351,0.108,0.04012709967357532,-0.008114041758568186,0.08439742945632325,0.11014313210583901,-0.04585514568925622,-0.10047156266492467,0.013988852693366017,0.126
CAID2 Disorder-PDB,caid2,disorder_pdb,ESpritz-D,DED,literal,-0.14858896418795228,-0.19336694520815778,-0.10566830816683781,0.001,-0.2147184467174499,-0.2683155673442951,-0.15828866410564682,-0.29502700646635793,-0.21267409317401473,-0.2621401378842515,-0.1586612103633188,0.001,-0.2881007122286282,-0.33953126658926897,-0.2280286992777134,-0.4231972644384829,-0.12411633093767448,-0.1791927699974783,-0.07125797248864257,0.001,-0.15613945154612924,-0.22173753516547898,-0.09146585861476243,-0.24608173996580232,-0.0244726332502778,-0.09252952586008602,0.046304820874126074,0.46
CAID2 Disorder-PDB,caid2,disorder_pdb,ESpritz-N,DED,literal,-0.0018737571159620364,-0.041195715065121624,0.03789213903216052,0.906,-0.0023495840212041912,-0.0584174020215398,0.056508871027939826,0.029414546643846472,-0.06893381347098904,-0.12803165573361008,-0.011414700730011005,0.02,-0.09299165262495623,-0.1698568858719555,-0.015543772374818096,-0.10470556606620753,-0.04122483109374553,-0.07739470472013447,-0.010385039453400505,0.008,-0.0517553134319717,-0.09448675668035574,-0.013645346055816217,-0.04928760131172051,0.03935107397778349,-0.010000818321074427,0.09216396107782922,0.126
CAID2 Disorder-PDB,caid2,disorder_pdb,ESpritz-X,DED,literal,-0.12690129587457152,-0.16382066253590932,-0.0897087988752737,0.001,-0.18347033213969918,-0.23029254389728218,-0.13547500125448703,-0.26004425787183605,-0.16530261057305523,-0.2141536940317163,-0.11346327486314328,0.001,-0.22386169709058956,-0.27954733849293223,-0.159963554223143,-0.33684688726880346,-0.16919055714846928,-0.20612225083670452,-0.13351754201115665,0.001,-0.21310064368265466,-0.25514233887921195,-0.17254543584770818,-0.34462278041963157,0.04228926127389775,-0.010901536010430764,0.09173179966473555,0.104
CAID2 Disorder-PDB,caid2,disorder_pdb,MobiDB-lite,DED,literal,-0.024527145747212216,-0.062468222401046034,0.014189699829019495,0.256,-0.035131601491416434,-0.0871940566484482,0.021633636954129013,-0.03362875265154483,-0.0739654866472946,-0.13263628563882718,-0.02337143447999193,0.002,-0.09983282768161257,-0.17336735088723565,-0.0331115193324527,-0.13250543445170956,-0.045200982692044006,-0.08319618082879025,-0.008991351681654226,0.014,-0.0567108255671049,-0.10142828313353389,-0.011500615253330336,-0.0749764265412084,0.020673836944831787,-0.03217901975575677,0.07457064211627697,0.436
CAID2 Disorder-PDB,caid2,disorder_pdb,flDPnn,DED,literal,-0.13812408044477525,-0.1811331297010027,-0.0918733894761559,0.001,-0.19954980378171433,-0.2531583744309346,-0.13742418458445235,-0.28054977277365345,-0.17100080092495346,-0.23109316833821097,-0.1006379881636029,0.001,-0.23132136433344244,-0.2998873795584894,-0.14644761542964382,-0.34630321373401,-0.15238040495538155,-0.20434795402810008,-0.10084197407691607,0.001,-0.1918156895249158,-0.2515001077129227,-0.12838695906066616,-0.30906242179486604,0.014256324510606296,-0.05377171026690285,0.07820686383284046,0.676
CAID2 Disorder-PDB,caid2,disorder_pdb,flDPnn2,DED,literal,-0.13589091156638738,-0.17921959019575504,-0.08873611916090163,0.001,-0.19632660817262143,-0.2513313896161877,-0.13402432329835665,-0.27671015603370497,-0.14858311490899836,-0.2054460380185636,-0.08711557672463874,0.001,-0.20099790621368754,-0.26571313806334745,-0.12398407571869609,-0.30209456271892704,-0.15443356667138977,-0.2064006010054851,-0.09693205941140323,0.001,-0.19436695544209856,-0.255011818252185,-0.1254515428682316,-0.3137954662437097,0.01854265510500237,-0.056128360813468184,0.08628457349789496,0.594
CAID2 Disorder-PDB,caid2,disorder_pdb,DISOPRED3-diso,DED,literal,0.025382842129807442,-0.008544960719878624,0.058743959531195676,0.148,0.0369618089702327,-0.01171203749507003,0.08607505989753855,0.07794945504526805,0.013084758244971337,-0.019705649753800566,0.04424730552215634,0.456,0.018019421940853302,-0.026700951867852766,0.06142150461918249,0.05335328727559584,0.043321503995843856,0.007561437773488383,0.07987083980736766,0.02,0.05491053088210603,0.009356074576924871,0.10331576853681458,0.11382677877734088,-0.01793866186603641,-0.06506160554637462,0.028854758185219515,0.512
CAID2 Disorder-PDB,caid2,disorder_pdb,SETH-0,DED,literal,-0.012152779440700418,-0.04537972992210756,0.02204889137169213,0.494,-0.01734317421619253,-0.06505233183318458,0.03255342858414877,-0.016093657143523343,-0.0004949533812894349,-0.0447265132007955,0.045099976638993455,0.98,-0.00023547464752602065,-0.05840433727747913,0.06278040104564978,0.007221994975298621,0.05967435387434019,0.030924580417063276,0.0886974038924307,0.001,0.07545932874180158,0.03743807468701742,0.11417388719643523,0.12756060948655787,-0.0718271333150406,-0.11581662845064067,-0.028436752253773002,0.002
CAID2 Disorder-PDB,caid2,disorder_pdb,SETH-1,DED,literal,0.031618964185002894,-0.005306814528289574,0.07051579205866493,0.104,0.04614740785495757,-0.007588010622148695,0.10440826573472113,0.09043082932107853,0.013746310660799128,-0.029282725838024676,0.060994315874965455,0.514,0.019156616657486858,-0.03875287937818365,0.0857920779454015,0.05468552227267102,0.04994818569282559,0.019496328648184843,0.08159678467965185,0.001,0.06322156238145772,0.02421646344118807,0.1051923164843344,0.12708927233672396,-0.018329221507822697,-0.06670395864686847,0.02854339531855042,0.466
CAID2 Disorder-PDB,caid2,disorder_pdb,VSL2,DED,literal,0.06870970592839167,0.030353602352093844,0.10661587002318157,0.002,0.1000681257339205,0.042880659378042425,0.1613378564392407,0.3330899857530462,0.017636765983303153,-0.0315759251765974,0.0712270563899304,0.53,0.024654081728603994,-0.041328161725183915,0.10010123934870872,0.23094410586286923,0.032193154365827724,0.0008823502502607234,0.06264278316574955,0.05,0.04087556359225418,0.0010498866352729869,0.08071888831504186,0.26005688262791843,0.03651655156256395,-0.013125344092903545,0.0893731954939124,0.124
CAID2 Disorder-PDB,caid2,disorder_pdb,SPOT-Disorder,DED,literal,0.012276830806847624,-0.027890510670388415,0.05058556208926079,0.534,0.01809495138233293,-0.03886485122995315,0.07388177793865068,0.055102970203724504,0.03282504493204022,-0.010463645153880532,0.08145612825817429,0.146,0.045081019736306356,-0.01440386436381969,0.11535436445410938,0.09619939845410971,0.08797456869806766,0.055438911343127215,0.12314066261977746,0.001,0.11121418032326039,0.06875608740050015,0.15827021150368997,0.20649844598616457,-0.07569773789122003,-0.1272036980421003,-0.026400553608672887,0.004
CAID2 Disorder-PDB,caid2,disorder_pdb,SPOT-Disorder2,DED,literal,0.03375102910029317,-0.0024208841231162957,0.07286627892520929,0.074,0.049242796672269946,-0.003327379078806647,0.10577663337287627,0.07960461716616017,0.023111714605426107,-0.027002764322318407,0.07571119853515562,0.366,0.0319722715997151,-0.03647034346047143,0.10730821883806949,0.058325988176426036,0.08847985545930956,0.056994118096521336,0.12323165359389339,0.001,0.11181516915441361,0.06994890607184721,0.15894989586925493,0.18906226988419292,-0.05472882635901637,-0.10303731058708805,-0.007374836510215422,0.028
CAID2 Disorder-PDB,caid2,disorder_pdb,SPOT-Disorder-Single,DED,literal,-0.07517186468593418,-0.11763456485277042,-0.03370015416717123,0.002,-0.10850006848099818,-0.16499984336552107,-0.05042015190622371,-0.14837229838284702,-0.12042683927524653,-0.1749133700732831,-0.06626949719895733,0.001,-0.16295571788539195,-0.22670903006050516,-0.0931713750190391,-0.23888224756147172,-0.006535069587409222,-0.047532752433303654,0.02843181949269701,0.794,-0.007995025526093408,-0.0585823353836016,0.03670757864902146,-0.011098708185797087,-0.06863679509852495,-0.12290924213366737,-0.011740528964422205,0.022
CAID2 Disorder-PDB,caid2,disorder_pdb,DisEMBL-dis465,DED,literal,-0.011791011087319522,-0.0493539256827099,0.025607943350648497,0.564,-0.016685066837504516,-0.06971479240813494,0.03862014740938512,0.012675082076477483,-0.07857872817139332,-0.1273384137785039,-0.03277264307919901,0.002,-0.10616098494731899,-0.16649248343528072,-0.046465736034777945,-0.12090035209167013,-0.12296768852481126,-0.15826769880533553,-0.08931833546474985,0.001,-0.15476535004227027,-0.1937057274903906,-0.115329694410637,-0.20967827279850598,0.11117667743749174,0.05764607228119872,0.16094676689708434,0.001
CAID2 Disorder-PDB,caid2,disorder_pdb,DisEMBL-disHL,DED,literal,-0.18912873760175697,-0.2218713308982156,-0.15438614489272207,0.001,-0.27352952722297663,-0.30701886248016835,-0.23508486821054128,-0.3898703760633444,-0.23619891190134057,-0.28075192765409296,-0.18377129075556173,0.001,-0.32004080575940125,-0.35935866027009145,-0.2688124886082976,-0.4840107246625116,-0.2929473118797049,-0.3214211950853552,-0.2621105924335951,0.001,-0.3690987481803682,-0.391240509663332,-0.3438711481326307,-0.5975075246192403,0.1038185742779479,0.055366437346603466,0.14747146478058012,0.001
CAID2 Disorder-PDB,caid2,disorder_pdb,IsUnstruct,DED,literal,0.06722156546213026,0.025886864051257785,0.10973051178481882,0.001,0.09783077368999796,0.036454696527920834,0.16384322300718435,0.24604285094674047,0.025069274199098487,-0.023358665655866622,0.08147233469808642,0.388,0.03468660825011985,-0.030782027661742137,0.11362895767279263,0.16173826842067696,0.033908984312605424,0.0016402860581543916,0.06383082605866028,0.044,0.043035386105509554,0.0020190014728560077,0.08222757002535545,0.17941768864769084,0.03331258114952481,-0.017584313492076988,0.08771239180093138,0.202
CAID2 Disorder-PDB,caid2,disorder_pdb,RONN,DED,literal,0.06097896245000196,0.01713713681849255,0.10423572695147364,0.002,0.08884702923384526,0.024405024670718298,0.15612940474769896,0.2638152358075805,0.030395381786331954,-0.019092906341237545,0.08274298242446941,0.254,0.04193782076155292,-0.025474588564038354,0.11687861056517038,0.2026480744802405,0.006111529407429406,-0.02587904540401096,0.03624808233519869,0.696,0.007980695764318847,-0.03167574306446164,0.04638259859178006,0.15408036972243536,0.05486743304257255,0.0028027497637712513,0.11213178930162884,0.036
CAID2 Disorder-PDB,caid2,disorder_pdb,PreDisorder,DED,literal,0.10236610922997454,0.06986807608962647,0.13797309997844937,0.001,0.14880735590376581,0.09795368370500901,0.20710564570139808,0.3785249825016107,0.0757188793781619,0.02962202593786666,0.12472553965080878,0.001,0.10361925172213304,0.038829716065483647,0.17875539873388038,0.32523052279798537,0.03175160442868173,-0.0028392839415227354,0.06497263353665349,0.068,0.04035535781282155,-0.003414881995832435,0.08443081657118999,0.23729597289902507,0.0706145048012928,0.021419468455485875,0.12200990062142326,0.01
CAID2 Disorder-PDB,caid2,disorder_pdb,OPAL,DED,literal,-0.05209860437936476,-0.1034592707496824,-0.0006456296077545696,0.046,-0.074968970049888,-0.14452932304566535,-0.0009607751677173035,0.3309531036059056,-0.04757801704629935,-0.09962309174277059,0.009018346305145466,0.09,-0.06384043564948469,-0.13180708040635447,0.012814842157228279,0.3399942782720364,-0.13744774304943452,-0.18295964016551014,-0.08996044404962476,0.001,-0.17309535450975552,-0.22866672079945727,-0.11505622763011183,0.16025482626576598,0.0853491386700698,0.021374287702352744,0.15133319892147393,0.006
CAID2 Disorder-PDB,caid2,disorder_pdb,pyHCA,DED,literal,-0.1580790764038353,-0.1940365002330812,-0.12223652502723466,0.001,-0.22859806730740148,-0.270038885567427,-0.18552333587479025,-0.32015196852265965,-0.1812828936426328,-0.2275352687080777,-0.1305836530428793,0.001,-0.24551529971386685,-0.2953046309806928,-0.18729300385336978,-0.3665596030002547,-0.13445530516006157,-0.183016477372299,-0.07849948086478793,0.001,-0.16910712519186333,-0.2263064594837988,-0.10132114963499843,-0.2729044260351122,-0.023623771243773718,-0.08777655770747814,0.036504933555821295,0.458
CAID2 Disorder-PDB,caid2,disorder_pdb,DeepIDP-2L,DED,literal,0.008184608442406831,-0.032195043069706775,0.050273723591200935,0.692,0.012209196837789935,-0.04511806151384281,0.07516114773590117,0.0625620446995986,0.011130033217613364,-0.04339086010286619,0.0685071349065338,0.698,0.015779820717176925,-0.0576340333664609,0.09733170125401347,0.06845289425001166,0.05891515690192067,0.02522712768390722,0.09004165797718432,0.001,0.07444810735392912,0.03056073281551042,0.11452820953161108,0.16402314161862624,-0.050730548459513844,-0.10226394944171961,-0.001289843643333382,0.046
CAID2 Disorder-PDB,caid2,disorder_pdb,PredIDR-long,DED,literal,0.11341349915990721,0.07254524071631191,0.14902938869872628,0.001,0.16473573767670463,0.10408725804925589,0.2243081500581961,0.29032747336027426,0.10252835583771959,0.060305881965094836,0.14939746422601594,0.001,0.13985950382175544,0.07924668995855613,0.21148492783260986,0.26855718671589895,0.10927157168315603,0.07997202138855139,0.13806460032803453,0.001,0.13808057921609374,0.09889095052349242,0.1800501386724344,0.2820436184067719,0.004141927476751194,-0.046076209620186104,0.052364328897077844,0.852
CAID2 Disorder-PDB,caid2,disorder_pdb,PredIDR-short,DED,literal,0.13921728563753077,0.10327453233215117,0.17099524865202712,0.001,0.2021729618436967,0.14453487853815808,0.25896344854212444,0.3554439295393569,0.10583985844127858,0.06342580316258223,0.153720766876201,0.001,0.14439998619212674,0.08276656262668088,0.21858083900976205,0.2886890751468525,0.10083885223444938,0.07181201398379795,0.12966955235419195,0.001,0.12744669363885175,0.08828498420645976,0.16831567510029657,0.2786870627331941,0.0383784334030814,-0.0071186073289803975,0.08331371895336183,0.108
CAID2 Disorder-PDB,caid2,disorder_pdb,AUCpred-profile,DED,literal,0.05720867088717219,0.015619875669960434,0.09812170977377913,0.004,0.0831830238913309,0.02291683933008894,0.14600352918460663,0.14660583358800067,0.047860417446195354,-0.004922034960608018,0.10186371383953355,0.07,0.06559937179175826,-0.006779357883640179,0.14370169791136347,0.12790932670604704,0.04576612475831339,0.015313315989595656,0.07387378368076375,0.002,0.05790826709004956,0.01900044739744844,0.09547048507248065,0.12372074133028307,0.011442546128858803,-0.037956306477286615,0.06215377018499276,0.676
CAID2 Disorder-PDB,caid2,disorder_pdb,AUCpred-no-profile,DED,literal,-0.0005549812190266114,-0.041451463435410535,0.039123340339884856,0.976,-0.00042951821915325326,-0.058154080385032184,0.057458130287834724,0.019420417742991403,-0.04757450007317312,-0.10135787012709445,0.0072532336587667,0.108,-0.06407068476334857,-0.1346396904108295,0.010334303395336912,-0.0746186199653016,-0.02079574880616171,-0.05615445040837553,0.012439245591280316,0.206,-0.026003227384878456,-0.06788617602761832,0.015816230763877885,-0.021061117431278788,0.020240767587135097,-0.032292550652100196,0.07383367586274253,0.452
CAID2 Disorder-PDB,caid2,disorder_pdb,DisoPred,DED,literal,-0.09376910492875913,-0.1419693374294344,-0.04345727397326611,0.002,-0.13533920216398138,-0.20045344344737676,-0.06567310615178032,-0.1553698894013928,-0.05416718086715841,-0.11944086316758301,0.017077235676116003,0.14,-0.07268396438192318,-0.15508747222654623,0.024894262540218422,-0.07616604127819133,0.05165023708948072,0.015136958138093029,0.08595080997977396,0.002,0.06539532895374928,0.01881063716983234,0.11079591902462398,0.13546879463508693,-0.1454193420182399,-0.20255472018080597,-0.08711376632768526,0.001
CAID2 Disorder-PDB,caid2,disorder_pdb,Dispredict2,DED,literal,-0.11356771980619851,-0.1583932314246073,-0.06735670143253021,0.001,-0.16401688311810153,-0.2227319842593956,-0.10221844337321687,-0.11469305702650312,-0.1643441781983484,-0.22652584128275116,-0.09806820132969545,0.001,-0.22245543325107825,-0.29745726426089686,-0.1386217767101855,-0.21624597381080293,-0.2049485538865357,-0.24749671305859117,-0.15834740860015475,0.001,-0.2581476759868364,-0.30763013383293186,-0.2035398808945873,-0.2974547251871776,0.09138083408033722,0.026410462076468535,0.15214611344571657,0.004
CAID2 Disorder-PDB,caid2,disorder_pdb,Dispredict3,DED,literal,-0.12050669739060207,-0.16535930624774595,-0.07229974968022967,0.001,-0.17398821538287962,-0.22995966223420955,-0.10805782559754742,-0.23846033174114098,-0.1356364281314118,-0.1936355600293792,-0.07051059993448758,0.001,-0.18339851755487596,-0.2546155681388344,-0.10051449925716696,-0.26871979322276046,-0.13862158116072992,-0.18906550577766876,-0.0839139865988396,0.001,-0.17443049612119443,-0.23487883361126932,-0.10607956415170694,-0.27469009928139676,0.01811488377012789,-0.05783418070281409,0.09022061651663757,0.598
CAID2 Disorder-PDB,caid2,disorder_pdb,IDP-Fusion,DED,literal,0.03643123194565992,-0.007566443590682367,0.07925862333449042,0.096,0.05319079042663477,-0.010531727663291825,0.11775673752663646,0.1320954790064428,0.040968711107096864,-0.009474170045667151,0.09677165548764652,0.11,0.05632731524269354,-0.012469959033449201,0.13602254971655264,0.14117043732931675,0.09677132573291171,0.06609458188061955,0.12923753399003912,0.001,0.12227389289358752,0.08094229074909258,0.1684871764740901,0.2527756665809464,-0.060340093787251796,-0.11215845922032237,-0.009547182904472212,0.026
CAID2 Disorder-PDB,caid2,disorder_pdb,rawMSA,DED,literal,-0.00030404002765393247,-0.04271982603715736,0.04585962053731654,0.97,-5.8016275205213796e-05,-0.0601105929695598,0.06830937925921157,0.04171181335859975,-0.04650481786866558,-0.11492236716027625,0.02073623769490047,0.158,-0.062296520719367664,-0.1508410636475848,0.029719716850948943,-0.05068974232342357,0.057592953152868574,0.005886832663934236,0.10401392510354332,0.028,0.07303461735293312,0.007115623455396125,0.13471941863197173,0.1575057997196448,-0.057896993180522514,-0.11638296976734197,0.0059502193671213495,0.082
CAID2 Disorder-PDB,caid2,disorder_pdb,metapredict,DED,literal,0.016318287424322928,-0.025671505841416753,0.05790465024770574,0.442,0.023982345150719425,-0.03573843810865428,0.08597268083320385,0.06053575504944481,0.01593194601827066,-0.03495675791217713,0.06870656428570802,0.554,0.02223040410057385,-0.04604870005718964,0.09543088311355723,0.059763072237340266,0.09271900727919975,0.06250233063138763,0.12555632864984864,0.001,0.11716495445257732,0.07733675752850655,0.16353115530459159,0.21333719475919843,-0.07640071985487683,-0.12763608052048273,-0.02612621052515255,0.002
CAID2 Disorder-PDB,caid2,disorder_pdb,disomine,DED,literal,-0.14264707523221642,-0.1815607705090125,-0.10109981777264399,0.001,-0.20622467166986952,-0.2547906926624629,-0.15273695357001202,-0.2659439669902298,-0.13870989712160536,-0.20949848662879225,-0.06317720819358938,0.001,-0.18722544311913966,-0.2707459583631587,-0.08950812683107975,-0.25806961076900764,-0.09373966665849925,-0.14917745282418943,-0.03230912723657377,0.002,-0.11784232669331088,-0.18424811364021287,-0.04068363080631465,-0.16812914984279545,-0.048907408573717163,-0.12077699862105216,0.015880632948913592,0.172
CAID2 Disorder-PDB,caid2,disorder_pdb,s2D,DED,literal,-0.003453715640314759,-0.041423320362963756,0.034787435639420224,0.868,-0.004533291317767437,-0.05836946202705854,0.05206418654937272,0.32532565880460756,-0.03758368679164554,-0.08660801381163372,0.009351644785669997,0.116,-0.05036962078443115,-0.11314852019884881,0.013494967551884413,0.25706571650194604,-0.0753498627056422,-0.10599614230796557,-0.04834571320061906,0.001,-0.09479448391308976,-0.13173994945310025,-0.06215422982370923,0.1815333646739527,0.07189614706532745,0.0237927968523534,0.12066077564803004,0.004
CAID2 Disorder-PDB,caid2,disorder_pdb,AlphaFold-rsa,AF,calibrated,-0.05062919296497567,-0.08220452283064739,-0.019202509495635223,0.002,-0.06287314280896512,-0.10140234789179596,-0.024508585220792516,-0.09664701645925615,-0.007566913810312161,-0.03811041784326369,0.021369617404215873,0.644,-0.00904969140902908,-0.046540991137658756,0.02659486589628697,-0.010522458149929139,0.03483704941808928,0.02173439359797126,0.048598484877714766,0.001,0.04020268099415314,0.024506801303165758,0.056630615473759666,0.07428546830687374,-0.08546624238306497,-0.11931190087670107,-0.051744531417858314,0.001
CAID2 Disorder-PDB,caid2,disorder_pdb,AIUPred,DED,calibrated,-0.16211063382915852,-0.20876096273578268,-0.11244088148778879,0.001,-0.20128555107294413,-0.25336520689336334,-0.14227074133881706,-0.31977698592736997,-0.15440163580658836,-0.21842779674925475,-0.08960389868971448,0.001,-0.18700108718299918,-0.25642093547211303,-0.11164553564386946,-0.3043589898822296,-0.017598921636346715,-0.05181500892324057,0.013992072744242221,0.278,-0.020150114542419443,-0.05861637680162906,0.01653778698939937,-0.030753561541746344,-0.1445117121928118,-0.20086465925951438,-0.08555571525721585,0.001
CAID2 Disorder-PDB,caid2,disorder_pdb,IUPred3,DED,calibrated,-0.13586050310644948,-0.17598892845249847,-0.09564066305904177,0.001,-0.16873085017311082,-0.2142129641519719,-0.11916675942394679,-0.26396584007277896,-0.16211030792481915,-0.21505653441962577,-0.11057762100710819,0.001,-0.1964492042723772,-0.2517883538282341,-0.13933283840949529,-0.3164654497095183,-0.04665152450890588,-0.07756205376189604,-0.019913414276251956,0.002,-0.05367755262767328,-0.08831255286522187,-0.023239749467993287,-0.08554788287769177,-0.08920897859754359,-0.13941522020438912,-0.03756754080430149,0.001
CAID2 Disorder-PDB,caid2,disorder_pdb,ESpritz-D,DED,calibrated,-0.17781634378046113,-0.2266355732074857,-0.12563493480342935,0.001,-0.22081672678660225,-0.275798874300967,-0.16043933295485027,-0.2698890402903755,-0.1522126257584264,-0.22167889878680955,-0.07976741971416149,0.001,-0.18428743843031697,-0.26036959772083745,-0.09786181001868023,-0.21868160424630606,-0.020651129865343554,-0.056346746045111154,0.009586727951665316,0.214,-0.02366611782802159,-0.06392668873513241,0.011032196989218226,0.044441387539859656,-0.1571652139151176,-0.21457279725699915,-0.0964753529725244,0.001
CAID2 Disorder-PDB,caid2,disorder_pdb,ESpritz-N,DED,calibrated,-0.08791168093934741,-0.1253366330521405,-0.05153545451150757,0.001,-0.1091306265762583,-0.15355216742647282,-0.06532092577066242,-0.13124510621734697,-0.11747349115733911,-0.17147334408442483,-0.05974519370944008,0.001,-0.1422899072862146,-0.20245016859457554,-0.07600357025543175,-0.1903687266533304,-0.0768229435316922,-0.10493430678737359,-0.053316447237300384,0.001,-0.08847128127935075,-0.1201168530916668,-0.06212960445588472,-0.10906763140203658,-0.0110887374076552,-0.055268048288160836,0.03673021675975274,0.606
CAID2 Disorder-PDB,caid2,disorder_pdb,ESpritz-X,DED,calibrated,-0.08395795029077661,-0.12733003074451507,-0.04023981700114357,0.001,-0.10418847765351204,-0.15507864544499256,-0.05046919645184563,-0.12701956462796496,-0.0845466442617351,-0.14212109297689202,-0.028840601570502517,0.002,-0.10231700013381528,-0.1693365992722921,-0.03696110320838347,-0.12819695256988195,-0.06768393024375573,-0.09606614533455977,-0.04193908716710781,0.001,-0.07793637979151094,-0.10986000180481842,-0.049678728815539,-0.09447152453392317,-0.01627402004702089,-0.0667518034002969,0.03328091959931636,0.512
CAID2 Disorder-PDB,caid2,disorder_pdb,MobiDB-lite,DED,calibrated,-0.06882573835556485,-0.10588650387306678,-0.029373308560737187,0.001,-0.08533514036007,-0.1290480814363912,-0.0382080274129412,-0.09485422032414938,-0.09867193222109696,-0.14614548812795544,-0.051450601635252335,0.001,-0.11948835458961787,-0.17396544907718572,-0.06469946568202074,-0.1545466080552136,-0.04823774755401455,-0.07394362175581057,-0.025891372912372018,0.001,-0.055511864523267916,-0.0845095819455007,-0.030474910709223226,-0.053678238721048765,-0.020587990801550313,-0.0649762163017084,0.02679442126682492,0.372
CAID2 Disorder-PDB,caid2,disorder_pdb,flDPnn,DED,calibrated,-0.0717874849621433,-0.111616308194458,-0.02867674456331765,0.002,-0.0890026480015057,-0.13615910847975043,-0.03694111507485511,-0.08452608484289269,-0.06302856673668557,-0.11048345636983582,-0.010595852620513052,0.018,-0.07614899150282785,-0.1321340826271117,-0.013564883370691953,-0.06700824839197721,-0.05665007094882114,-0.08576496700458805,-0.026359008241943996,0.001,-0.0652167500375607,-0.09836021531885143,-0.03053936122463409,-0.05425125681624837,-0.015137414013322154,-0.06377683295312168,0.03591363176161742,0.564
CAID2 Disorder-PDB,caid2,disorder_pdb,flDPnn2,DED,calibrated,-0.09433992073607081,-0.13822438180325533,-0.04750606494246794,0.002,-0.11701046667716224,-0.16838505239823084,-0.05912233992065832,-0.11908266852559364,-0.0843275144116889,-0.1370200756504493,-0.027013036501510847,0.002,-0.10201616997878352,-0.1632045298082621,-0.03429596489314929,-0.09905785587682985,-0.03540628100280067,-0.06293640620416709,-0.006345593805259919,0.012,-0.040725573782184644,-0.07211888422572706,-0.007293089935905177,-0.0012153890590533769,-0.05893363973327015,-0.11025396872179342,-0.004893402332609742,0.034
CAID2 Disorder-PDB,caid2,disorder_pdb,DISOPRED3-diso,DED,calibrated,-0.07144681656447537,-0.10460679964860685,-0.03837060189797426,0.001,-0.08874102149597653,-0.12851932442394084,-0.04900222091657462,-0.13299528399002059,-0.052769753286629015,-0.08760284794584255,-0.018987807897350963,0.001,-0.06392524671573611,-0.1051006221725413,-0.024115975660507705,-0.0956411574343279,-0.019999025681009072,-0.04657942210857401,0.0061019118375892755,0.126,-0.022956337185480385,-0.053268825485453385,0.0070683621662032915,-0.030099702223088012,-0.05144779088346628,-0.09422939840930819,-0.008712591559806743,0.018
CAID2 Disorder-PDB,caid2,disorder_pdb,SETH-0,DED,calibrated,-0.04472037644770093,-0.07696635846062694,-0.011987816075431262,0.012,-0.05547110952644657,-0.09432755845344619,-0.01535819484776821,-0.09338493268057366,-0.03560051893676396,-0.06970053645242331,-0.0012280364567422459,0.038,-0.04304508143206291,-0.08345177231426464,-0.0015512511740048503,-0.07514521765869972,0.018791411557416007,0.0018887799070397837,0.036337571398045394,0.032,0.021727641394619177,0.002141867501953663,0.04222789841045149,0.03363864332966021,-0.06351178800511693,-0.10110404572871998,-0.027912204519978927,0.001
CAID2 Disorder-PDB,caid2,disorder_pdb,SETH-1,DED,calibrated,-0.048354846584893224,-0.08269665753461598,-0.012792856691534097,0.01,-0.05998202906954218,-0.10024386566247197,-0.016102066044704377,-0.07824755430986338,-0.035931117107520914,-0.06872687673418536,-0.0028866710585336405,0.036,-0.04342515455420482,-0.08276053859965339,-0.003550657569436964,-0.05340009535511874,-0.004911394068042099,-0.02385704569572336,0.014821169207405744,0.604,-0.0056049263599245065,-0.027413736698758802,0.01729604602676747,0.00863935072383888,-0.043443452516851125,-0.08244279480529561,-0.004390120041080326,0.036
CAID2 Disorder-PDB,caid2,disorder_pdb,VSL2,DED,calibrated,-0.10345983722941873,-0.14313511022744463,-0.06300225723494489,0.001,-0.128414999370792,-0.17357729234267819,-0.0800929250107734,-0.16947424309037457,-0.08998937076123502,-0.14029172806177706,-0.0388327741858235,0.001,-0.10893975791951942,-0.1675308212881295,-0.048928435676426824,-0.14253331015400716,-0.03376851537208036,-0.06181961798796705,-0.009545233733323052,0.008,-0.03880486582302313,-0.07002611839118854,-0.011027799032305191,-0.030091599375697796,-0.06969132185733838,-0.11849361566777786,-0.02099049710501323,0.001
CAID2 Disorder-PDB,caid2,disorder_pdb,SPOT-Disorder,DED,calibrated,-0.06444449653313465,-0.10118166043692596,-0.0276928716974238,0.001,-0.07997653828412518,-0.12447835404551479,-0.03485178643169066,-0.11481756262154953,-0.031423165404215615,-0.07072698503075533,0.010095749511475462,0.132,-0.03790365023630159,-0.08355219417503712,0.012584310149319442,-0.048774900363711446,0.024228460926009335,0.002472567240932375,0.04653977003730951,0.032,0.028031653410950107,0.0027683929196153844,0.05434192518567096,0.06252835229673846,-0.08867295745914398,-0.13356495775936938,-0.04618261816659971,0.001
CAID2 Disorder-PDB,caid2,disorder_pdb,SPOT-Disorder2,DED,calibrated,-0.04779746124933493,-0.08141599435606764,-0.012473808375741698,0.016,-0.059248419723283374,-0.09937676608749547,-0.01573195349667176,-0.10359020932769915,-0.03106236313730024,-0.06805141581628985,0.007844914549515728,0.11,-0.037476767032139535,-0.08218683002100466,0.009731844949512446,-0.07012001310362975,0.02697443080427336,0.007857364895357363,0.049307329231608236,0.004,0.03115699934482332,0.00900140859263887,0.05741650780560262,0.04595357477951743,-0.07477189205360829,-0.11327032526498962,-0.03687047321861762,0.001
CAID2 Disorder-PDB,caid2,disorder_pdb,SPOT-Disorder-Single,DED,calibrated,-0.09074261986120997,-0.12930392444895392,-0.048618491784333945,0.001,-0.11264742559402169,-0.15993363755130297,-0.062142259490105094,-0.1707688647526836,-0.08457756295538175,-0.14202375631098377,-0.02621106002981322,0.004,-0.10230875024280663,-0.16774421479223023,-0.03325445903971351,-0.15843875094102713,-0.006850468928261701,-0.03463445392758516,0.0178455754119999,0.63,-0.007795998700367847,-0.03938348641353894,0.020908474767110486,-0.0029845628867870536,-0.08389215093294827,-0.13236312147963322,-0.03386306603846251,0.001
CAID2 Disorder-PDB,caid2,disorder_pdb,DisEMBL-dis465,DED,calibrated,-0.07503868364483286,-0.11248241449052335,-0.03529910037296198,0.001,-0.09304994524268179,-0.13750367456859966,-0.0455390108430537,-0.07107719193691481,-0.11215998976980003,-0.15443156023967222,-0.06921298954764223,0.001,-0.13586883845656342,-0.1839325917962108,-0.08659701587253765,-0.14531980418684912,-0.14614084493197613,-0.1730304345469653,-0.1199395799976611,0.001,-0.16835084355961538,-0.19584176171091763,-0.14165284911136702,-0.21328151451120136,0.07110216128714328,0.02441294879533695,0.11397091420430273,0.004
CAID2 Disorder-PDB,caid2,disorder_pdb,DisEMBL-disHL,DED,calibrated,-0.09213252245406378,-0.13176121261373527,-0.05577831649550156,0.001,-0.11420467199275636,-0.15758136380313034,-0.07157882938639074,0.15626860262421877,-0.15032414983313894,-0.1934218035224156,-0.10318121969982468,0.001,-0.18215597613813062,-0.22778439668789638,-0.129969931550167,0.03988534786606851,-0.22160705083684534,-0.24919653532945413,-0.19158416598961459,0.001,-0.2553558769814627,-0.2831580451618096,-0.2253115495988259,-0.10268045414134432,0.12947452838278156,0.0781970062667431,0.17783974107236006,0.001
CAID2 Disorder-PDB,caid2,disorder_pdb,IsUnstruct,DED,calibrated,-0.07895752401479929,-0.12165908999555386,-0.03714157346138407,0.001,-0.09796180366499585,-0.14685709250758808,-0.0465952890247684,-0.11860841493644202,-0.08569847862296291,-0.13424414383218347,-0.03502445004915404,0.001,-0.10375295042106276,-0.16105759823765198,-0.04377742074510129,-0.13209032415276925,-0.04900835942756623,-0.07331622442240927,-0.024757370317442108,0.001,-0.05639005408805474,-0.08331304599817972,-0.029172705916951636,-0.05871008576197588,-0.029949164587233065,-0.079008088071396,0.020013336769632423,0.216
CAID2 Disorder-PDB,caid2,disorder_pdb,RONN,DED,calibrated,-0.10044559952672524,-0.14292903974815815,-0.06163839505748809,0.001,-0.12463044126166348,-0.17477363748848485,-0.07889601561612444,-0.17254173208661924,-0.08460662106525808,-0.13116458075730927,-0.037978130810023054,0.001,-0.10242863597733043,-0.15734879711005592,-0.047471531936864736,-0.14086377516368495,-0.08639016774096177,-0.11287590434518477,-0.06161541521051143,0.001,-0.09948249408055722,-0.12692925908334676,-0.07299062869453198,-0.14443086851509232,-0.014055431785763474,-0.06337803981979936,0.03303501723832088,0.564
CAID2 Disorder-PDB,caid2,disorder_pdb,PreDisorder,DED,calibrated,-0.046954262896145994,-0.08519121686046277,-0.007005539823427679,0.022,-0.058190708663688605,-0.1047747977120102,-0.008775577627731367,-0.07996320305058663,-0.04870554840918578,-0.09541385348066746,-0.0022652380659831826,0.042,-0.05877979087398774,-0.11367296118736142,-0.002862313063087249,-0.08346577407666618,-0.0599465058993181,-0.09201487303616795,-0.029361704356958254,0.001,-0.06897766599708069,-0.10493397745102633,-0.03401268194158696,-0.10594768905693085,0.012992243003172114,-0.03527137335730957,0.0647905834858138,0.638
CAID2 Disorder-PDB,caid2,disorder_pdb,OPAL,DED,calibrated,-0.16572149469573458,-0.2145530359370607,-0.11187876344665093,0.001,-0.20575700518635553,-0.2627654780525366,-0.1433755960744161,0.0639790853053933,-0.13311487210024894,-0.18382693215164436,-0.08193034985902473,0.001,-0.16115813517819808,-0.21553021065823327,-0.10393089288509129,0.1291923304963646,-0.21123992257370833,-0.25597444953407417,-0.16521101490119564,0.001,-0.2433958156326903,-0.29377352755862857,-0.19265498955802618,-0.027057770450554134,0.04551842787797371,-0.017885934242570106,0.11109267007190976,0.164
CAID2 Disorder-PDB,caid2,disorder_pdb,pyHCA,DED,calibrated,-0.12730483995001174,-0.17015600339075815,-0.08096713894211985,0.001,-0.15803020793892564,-0.20693338101532843,-0.10269748493501278,-0.23247877792887947,-0.11810419093789774,-0.17307778206279606,-0.0630054349255657,0.001,-0.14301116767665678,-0.20591476904212305,-0.0790578054746246,-0.21407747990465148,-0.04331893856574201,-0.07832899762533974,-0.011292529275449784,0.008,-0.049817598661480486,-0.08905906206732536,-0.013128223411205201,-0.06450697516034003,-0.08398590138426971,-0.13941070034239128,-0.027626290129551256,0.004
CAID2 Disorder-PDB,caid2,disorder_pdb,DeepIDP-2L,DED,calibrated,-0.08720169263476618,-0.12551645795660554,-0.047687169481597444,0.001,-0.10829604787297825,-0.15327441034137748,-0.05939529471453006,-0.13662805397390526,-0.056621362451575445,-0.10585474659719026,-0.005678294697364667,0.032,-0.06839171769947275,-0.126795558383396,-0.00719968825411775,-0.07546739360752378,0.0018023311378630108,-0.023421174392583205,0.025166039986995244,0.888,0.0021635756876035054,-0.02638052563072829,0.02907658061317321,0.041379993571353114,-0.08900402377262918,-0.13255062914374144,-0.04703419753046079,0.001
CAID2 Disorder-PDB,caid2,disorder_pdb,PredIDR-long,DED,calibrated,-0.02493042851582193,-0.056927275239848085,0.005607975446470078,0.112,-0.03086466464858827,-0.07093269316701352,0.006924031126134938,-0.04047589159471002,0.0008834294486216753,-0.039259887251098066,0.03739174802523234,0.978,0.0013715685032534238,-0.04709474161905832,0.04736416095239493,0.011151824334177192,0.032994368779096304,0.008310865213271325,0.056987440895883285,0.008,0.03817018257581789,0.0094580325449857,0.06724113207052895,0.07537370299512645,-0.05792479729491825,-0.09879851692974202,-0.019531826322212106,0.001
CAID2 Disorder-PDB,caid2,disorder_pdb,PredIDR-short,DED,calibrated,0.0009299912020896281,-0.02755294076960883,0.02919736105399295,0.966,0.0012947434775513046,-0.03327016442204139,0.03796649449721162,0.012420850243013504,-0.002841520173978452,-0.04138286846270832,0.030943911963178573,0.89,-0.0031634194584635182,-0.04836934866600524,0.03891989973166218,0.004877827490877338,0.01884689382962725,-0.007040530406407002,0.043826168398802885,0.134,0.02185805728804516,-0.008055645005423776,0.05117811414447999,0.04825465549808875,-0.017916902627537624,-0.05684430316690483,0.01982241878218981,0.36
CAID2 Disorder-PDB,caid2,disorder_pdb,AUCpred-profile,DED,calibrated,-0.029091742969227105,-0.06357605369438044,0.009091245038893145,0.122,-0.03602881964566108,-0.07880222053531862,0.011395518999914587,-0.03453001357376681,-0.019946489392200555,-0.06877511022911946,0.028725228904556352,0.404,-0.023868153790518026,-0.08232072861915672,0.03614991774273256,-0.016239506419713712,-0.008117160035589495,-0.028749792306836268,0.011066092357321134,0.392,-0.009295315582664603,-0.03290246426163875,0.012983938102629888,0.007419152293508403,-0.02097458293363761,-0.06173371748798932,0.020371349815929814,0.332
CAID2 Disorder-PDB,caid2,disorder_pdb,AUCpred-no-profile,DED,calibrated,-0.05143534039508756,-0.08981142506504299,-0.013293383874747499,0.018,-0.06377828544813312,-0.11070387587910996,-0.01703728691813224,-0.058446907906633525,-0.06174386719145153,-0.11114048558011344,-0.012259209904430038,0.018,-0.07459034894813217,-0.1329317268394373,-0.01535159878127445,-0.07906396149936144,-0.04985088252754641,-0.07360941988037274,-0.028139744060727237,0.001,-0.057386805126496424,-0.0838672703239305,-0.03300228253720297,-0.055277992171551216,-0.0015844578675411525,-0.045568079260085645,0.0433868923750808,0.924
CAID2 Disorder-PDB,caid2,disorder_pdb,DisoPred,DED,calibrated,-0.18090184186288435,-0.23300718542510057,-0.13070178963215562,0.001,-0.22460270311551372,-0.2812840520900978,-0.16610642853483307,-0.34503595078695687,-0.11806732597988084,-0.17714605921693583,-0.05484895786082652,0.001,-0.14287438230423866,-0.20889633436341612,-0.0680717211834635,-0.21936691902094976,-0.0093059161188152,-0.03524165070072607,0.013183148164645,0.468,-0.010645352320606063,-0.04033013601425261,0.015401843521198286,-0.0018440992988184414,-0.1715959257440692,-0.22918293115929908,-0.11737850450249974,0.001
CAID2 Disorder-PDB,caid2,disorder_pdb,Dispredict2,DED,calibrated,-0.19386653871242449,-0.246611689677741,-0.14570552816570578,0.001,-0.24073168216029228,-0.30004790205846515,-0.18669424548417984,-0.18443283834366758,-0.22287016745829993,-0.2858478853111375,-0.15956399116330724,0.001,-0.27020337802791367,-0.33852353083969394,-0.20014680528707818,-0.24244009583541856,-0.249850260316439,-0.2981015050624299,-0.199934414075757,0.001,-0.2878342975609614,-0.3402527274153082,-0.23445249101214743,-0.29640028155169673,0.05598372160401453,-0.011043322336556853,0.12138976364548554,0.106
CAID2 Disorder-PDB,caid2,disorder_pdb,Dispredict3,DED,calibrated,-0.0659145647533484,-0.1070042661283223,-0.02176648829918983,0.01,-0.08165059922515454,-0.13025985268123252,-0.028344486631888495,-0.03213804048580457,-0.06331136314836304,-0.10897969578498949,-0.01493492214129361,0.01,-0.07650966822043671,-0.131156055556349,-0.018268578040515886,-0.026931637275833826,-0.04326737151184896,-0.07407331193688839,-0.011066645304159314,0.01,-0.04973241970215031,-0.08430297779749059,-0.012844251421024327,0.013156345997194343,-0.022647193241499452,-0.07283130949962148,0.03088822585342268,0.406
CAID2 Disorder-PDB,caid2,disorder_pdb,IDP-Fusion,DED,calibrated,-0.0845616812923101,-0.1237731463630608,-0.04321285545234039,0.001,-0.10493922984455102,-0.15136086986457792,-0.055254866614745254,-0.15123865078175858,-0.05642632901354042,-0.10469244391742473,-0.004872315329708236,0.03,-0.06813162630037752,-0.12407643736828074,-0.006196986435576739,-0.0949679462242192,0.02001508651124705,-0.0011696395323384096,0.041869549000852914,0.066,0.02313943126860324,-0.001335304257239009,0.04866462049311544,0.057914884825355756,-0.10457676780355717,-0.15157829392123426,-0.05745589724688302,0.001
CAID2 Disorder-PDB,caid2,disorder_pdb,rawMSA,DED,calibrated,-0.10175733831595192,-0.1438053091227126,-0.06039644921514351,0.001,-0.12635196940124221,-0.1750814794739393,-0.07687023620751578,-0.18363830179868348,-0.11634021399253135,-0.1771385465908506,-0.0589231235849193,0.001,-0.14082273121626593,-0.20971395446168484,-0.0726803582585346,-0.2128040531518423,-0.011629943410726814,-0.05561197227994449,0.0245405829655789,0.568,-0.01323464927338654,-0.06342278446426448,0.029136407726287124,-0.003383511988233237,-0.09012739490522512,-0.14055596170147888,-0.03637962135016002,0.001
CAID2 Disorder-PDB,caid2,disorder_pdb,metapredict,DED,calibrated,-0.09831677271560568,-0.13746670401144012,-0.05693953352679646,0.001,-0.12208743441801827,-0.16852915505985389,-0.07147526687271191,-0.2014396457876972,-0.07186769680344508,-0.1214053962506344,-0.01990149647157828,0.002,-0.0869552229158939,-0.14536749235455645,-0.02501363133942572,-0.14854149396337604,0.0182223194283667,-0.0026486276316098232,0.03936397566560387,0.094,0.021075972607527943,-0.0030244500296307698,0.04660716757402734,0.031638538500247525,-0.11653909214397237,-0.16204013237312284,-0.07271429678263866,0.001
CAID2 Disorder-PDB,caid2,disorder_pdb,disomine,DED,calibrated,-0.18453621200826809,-0.23251955145842837,-0.13429974544373002,0.001,-0.2291165838330387,-0.2838244837454549,-0.1721307241575235,-0.31687451055706606,-0.10825094404242822,-0.16763600025974393,-0.04098597593861304,0.002,-0.13087947213589066,-0.19862757218764723,-0.05072714111371419,-0.16430397462538632,-0.050437867357284616,-0.08763282820727282,-0.013104838863271781,0.004,-0.05808244426351691,-0.10092648427276238,-0.015219612616503625,-0.04867782125509914,-0.13409834465098344,-0.1943928341396831,-0.06988864830596908,0.001
CAID2 Disorder-PDB,caid2,disorder_pdb,s2D,DED,calibrated,-0.12444794054721277,-0.16050068082848493,-0.08776919354638954,0.001,-0.15451538693664693,-0.19588773521760303,-0.11187025006035477,-0.03397788239874954,-0.12803403560198245,-0.17395943490644447,-0.08149960258966757,0.001,-0.15505258033081493,-0.20456502360025672,-0.1016892016581126,-0.04115007250828893,-0.15173492905200564,-0.17640549110002876,-0.12905637647720034,0.001,-0.17487456244893365,-0.2018292071525851,-0.1494773970304169,-0.08855185940833528,0.02728698850479287,-0.014386973981797833,0.06827192409190248,0.216
CAID2 Disorder-NOX,caid2,disorder_nox,AlphaFold-rsa,AF,literal,0.07805285088557239,0.00869048642477977,0.15638110381646453,0.024,0.13940399849679103,0.014266879152285023,0.30370875532598113,0.3146516840683214,0.04772028977689888,-0.024267654384220273,0.11504097896293775,0.156,0.08397312798233224,-0.04100628971924655,0.21261602468428462,0.2539865618509744,0.06614698781902013,0.036071981081911925,0.09602908576996542,0.001,0.10252768993295473,0.05302071707863501,0.15330264356560297,0.29083995793521694,0.01190586306655224,-0.05858143236436436,0.09139831478116509,0.786
CAID2 Disorder-NOX,caid2,disorder_nox,AIUPred,DED,literal,0.02817241357648257,-0.07391693793594316,0.127777217171253,0.546,0.0535244893295982,-0.1174925856514643,0.2436918527592825,0.24026585819088359,-0.040065970588405206,-0.1322133176230113,0.059503086900286065,0.428,-0.06618118835561264,-0.2218658926515725,0.11389969166434386,0.10378908986110803,0.05043688073828538,0.012538613738422645,0.08713021821596079,0.006,0.07850705210840526,0.018788657687263396,0.13926259769957822,0.2847947925144892,-0.02226446716180281,-0.12958419111308078,0.0804077582276899,0.66
CAID2 Disorder-NOX,caid2,disorder_nox,IUPred3,DED,literal,-0.013841389227208865,-0.09756107973094946,0.0631061643163636,0.738,-0.020901813774471735,-0.16030130054752337,0.11985770087671467,0.008277181843593679,-0.04145869302379522,-0.11435147237342588,0.03317849903381025,0.27,-0.06965484269748372,-0.18987852392336432,0.061109980605581773,-0.046957425749579035,0.05371555400227928,0.01399511083609063,0.08943531283923248,0.008,0.08355704420920518,0.021303677277875233,0.14585631937394883,0.14339106830256998,-0.06755694322948815,-0.16814854055022002,0.0223002932129893,0.152
CAID2 Disorder-NOX,caid2,disorder_nox,ESpritz-D,DED,literal,-0.024672968599283883,-0.1255595472128381,0.08060426854459667,0.624,-0.038546937229662945,-0.20031803319805533,0.1529370496200499,-0.2423963587875686,-0.0669552337819968,-0.14034191350617792,0.0159904528752539,0.12,-0.11288795599706639,-0.22442728845366192,0.03021462332824497,-0.3269608891529944,-0.013561961403503254,-0.0796836059666101,0.04825064632422794,0.672,-0.019929774821756965,-0.12028680143561228,0.07931914632856751,-0.2201743443960073,-0.011111007195780634,-0.1303730391019011,0.11251728592946035,0.87
CAID2 Disorder-NOX,caid2,disorder_nox,ESpritz-N,DED,literal,0.00801225692401922,-0.0850807074058683,0.0992800756231463,0.858,0.017521533999797556,-0.13794983486893755,0.19079995745700573,0.0016090883545925587,0.03199078673046226,-0.040839719957092284,0.10795917137541276,0.414,0.05775054390184846,-0.0687524089908689,0.19711173053143397,0.049566147967478644,-0.011551397145907125,-0.05063618315876992,0.022219177735870097,0.54,-0.01735085684978842,-0.07532566470194256,0.03538577043820372,-0.037518219785260126,0.019563654069926342,-0.07836535660590853,0.11874994268442779,0.716
CAID2 Disorder-NOX,caid2,disorder_nox,ESpritz-X,DED,literal,-0.043723020015243745,-0.12269442828410333,0.031478145950866586,0.28,-0.0732816184638261,-0.1950647017072389,0.059939283180485754,-0.28378340134278823,-0.058253407765621386,-0.13170324207987413,0.019799741684081464,0.142,-0.0978312107625202,-0.2107710060027838,0.039154649687966475,-0.31284417684354343,-0.06939394060787328,-0.11226357492307844,-0.025357619503970683,0.001,-0.10644880807085122,-0.16787490343751918,-0.04123202878597989,-0.33512524252804726,0.025670920592629525,-0.06827175401926852,0.10521588922060958,0.522
CAID2 Disorder-NOX,caid2,disorder_nox,MobiDB-lite,DED,literal,0.006162596002108955,-0.08992750938024476,0.09877454054378586,0.912,0.015146978408465149,-0.14262188334729195,0.1921113176162309,-0.05577080014902755,0.021613189910588408,-0.036549812978800396,0.0806564591727183,0.504,0.039392476471839064,-0.06228590105979573,0.15043422195076567,-0.02486961233206866,0.0077017070616243015,-0.033623334404283924,0.0457806703111731,0.708,0.012551808004969698,-0.049784377815926775,0.0746723109446528,-0.05269257802999687,-0.001539111059515347,-0.10732527361753298,0.10155424051959902,0.994
CAID2 Disorder-NOX,caid2,disorder_nox,flDPnn,DED,literal,-0.006539616000149495,-0.10975462675635647,0.1061321768804463,0.884,-0.0057079208411546355,-0.17355215222493672,0.20964301872985533,-0.23788437344200766,-0.015497607776133775,-0.11518170506794546,0.09367857066529875,0.766,-0.022044695892168262,-0.1817501968149352,0.17793421016944488,-0.2558003569939762,-0.027359298165069244,-0.08372752371551113,0.02973325042712024,0.348,-0.04134524454024124,-0.12451162586918664,0.047283632513515625,-0.27952373777184714,0.020819682164919747,-0.09412465897139219,0.14314315089665963,0.706
CAID2 Disorder-NOX,caid2,disorder_nox,flDPnn2,DED,literal,0.01684615551115807,-0.09183914230697088,0.1306540802303513,0.8,0.03541800933026375,-0.1487405956243382,0.2620019065548088,-0.20771394934820836,-0.007776406098408819,-0.10710862942993074,0.10149627664920552,0.87,-0.008823471860069942,-0.16722410705885402,0.19397283829898873,-0.25695907256734213,-0.027799067647649577,-0.08680501202194131,0.0335382383111477,0.372,-0.041922501221797165,-0.12973158662382095,0.05367909205399726,-0.2970043956658236,0.044645223158807645,-0.0828424926256881,0.17019060744048012,0.478
CAID2 Disorder-NOX,caid2,disorder_nox,DISOPRED3-diso,DED,literal,-0.03916597343861405,-0.09722730884852876,0.01908795627464489,0.208,-0.06733181626382699,-0.16443190280152328,0.03418707527246086,-0.01787067804192393,0.01942808705633769,-0.03342309743360257,0.07291557819816706,0.424,0.034355122517496964,-0.05739879664751786,0.1289329297328616,0.09931744294797955,0.034284337605905206,-0.005667453813883849,0.07201208877531905,0.09,0.05345434345132722,-0.008913741653339819,0.1154658007978921,0.12902994404711457,-0.07345031104451925,-0.14476209243155402,-0.004743121122029694,0.042
CAID2 Disorder-NOX,caid2,disorder_nox,SETH-0,DED,literal,-0.03140197889811461,-0.09494872446706597,0.03652930110704459,0.358,-0.05284325793650007,-0.1579070862666961,0.06807040514784245,-0.02750452315786729,0.0009352252513203931,-0.06982250018212666,0.06940068661546846,0.952,0.0031296950088276587,-0.11590260863168066,0.1315406519369391,0.0371698851410027,0.0526921799825824,0.02198694669699024,0.08099668772932628,0.004,0.08175507412511732,0.03361799852170194,0.1304867604817,0.14068379460352673,-0.084094158880697,-0.1568118527586736,-0.006823850709709883,0.034
CAID2 Disorder-NOX,caid2,disorder_nox,SETH-1,DED,literal,0.0036068642937920645,-0.07291401014810579,0.0866263716118758,0.938,0.009301108243941968,-0.12082337684613681,0.1675730405393539,0.04148820212195879,0.0326549514534056,-0.021840684343206296,0.08696977915090529,0.24,0.05783259072830389,-0.03624199238003789,0.16255990153038044,0.09958437644118587,0.052623906973453496,0.018258927040203623,0.08487964986865357,0.002,0.08175389714126391,0.027420094328883385,0.13782455195303936,0.13952228748128165,-0.04901704267966143,-0.13188548155814428,0.03975743881331147,0.278
CAID2 Disorder-NOX,caid2,disorder_nox,VSL2,DED,literal,0.07760003046444021,0.017578946383058736,0.14144854716924993,0.01,0.13933283068032268,0.027379989742651056,0.27585206729685313,0.3817730809179368,0.0667192963073003,-0.0002327091187187795,0.13982490975175926,0.052,0.11896374335562732,-0.0003643378755278234,0.26923497783237993,0.36001161260365705,0.025269276608781935,-0.011291927896612913,0.06002456021109909,0.176,0.03962056833239753,-0.01687328478144998,0.09647257285914917,0.27711157320662033,0.052330753855658274,-0.016485811012398648,0.12199730970805264,0.154
CAID2 Disorder-NOX,caid2,disorder_nox,SPOT-Disorder,DED,literal,-0.02151922287974018,-0.09052063178592268,0.05122949123602548,0.566,-0.03555147379697722,-0.14905142401847665,0.09295495234019388,0.052678112224882195,0.050123166355943556,-0.025158260551417393,0.12645359247749802,0.176,0.08916578897033509,-0.041808819698135435,0.23265903764048818,0.19596289069624967,0.06646529826891515,0.030024500689486755,0.10446332191369882,0.002,0.10315117389007068,0.04460522976900697,0.16508011440714523,0.2286471545221928,-0.08798452114865532,-0.17158421466372914,-0.009254104409847143,0.036
CAID2 Disorder-NOX,caid2,disorder_nox,SPOT-Disorder2,DED,literal,0.033006875509871435,-0.04101151553612379,0.11785077643111383,0.44,0.06123220237313514,-0.06497031974208974,0.23093030565012704,0.11635870084270558,0.043650113337138655,-0.031177937689747443,0.11654760546432584,0.24,0.07741577876271068,-0.051930470700427396,0.21111669606672376,0.13764517649724,0.08083822564314008,0.044974278861390556,0.11610968212649493,0.001,0.12527333979537894,0.06725550500149509,0.18459435944093858,0.2120214011092429,-0.04783135013326864,-0.1327994838949003,0.043656674557655685,0.304
CAID2 Disorder-NOX,caid2,disorder_nox,SPOT-Disorder-Single,DED,literal,-0.08287932481950666,-0.16233576778912887,-0.0033909682772260744,0.038,-0.14230136987123423,-0.26232644401991567,-0.006495101965917596,-0.22031911034398613,-0.03783303454385603,-0.10504779917528538,0.02806096148834323,0.26,-0.06404446155014666,-0.17351629982215938,0.050465522498049135,-0.13022652979268487,0.031098989476425594,-0.015096101070190118,0.0728331095933673,0.176,0.04857630103296287,-0.022943135654896536,0.11474119210811252,0.007637518247878388,-0.11397831429593226,-0.20821864312044988,-0.021270700385973913,0.014
CAID2 Disorder-NOX,caid2,disorder_nox,DisEMBL-dis465,DED,literal,0.0271633125487369,-0.05496771754144027,0.10883134193047024,0.542,0.05145694799071584,-0.08765731393641538,0.21585389066649605,-0.034337767458436017,0.03356846901774178,-0.027468610918128883,0.09558736852792583,0.278,0.060286657125352194,-0.0441588377407837,0.18037906090011302,-0.02152745452042627,-0.054132433875435815,-0.09457692895875289,-0.017211417336483414,0.006,-0.0828374766048299,-0.14120653032591615,-0.027760182311804153,-0.19692926030678143,0.08129574642417271,-0.0037987282592533574,0.1715755976384561,0.068
CAID2 Disorder-NOX,caid2,disorder_nox,DisEMBL-disHL,DED,literal,-0.07304686089427474,-0.1451622497229061,0.0029026378334334434,0.068,-0.12354353175973608,-0.22512747925875468,0.0058427757075901745,-0.4333632877929277,-0.07769692890143293,-0.145523443745241,-0.0018111048534180626,0.05,-0.13091784096338846,-0.22550332236025908,-0.003611208475371836,-0.44266342380724405,-0.14788883937479005,-0.19035267821851182,-0.10694986653368599,0.001,-0.22742679871382246,-0.27577458028075313,-0.17619053377028024,-0.5830472447539583,0.07484197848051531,-0.0031420174931144984,0.1505268975488635,0.064
CAID2 Disorder-NOX,caid2,disorder_nox,IsUnstruct,DED,literal,0.07480266285539369,-0.00632302885885872,0.16120811718496084,0.066,0.13492428096695896,-0.010114646991925635,0.31613236056138694,0.2788781112476956,0.09065046589623472,0.02762120807169107,0.15463774143336884,0.002,0.16030587115277728,0.044156550149153574,0.3016594894647689,0.31057371732937766,0.03283482936011805,-0.004692365497404897,0.06784724687108952,0.076,0.05129876506698258,-0.006885280086850042,0.10920050525217136,0.1949424442571443,0.04196783349527564,-0.05218343497072136,0.13465165335712934,0.386
CAID2 Disorder-NOX,caid2,disorder_nox,RONN,DED,literal,0.0902700972446231,0.021047958249198764,0.16450174026938252,0.01,0.16123777081583238,0.03411381626147394,0.3169634984124193,0.31993608886397285,0.07800496988246619,0.012841529508939003,0.14834300497395278,0.018,0.13811066703566166,0.02193157743408459,0.2788119009165864,0.2954058341396591,0.014895098374276307,-0.018310762542413345,0.046403293091616324,0.41,0.023593045609122346,-0.026690148930074136,0.07479332620771259,0.16918609112327931,0.07537499887034677,-0.002455986634730813,0.1541584327338706,0.07
CAID2 Disorder-NOX,caid2,disorder_nox,PreDisorder,DED,literal,0.11350717227217913,0.04907834927446745,0.1859035920679491,0.002,0.20256810125831676,0.07852952858947015,0.36598810786124436,0.41335153201991337,0.15209013939459515,0.0920981022405118,0.21768672580717136,0.001,0.26778543371450075,0.14257050808937236,0.4295156776118131,0.4905174662647454,0.033792728953720326,-0.003278396153817911,0.06925494235299269,0.068,0.05284279083263128,-0.005020358673762044,0.1121195625229831,0.25392264538299575,0.07971444331845882,0.0038296986289991742,0.1572872339376863,0.04
CAID2 Disorder-NOX,caid2,disorder_nox,OPAL,DED,literal,0.07193443409390803,-0.024290199125547002,0.1684719224384693,0.158,0.13112590351958375,-0.03847920050732028,0.33961119807524914,0.3921367573170288,0.07557432771489477,-0.010078554036091232,0.1669934400489693,0.084,0.13518963228535594,-0.015368490785631916,0.32605197187303375,0.39941654455900233,-0.03871947891648447,-0.08762901517686827,0.012847537903723753,0.144,-0.05918464554708807,-0.13255477999962684,0.020285842353795585,0.17082893129624382,0.1106539130103925,-0.003944589263989742,0.2214456346119456,0.062
CAID2 Disorder-NOX,caid2,disorder_nox,pyHCA,DED,literal,-0.09866752706662643,-0.17237063388754634,-0.02187883437494372,0.012,-0.1688227908153014,-0.270088030624217,-0.04452565862787048,-0.3863932835845943,-0.053794934000545684,-0.11831819315016778,0.018408706099391856,0.154,-0.09016553309920974,-0.18775422120543303,0.03373738017475988,-0.2966480974524328,-0.0295605445941792,-0.08885460356836267,0.031342387879560604,0.33,-0.04460197469434973,-0.13073868860102514,0.0502945026027042,-0.2481793186396998,-0.06910698247244725,-0.16364451470985594,0.02528365905441936,0.142
CAID2 Disorder-NOX,caid2,disorder_nox,DeepIDP-2L,DED,literal,-0.0062447872011934125,-0.08004053368484586,0.06933243922904443,0.862,-0.008623448442889127,-0.1357249883213605,0.13713882200191377,0.08107498411345358,0.04583132359325431,-0.04583936842734459,0.13989961370974152,0.342,0.08301988396202786,-0.07395616065926053,0.2728529941096805,0.18522720570234902,0.04564594166844664,0.010502623542682003,0.08065459153798953,0.012,0.07072504195010322,0.015947977801615387,0.12728404959147205,0.1848564418527337,-0.05189072886964006,-0.13789976776046958,0.0326787128042315,0.234
CAID2 Disorder-NOX,caid2,disorder_nox,PredIDR-long,DED,literal,0.03182522595083638,-0.060586150718236885,0.12233952545276257,0.496,0.0593659913582887,-0.09866064610154172,0.2432944283057591,0.2552865965270239,0.04530970400893999,-0.0018893534792251753,0.09927875760999157,0.066,0.07948393722686363,-0.003226197512523352,0.17920500386003532,0.2822555526432311,0.05491585366183364,0.02137200207080021,0.08711757294187411,0.001,0.08531347558733725,0.031848596383841,0.1380652233697949,0.3014678519490184,-0.023090627710997253,-0.12244422878132644,0.0686319284155745,0.648
CAID2 Disorder-NOX,caid2,disorder_nox,PredIDR-short,DED,literal,0.07218475946368255,-0.012166052244136362,0.15818536612160553,0.098,0.13041737400074394,-0.01886939514183135,0.30821562535937974,0.34258928277692663,0.058074322386658994,0.015274832644463028,0.10415999249108489,0.012,0.10204250350611845,0.025069236606405063,0.19257821404313136,0.31436840862287946,0.049332103841600104,0.01610687187526992,0.08036327569246954,0.002,0.07669169172789109,0.02409955491807416,0.12906919368739633,0.29688397153276175,0.022852655622082444,-0.06763245157321898,0.10954411502064,0.624
CAID2 Disorder-NOX,caid2,disorder_nox,AUCpred-profile,DED,literal,0.04019535542817715,-0.03206449122627843,0.11818715814293196,0.302,0.07257181434545976,-0.053404371438849886,0.22275412420825266,0.14154791418627685,0.10327146128388255,0.02204859261606883,0.17953750942091917,0.016,0.18158910316794363,0.038274636214476056,0.33494348950158526,0.2677001258976876,0.03874353432680778,0.005770063143646694,0.06992077805500661,0.014,0.06016828046793133,0.008339556938764855,0.10886603323929248,0.1386442719835381,0.0014518211013693806,-0.07913382333042826,0.08684374661694148,0.99
CAID2 Disorder-NOX,caid2,disorder_nox,AUCpred-no-profile,DED,literal,-0.048991457055341754,-0.139302889054429,0.04769229126590886,0.316,-0.08184625639292756,-0.2225550200929209,0.09025045989208882,-0.12075324174600903,0.02290360547326401,-0.0754629361590355,0.11503718183277521,0.614,0.04178283434350256,-0.12508785289501745,0.21471011413126856,0.023036883311202492,0.0070896973502951165,-0.02979279778056459,0.04250114401780976,0.682,0.01140463251195579,-0.04496165785857948,0.06866077591453215,-0.008590932934735285,-0.056081154405636865,-0.1567588744839411,0.04920676747419888,0.274
CAID2 Disorder-NOX,caid2,disorder_nox,DisoPred,DED,literal,-0.010971420385278442,-0.10163294621922031,0.08765181650465687,0.824,-0.015250635007954365,-0.16556891190523915,0.17029384183788165,-0.026676916768064756,0.009893738972893243,-0.07806086579960189,0.09938246028851398,0.832,0.020152566180372988,-0.12908029614567387,0.19035127431881368,0.015053401948278616,0.08804777787248598,0.048505842332094415,0.12687720493936228,0.001,0.1366072492406519,0.07156406952163595,0.20551608409522162,0.17136147974746407,-0.09901919825776441,-0.19945821177998074,0.0013314386857469999,0.054
CAID2 Disorder-NOX,caid2,disorder_nox,Dispredict2,DED,literal,0.0028986952718413786,-0.10527332646973935,0.11285406116068647,0.996,0.010627153765097586,-0.16751186045046623,0.21955825474872465,-0.026044337387476177,-0.04048067910795477,-0.15255648102075456,0.08150053015934658,0.5,-0.06511109524557644,-0.24438315217846499,0.16215048527792314,-0.11280308614706847,-0.12152755883105894,-0.17266867718271062,-0.07031626675533728,0.001,-0.18691986514590833,-0.25457051963363514,-0.11352689597065982,-0.2748968455932768,0.1244262541029003,0.005914844659833947,0.24451978404923796,0.046
CAID2 Disorder-NOX,caid2,disorder_nox,Dispredict3,DED,literal,0.01596895563155812,-0.0981362249966416,0.13200298264944513,0.806,0.034201308069212795,-0.15297642920020194,0.26386913129072004,-0.18136469775872033,-0.005627510438248443,-0.09814778208781688,0.10164896957188303,0.862,-0.005504189383750527,-0.15624993775807716,0.1963138608015534,-0.22455762989833347,-0.020176746996096468,-0.08071200684083846,0.04095742402651776,0.506,-0.030236575894887496,-0.11684301405341954,0.0643778186048391,-0.2536561030140295,0.03614570262765458,-0.09633438321860406,0.1643982286600621,0.568
CAID2 Disorder-NOX,caid2,disorder_nox,IDP-Fusion,DED,literal,0.05121246494280394,-0.023601501871494738,0.12458204089443779,0.194,0.09315646884831019,-0.03752663679465949,0.23824718230929628,0.21951946900269106,0.061827542726328205,-0.023518713608366718,0.14896406959857406,0.16,0.11068608547060026,-0.03737244169462682,0.2807013433858128,0.2407496245697396,0.081174719680461,0.04614588161305046,0.1152135361950098,0.001,0.12578618683071072,0.06881725881811723,0.18438499130016894,0.2794439784780052,-0.029962254737657054,-0.11215978432545959,0.05400288027916416,0.49
CAID2 Disorder-NOX,caid2,disorder_nox,rawMSA,DED,literal,0.04193839639498498,-0.044630917962203004,0.1354886519043309,0.414,0.07749796311708587,-0.07340288600588857,0.26125590511776836,0.1090881888501326,0.021442526441973222,-0.07136604150364023,0.1187594056208082,0.688,0.04097049775451434,-0.11534274190995453,0.2300783678113663,0.06809644894410909,0.07739841755960171,0.021467067375117964,0.12355662413034199,0.006,0.12033648877802534,0.032757657935958744,0.19802567622291553,0.18000823117936607,-0.03546002116461674,-0.1372543535200225,0.07256323059087733,0.51
CAID2 Disorder-NOX,caid2,disorder_nox,metapredict,DED,literal,-0.009728618659319104,-0.09038623809610209,0.072196346008053,0.83,-0.01442923425367794,-0.14821048961859168,0.13500038890349417,0.05927292096680169,0.025359484884794243,-0.043095876214479266,0.09289853760394712,0.48,0.045465091722640114,-0.07286289025779162,0.17318034803540397,0.1294491280550284,0.08231977658974109,0.049769319369965835,0.11380574849673296,0.001,0.12755477821820235,0.07343614702335019,0.18178424384088243,0.24336971146492206,-0.09204839524906018,-0.1779385839396813,-0.006726618636945888,0.034
CAID2 Disorder-NOX,caid2,disorder_nox,disomine,DED,literal,-0.054461653605712396,-0.1608201351164973,0.05874533625978444,0.348,-0.09007191152306572,-0.25215788865210614,0.11641893585629064,-0.2615183006219206,0.032318238346385926,-0.09945736708848484,0.17227421209440513,0.678,0.062415584424446176,-0.15747158071998377,0.3293978030465876,-0.08795851671772398,0.0038470071986961853,-0.05851877334825141,0.0730322934936778,0.916,0.006971115156299968,-0.0860971191739053,0.11695146459361323,-0.14490097901310348,-0.05830866080440857,-0.17907394220408385,0.07571205643104792,0.352
CAID2 Disorder-NOX,caid2,disorder_nox,s2D,DED,literal,0.05037291868525294,-0.02299272303248648,0.12490506190982054,0.21,0.0923164854066594,-0.03597053087918661,0.24592911751419916,0.3575637759636929,0.04009665454929556,-0.0010595063421508398,0.09137109865802683,0.058,0.0715397319573407,-0.0018199328516747824,0.17397997393874773,0.3370112476917781,-0.02671655357178265,-0.06185602272145854,0.005707938478489168,0.108,-0.040712321285562424,-0.09114275465340838,0.009121519293024407,0.2033848314496217,0.0770894722570356,-0.0034583076330230882,0.1540919355449967,0.064
CAID2 Disorder-NOX,caid2,disorder_nox,AlphaFold-rsa,AF,calibrated,-0.06865051185908658,-0.13767950171778118,0.0010760780228560895,0.054,-0.09994655869221324,-0.1976865067516137,0.0015708352269347382,-0.19326713064683262,-0.03761587270709678,-0.11250443388694911,0.03408092117238913,0.278,-0.057280905409785615,-0.1685158647103865,0.05483857891989185,-0.13119785234285303,0.014686614140387907,-0.0060740440829569805,0.033982296515438166,0.168,0.02081251468012808,-0.008673734417420174,0.04801306175845838,-0.026592878647883636,-0.0833371259994745,-0.15441864907223984,-0.011527475099685137,0.024
CAID2 Disorder-NOX,caid2,disorder_nox,AIUPred,DED,calibrated,-0.17010247758200478,-0.2674069802146246,-0.0729874975435027,0.001,-0.24589412700446955,-0.3752594891239137,-0.11236683654980574,-0.42051025646501905,-0.11781730746325147,-0.2128460197346198,-0.012174294456742025,0.032,-0.17955303430396793,-0.30916788891496094,-0.020175439756027275,-0.31593991622751255,0.007750845061603972,-0.022907557906792855,0.040675899387033546,0.656,0.011196726944703111,-0.03196620258575431,0.059280808506378006,-0.06480361117780159,-0.17785332264360876,-0.2826712196394827,-0.07814600161681112,0.001
CAID2 Disorder-NOX,caid2,disorder_nox,IUPred3,DED,calibrated,-0.13687416438445746,-0.204324020205799,-0.07036647438033498,0.001,-0.19871790749689547,-0.29312518809272153,-0.10358897494396183,-0.3965488320356211,-0.11381359122720994,-0.20235425591115178,-0.02169942803062418,0.012,-0.17375387605431938,-0.28793395403673655,-0.03579496061897448,-0.35042768572112615,-0.00407480173523336,-0.032562579276310503,0.02483597451632319,0.818,-0.005583335292886234,-0.04534308121594071,0.03575576536282373,-0.13095010673717292,-0.13279936264922412,-0.20934219689657416,-0.0629202713938534,0.001
CAID2 Disorder-NOX,caid2,disorder_nox,ESpritz-D,DED,calibrated,-0.12639546949835856,-0.2391189216376484,-0.01220813744959418,0.016,-0.18189046230192915,-0.33714221583069326,-0.01943962628811637,-0.25631897319214714,-0.08760206024190324,-0.1931817850235723,0.02668319754934415,0.13,-0.1327913117236298,-0.28607872860422173,0.049702905798267534,-0.1787321546792365,0.010659256325447671,-0.026132335782207243,0.049011892051135375,0.578,0.015397912917313654,-0.036175263990328076,0.07157717339475311,0.0177904784554653,-0.13705472582380623,-0.2628975573787143,-0.019649639535944362,0.022
CAID2 Disorder-NOX,caid2,disorder_nox,ESpritz-N,DED,calibrated,-0.07704621635170551,-0.15465416783486155,-0.006696399658172583,0.036,-0.11123281181356538,-0.21895425939093202,-0.009713260044191206,-0.12357817964742511,-0.025975016806559826,-0.10907847818187073,0.05461952451771342,0.54,-0.03782505370094346,-0.16247913040658984,0.09323604258741831,-0.021435780557133747,-0.038636519329286044,-0.06514771855914316,-0.010730914850069505,0.006,-0.05460338864886155,-0.09069187234629511,-0.015655160721238407,-0.04675878560258619,-0.03840969702241946,-0.11730578289484205,0.035024308585693824,0.308
CAID2 Disorder-NOX,caid2,disorder_nox,ESpritz-X,DED,calibrated,-0.0844264998442759,-0.16389051903830992,-0.0038565328895359204,0.044,-0.12175417827332481,-0.23222091251785926,-0.005875323588903664,-0.2535828672795763,0.014109995105403948,-0.06664665419496385,0.09808150066997491,0.72,0.023744467971988873,-0.1007441438184062,0.1612143784296761,-0.056509877380216594,-0.03578263930315966,-0.06834738491882905,-0.003253306738028471,0.02,-0.05055903218402077,-0.09515158539755283,-0.004848324533516454,-0.15629514619734383,-0.04864386054111624,-0.13880570821286448,0.039653533264520285,0.29
CAID2 Disorder-NOX,caid2,disorder_nox,MobiDB-lite,DED,calibrated,-0.07005379491544164,-0.14599347586769038,0.005361393420333704,0.074,-0.1005970188224271,-0.20248395788827567,0.008375458773591709,-0.2206272709286214,-0.016320841503636673,-0.0856307614988248,0.05508299464304018,0.654,-0.023130414036249804,-0.1270279615358854,0.09458279001280877,-0.11316136410501146,-0.014172394333797468,-0.04029960128605948,0.011855284390211591,0.288,-0.019922604508762667,-0.055594770236571174,0.01674629675505098,-0.10886446976533304,-0.055881400581644175,-0.13327259512000425,0.021210707778056892,0.174
CAID2 Disorder-NOX,caid2,disorder_nox,flDPnn,DED,calibrated,0.001179539871107121,-0.08014118265108375,0.0774089167381433,0.974,0.0035678147894198757,-0.10633952621442179,0.12189674494796794,-0.01062916826012271,0.049638202858768674,-0.026670717503248655,0.1330538612087697,0.218,0.08042407067647618,-0.03894871500702515,0.23058735437368702,0.08628815771520039,0.0004930978996123097,-0.029472777513439016,0.03138992630870831,0.996,0.000957229874151883,-0.041479897521105515,0.045960585086133834,-0.012002052203112333,0.0006864419714948107,-0.08221226634602367,0.08457628101178827,0.98
CAID2 Disorder-NOX,caid2,disorder_nox,flDPnn2,DED,calibrated,-0.013591505171422073,-0.09826476327439927,0.07290767603536065,0.77,-0.017918245589033915,-0.1361436011509518,0.11297401163029579,-0.13035411517273973,0.0050841527576688484,-0.08675871700567236,0.10939752259293319,0.938,0.011493685684131364,-0.12332298658221322,0.18249626128502072,-0.0930027993145579,0.015428529873891218,-0.019980889805494496,0.050706893744549744,0.388,0.022136124801495356,-0.027467975939777095,0.07238873127852091,-0.07231404508211316,-0.029020035045313287,-0.12462483355209457,0.0700362398206305,0.552
CAID2 Disorder-NOX,caid2,disorder_nox,DISOPRED3-diso,DED,calibrated,-0.1268108570380401,-0.18843454039923752,-0.069975346668534,0.001,-0.18445273129777665,-0.27386598619389185,-0.10122745161645624,-0.27523548752545024,-0.017074796151865128,-0.08517035975865478,0.048970498671992185,0.604,-0.024936330608878315,-0.12910522448809955,0.08476767081342702,-0.055763365753100314,-0.018764985172823743,-0.042914350221511244,0.00404239902181111,0.114,-0.02654376670398969,-0.059851841066799236,0.0057408800653272396,-0.05914374379501755,-0.10804587186521636,-0.1735897417938315,-0.046719420253107366,0.001
CAID2 Disorder-NOX,caid2,disorder_nox,SETH-0,DED,calibrated,-0.002882687610611851,-0.06317986313435893,0.0578082583109349,0.91,-0.0029873065305367837,-0.08677138288365552,0.08922639313988943,-0.031155775459386706,0.003307308468931515,-0.044937033240962175,0.05131436904430159,0.884,0.0061562956409105425,-0.06845524083043612,0.0846283150639286,-0.01877578330029998,0.01989603809162632,0.007566108836062194,0.03291600495195468,0.001,0.028255742514897726,0.010629837686738112,0.04670370099770378,0.01440167594508964,-0.022778725702238174,-0.08150054039901256,0.03724475690119466,0.448
CAID2 Disorder-NOX,caid2,disorder_nox,SETH-1,DED,calibrated,-0.03661834368134815,-0.09871445347301282,0.027662095060967274,0.26,-0.0523167031166223,-0.1378022187111866,0.041183905135243,-0.10720738869430815,-0.008941404785625532,-0.06223660010762963,0.04554713252284749,0.69,-0.012743590870250671,-0.0917315394908213,0.0745262710396117,-0.05185351090286292,0.00940628840544862,-0.005538817132740246,0.024757105139223894,0.218,0.013405182142598728,-0.007780727852037037,0.03561277736170494,-0.015158124520714605,-0.046024632086796774,-0.10440993248946778,0.01655734528627021,0.164
CAID2 Disorder-NOX,caid2,disorder_nox,VSL2,DED,calibrated,-0.08272771223408529,-0.15371059608793775,-0.018780618167353803,0.01,-0.11942369881583347,-0.215990379484992,-0.027373848141925602,-0.17498101950960526,-0.014144787677871503,-0.09270208730546405,0.06181274942039121,0.72,-0.019448423641561824,-0.13471123616477268,0.10828665057076453,-0.037815170397177696,-0.019451395241555227,-0.047128167683472805,0.008946249531352217,0.196,-0.027385531511999538,-0.06502831718893813,0.01294370517346722,-0.04842838552454513,-0.06327631699253006,-0.1408272868998499,0.005379595775846538,0.076
CAID2 Disorder-NOX,caid2,disorder_nox,SPOT-Disorder,DED,calibrated,-0.10744326784274286,-0.16141355022040543,-0.052026552791974094,0.001,-0.15622422290329865,-0.23554276193620763,-0.07780267214846269,-0.24295390703810865,-0.01210231967196509,-0.08893219491172864,0.06539330883713051,0.752,-0.016807241856606002,-0.13375632349827443,0.11093525112080403,-0.05227201069655308,0.009214442582518243,-0.012381648968609627,0.031722695786768174,0.394,0.013120774931253187,-0.017462949785853884,0.04485539424125048,-0.00963848618758642,-0.11665771042526109,-0.17406619531864212,-0.06242535096269197,0.001
CAID2 Disorder-NOX,caid2,disorder_nox,SPOT-Disorder2,DED,calibrated,-0.024336247001323353,-0.0872604723426578,0.04694350891591471,0.46,-0.03409608482065815,-0.12171189579755934,0.07578678086675422,-0.10707216060469904,-0.0023788505729518436,-0.07631639135067776,0.07113891158026159,0.962,-0.0022520754390333965,-0.11296858278443692,0.12022368724109088,-0.06315736774795602,0.03290667759689703,0.01747039645279293,0.04915220477515404,0.001,0.04665589076029638,0.024552308429393606,0.06877709842441189,0.007413688591741723,-0.057242924598220384,-0.12426218457768146,0.01666057113188023,0.122
CAID2 Disorder-NOX,caid2,disorder_nox,SPOT-Disorder-Single,DED,calibrated,-0.10345490886501693,-0.174610043671982,-0.03267758353814434,0.004,-0.14971237658090802,-0.24630524211381558,-0.050515604780334386,-0.263003441522551,0.008261982227628141,-0.08406004998389249,0.10076786062667596,0.876,0.015666734676035004,-0.1233383996741941,0.16837515427853095,-0.039569659337260844,0.008509426321685666,-0.015824300128569165,0.03226909593701964,0.486,0.012169655726478852,-0.021684782832488536,0.045941608191475344,-0.03907477114914579,-0.11196433518670261,-0.18592542978880652,-0.03835768650944377,0.001
CAID2 Disorder-NOX,caid2,disorder_nox,DisEMBL-dis465,DED,calibrated,-0.053171832047677614,-0.1197306252910409,0.006319217751669049,0.098,-0.07648129371738992,-0.16631110181965175,0.009816942351189845,-0.14542555993736397,-0.017792854735849267,-0.0913763979027336,0.06085022032724769,0.662,-0.0249037630034639,-0.13360633616852627,0.10004236212931814,-0.07466760531370727,-0.07960571221971886,-0.10937970315830954,-0.04899996651493007,0.001,-0.11255980447193824,-0.14931965277795076,-0.07168919128675694,-0.19829332028144647,0.026433880172041256,-0.04371602258748625,0.08972296109190417,0.448
CAID2 Disorder-NOX,caid2,disorder_nox,DisEMBL-disHL,DED,calibrated,-0.0334380503984537,-0.0993221846892895,0.036291487224227155,0.318,-0.04689616225438819,-0.13576418894306042,0.05864289769102217,0.08920608863543077,-0.02813643176679703,-0.1005009729278186,0.052616066566431224,0.47,-0.040351607252276066,-0.1422489921638332,0.09205112327320183,0.0998093258987441,-0.11575207316012158,-0.1465238279449755,-0.08375092158385579,0.001,-0.1637872964416581,-0.2026257780916617,-0.12448257939066182,-0.07542195688790503,0.08231402276166787,0.014157234531066605,0.15594526029171066,0.012
CAID2 Disorder-NOX,caid2,disorder_nox,IsUnstruct,DED,calibrated,-0.048928595526978064,-0.12772474464220857,0.024069097492164588,0.224,-0.06989223920712592,-0.18108755914163543,0.037302842164268595,-0.13811444241426313,0.014963943877019752,-0.049040464151758084,0.08087293405755282,0.674,0.02573809341693163,-0.07196505807236542,0.13845770565281174,-0.010329363606267515,-0.024006363235011114,-0.05024238011818211,0.004465789662720118,0.108,-0.033838131950708485,-0.06961325015807078,0.0066366267768538205,-0.08826997783032924,-0.02492223229196695,-0.10594627108309741,0.04717094810208695,0.572
CAID2 Disorder-NOX,caid2,disorder_nox,RONN,DED,calibrated,-0.029268660652081075,-0.08412790907607622,0.02450947868370207,0.288,-0.04201277027528002,-0.12109983326822356,0.036877712598632345,-0.0853270629558738,0.004439989595770785,-0.0633097686390864,0.07759872873919534,0.914,0.009303908367850399,-0.09213192885088024,0.12977935437602342,-0.017909762460170085,-0.041541782507654924,-0.06721552833980463,-0.016147028853235608,0.002,-0.05868948483933264,-0.093428768802213,-0.02360851766815714,-0.10987330666702151,0.012273121855573844,-0.045727530758679906,0.07163546288622374,0.67
CAID2 Disorder-NOX,caid2,disorder_nox,PreDisorder,DED,calibrated,-0.006924881275251135,-0.07058904238119906,0.06329809088506008,0.812,-0.008741792879945937,-0.10008975346616682,0.10226818914358468,-0.031071794513911677,0.0891890203055726,0.03020138783933578,0.15624900836205094,0.004,0.14142713504443521,0.041414749012650284,0.27630921631224714,0.1611560086477358,-0.018009297426234076,-0.043171463727685364,0.005790016732589113,0.156,-0.02536219737076412,-0.05917246011762549,0.00849118783223491,-0.05324062681587756,0.011084416150982946,-0.05716707278143983,0.08301290643329286,0.77
CAID2 Disorder-NOX,caid2,disorder_nox,OPAL,DED,calibrated,-0.03824571038694246,-0.11450797433316068,0.038708055770206855,0.35,-0.05381139935466003,-0.15643740576346438,0.06069701408321121,0.03878826751906604,0.006561830573222994,-0.07956209141433312,0.10098878072667034,0.902,0.013639522170553685,-0.11432564395826386,0.17398232542063521,0.12840334943939694,-0.09625540445687493,-0.1492010335127797,-0.040999117527187864,0.001,-0.13602599213096045,-0.20566269607621218,-0.05889465415344135,-0.07723112062079888,0.05800969406993246,-0.04097202914990511,0.15974383531810185,0.238
CAID2 Disorder-NOX,caid2,disorder_nox,pyHCA,DED,calibrated,-0.11517839757158121,-0.2049355698070907,-0.029708818732925,0.01,-0.16647515572644253,-0.2920067963804886,-0.0445245120837881,-0.3019191429133622,-0.03547053864429704,-0.1285089587026325,0.05524003567132211,0.422,-0.052391209206101165,-0.18829571276094545,0.09708373549398511,-0.14250342505879385,-0.007932816861574942,-0.03941130830578218,0.02196453603157281,0.64,-0.011110071498927843,-0.055132823643406534,0.03181936590886255,-0.08742798149334964,-0.10724558071000627,-0.20147821622647327,-0.015464062646017617,0.026
CAID2 Disorder-NOX,caid2,disorder_nox,DeepIDP-2L,DED,calibrated,-0.16012681066071208,-0.23395697599743784,-0.08005327496347407,0.001,-0.23204896387290058,-0.32906354142065897,-0.11968988458939049,-0.5682177792034534,-0.0316039205485161,-0.1157702827551661,0.057762418472512185,0.478,-0.04601482163691765,-0.16483754369523115,0.09577248760810762,-0.3111719989790615,-0.01934577017825582,-0.06290220112428443,0.02022413620326017,0.396,-0.02722630541774392,-0.08856814597015356,0.030031555588198446,-0.2866556982385409,-0.14078104048245624,-0.2260694718360042,-0.052192832854720005,0.002
CAID2 Disorder-NOX,caid2,disorder_nox,PredIDR-long,DED,calibrated,-0.09880592348787266,-0.16486424117407442,-0.0387887073179749,0.002,-0.14341620446912434,-0.23871982743838574,-0.05817487034707592,-0.1757471082192073,-0.03473350443733858,-0.0907011881514095,0.025998084568596144,0.25,-0.0528747796107138,-0.13563440870652846,0.04216819001073893,-0.047602270118139105,0.0005803149479599579,-0.02030708858033665,0.022431619927878208,0.976,0.0009348209369719849,-0.028684909516330803,0.03227292605178009,0.02302536865245798,-0.09938623843583264,-0.16665289774848982,-0.03544337903332824,0.001
CAID2 Disorder-NOX,caid2,disorder_nox,PredIDR-short,DED,calibrated,-0.04960677988425692,-0.10421913601006727,0.0013537473224370853,0.06,-0.0716509122303389,-0.15016529016739943,0.0020151929125288605,-0.0571552665761428,-0.011746622240143865,-0.05719724943027264,0.04182218462492163,0.612,-0.017059724251678867,-0.08447150133441166,0.0684352479721759,0.01856504871208331,-0.0064761571479034045,-0.026967124508167576,0.015596675217914207,0.536,-0.009055403402234296,-0.03801761434352547,0.02245358794359061,0.029105978896564237,-0.04313062273635351,-0.1000118990554847,0.006051729364327658,0.102
CAID2 Disorder-NOX,caid2,disorder_nox,AUCpred-profile,DED,calibrated,0.00331556690198761,-0.04749056394596468,0.057258367421752526,0.94,0.0059175311902798615,-0.06646923584678911,0.08762246924071472,0.0060279884275071536,0.05085393142549104,-0.02055032967729775,0.12933800823333663,0.184,0.08140207778833232,-0.02986316635662299,0.22218927903244243,0.10110471747451401,-0.004876546045086927,-0.022994247353024456,0.01223735014912505,0.592,-0.0068639720209322805,-0.03213164690290004,0.017209150455345316,-0.010356237466641922,0.008192112947074538,-0.044298284119774635,0.06466606463165583,0.754
CAID2 Disorder-NOX,caid2,disorder_nox,AUCpred-no-profile,DED,calibrated,-0.02801999743212525,-0.08993433802391851,0.03086703318247818,0.366,-0.03949508076569797,-0.1252305293992226,0.049972893814296156,-0.007034203636364295,0.03299128484348294,-0.042729775046522075,0.11196481822110309,0.432,0.05455243303018368,-0.061800064941877925,0.19806788031601824,0.11498836091485208,-0.027729524388610524,-0.047779427215128435,-0.006341602112149852,0.008,-0.03914135365236305,-0.0666005229526017,-0.009420464369500954,-0.006453257549334847,-0.0002904730435147238,-0.06749970575754408,0.062279929568226276,0.988
CAID2 Disorder-NOX,caid2,disorder_nox,DisoPred,DED,calibrated,-0.11170520590348562,-0.1915604561601617,-0.024349348027802666,0.016,-0.1614527978223542,-0.2727005215316756,-0.03742568071695352,-0.35563688952623607,-0.04902198751508118,-0.13548144177615506,0.044276406651844326,0.296,-0.07349252624327764,-0.20351406887395562,0.07808890082364582,-0.2302704527494272,0.03225412443123463,0.007938089704590232,0.05701197259632702,0.006,0.04590574086580292,0.011057078222310158,0.08334323051720588,-0.06771822885679554,-0.14395933033472028,-0.22606714423592972,-0.05579991230237185,0.002
CAID2 Disorder-NOX,caid2,disorder_nox,Dispredict2,DED,calibrated,-0.18726158557832734,-0.24079674695114486,-0.12738132449866263,0.001,-0.2712893513718716,-0.32509961876692844,-0.20314741819017068,-0.8074565596307974,-0.14654712716074392,-0.22002426707665984,-0.060165864824008146,0.001,-0.22369785966625055,-0.305638842713252,-0.10748912689790782,-0.7260276427956305,-0.19734217078145144,-0.23257786664095356,-0.15833794070537238,0.001,-0.2792399497348159,-0.31524666480374464,-0.2366153945488092,-0.8276177300370456,0.0100805852031241,-0.04905337275821066,0.07271692562280696,0.732
CAID2 Disorder-NOX,caid2,disorder_nox,Dispredict3,DED,calibrated,-0.03699280844726479,-0.12417431126714565,0.04971526593756614,0.42,-0.051957386783668624,-0.17120011712557326,0.07818977958226608,-0.07398188205351748,0.029351966434256797,-0.051471085348716306,0.12209028218947317,0.542,0.04882433507968085,-0.0760991432201532,0.2122473244545485,0.05870766770952569,0.009825439455993209,-0.021516116826296238,0.039945704154567184,0.546,0.014174090258534213,-0.02967874352145155,0.05829854520077871,0.019654613752998523,-0.046818247903257997,-0.1405625941957898,0.046163537925738664,0.328
CAID2 Disorder-NOX,caid2,disorder_nox,IDP-Fusion,DED,calibrated,-0.1227435263957186,-0.2023987023792756,-0.04572988031876591,0.002,-0.17769271720882318,-0.2843223717916665,-0.06865625844279588,-0.38611753438354723,-0.05113973216762701,-0.13204424199513473,0.03435209952754273,0.228,-0.07709380689167918,-0.19259396567639528,0.05890831730518801,-0.2429099459273641,0.02678442760817326,-0.007387256383969507,0.056867662147891664,0.12,0.038008040961440115,-0.010284907382096838,0.0811076975060259,-0.08706162637576352,-0.14952795400389188,-0.23759385870161934,-0.06784293502089175,0.001
CAID2 Disorder-NOX,caid2,disorder_nox,rawMSA,DED,calibrated,-0.1070130358233986,-0.1752283733287453,-0.03842199222795038,0.004,-0.15522351957917668,-0.2511140693947567,-0.05787266942760849,-0.39518733069343603,-0.08638308028883673,-0.1767999555633141,0.016368231216032814,0.096,-0.13082650787196426,-0.25289762868707627,0.027183225006547327,-0.3539274196243124,0.025703119336378963,-0.019425748339515,0.06830587624296063,0.25,0.03668734889646842,-0.027685546575386327,0.09897063827238964,-0.12975502037388098,-0.13271615515977758,-0.20915007457574403,-0.05308808687820316,0.001
CAID2 Disorder-NOX,caid2,disorder_nox,metapredict,DED,calibrated,-0.09092334173228694,-0.16849822265162417,-0.02230604888203098,0.004,-0.13167732064199775,-0.23816383979098465,-0.03585140088714573,-0.22795551180527382,-0.013287059036535162,-0.08580134983685236,0.05563302448195293,0.728,-0.01884089219118389,-0.13093441515293422,0.09385065730441843,-0.07268294641377025,0.02470636876020787,0.008550383340085139,0.04141706225558415,0.008,0.0350612531493672,0.012255841959527933,0.05900007422616911,0.0033039091797158085,-0.1156297104924948,-0.19353650674533407,-0.04795981846312007,0.001
CAID2 Disorder-NOX,caid2,disorder_nox,disomine,DED,calibrated,-0.09433720905037343,-0.18830647538215228,0.006386500002263287,0.066,-0.13532194071006448,-0.26326315867927824,0.00951639494470138,-0.18921207177434424,-0.01736594256130725,-0.13538037479823,0.1057437828576145,0.76,-0.02237816950120993,-0.19251534131165923,0.18897270710565878,-0.03526953879621188,0.01497200456501643,-0.017707798650701316,0.04643255724848115,0.376,0.02141038644921346,-0.025673681107464832,0.0676012270015377,0.029406355456435492,-0.10930921361538987,-0.21001761915347533,-0.00791695986043772,0.046
CAID2 Disorder-NOX,caid2,disorder_nox,s2D,DED,calibrated,-0.06624831681643538,-0.11327837970658772,-0.011797120067640375,0.01,-0.09528537746867555,-0.15782819742779497,-0.018257429076498653,0.045708317967488005,-0.043578903338278595,-0.08745287642474088,0.011270399634300255,0.098,-0.06575455915163772,-0.1252366999902385,0.020414332176104114,0.09104714492380157,-0.08663389501872046,-0.11005020172632338,-0.06410711822442129,0.001,-0.12260596025829285,-0.15051615630597326,-0.09338626630690373,0.0049371615629178805,0.020385578202285065,-0.030091992828159775,0.07785112093700193,0.474
CAID3 Disorder-PDB,caid3,disorder_pdb,AlphaFold-rsa,AF,literal,0.09006589333093803,0.05437729184531949,0.1255742726012817,0.001,0.1369428898820413,0.0817887339574899,0.1921432779874479,0.24773171343128422,0.1449015333896495,0.10800815065650564,0.1826065141117492,0.001,0.20888791422262187,0.15204382307520226,0.2740748558592774,0.35740299354870714,0.12291968046000834,0.09844196518191183,0.14870203506380747,0.001,0.15685243681139588,0.1216083148772303,0.19441518802269533,0.31343928768942486,-0.0328537871290703,-0.07569847364396508,0.009844870040336764,0.14
CAID3 Disorder-PDB,caid3,disorder_pdb,AlphaFold3-pLDDT,AF,literal,-0.0260723278577119,-0.04586934691166687,-0.007885939589904845,0.002,-0.03940664004706207,-0.06803873660228209,-0.012218292440878112,-0.05161259565524567,-0.007203581744963188,-0.0390991277343648,0.02682656599472366,0.624,-0.010137116724566807,-0.054894015272220514,0.03864695406351169,-0.013875103429748254,-0.021084463911002493,-0.057288366342139414,0.008275369240099431,0.216,-0.026696976162320155,-0.07280665301906551,0.010611645028194071,-0.041636867761826866,-0.004987863946709405,-0.04157629073086605,0.03461785977507548,0.78
CAID3 Disorder-PDB,caid3,disorder_pdb,AlphaFold3-rsa,AF,literal,0.0883157493107802,0.052033536738879255,0.1233690737725678,0.001,0.13429861473947666,0.0763208238241004,0.19178632484534938,0.24511965281038905,0.1422802810560383,0.10279108731523888,0.18142401884061782,0.001,0.2051321176788776,0.144809019810072,0.273529017842973,0.3530487163009052,0.12061957678132451,0.09430207580401401,0.1469136543844689,0.001,0.1539376163751972,0.11704531151762923,0.19291908736306398,0.3097273077514777,-0.032303827470544326,-0.07829636030002518,0.009360451810748726,0.17
CAID3 Disorder-PDB,caid3,disorder_pdb,AIUPred,DED,literal,0.018771980393763054,-0.024261927356136866,0.06440383343895213,0.404,0.028929678367558494,-0.03575711954643923,0.10071246323345114,0.22165920981743317,0.08847408126624177,0.03153591410913175,0.14624010212815186,0.001,0.12817279197323428,0.04380801710872953,0.22065077333816793,0.36106341156239063,0.03828237697952216,0.009058078071473808,0.06785913162325034,0.012,0.04901840574835969,0.011196940608279981,0.0880997461885866,0.26068000298895133,-0.019510396585759097,-0.07144516830336634,0.032529643165904995,0.462
CAID3 Disorder-PDB,caid3,disorder_pdb,AIUPred-2-disorder,DED,literal,0.040094637498213466,-0.00036588461655845096,0.08171089768398063,0.052,0.06117553379173839,-0.0005537070809515971,0.12862013814807363,0.16601774853243137,0.08513206099604918,0.03256371538813776,0.13520379012547692,0.001,0.12317172575680997,0.044628562888262675,0.20199014387878886,0.25609259552810276,0.08896660958220391,0.060317909975709974,0.11887373199286028,0.001,0.11360092760454912,0.07530244828202512,0.15624156651536425,0.2637616927004123,-0.04887197208399044,-0.10046626935014293,0.0016733142876960698,0.056
CAID3 Disorder-PDB,caid3,disorder_pdb,IUPred3,DED,literal,-0.03893540049290468,-0.07385531398289655,-0.0011686727906178493,0.042,-0.058722338930072004,-0.10891787459271095,-0.0018204200755361612,-0.026166996616136216,-0.006938028433862266,-0.06338361667221865,0.044724069472975865,0.84,-0.009281793313833626,-0.08834110879880004,0.06623516063826547,0.03782774750194861,0.014879750491356853,-0.01833300166371706,0.049698297437378094,0.39,0.019209720119600582,-0.022989087828579877,0.06505433392158637,0.08146330535238684,-0.05381515098426153,-0.10334019235553377,-0.004577924397218458,0.032
CAID3 Disorder-PDB,caid3,disorder_pdb,ESpritz-D,DED,literal,-0.11310725416178632,-0.15138008185456286,-0.06959669143925641,0.001,-0.17094709349322187,-0.22174628764428791,-0.10988318702285266,-0.21230715405721276,-0.09219940949427463,-0.15698080208447493,-0.027399988465982635,0.006,-0.1315395845566041,-0.21597416155619378,-0.040802606361385024,-0.1704914647221894,-0.1016606031735017,-0.14710230796984333,-0.054344302606538324,0.001,-0.12923403165553338,-0.18441058299779423,-0.0695407050714868,-0.18941385208064349,-0.011446650988284627,-0.07412601086044956,0.05436589812860008,0.698
CAID3 Disorder-PDB,caid3,disorder_pdb,ESpritz-N,DED,literal,0.01152106450777359,-0.021942974588920555,0.045584675449462396,0.488,0.017809144308321978,-0.03241723789937865,0.07050443471071025,0.054330705262553305,-0.025397789666177274,-0.08300854856724293,0.025242226089592288,0.402,-0.035828254440153716,-0.11402390918018626,0.03671919722240103,-0.019507003085348414,-0.028220723488907182,-0.05647003920459496,0.002076772188904867,0.074,-0.03575273796006247,-0.07064672371384571,0.002734045478039502,-0.025152870730808224,0.03974178799668077,-0.006599287806163767,0.08414765055032557,0.094
CAID3 Disorder-PDB,caid3,disorder_pdb,ESpritz-X,DED,literal,-0.08163126035973127,-0.11461452460546623,-0.051013963399532125,0.001,-0.12343680909628975,-0.16879449249612669,-0.07921407664485948,-0.16814215810869926,-0.09433688804614426,-0.14820811189697722,-0.04710880650078338,0.001,-0.13484221073292366,-0.20422066595016553,-0.07002061627661976,-0.19355341348152524,-0.15678948576565666,-0.19285202770170176,-0.1193230801712312,0.001,-0.1994870560545981,-0.239668675418266,-0.15638333942168606,-0.31845860892055,0.07515822540592536,0.02788375761438126,0.12139576180077556,0.001
CAID3 Disorder-PDB,caid3,disorder_pdb,MobiDB-lite,DED,literal,0.011398339920244065,-0.02316709307625708,0.044613934442571265,0.516,0.01764486284320987,-0.034467002054810625,0.0700707672548273,0.04963830870598865,0.02287637189362454,-0.027941139363147204,0.07108967884344977,0.394,0.033567214718226,-0.03893266586941251,0.10683782301900632,0.07259437265274958,-0.009480375170678026,-0.042667335405758094,0.025789200001041415,0.566,-0.01183843869745285,-0.05324595431931577,0.0337354159922786,0.007880878524144467,0.020878715090922092,-0.029380691522535005,0.06585529893202731,0.394
CAID3 Disorder-PDB,caid3,disorder_pdb,flDPnn,DED,literal,-0.07246249771150884,-0.10922138051761975,-0.03596624592534298,0.001,-0.10943930643915567,-0.15961758019013755,-0.05642156277776767,-0.14124565566065375,-0.05230937405234165,-0.10777608319987997,0.00566955382631066,0.094,-0.07441113632297458,-0.15082814137307873,0.00851851922983532,-0.10093940834231933,-0.11601159528081825,-0.16143365921458583,-0.06553986120045323,0.001,-0.1474120854232121,-0.20109193232114048,-0.08555926098560945,-0.22834385079927252,0.04354909756930941,-0.018561075533028926,0.10384549350828491,0.166
CAID3 Disorder-PDB,caid3,disorder_pdb,flDPnn2,DED,literal,-0.06352043257324268,-0.10004547501749941,-0.02713523050093359,0.004,-0.09590946391917682,-0.14769521230102967,-0.04276046872718917,-0.12313993745417764,0.0013417952002573554,-0.0560959150720109,0.05667654443952686,0.998,0.0027021150820807937,-0.07821894864301443,0.08685475076304816,0.00658451809282243,-0.10377961514249594,-0.14952320601374028,-0.05690359298494609,0.001,-0.13188534528296114,-0.18486146441789877,-0.07457291235850846,-0.20365830259268417,0.04025918256925325,-0.01972263109393416,0.09894695369602625,0.184
CAID3 Disorder-PDB,caid3,disorder_pdb,flDPnn3a,DED,literal,0.10398601152873051,0.061501020313398894,0.14462337284649818,0.001,0.1581939770648965,0.09157864544532106,0.22580078246988922,0.2841595893379713,0.14142198493417624,0.09432400873648236,0.18993554222704567,0.001,0.20418482887974404,0.13027553512129783,0.28421925379056096,0.35903153614886274,0.05173122602445313,0.015266597387950954,0.08784089108897586,0.008,0.06617277597851857,0.019029531090704793,0.11425021670259783,0.17965001832941652,0.052254785504277375,-0.0022694641984363287,0.10299612744254211,0.064
CAID3 Disorder-PDB,caid3,disorder_pdb,flDPnn3b,DED,literal,-0.10964954693721772,-0.15313124172897422,-0.06592955146094402,0.001,-0.1656204527010956,-0.22240936170445752,-0.10381330677002322,-0.2228440002559679,-0.08421136361676562,-0.1418859429091198,-0.024845752867109428,0.004,-0.12008581822135932,-0.19448551724908775,-0.037435835350526345,-0.1719676336150637,-0.14057209267199203,-0.1848961970932392,-0.09336956030667928,0.001,-0.17891106921864305,-0.23159629419255695,-0.12015952471047336,-0.28468909172551643,0.030922545734774293,-0.030276691545827652,0.09165036584635684,0.332
CAID3 Disorder-PDB,caid3,disorder_pdb,DISOPRED3-diso,DED,literal,0.018897703531581968,-0.01158576812972942,0.05270034176623137,0.288,0.02900294191722392,-0.017416074404612243,0.08198961833533239,0.05844193323622018,0.026976487987207972,-0.014738407331527578,0.06626448908414172,0.204,0.03920383095837207,-0.020997081816158076,0.09762184750139133,0.07459950214747219,0.0377733821447234,0.010768024031253296,0.06477717958570609,0.01,0.04830867695972363,0.013335103583921497,0.08514244335925505,0.09619329046250302,-0.01887567861314143,-0.06099556848007984,0.02693739399397313,0.386
CAID3 Disorder-PDB,caid3,disorder_pdb,SETH-0,DED,literal,0.03144330593068618,-0.0020177709855209724,0.06159541320827892,0.056,0.04797967943855193,-0.0029735434888718587,0.09618755641739853,0.06859868464220975,0.043738211804154985,0.009856141472478786,0.08217580114043278,0.016,0.06320376188472615,0.014231011670144815,0.11973196418965373,0.09318849638914739,0.06004543480169515,0.03375906537975839,0.08544476074742018,0.001,0.07672302796676476,0.041582540527115845,0.11237021209554444,0.1258029423842277,-0.028602128871008978,-0.07083950807889464,0.009787163693158994,0.156
CAID3 Disorder-PDB,caid3,disorder_pdb,SETH-1,DED,literal,0.09364188752375761,0.06353747924645188,0.12124485779700674,0.001,0.14233332572071497,0.0950135723438907,0.18900089385860863,0.20826948539325577,0.06577496852984319,0.02829559447362928,0.10653542529912882,0.001,0.09504282752976276,0.03913781699064536,0.1605170653810877,0.1525356474054269,0.06051289403458139,0.032778952628696775,0.0870624855822856,0.001,0.07732659461020583,0.040944047109763605,0.11429744865992457,0.14201149841490332,0.03312899348917624,-0.007211227012782156,0.07189100378679533,0.08
CAID3 Disorder-PDB,caid3,disorder_pdb,VSL2,DED,literal,0.07313399071070602,0.03683936890468548,0.10778642508255147,0.001,0.11139844170309632,0.0549458416249919,0.16870362939138134,0.35638154265557875,0.07704731293503943,0.025921404931391757,0.12613476401646226,0.006,0.11157080952415394,0.035217657145598893,0.18799006403675733,0.3642081871042456,0.026152820684782804,-0.0017765360045677164,0.05407428032151973,0.074,0.0335793976713839,-0.0021907311612998238,0.07135560084082826,0.2624192026037323,0.04698117002592321,0.0004307006311606773,0.08953592903345507,0.048
CAID3 Disorder-PDB,caid3,disorder_pdb,SPOT-Disorder,DED,literal,0.06091184335879923,0.02520189414760678,0.09686920667801303,0.002,0.09274179279469393,0.037882172105162294,0.15134733303871342,0.14267586504009444,0.06648095755777331,0.022298897224616993,0.1107970456104641,0.001,0.09606760468602575,0.03266658095258418,0.16468156533660847,0.15381409343804262,0.07372743618246792,0.03220682659164985,0.10998881287584832,0.006,0.09422895693126354,0.04021568769039031,0.1422779872913323,0.16830705068743185,-0.012815592823668705,-0.06427982071972993,0.04020446870480066,0.63
CAID3 Disorder-PDB,caid3,disorder_pdb,SPOT-Disorder2,DED,literal,0.06304675246252203,0.03503422828171881,0.09331239373784535,0.001,0.09590220527098378,0.05181980554606984,0.14519365095658265,0.14047827423343076,0.08491876071430135,0.04814533010359241,0.12375549078838999,0.001,0.12257750263235817,0.06855017927756403,0.18421302368150133,0.1842222907369894,0.09481525157983313,0.0687589751516065,0.12295596886512762,0.001,0.12101462571975158,0.08554880837487183,0.1607366868627374,0.20401527246805296,-0.031768499117311104,-0.07249868174770496,0.004734439327067049,0.09
CAID3 Disorder-PDB,caid3,disorder_pdb,SPOT-Disorder-Single,DED,literal,-0.03287320225271925,-0.06869109131216551,0.0027207463299066636,0.068,-0.049468468481339734,-0.10204633431709334,0.004160190399523024,-0.06473305329089661,-0.0219323899576056,-0.07261444166828328,0.027479251088186323,0.416,-0.03093071628721721,-0.10066346270369289,0.040529056922544195,-0.04285142870066931,-0.021953824636765675,-0.05738359641741851,0.015881785955771516,0.252,-0.027725091923906032,-0.07168028762754125,0.020436758339679967,-0.042894298058989457,-0.010919377615953576,-0.06480248050652057,0.0397833339426587,0.658
CAID3 Disorder-PDB,caid3,disorder_pdb,DisEMBL-dis465,DED,literal,0.006436503315991489,-0.026319680478649996,0.038750847082185,0.68,0.010143744597398268,-0.0391011138967937,0.05994947139075743,0.05023142578572069,-0.03273332196765843,-0.07529650045337408,0.01068077589519871,0.124,-0.046479982347692975,-0.1028119055227368,0.015581064612128236,-0.02810822478157914,-0.1075842875951418,-0.134675649197773,-0.07844247899808962,0.001,-0.13684775257535806,-0.1675794276809417,-0.10288673984565176,-0.17781015603654587,0.11402079091113329,0.07158783250072895,0.1578604055257564,0.001
CAID3 Disorder-PDB,caid3,disorder_pdb,DisEMBL-disHL,DED,literal,-0.1581955059314515,-0.1903573356995319,-0.12516033505104693,0.001,-0.23934217552625028,-0.2753464063154554,-0.1996914542504104,-0.32907083353994376,-0.19394925015340417,-0.2381153680629273,-0.1502587948214798,0.001,-0.2779825264748749,-0.32215007934947254,-0.23044358431958223,-0.400578321983849,-0.2844432019980888,-0.3116560166421283,-0.25513028183892056,0.001,-0.3621548095782743,-0.3837056188053619,-0.3375439338830333,-0.5815662256732183,0.1262476960666373,0.08344480949678999,0.17074844410799736,0.001
CAID3 Disorder-PDB,caid3,disorder_pdb,IsUnstruct,DED,literal,0.06691206099530068,0.030380773914584318,0.10404753121383352,0.001,0.10185415394848499,0.04502820108001549,0.16195892929114689,0.2584610769861339,0.10806202043446829,0.055312704538618265,0.16041255488686634,0.001,0.15613047852502246,0.07801342765041548,0.24160617829372022,0.3407609958644691,0.02825551092648194,-0.0024471325398916803,0.06004700569691406,0.076,0.03627620868544433,-0.0030446404308342007,0.07869590551276752,0.18114797684849646,0.03865655006881873,-0.01149718268624655,0.08697005334664962,0.114
CAID3 Disorder-PDB,caid3,disorder_pdb,RONN,DED,literal,0.03550090206157394,-0.006066952595554061,0.07601815987170231,0.086,0.05434160386975744,-0.009068816209859465,0.12079802803976854,0.21874261209038376,0.06419052897237604,0.011903250857433892,0.11141352771143186,0.016,0.0928294054328754,0.01642017357809761,0.1630130123618611,0.27612186591198806,0.009640997607257276,-0.019223262992059748,0.03843091798847238,0.498,0.01253473975302606,-0.02412510530757936,0.0503577338474531,0.16702280318175047,0.025859904454316664,-0.024418347500826502,0.0777458370040291,0.304
CAID3 Disorder-PDB,caid3,disorder_pdb,PreDisorder,DED,literal,0.13397251545168118,0.09897029172200755,0.16998766322718664,0.001,0.203722132380166,0.14670143252595366,0.2653990638612518,0.44647654278247567,0.09757270943729561,0.0485226658717319,0.14422414852383444,0.001,0.14105241313426672,0.06741056467252558,0.21641158948031386,0.37367693075370456,0.021778687209230606,-0.021497641908535557,0.05805424367101165,0.284,0.0281121517679695,-0.026919061735662195,0.0762558038817049,0.2220888862975745,0.1121938282424506,0.057087152356421575,0.16539610545156896,0.001
CAID3 Disorder-PDB,caid3,disorder_pdb,OPAL,DED,literal,-0.0566964992782623,-0.09339894429914913,-0.019408353141909557,0.001,-0.0854815629537714,-0.13671818605066133,-0.030507059492882127,0.48077033713215833,-0.03541586148901933,-0.07950387452833554,0.010336348505619472,0.136,-0.05014387064331108,-0.10849006021667519,0.015258535002380258,0.5233316127106442,-0.16544690739860973,-0.19919083255476785,-0.13109312731620792,0.001,-0.21055752703940223,-0.24943185443663582,-0.1716294508102981,0.2632695208914634,0.10875040812034746,0.05908326077817823,0.1619972213413011,0.001
CAID3 Disorder-PDB,caid3,disorder_pdb,pyHCA,DED,literal,-0.0856248500806328,-0.11890692720770725,-0.04867940369536493,0.001,-0.1293761070979213,-0.17479961859798213,-0.07552517658639461,-0.17154042760650326,-0.06786031581491118,-0.12591958325364916,-0.011554936011733087,0.008,-0.09676744928110591,-0.17354636853938207,-0.017388524940212865,-0.13601135907506007,-0.09870289373369956,-0.1380235990497557,-0.05810290025330668,0.001,-0.1255578016525778,-0.17248296854982126,-0.07478277329379221,-0.19769651491263682,0.013078043653066758,-0.04061177144185115,0.06744266680193078,0.646
CAID3 Disorder-PDB,caid3,disorder_pdb,DeepIDP-2L,DED,literal,0.07126476921236954,0.03255104621993948,0.10982596055950869,0.001,0.10845731162657758,0.04838205862664716,0.17151740678445326,0.18530040881285606,0.08136093736164565,0.03329729605981044,0.12864797325617303,0.001,0.11748106272480945,0.047849038325183425,0.1917824711661867,0.20549274511140833,0.047620797331037225,-0.0016413522546344316,0.09047795792729084,0.058,0.061054408129508936,-0.002007891358831471,0.11980607849678218,0.13801246505019146,0.023643971881332312,-0.03464002558934787,0.08292416768246423,0.438
CAID3 Disorder-PDB,caid3,disorder_pdb,PredIDR-long,DED,literal,0.105570606820296,0.07301087564956547,0.13974101024918587,0.001,0.16044386704517127,0.1068987813282244,0.2149702505926285,0.2904020183944518,0.14615493994429554,0.1048226764229597,0.1876132159617901,0.001,0.21090817946902604,0.14695284452063712,0.2816775742033404,0.37157068464245085,0.09124014223279807,0.04843559412941385,0.12687378612530623,0.001,0.1166027051811458,0.0604848249263825,0.1672500417783822,0.2617410892194559,0.014330464587497933,-0.034446940099336985,0.06476387261938144,0.586
CAID3 Disorder-PDB,caid3,disorder_pdb,PredIDR-short,DED,literal,0.14706805133189943,0.11402596408373958,0.17848139592101772,0.001,0.22352688986871058,0.16716739806603215,0.28079532162567733,0.38919031351804495,0.14613934481860294,0.10595102089434127,0.18602832754436696,0.001,0.21091984861613752,0.14643003827666967,0.28100716584162716,0.387332900491452,0.08201482662459693,0.04053477854982473,0.11768281481047323,0.001,0.10485514077138998,0.0503144483429048,0.1550500318841209,0.25908386410344,0.06505322470730249,0.015913658885636967,0.11609609222712765,0.004
CAID3 Disorder-PDB,caid3,disorder_pdb,PredIDR2-Prof-Art,DED,literal,0.10459057479399973,0.06829539931376401,0.1380021277546279,0.001,0.15896889490168095,0.10086110220605315,0.21395011179979678,0.2915194877640351,0.1596031123863912,0.11454604270247608,0.20341696072715734,0.001,0.23030016574093165,0.16127810321149738,0.30636996833760677,0.401544562948818,0.1085747200996311,0.07353086957830089,0.14175269275768557,0.001,0.1386408923378631,0.09148571019643285,0.18587185527627723,0.29948777837529783,-0.003984145305631362,-0.051488864916873,0.0426184750113673,0.856
CAID3 Disorder-PDB,caid3,disorder_pdb,PredIDR2-Seq-Art,DED,literal,0.08890954942785555,0.05129240238735539,0.12515116154597705,0.001,0.1352074224237087,0.07595514762435833,0.1934495076841602,0.2694674224230856,0.12732784087979268,0.0789612237113603,0.17606768699891723,0.001,0.18378939630234054,0.1089763687884205,0.2620055809604169,0.34630400532695976,0.10971885185376586,0.0843333695856319,0.13695361351690222,0.001,0.14004096039992198,0.10516042861721189,0.18085822222593848,0.31108602727490614,-0.020809302425910288,-0.0661510683399297,0.020347076015913755,0.354
CAID3 Disorder-PDB,caid3,disorder_pdb,AUCpred-profile,DED,literal,0.08703588446940105,0.05556652015089659,0.12051896869069341,0.001,0.13232984413749935,0.08193913421632058,0.18602852788077875,0.2061690071336169,0.10486173223784036,0.05477427310339472,0.1526886545146229,0.001,0.15136009451425403,0.07691419758139577,0.2254903729086493,0.2418207026704955,0.03636475489287919,-0.0037249895351568695,0.07390016371715433,0.076,0.04663238255678966,-0.004602971750098056,0.09632743064910469,0.10482674798057318,0.05067112957652186,-0.0012439797290887667,0.09883636613767505,0.056
CAID3 Disorder-PDB,caid3,disorder_pdb,AUCpred-no-profile,DED,literal,0.0393234247983921,0.003936458719891826,0.07529840402975084,0.028,0.059967946832837855,0.0059590641647673075,0.11669784355522078,0.09738440659952792,0.051770051043849304,-0.002158789832102015,0.10652846084190826,0.066,0.07509302630877959,-0.0028976414904014433,0.15820645411824494,0.12227765909044234,-0.011553874173771064,-0.049469517565631185,0.025461450251194697,0.532,-0.014437590574848518,-0.06160275040458392,0.03341418693896159,-0.004370191344798389,0.05087729897216316,-0.0007873422393863122,0.10127002399310428,0.054
CAID3 Disorder-PDB,caid3,disorder_pdb,DisoPred,DED,literal,-0.023912789740423834,-0.05892125398167605,0.012674153208232768,0.18,-0.03594999395347748,-0.08716424259268728,0.019754379927179763,-0.01616678368573938,0.057373048511021485,0.008202615381640471,0.10617900771058313,0.016,0.08310580388094767,0.011410663537164228,0.15660491579997388,0.14640489281715127,0.05694204916628584,0.025209201560459717,0.08727360419523897,0.001,0.07274948486604063,0.03159993755649926,0.11281863066107439,0.14554289412767998,-0.08085483890670968,-0.12852723491415427,-0.035945242384179156,0.001
CAID3 Disorder-PDB,caid3,disorder_pdb,DisPredict2,DED,literal,-0.07181253977830904,-0.12239908096001667,-0.021739019113150935,0.004,-0.10827867937021293,-0.17680051483263412,-0.034817554304032716,0.03086280703141683,-0.1142300228549709,-0.17404040489525255,-0.049127531658736845,0.002,-0.16328614542573627,-0.23935705483672803,-0.07349404582122451,-0.05397215912190694,-0.13634858194841099,-0.17631039906161955,-0.0931444205114142,0.001,-0.17348665547217257,-0.22088053188479348,-0.12055286492464103,-0.0982092773087871,0.06453604217010195,0.0021309881008354887,0.12651071275973577,0.042
CAID3 Disorder-PDB,caid3,disorder_pdb,DisPredict3,DED,literal,-0.02743655432227391,-0.06811788462779689,0.014676123957572345,0.184,-0.041118650351251534,-0.10031276113739766,0.02256294566254906,-0.03988954067457111,-0.03363147000699678,-0.08788455274238516,0.024688303555571806,0.258,-0.047576621426964026,-0.12189068043713777,0.03536606787327831,-0.05227937204401686,-0.07011760572895154,-0.1167507937292619,-0.024307193255859973,0.002,-0.08897605870818455,-0.14518581194311383,-0.03144459573298179,-0.12525164348792633,0.04268105140667762,-0.019362005844497977,0.10431091654281513,0.16
CAID3 Disorder-PDB,caid3,disorder_pdb,IDP-Fusion,DED,literal,0.08948419064641662,0.05073411029236015,0.12784778824853435,0.001,0.13606853865012297,0.07658816702787734,0.19995788757550445,0.24540859734156162,0.11767968500301597,0.07235676087891009,0.16639878356218402,0.001,0.16985022503291727,0.09965968480368725,0.24798584715099975,0.30179958605476026,0.07786658876840648,0.035403110820438934,0.11736083512141397,0.002,0.09954188445468332,0.04305936688102766,0.1544500856810634,0.2221733935855413,0.011617601878010145,-0.04295590504561492,0.06580392258583702,0.692
CAID3 Disorder-PDB,caid3,disorder_pdb,rawMSA-disorder,DED,literal,-0.03774355237824486,-0.07888871102764222,0.005734079001461484,0.082,-0.056729655037276845,-0.11572114257162659,0.008741273769760772,-0.063354519889161,-0.03599563169524466,-0.09281769747175833,0.02060344801892107,0.246,-0.05091551234535432,-0.12726002076359302,0.02977404546018896,-0.059858678523160624,-0.0958947969890246,-0.14257292728913065,-0.047446110783461205,0.001,-0.12191948525999274,-0.18111222309321315,-0.060271910933667266,-0.17965700911072047,0.05815124461077974,-0.006366494617801174,0.1226872401317018,0.07
CAID3 Disorder-PDB,caid3,disorder_pdb,Metapredict-v1,DED,literal,-0.007793481919723664,-0.042377144879850004,0.027609305484091035,0.698,-0.011413371898462104,-0.06302096517900661,0.04261406539888565,-0.003999420075742848,-0.016679953153918427,-0.06453057620130397,0.031222053459955445,0.546,-0.023304423308911797,-0.08845574582155033,0.045927270827842114,-0.021772362544132378,-0.03206602636417551,-0.06369286124395666,0.00278811589349221,0.07,-0.04064010752601756,-0.07937230370257892,0.003587667176325452,-0.05254450896464654,0.024272544444451847,-0.02562492371996589,0.07196687298069473,0.32
CAID3 Disorder-PDB,caid3,disorder_pdb,Metapredict-v2,DED,literal,0.033524431610096606,-0.002186036505156771,0.0670796129924005,0.074,0.05111589506011432,-0.003252731568553872,0.10548517647212673,0.10445488125107812,0.0684886220141771,0.02283336582156692,0.11368811477849998,0.006,0.09902681358269934,0.03155074811500351,0.16818749079851594,0.1743832620592391,0.07663695004215046,0.05258362878985286,0.10302760658453955,0.001,0.0978331807803853,0.06555662839164388,0.13505158176412463,0.19067991811518584,-0.043112518432053853,-0.08820229211749576,-0.002379180776670043,0.038
CAID3 Disorder-PDB,caid3,disorder_pdb,Metapredict-v3,DED,literal,0.0012899065378230918,-0.03364855905251955,0.03583842913696834,0.916,0.0022629214002340436,-0.05010338161346938,0.05549227185549736,0.024489568114322204,0.03637447177926561,-0.012155845187445263,0.08467037447808609,0.164,0.0527841203029658,-0.017282555236270678,0.12447087628170889,0.09465869859720723,0.10804415909458623,0.0841047410863377,0.13331691191854925,0.001,0.13786660632726394,0.10489858662557679,0.17389651166802625,0.23799807322784847,-0.10675425255676313,-0.14932885440634974,-0.06742306689760583,0.001
CAID3 Disorder-PDB,caid3,disorder_pdb,DisoMine,DED,literal,-0.06477195449288055,-0.10675619365922052,-0.016357347328328716,0.01,-0.09769555798788196,-0.1562990965116432,-0.026276650898881513,-0.09305914366386697,-0.04270019016742968,-0.09798941070718065,0.012427082891443671,0.144,-0.06063422121472095,-0.13590981522942114,0.018506984836621224,-0.048915615012965236,-0.12184750704506547,-0.17059438542891,-0.07178660993617564,0.001,-0.1548314499107734,-0.21142457328004324,-0.09379488376841678,-0.2072102487682368,0.057075552552184924,-0.011697134266009133,0.12836058156266653,0.104
CAID3 Disorder-PDB,caid3,disorder_pdb,PUNCH2,DED,literal,0.045071648905493776,0.013050772428646436,0.07751941321587229,0.01,0.06870968413178312,0.019779847276662505,0.11888051746643677,0.10459460185206501,0.06981125602346841,0.03127196054761303,0.10913906301144302,0.001,0.10078608434355038,0.042888324231288986,0.1602230121844164,0.1540738160880143,0.11696633568375854,0.09188137077905377,0.14461220092794533,0.001,0.14924226054129597,0.11431918841075082,0.18936615839117354,0.24838397540859455,-0.07189468677826477,-0.11475347486592187,-0.03387746018723983,0.001
CAID3 Disorder-PDB,caid3,disorder_pdb,PUNCH2-Light,DED,literal,0.03512679335068859,0.003697588292133253,0.06689001057588008,0.034,0.05362998358963112,0.005406486728090608,0.10366905750312788,0.08596660862809788,0.06446116344150914,0.02570595343974514,0.10343761442773557,0.002,0.09307262103840794,0.0354079615534527,0.15179754236577322,0.14463534880973897,0.11276349339568742,0.08729339942356178,0.14068480260016614,0.001,0.14388500249626612,0.10847049715318974,0.18384854387204103,0.2412400087180955,-0.07763670004499883,-0.11983392516653844,-0.03941967248539181,0.001
CAID3 Disorder-PDB,caid3,disorder_pdb,DisorderUnetLM,DED,literal,0.06875023485021405,0.03294314281286054,0.10540795769528442,0.001,0.10470583847818214,0.04770265790495912,0.16341432351118276,0.16545994668363267,0.06191050153852977,0.0035168128191578997,0.11589539518912935,0.04,0.08970220373691354,0.004885792312014268,0.1724097219721198,0.1517804800602641,0.022985606135616416,-0.018610708945401337,0.06048163095017132,0.25,0.029557821139681906,-0.02357478095472145,0.07889935504005155,0.0739306892544374,0.045764628714597626,-0.008898560693585954,0.09855861568449516,0.086
CAID3 Disorder-PDB,caid3,disorder_pdb,LMDisorder,DED,literal,0.1259031976648138,0.09209497835480605,0.15782053219042477,0.001,0.19138897535980567,0.13636914973577297,0.2471069589239501,0.3379662992955979,0.11588729966013352,0.07239993558165908,0.15785118675810633,0.001,0.1672341900977501,0.10107072199538658,0.23685796444370763,0.31793450328623735,0.11066868135919913,0.08623012956760666,0.1367869008571157,0.001,0.14123752871917875,0.10764858362797326,0.17958549963981787,0.30749726668436855,0.015234516305614669,-0.02487841075238197,0.0522285539594634,0.432
CAID3 Disorder-PDB,caid3,disorder_pdb,ESMDisPred-1,DED,literal,-0.050955566151453295,-0.08976029970255907,-0.012280810848766957,0.018,-0.07683301707970688,-0.13182031550411138,-0.01915393399324152,-0.09790196519242392,-0.020211018509515843,-0.07309177599623656,0.037808615676054355,0.478,-0.028336991279850746,-0.10358861527318794,0.056695715101960836,-0.036412869908549014,-0.08973972998231383,-0.13453936266996097,-0.04367746629062928,0.001,-0.11406361438116056,-0.16878512014370145,-0.056318024199472634,-0.17547029285414498,0.03878416383086052,-0.020907861202811663,0.09968468928462411,0.206
CAID3 Disorder-PDB,caid3,disorder_pdb,ESMDisPred-2,DED,literal,-0.042397127670825964,-0.08145360114354071,-0.005143315083971227,0.036,-0.06384074881261716,-0.12037727130687216,-0.007854176991500938,-0.08364980859452788,-0.02941571233050268,-0.08187039113620823,0.02817893604088062,0.308,-0.04154261630116724,-0.11461070674530716,0.04236240301249606,-0.05768697791388129,-0.08228820020542758,-0.12766385496603255,-0.034737494487990184,0.001,-0.10456528026503113,-0.16066635360116752,-0.045137285260359684,-0.16343195366373112,0.039891072534601626,-0.021425426427139776,0.09980963357617527,0.176
CAID3 Disorder-PDB,caid3,disorder_pdb,UdonPred-DisProt,DED,literal,0.004809522200886832,-0.03217158200065656,0.039986558736027925,0.79,0.007832016580184759,-0.04606273181921738,0.06295428543396193,0.04314004795319606,-0.0044264186049770785,-0.05209130036183855,0.04337931828553844,0.878,-0.005561488955214491,-0.07089684301051752,0.06548916764658569,0.02466816634146824,-0.03525780356599182,-0.06782811845135087,-0.0006760131951720051,0.05,-0.044631005367129876,-0.08416100365221349,-0.0008856417752883301,-0.036994603580561246,0.04006732576687865,-0.009781677430944677,0.08756618281077178,0.11
CAID3 Disorder-PDB,caid3,disorder_pdb,UdonPred-combined,DED,literal,0.05069855302648031,0.018976172063727433,0.08456500924754913,0.002,0.07727915347377445,0.02812341329518149,0.13193593654884955,0.13973803808862822,0.07878215788028532,0.03942094209738122,0.12235113124382199,0.001,0.11389437958311117,0.054881649081575105,0.18009504006126212,0.19590524779623827,0.06337975932691174,0.026127116037740407,0.09971593543313885,0.001,0.08110410720692025,0.032808256323839574,0.13019407679351694,0.16510045068949109,-0.01268120630043143,-0.06237931151881529,0.03593211553554448,0.634
CAID3 Disorder-PDB,caid3,disorder_pdb,DARUMA-beta,DED,literal,0.009756534538908561,-0.02491901094181129,0.04537284047530947,0.606,0.015180199846757383,-0.036701033131941764,0.0708804651114007,0.057714592847282614,0.04674847478004336,-0.00862389976811304,0.09762018803233899,0.088,0.06786904639858239,-0.012399125328797967,0.14433362957829238,0.13169847332955223,0.055246274911209085,0.02542813812942198,0.08632319743412756,0.001,0.07062097792738004,0.03194720133209322,0.11259133868963371,0.1486940735918837,-0.04548974037230053,-0.09235468659785158,-0.0003513473970495694,0.05
CAID3 Disorder-PDB,caid3,disorder_pdb,DisoFLAG-IDR,DED,literal,0.01200948225683643,-0.029432446206168403,0.050348229111151825,0.528,0.018627000265026405,-0.043830049832904575,0.07796874120852673,0.049057230877791416,0.05100374288285046,0.0029834077182501746,0.10156935508457327,0.042,0.07384211271863546,0.004264820237189282,0.1480133756675298,0.12704575212981947,0.016994115410523286,-0.022317655929152976,0.05575081302361856,0.406,0.02193348566970456,-0.02803813368256524,0.07380247414686678,0.05902649718516512,-0.004984633153686851,-0.06333577558260427,0.049020824168310995,0.846
CAID3 Disorder-PDB,caid3,disorder_pdb,s2D-2,DED,literal,0.05618854217146887,0.019899162636456455,0.09381177705441801,0.002,0.08580023901529264,0.02939495511682415,0.14843039864193466,0.4298824945003831,0.0025644709448632524,-0.03852249345513637,0.04780290527563995,0.938,0.004499372350277474,-0.05310740657154642,0.07129124439994228,0.3226343520471719,-0.08392020826912384,-0.12733776339480563,-0.04492519412432298,0.001,-0.10662152147876426,-0.1582025924672424,-0.058992034239912616,0.14966499361919766,0.1401087504405927,0.08927696365166059,0.19595246554141474,0.001
CAID3 Disorder-PDB,caid3,disorder_pdb,AlphaFold-rsa,AF,calibrated,-0.0656293655828257,-0.10340603299261021,-0.029005393471621142,0.001,-0.08294185970132775,-0.12980417852466172,-0.03691978608239976,-0.1277478515519763,-0.0010368014095136205,-0.03743933133678381,0.03528819093438694,0.946,-0.0009902307002615056,-0.0461055789683044,0.04421874148890315,0.0014372767946478574,0.0230454588083866,0.008683767543529211,0.038400654090843506,0.001,0.026115143108893953,0.00949536131606799,0.04414546543053133,0.04960179723044829,-0.08867482439121228,-0.1269628029623578,-0.050153618810244806,0.001
CAID3 Disorder-PDB,caid3,disorder_pdb,AlphaFold3-pLDDT,AF,calibrated,0.03881163513249299,0.020756148275838944,0.060530777843533654,0.001,0.049353956663838745,0.025554160928838415,0.07874608910871089,0.11072782755009092,0.02071272306419626,0.00019663151581595653,0.04454982289753117,0.048,0.025472142740338412,0.00022661536512492416,0.05545924010535063,0.07453000341349744,-0.0069242261796468385,-0.018990510379464424,0.004958744241779042,0.256,-0.007800076611199163,-0.021382257366407153,0.005724686007732557,0.019256104925811243,0.04573586131213984,0.023145563893317136,0.06991071670494285,0.001
CAID3 Disorder-PDB,caid3,disorder_pdb,AlphaFold3-rsa,AF,calibrated,-0.06269437011619784,-0.10182371542849407,-0.023854969596092547,0.001,-0.07920356611095367,-0.126606792944826,-0.03053049896599371,-0.10956081680062574,0.007413740724457245,-0.03159425210122993,0.044689323405446825,0.702,0.009406047987804844,-0.038281240775007774,0.05467910769841565,0.030655404880684436,0.01832242568846541,0.0019650704871317735,0.03516235043682121,0.034,0.020776614747836993,0.002193282851306126,0.04051264935224072,0.05247277480870076,-0.08101679580466324,-0.12387637730935798,-0.04054082043021685,0.001
CAID3 Disorder-PDB,caid3,disorder_pdb,AIUPred,DED,calibrated,-0.1622659373475155,-0.20430215774076954,-0.12112427153638482,0.001,-0.20531958094293307,-0.2516784757382763,-0.157596163507322,-0.33075270032799964,-0.10046450087624399,-0.15999959571364225,-0.041911060627237345,0.001,-0.12254827722958385,-0.18933627407185372,-0.05223254188657802,-0.20714982738545662,-0.06849263670568763,-0.09517624054717415,-0.04454608710198228,0.001,-0.07743987479255955,-0.10649485156797668,-0.05054265331514982,-0.14320609904434395,-0.09377330064182786,-0.14358703547089136,-0.043901674406823236,0.001
CAID3 Disorder-PDB,caid3,disorder_pdb,AIUPred-2-disorder,DED,calibrated,-0.12922425517470107,-0.16757426210576581,-0.09038086862241886,0.001,-0.16350361613596345,-0.20956038115193085,-0.11626571741928349,-0.2549915343633301,-0.06805169357861353,-0.12787309717709974,-0.011889508303818616,0.018,-0.08279182244836483,-0.15133438740529137,-0.014924646726453796,-0.13264641117115503,-0.012508033849945015,-0.033001636154971536,0.007477562142696904,0.224,-0.014110563594925133,-0.0371613256529568,0.008567656991146425,-0.021559091713818035,-0.11671622132475605,-0.16300552207636212,-0.07233530902982709,0.001
CAID3 Disorder-PDB,caid3,disorder_pdb,IUPred3,DED,calibrated,-0.1624255164547575,-0.20066560587028692,-0.12348062423612585,0.001,-0.20558960375992275,-0.24965764742729835,-0.16075653421226607,-0.2976476371742547,-0.12042641625621292,-0.17835073137215007,-0.06346357551011467,0.001,-0.14697170914466004,-0.2132634461003438,-0.08001236491633723,-0.21364943677716547,-0.07761403200435114,-0.10377806695471481,-0.050596033340827504,0.001,-0.08773943151953058,-0.11656473904264715,-0.058131177435144885,-0.12802466827344194,-0.08481148445040636,-0.12939018800980973,-0.04077006285466338,0.001
CAID3 Disorder-PDB,caid3,disorder_pdb,ESpritz-D,DED,calibrated,-0.1766656794445795,-0.22107330012697693,-0.13066620375010968,0.001,-0.22349059894808673,-0.2739581021006279,-0.17102964696062042,-0.30873797565944405,-0.08796330731834419,-0.14757816552111644,-0.027789507960527118,0.004,-0.10729315070595319,-0.1792168931702341,-0.03540079035449255,-0.13133323140697348,-0.10706709274383584,-0.14775147410652473,-0.0691135176911807,0.001,-0.12104110052612066,-0.16551597342137253,-0.07900746509862655,-0.16954080225795679,-0.06959858670074363,-0.12834169834310666,-0.005074138016652645,0.034
CAID3 Disorder-PDB,caid3,disorder_pdb,ESpritz-N,DED,calibrated,-0.07525053152709014,-0.11628947564703757,-0.03540184488185621,0.001,-0.09502592233139616,-0.14237520123027805,-0.04586802473266196,-0.10577597670464377,-0.09655001441516242,-0.15505793041589547,-0.042299693317561254,0.004,-0.11765524095002547,-0.18331924905718971,-0.052214788659606,-0.14837494248078828,-0.09397289958261086,-0.11597355325321387,-0.07052138436958633,0.001,-0.1062688128447262,-0.13127684806764853,-0.08042166198764271,-0.1432207128156852,0.01872236805552072,-0.027313803072595382,0.06536446202633234,0.432
CAID3 Disorder-PDB,caid3,disorder_pdb,ESpritz-X,DED,calibrated,-0.08355358484529649,-0.12275980259686553,-0.04351326073091634,0.001,-0.10560697906767191,-0.15271229247965362,-0.056369485680766766,-0.13038124386798705,-0.04862041914111472,-0.10634944585558519,0.008771930016407333,0.104,-0.05896052299131483,-0.1277774644164344,0.011099698392298973,-0.06051491245962353,-0.09085592501934008,-0.11305954613983632,-0.06515392982857163,0.001,-0.10272750012205603,-0.12697166745183294,-0.07477159347555562,-0.14498592421607423,0.007302340174043587,-0.04008503696185714,0.056224190833295,0.766
CAID3 Disorder-PDB,caid3,disorder_pdb,MobiDB-lite,DED,calibrated,-0.11846402891408597,-0.15789860479050932,-0.08043364024531079,0.001,-0.14982909905611633,-0.19543492539202942,-0.10505845855556409,-0.24578860378693013,-0.0976869689597353,-0.15238616876569086,-0.043540298732125504,0.001,-0.11913153128220748,-0.18062575298183264,-0.05480177406913944,-0.2042344838782288,-0.1084909256623595,-0.1347569363704095,-0.07874574629044549,0.001,-0.12267124165136432,-0.15227528980399085,-0.09017089425221082,-0.22584239728347716,-0.009973103251726482,-0.05584643069383837,0.035749929324533546,0.688
CAID3 Disorder-PDB,caid3,disorder_pdb,flDPnn,DED,calibrated,-0.04334843334913644,-0.08538260199361077,-0.0024407053507680917,0.042,-0.05459112549506321,-0.10608104733567046,-0.003175237412645183,-0.03726278458584508,-0.03779284999996049,-0.09509002144959715,0.01673721190982728,0.194,-0.04573212974842805,-0.11351983522808948,0.02142298315531243,-0.026151617887493196,-0.06603127221449659,-0.09594147498303708,-0.03828680143468544,0.001,-0.07460999291325564,-0.10676079235899023,-0.04401627553734567,-0.08262846231656537,0.02268283886536014,-0.029124763505696295,0.0758518476186755,0.396
CAID3 Disorder-PDB,caid3,disorder_pdb,flDPnn2,DED,calibrated,-0.06312417346957949,-0.10151858510221307,-0.02184998608955964,0.004,-0.07971109550060251,-0.12634988539029843,-0.02785379223712346,-0.07122658116610246,-0.020593686729554375,-0.07690384689875865,0.02926163855060135,0.482,-0.024656767619365427,-0.09128200281437666,0.037581815645382745,0.01383439231394778,-0.05769582643123289,-0.08567311553146631,-0.03326925563623555,0.001,-0.06520027604046523,-0.09532782430119885,-0.037829759409770944,-0.06036988708940926,-0.005428347038346607,-0.05031725186821909,0.04442470246697509,0.802
CAID3 Disorder-PDB,caid3,disorder_pdb,flDPnn3a,DED,calibrated,-0.008837455006265968,-0.051896750320933764,0.030851171138209007,0.68,-0.010842569583858267,-0.06455971503757287,0.03983450706297656,0.060215246660093355,0.040375694203802555,-0.00014480543329793613,0.0843152311769791,0.052,0.05005491633478094,-0.00017044413601840534,0.10883023178231103,0.1586415450802304,-0.022048498354406938,-0.04337497935758288,4.2112697067040665e-05,0.052,-0.02487824504713575,-0.048950636387981236,4.715253242290334e-05,0.0337931599638114,0.01321104334814097,-0.03504038832197085,0.06007039763218365,0.572
CAID3 Disorder-PDB,caid3,disorder_pdb,flDPnn3b,DED,calibrated,-0.040083666583805494,-0.07902084261904216,0.0007155606643922059,0.058,-0.05049542005097475,-0.09938339987967512,0.0009793294235705475,-0.02576884191121583,0.011316482743972565,-0.04101266136713921,0.0634765907258652,0.672,0.014444788010179949,-0.049848784207134,0.07979874762789162,0.0770314567443403,-0.05877600952682317,-0.0973355867980921,-0.024688062045082695,0.001,-0.06642435046228627,-0.11000295290338545,-0.028022982021461654,-0.06315352779725118,0.01869234294301768,-0.039602628768732814,0.07634767786080408,0.53
CAID3 Disorder-PDB,caid3,disorder_pdb,DISOPRED3-diso,DED,calibrated,-0.06137135136547832,-0.10026102913079173,-0.024132703394242686,0.002,-0.07748897269217175,-0.12371681296679457,-0.031418024647521865,-0.10933981744830928,-0.046659110299253154,-0.09562927128569927,-0.003584265656999144,0.032,-0.056765535768090916,-0.11370642239567114,-0.004453276272671159,-0.07991533531585897,-0.03448845949968063,-0.053629273236419396,-0.014794307180002332,0.001,-0.03898187869813739,-0.06064394516074469,-0.016824950793540336,-0.055574033716713926,-0.02688289186579769,-0.07034882461560284,0.016706872438307353,0.208
CAID3 Disorder-PDB,caid3,disorder_pdb,SETH-0,DED,calibrated,-0.01318736555333815,-0.04375821620392471,0.01544767062129409,0.384,-0.016502659417304815,-0.05409501174154265,0.02053536878790907,-0.02545160800738384,-0.007476099990284123,-0.04686448861881376,0.03260350992607754,0.698,-0.008750855019410933,-0.05518091908415496,0.04062118147571913,-0.014029076881275778,0.003792399785516134,-0.007579941022412822,0.01609088702093882,0.588,0.004316772048518259,-0.008562373938581445,0.01816274223534815,0.008507922670324729,-0.016979765338854286,-0.050383853186389244,0.012531614700997937,0.302
CAID3 Disorder-PDB,caid3,disorder_pdb,SETH-1,DED,calibrated,-0.003240308820604583,-0.03311907893937928,0.026779627573057414,0.834,-0.0038578607416709402,-0.04170273380919527,0.0346268151798469,-0.001308005470386895,-0.0276753456553691,-0.07340173557034994,0.017233588226595885,0.234,-0.033398919432055404,-0.08782310668913604,0.021616154791651,-0.05017807913991592,-0.021426316918435936,-0.03595708204105297,-0.006833464581066207,0.008,-0.024216072128934642,-0.040240775373018345,-0.007798438163799821,-0.0376800216660496,0.018186008097831354,-0.015649750044054916,0.051074769807166284,0.292
CAID3 Disorder-PDB,caid3,disorder_pdb,VSL2,DED,calibrated,-0.1411593854679762,-0.17906890683771234,-0.10539239896397445,0.001,-0.17858222370181273,-0.22161134784657321,-0.13701567732422176,-0.2720681839573664,-0.10242071939264877,-0.15948718084471472,-0.04333348223870551,0.001,-0.1249229040178004,-0.18937116128473055,-0.05403922241075884,-0.19459085180671157,-0.07339371556491354,-0.09795406873786451,-0.04776545731076153,0.001,-0.08295585928378924,-0.10926033369484793,-0.05385098230731807,-0.13653684415124115,-0.06776566990306267,-0.11298162704636519,-0.02186315897729551,0.002
CAID3 Disorder-PDB,caid3,disorder_pdb,SPOT-Disorder,DED,calibrated,-0.05036518722731615,-0.09038615452082638,-0.012100085103623719,0.008,-0.06354482495207896,-0.11072975580982329,-0.015814534644015242,-0.10639581340378604,-0.03778345365975629,-0.08853616198147612,0.012231508488465184,0.136,-0.04587221386768835,-0.10809344595169967,0.015345827341380415,-0.08123234626866634,-0.01753273945521449,-0.05135520922701741,0.009895055970363949,0.232,-0.01975949371475697,-0.05757468434410385,0.01123872919665507,-0.040730917859582716,-0.03283244777210166,-0.08523681038018194,0.015956487013534283,0.194
CAID3 Disorder-PDB,caid3,disorder_pdb,SPOT-Disorder2,DED,calibrated,-0.027877021540883208,-0.06146344857226886,0.003772916839094901,0.082,-0.035081032091915945,-0.0749905320431694,0.004835389850512729,-0.05852546605583789,-0.010311826936078955,-0.04922628355109358,0.02832619794677253,0.626,-0.012311071011290933,-0.05876690852150221,0.035636975055002296,-0.02339507684622938,0.009175911167041854,-0.007250685383428707,0.025300157028192067,0.246,0.010415576157958064,-0.008146779966214445,0.028840124743211508,0.015580399360012228,-0.03705293270792507,-0.0747279268342121,-0.0013813298891632011,0.044
CAID3 Disorder-PDB,caid3,disorder_pdb,SPOT-Disorder-Single,DED,calibrated,-0.0712141594483557,-0.10577303236140426,-0.03223629119849643,0.001,-0.08997982376181461,-0.13226787957324043,-0.04143524611063398,-0.12466928479317596,-0.02229641298735963,-0.07438591223992755,0.02843410611409295,0.41,-0.026786168107366577,-0.0898038644758266,0.03572324496051471,-0.026833791871183815,-0.043388320052045126,-0.06678566538352824,-0.020206975301870864,0.001,-0.04902652886373039,-0.07447139116510852,-0.02312690418884966,-0.06901760600055479,-0.02782583939631058,-0.0719440039512173,0.019504148524736305,0.218
CAID3 Disorder-PDB,caid3,disorder_pdb,DisEMBL-dis465,DED,calibrated,-0.08739232666540656,-0.1253728033822648,-0.0493317646144076,0.001,-0.11044365462819197,-0.15474901536524135,-0.06401006314772029,-0.12518545413424859,-0.11314617934747397,-0.16184224838291278,-0.06408606373164406,0.001,-0.13810483610287225,-0.1926696830421383,-0.08259202178059638,-0.1766931594983834,-0.16557408569856794,-0.1893552050576118,-0.14253239955534533,0.001,-0.18723737728030052,-0.21195702542614184,-0.16324185380886713,-0.28154897220057135,0.07818175903316137,0.03351083190097889,0.12332659929052973,0.001
CAID3 Disorder-PDB,caid3,disorder_pdb,DisEMBL-disHL,DED,calibrated,-0.16420199122609624,-0.20974424243893217,-0.1209182575503719,0.001,-0.20767404603443482,-0.2550959455208352,-0.15618678257593271,-0.279053402269906,-0.14786377378152438,-0.20161983239696432,-0.09453620697491662,0.001,-0.18049831138445122,-0.23620239905686416,-0.12031540271242853,-0.24637696738076215,-0.27157790991698316,-0.3014319448375921,-0.23958635889884966,0.001,-0.30711684460183397,-0.3358895788193248,-0.27584220248881314,-0.4938052396516797,0.10737591869088688,0.052469418061947284,0.16073705025742513,0.001
CAID3 Disorder-PDB,caid3,disorder_pdb,IsUnstruct,DED,calibrated,-0.09326977362825113,-0.13086746717994885,-0.05572260221498707,0.001,-0.11793918418396757,-0.16114086938553615,-0.07099008691156433,-0.17105624903807357,-0.051790320064443035,-0.10478574717432396,0.003849668018042931,0.062,-0.06287852894351664,-0.12452299750782243,0.00491298006183917,-0.0880973419104574,-0.08708088415900539,-0.11390540588041288,-0.06088415508606314,0.001,-0.09844042874434823,-0.12765177449527734,-0.06995687978891509,-0.1586784700995821,-0.006188889469245719,-0.052061117379620554,0.041587301039211516,0.796
CAID3 Disorder-PDB,caid3,disorder_pdb,RONN,DED,calibrated,-0.1278141363578637,-0.16737139645175123,-0.09025991470145871,0.001,-0.16166103038016713,-0.20746305879416393,-0.1171273257346712,-0.2275845949605528,-0.08905937938565416,-0.1448647503858177,-0.03303611387037727,0.002,-0.108664930744794,-0.17322630690576363,-0.04085716407104198,-0.15007508101613368,-0.1041562353726598,-0.1295259422050423,-0.08072924329439346,0.001,-0.11775882658954512,-0.14526613494832522,-0.09237208764503575,-0.180268792990145,-0.02365790098520391,-0.06996778973108082,0.021816357521287345,0.32
CAID3 Disorder-PDB,caid3,disorder_pdb,PreDisorder,DED,calibrated,-0.02443252215070614,-0.06171860517702865,0.012842878620080073,0.206,-0.030690397364257514,-0.07693752803146311,0.016068084393070278,-0.03224176407455573,-0.035406559178655754,-0.09017481630404062,0.015015052494078213,0.182,-0.04287744613238598,-0.10870129820685569,0.019146702094816323,-0.05418983813045497,-0.08669826526698642,-0.11862734207715168,-0.056618322273532785,0.001,-0.09797462364021035,-0.1341169355658644,-0.06522028025587469,-0.15677325030711625,0.06226574311628026,0.014503936301728552,0.10927722028625612,0.012
CAID3 Disorder-PDB,caid3,disorder_pdb,OPAL,DED,calibrated,-0.16075596055153818,-0.20180919868549466,-0.12119126644611015,0.001,-0.20339695569493477,-0.24857030229216237,-0.15525974221653424,0.002841053146590413,-0.08577348261324459,-0.13533003934489496,-0.03512966800033205,0.002,-0.10449081921316165,-0.1601465285552462,-0.043845214143398856,0.1528060090231776,-0.2572804150099013,-0.29306812023518825,-0.2213039119978828,0.001,-0.2909559103101419,-0.3277873419379219,-0.25337866699884115,-0.19020785577013577,0.0965244544583631,0.043831558796981834,0.1510339761593729,0.001
CAID3 Disorder-PDB,caid3,disorder_pdb,pyHCA,DED,calibrated,-0.1673165235613556,-0.2091779235909695,-0.12640761842779857,0.001,-0.21169122029230059,-0.2576461353817931,-0.16426509683503734,-0.3048314593722439,-0.0986968320560683,-0.15962049528494532,-0.04461528454839936,0.001,-0.12039167854176602,-0.1874190658295512,-0.05834455786419247,-0.16759207636166926,-0.09434705544699494,-0.12666686743604458,-0.0652379327817429,0.001,-0.10667635086948436,-0.1414617075643696,-0.07457802626088798,-0.15889252314352256,-0.0729694681143607,-0.12253742405247432,-0.021393553992853063,0.006
CAID3 Disorder-PDB,caid3,disorder_pdb,DeepIDP-2L,DED,calibrated,-0.07158385547655938,-0.11081979667610395,-0.030276899736853647,0.001,-0.09045299321847752,-0.13785067322875955,-0.03957875683129631,-0.14697457286247048,-0.04781606123089849,-0.10236896392684927,0.0020218469467565663,0.064,-0.058168207784367196,-0.12166669425661927,0.002503717197651276,-0.09943898437114874,-0.056394860856079546,-0.09552072894164669,-0.01960129603458366,0.002,-0.06369910901095885,-0.10813047025440471,-0.022328595615367524,-0.11659658362151086,-0.015188994620479832,-0.06885142875552308,0.03769417980494193,0.604
CAID3 Disorder-PDB,caid3,disorder_pdb,PredIDR-long,DED,calibrated,-0.03459044396704293,-0.06453567985235631,-0.002117898463768877,0.046,-0.043658830421489485,-0.08114173306554495,-0.002718439171199874,-0.03716153073109009,0.019643767442525235,-0.03270537004627205,0.06520426135042971,0.416,0.024698680448034336,-0.03852286626887469,0.08319838233862333,0.07130689208804623,-0.010835827455087571,-0.042201690945900275,0.015411752622203255,0.484,-0.012165698274819498,-0.04750025477808606,0.017577273502438415,0.010347702292820626,-0.02375461651195536,-0.065005292489006,0.017777694766397886,0.314
CAID3 Disorder-PDB,caid3,disorder_pdb,PredIDR-short,DED,calibrated,0.01010997224254576,-0.01922543210369736,0.04116864392091039,0.504,0.013058759350135073,-0.02376579278894178,0.05293806502127899,0.06542277746040145,0.02192200386731288,-0.02907707432013776,0.06674289491763215,0.362,0.027508111762461207,-0.034437491478917885,0.08625855050091087,0.0890468407099357,-0.020216107037484252,-0.050918952132204806,0.0062933711697891375,0.144,-0.022771314259162383,-0.05724489785410957,0.007101394993355074,0.0047706189003414124,0.030326079280030015,-0.008308425064357314,0.07310119428981937,0.126
CAID3 Disorder-PDB,caid3,disorder_pdb,PredIDR2-Prof-Art,DED,calibrated,-0.04957598154841861,-0.08319930134170933,-0.015639046558962633,0.001,-0.06262604826813044,-0.10247617150124706,-0.020257560400286156,-0.06921352913055577,0.01688908568264277,-0.03350250645022244,0.062268759323714507,0.464,0.02123759763549231,-0.03961729173973792,0.07870076352000581,0.06371660533156698,0.009823970295945538,-0.01666959099817993,0.03269245325214867,0.432,0.011192262176723915,-0.018538505197509665,0.03762510098074727,0.04958637455817252,-0.05939995184436415,-0.10146227166323442,-0.019277103717489145,0.002
CAID3 Disorder-PDB,caid3,disorder_pdb,PredIDR2-Seq-Art,DED,calibrated,-0.07200158349727184,-0.10756161155933476,-0.03426504325216956,0.001,-0.09098482400101329,-0.13324910334977938,-0.04447307736513094,-0.11729700797561934,-0.011576880418054375,-0.06508876492258456,0.036372889331915216,0.682,-0.013703647260803253,-0.07664613828153216,0.0453940761929521,0.0035523981828155886,0.010029494163241143,-0.006551499585673487,0.027871574341452526,0.272,0.011400898328492512,-0.007458103503151592,0.03157685740877277,0.04676514734540663,-0.08203107766051297,-0.1201226654713398,-0.041613423580941354,0.001
CAID3 Disorder-PDB,caid3,disorder_pdb,AUCpred-profile,DED,calibrated,-0.02761594660763112,-0.05956982169991511,0.004166139463584094,0.094,-0.03478807596647828,-0.07430007807267948,0.005348671442173703,-0.04969267709547839,-0.006662795642001679,-0.05850860062957461,0.044336405461966384,0.794,-0.0077361360354359695,-0.07010023016814747,0.05514816404282928,-0.007786375164219505,-0.05381602965481127,-0.08405059443885848,-0.02430924271684442,0.001,-0.06080885949760172,-0.0942529320644043,-0.027888399237004046,-0.10209284318983869,0.026200083047180144,-0.018846306630485168,0.06978367180172157,0.276
CAID3 Disorder-PDB,caid3,disorder_pdb,AUCpred-no-profile,DED,calibrated,-0.049119478194114115,-0.08870421614326708,-0.008639466006042899,0.012,-0.061970183031946645,-0.1102682792566522,-0.011118028636744312,-0.06713333849058249,-0.028484252355424438,-0.08741343352704177,0.026587885342439794,0.33,-0.03429681971230386,-0.10394773988696893,0.033219932006022676,-0.02586288681320314,-0.07569144241154738,-0.10092644241958401,-0.04646679225053963,0.001,-0.08556626253320347,-0.1128530510765405,-0.053925234569678945,-0.120277266925449,0.026571964217433255,-0.021346147466459506,0.07712414115590431,0.278
CAID3 Disorder-PDB,caid3,disorder_pdb,DisoPred,DED,calibrated,-0.1180168735750313,-0.1604132531330001,-0.07361450053624316,0.001,-0.14926570750290052,-0.19791591748398013,-0.09463573294526072,-0.21556601587478888,-0.03118675766332661,-0.08519152996215378,0.021297222931346223,0.278,-0.037659842195322896,-0.1026314620096709,0.027228842223231534,-0.04190578405137951,-0.02422532928461229,-0.04659236536464145,-0.0034640394901008127,0.024,-0.02736329128569276,-0.05280569872258552,-0.004001784265555985,-0.027982927293950865,-0.09379154429041901,-0.14312747502907916,-0.0415623299403991,0.001
CAID3 Disorder-PDB,caid3,disorder_pdb,DisPredict2,DED,calibrated,-0.1918478841143039,-0.24079205262107792,-0.14267789534468595,0.001,-0.24272273587315135,-0.2966846854364349,-0.18825130141717614,-0.15171870190643666,-0.21309722658346492,-0.27515247908417084,-0.1481836474008757,0.001,-0.26037721331651076,-0.32113967879598476,-0.18934349695053257,-0.19421738684475867,-0.2175835646348823,-0.25392407290417063,-0.18137485686468854,0.001,-0.24608430336976983,-0.28454713654813774,-0.20548398180328445,-0.20319006294759348,0.025735680520578393,-0.03412981846993019,0.08699873753811964,0.37
CAID3 Disorder-PDB,caid3,disorder_pdb,DisPredict3,DED,calibrated,-0.06214772694009445,-0.10578679879712653,-0.0200889925051548,0.006,-0.07842545525735387,-0.13078725868757515,-0.025676022638031263,-0.055397481928250045,-0.03168386082782878,-0.08477927963472293,0.02350902846575917,0.284,-0.03823138805982644,-0.10088356876803066,0.0300868235258771,0.005530250296281285,-0.05401469564695121,-0.08096648676418079,-0.029492954880577744,0.001,-0.061031921715184616,-0.09068972962403397,-0.0340010595676481,-0.03913141934196359,-0.008133031293143233,-0.05507984302528699,0.04070083391959187,0.738
CAID3 Disorder-PDB,caid3,disorder_pdb,IDP-Fusion,DED,calibrated,-0.04503050853113317,-0.08200405722245246,-0.006153869886255935,0.014,-0.05682519306824563,-0.10266009221893778,-0.008107590224862697,-0.07390419492109183,-0.008391578862011187,-0.058567600094640675,0.04430211261500101,0.754,-0.009747873194604963,-0.07053375709827679,0.0560782051145655,-0.0006263355828478456,-0.023800515419006622,-0.05842344955503577,0.006774176094492275,0.14,-0.026841869847565585,-0.06553716967203581,0.0077931405275421615,-0.03144420869683873,-0.02122999311212655,-0.07057231007684886,0.030262308782440666,0.424
CAID3 Disorder-PDB,caid3,disorder_pdb,rawMSA-disorder,DED,calibrated,-0.038366909678376665,-0.08094050159022396,0.005875315638962345,0.082,-0.048253179926417304,-0.09977209513948572,0.007631521638266374,0.008887470982347356,0.010856787541520429,-0.037390678099305,0.06027773641652624,0.704,0.013892101887458009,-0.0444997901834468,0.0772452260085857,0.10733486542214155,-0.05355201118852155,-0.0882419220646815,-0.023051324315638274,0.001,-0.060524776291018406,-0.09929213084965473,-0.026425080851496342,-0.02148273203794241,0.01518510151014488,-0.03567876941254722,0.07328640712622968,0.588
CAID3 Disorder-PDB,caid3,disorder_pdb,Metapredict-v1,DED,calibrated,-0.08689932007617553,-0.12588193437049527,-0.048117622765849834,0.001,-0.10986097051058065,-0.1560322578463594,-0.06247073059846987,-0.15390275532589404,-0.06399896271595867,-0.11853370748830934,-0.008294396493846772,0.014,-0.07783960112611635,-0.14310878613385547,-0.010616866604695206,-0.1081020406054603,-0.0764195927674025,-0.10041096328945726,-0.05172713126661792,0.001,-0.08639869534497262,-0.11225987622463193,-0.05905496337760535,-0.13294330070834798,-0.01047972730877303,-0.05674095687413243,0.03697923265215031,0.668
CAID3 Disorder-PDB,caid3,disorder_pdb,Metapredict-v2,DED,calibrated,-0.08045872409523741,-0.12119700148573351,-0.04114570746169249,0.001,-0.10171323897268525,-0.15034205523214797,-0.054061029869493446,-0.14868114396348298,-0.036906761099315843,-0.08756835925140738,0.014103094732136572,0.158,-0.04471095901999112,-0.10432393876972396,0.01706645976853712,-0.06157721797163983,-0.01703922357296294,-0.03409479349341155,-0.0017785171217505483,0.032,-0.019254066931159237,-0.038349034212809545,-0.0020196828842912115,-0.021842142918934025,-0.06341950052227448,-0.10841676558368812,-0.02286491336229864,0.002
CAID3 Disorder-PDB,caid3,disorder_pdb,Metapredict-v3,DED,calibrated,-0.13270327359971665,-0.1732696696169139,-0.09593869803617402,0.001,-0.16790537042892764,-0.21294830604320975,-0.12459354529658888,-0.2814648125828426,-0.08831847452173576,-0.14617148240660813,-0.03423091291519172,0.002,-0.1077168850202678,-0.17516373069059024,-0.04417998637019214,-0.19269521442688087,0.00810839236322236,-0.0065579208831697735,0.022307763462861396,0.282,0.009197256573665685,-0.0073757667099554345,0.02526899674001716,0.00015851934303537564,-0.140811665962939,-0.18254507247285934,-0.10380981252730806,0.001
CAID3 Disorder-PDB,caid3,disorder_pdb,DisoMine,DED,calibrated,-0.12563603053072428,-0.1721293949466932,-0.08103042955515283,0.001,-0.1588565492034276,-0.21316647858762844,-0.10664383522666779,-0.1585503348361705,-0.0742032401557243,-0.13229509351713914,-0.015276159784523189,0.008,-0.09037544654006092,-0.15778934190012767,-0.019440711974746287,-0.05568475408617063,-0.11235839023881984,-0.14352661598056213,-0.08207514290429552,0.001,-0.1270447961529878,-0.1617958665568013,-0.09383042154105634,-0.1319950542523617,-0.013277640291904438,-0.06663197017893281,0.04021528093276136,0.61
CAID3 Disorder-PDB,caid3,disorder_pdb,PUNCH2,DED,calibrated,-0.044043006838262684,-0.07782928975268263,-0.013708659070166468,0.004,-0.05558840406888028,-0.09612743687458372,-0.017789695315693948,-0.09486033672882485,-0.022007804237377408,-0.05624183027960581,0.011988164215596803,0.242,-0.026747656672373183,-0.06947987199364022,0.015269149507810912,-0.0507899315270543,0.024009988525015895,0.0074279577632153536,0.041953005296660226,0.002,0.027199746907567567,0.00837990632003792,0.04811387749854504,0.04124565399773229,-0.06805299536327857,-0.10299508843186647,-0.03434489642842485,0.001
CAID3 Disorder-PDB,caid3,disorder_pdb,PUNCH2-Light,DED,calibrated,-0.06755479582157926,-0.10075850990384362,-0.03664524681301298,0.001,-0.08538449538774232,-0.1254735132032738,-0.04793415488898813,-0.14943646555868267,-0.03873734387917871,-0.07375384380378093,-0.004174089079376233,0.028,-0.04725553596531259,-0.08972785849963216,-0.0051678793495825905,-0.09180156167388154,0.018314044964842877,0.00010471958706171094,0.03707632498594616,0.05,0.02075533017730109,0.00011575480059319032,0.04230274421775692,0.022301216014161636,-0.08586884078642214,-0.12130240174762129,-0.05156531453642845,0.001
CAID3 Disorder-PDB,caid3,disorder_pdb,DisorderUnetLM,DED,calibrated,0.0235649044240017,-0.009357072113752227,0.057504065421692487,0.17,0.030134147160736466,-0.01166806334268809,0.0747563251123499,0.104256573986319,0.02940304305941524,-0.010394255305221117,0.07062572654791557,0.152,0.03643985284040294,-0.01238676230729361,0.0897663570314929,0.11593285125714607,0.0057892435645535015,-0.015068809443590667,0.027437750214843792,0.588,0.0066241982732217096,-0.01679795451083919,0.03159966142134887,0.06870525226742259,0.0177756608594482,-0.018312303928165314,0.05423904836001429,0.326
CAID3 Disorder-PDB,caid3,disorder_pdb,LMDisorder,DED,calibrated,-0.054812147403674454,-0.08451346131290434,-0.02575412626016992,0.001,-0.06926764847682196,-0.1055078543256247,-0.03309680188614144,-0.09576974575382176,-0.02839179034074013,-0.07123522265716044,0.012780502661147532,0.162,-0.03445881622667761,-0.08613641000946458,0.015986446429701408,-0.042929031627953106,0.0106637153241766,-0.007063582199227905,0.028454264232427983,0.24,0.012107173153023844,-0.00808717508882859,0.03267973304525168,0.035181979701880355,-0.06547586272785105,-0.10036987618430744,-0.03167815309686469,0.001
CAID3 Disorder-PDB,caid3,disorder_pdb,ESMDisPred-1,DED,calibrated,-0.031886088500431134,-0.06947122448755222,0.005605920298315944,0.108,-0.04014332564070601,-0.08632287583834818,0.007556777124115882,-0.009443760708065305,-0.01571057021181999,-0.0666893978633137,0.03501144822184547,0.55,-0.018717579440627973,-0.07888179118093402,0.04502144121271205,0.022907275869156998,-0.025998407435000447,-0.05044111369498913,-0.004507353128178824,0.024,-0.029344150257585983,-0.05679533735464768,-0.0051484619119846345,0.0023316014227960737,-0.005887681065430693,-0.05170901890798386,0.04030005125569426,0.786
CAID3 Disorder-PDB,caid3,disorder_pdb,ESMDisPred-2,DED,calibrated,-0.03179673284674096,-0.07262603077607188,0.010501780723313574,0.128,-0.039993460535979894,-0.09009824992131416,0.013619438118974855,-0.02271922352109726,-0.008354367655941587,-0.059082326515562895,0.039655341983401836,0.746,-0.009702135066043876,-0.06973926683455722,0.049935847682674485,0.0241655068605015,-0.026365121521932572,-0.053869030975005144,-0.0007798938241299851,0.04,-0.029757518097210847,-0.059812403892122695,-0.0008837794494151865,-0.011856000871480471,-0.005431611324808396,-0.053899167358896515,0.04713332275382759,0.82
CAID3 Disorder-PDB,caid3,disorder_pdb,UdonPred-DisProt,DED,calibrated,-0.04379707442473986,-0.07605332581072112,-0.010464448226255982,0.004,-0.055147425549111576,-0.09407213774422604,-0.013803746699288114,-0.015954831675592047,-0.048521887603508916,-0.0924357795923998,-0.0016149398234199296,0.042,-0.05884293242567472,-0.10804990472063042,-0.0021966957919056364,-0.025404458033130132,-0.06933606373388725,-0.08985501563743184,-0.046989535409681656,0.001,-0.07835032356110812,-0.10030245788038322,-0.054151176291450664,-0.06703281029388682,0.025538989309147376,-0.013916894945080286,0.06745447475125296,0.204
CAID3 Disorder-PDB,caid3,disorder_pdb,UdonPred-combined,DED,calibrated,-0.045290181794776875,-0.07871543848651473,-0.010084510284526485,0.008,-0.057109849404684755,-0.09738465551126864,-0.013200593553694335,-0.06180961228020034,-0.017212346941760298,-0.052090754163481606,0.02037951676001846,0.354,-0.020675754165574597,-0.06173125197065982,0.026115117268550005,-0.005653942574167184,-0.00044407929446576335,-0.021949372403833732,0.019865231195915108,0.966,-0.00041887069565225494,-0.02469324071265486,0.022787349824357178,0.027882592720421883,-0.04484610250031112,-0.08294717352254964,-0.005182402747814215,0.032
CAID3 Disorder-PDB,caid3,disorder_pdb,DARUMA-beta,DED,calibrated,-0.10215117696297078,-0.1437028200666897,-0.0642269377288144,0.001,-0.12913891214798473,-0.17764115873927983,-0.08299737470512179,-0.19141007464453696,-0.057544417621806426,-0.11510890222224462,-0.0006128832924133558,0.048,-0.06993706883442871,-0.13671892016897597,-0.0007912919324092539,-0.10219655596220827,-0.03798030568227539,-0.05933550914252466,-0.01714835611124271,0.001,-0.04292356008065029,-0.06668035822037954,-0.019666051277541455,-0.06306833208314619,-0.0641708712806954,-0.10965394007600843,-0.01995955642201584,0.002
CAID3 Disorder-PDB,caid3,disorder_pdb,DisoFLAG-IDR,DED,calibrated,-0.05091538796824209,-0.08452742556545284,-0.013861607902099077,0.008,-0.06430457643565785,-0.10668034496741288,-0.017934942507445567,-0.04269198663749865,-0.003415000603262632,-0.04499933070495664,0.034945364793862836,0.874,-0.003817956519511356,-0.05429664918845429,0.043828866149076315,0.05230878809246027,-0.026343157567032108,-0.05042101264702063,-0.0036473383865347282,0.02,-0.029707316009671504,-0.05642109213119996,-0.004122291561711279,0.006452474164921319,-0.024572230401209986,-0.06803063240681824,0.01815344033559484,0.264
CAID3 Disorder-PDB,caid3,disorder_pdb,s2D-2,DED,calibrated,-0.0752715663463762,-0.10970484020948992,-0.03886988761498101,0.001,-0.09500180879659045,-0.13492674522234357,-0.05036070453538978,0.06769627388784033,-0.1254525403889571,-0.17500988942439982,-0.07552825960858393,0.001,-0.15307390530905082,-0.20573197393483028,-0.09452482687814939,-0.03266567419732146,-0.18342131756041638,-0.21918453816739533,-0.15236375141605482,0.001,-0.20741911112974282,-0.24508545152475644,-0.17440571801032947,-0.14860322854024002,0.10814975121404018,0.06139397433149728,0.15853171048647505,0.001
CAID3 Disorder-NOX,caid3,disorder_nox,AlphaFold-rsa,AF,literal,0.10132262699071416,0.03794890644180004,0.17169185868846626,0.002,0.18728629914530945,0.07080903996363445,0.3243221647018894,0.359090594511666,0.12287630061922437,0.05926607740009158,0.18719034222652972,0.001,0.1964006914836079,0.09016028103769207,0.323645399882317,0.4021979417686864,0.08579633297793411,0.05919653911736981,0.1156348517957772,0.001,0.11918730005393914,0.08043562023386512,0.1627110377152094,0.32803800648610587,0.01552629401278003,-0.05015424252693982,0.08687914670630052,0.7
CAID3 Disorder-NOX,caid3,disorder_nox,AlphaFold3-pLDDT,AF,literal,-0.0001148077382771342,-0.03134655099299013,0.032627372790619946,0.988,0.00010783035437302641,-0.05477409365935188,0.05998562107048582,-0.00814845243346347,0.029447124026132216,-0.010660186506523882,0.0719381015723577,0.148,0.04709469654538071,-0.016548147347125623,0.11945990915923235,0.05097541109535523,-0.019421449389819427,-0.057393045065073554,0.013797667818458665,0.28,-0.026770137116775786,-0.07755915817955458,0.018905320917386424,-0.04676173573654806,0.01930664165154229,-0.02975068629601291,0.07350079122339352,0.476
CAID3 Disorder-NOX,caid3,disorder_nox,AlphaFold3-rsa,AF,literal,0.10648594532515457,0.04485011029514003,0.175778387306379,0.002,0.19681584282168416,0.08292327350641854,0.3339068894470109,0.36823463549681523,0.13474505236867085,0.06934373286357348,0.19928351213423257,0.001,0.2152797389955217,0.10417604554349612,0.33933010244286316,0.42475284958384785,0.08399644183622601,0.05678649817476496,0.1136181366203814,0.001,0.11671291723336182,0.07682638490603066,0.1619415171141744,0.3232556285189581,0.02248950348892857,-0.04093196996999508,0.09206025147787918,0.484
CAID3 Disorder-NOX,caid3,disorder_nox,AIUPred,DED,literal,0.09458252332539673,0.016101346657335036,0.16867029897290045,0.02,0.1754953823165665,0.0281013852397936,0.3257999850810489,0.3972655966385632,0.07379797841608694,-0.0154238744298874,0.16247895177398033,0.106,0.11969544407595374,-0.02323289532495035,0.28126261270230973,0.35569650681994364,0.02438807378993009,-0.006029117900549333,0.057041591435481265,0.122,0.03408619439186235,-0.008159577048405196,0.0804683688484835,0.2568766975676299,0.07019444953546664,-0.014097934900122509,0.14995516769812572,0.106
CAID3 Disorder-NOX,caid3,disorder_nox,AIUPred-2-disorder,DED,literal,0.12294415861348648,0.053029525952333754,0.18796186008229618,0.001,0.22755036559193828,0.09481047313726479,0.3615629353262686,0.40842647160880513,0.04438710761099106,-0.033408667466673314,0.1205439268994416,0.282,0.07222783478643251,-0.050034327565624814,0.20944879683654535,0.25131236960381426,0.05527691305451928,0.025316214059436078,0.08851351632567613,0.001,0.07685004290335362,0.034296097272235176,0.12494464419381134,0.27309198049087074,0.06766724555896719,-0.006134153208110021,0.13955552876491223,0.074
CAID3 Disorder-NOX,caid3,disorder_nox,IUPred3,DED,literal,0.04156686546563068,-0.018844933717058004,0.10488208277224965,0.204,0.07772149930497081,-0.03169291520999076,0.203080347554247,0.1243880719268937,-0.004947212489316876,-0.09008907406244931,0.08662387258101947,0.872,-0.005596973834742681,-0.13477759123370314,0.1470881052339053,0.03135991601699857,0.02147638304715606,-0.013841351853283423,0.05684345249450311,0.256,0.030054784280503944,-0.01877882526105475,0.07994094093967372,0.08420710708994446,0.020090482418474623,-0.0503759746150838,0.09723530475326375,0.576
CAID3 Disorder-NOX,caid3,disorder_nox,ESpritz-D,DED,literal,0.035938765415523065,-0.04528262961269458,0.12502350796693917,0.394,0.068769190888912,-0.0784400752603978,0.24405267570249373,0.0027281992656668897,-0.0290470532226721,-0.13298723251878625,0.08576701965524944,0.616,-0.04247348027249071,-0.19573542014752976,0.15032353880416918,-0.12724343801072344,-0.05959705203173521,-0.10999442561292509,-0.008553298814186953,0.018,-0.08216485326020409,-0.14901563197606293,-0.012272694176576726,-0.18834343562884964,0.09553581744725828,-0.003086731110142892,0.1950814271723043,0.06
CAID3 Disorder-NOX,caid3,disorder_nox,ESpritz-N,DED,literal,0.07984588385824068,0.025882593417250806,0.1344305955119669,0.004,0.14791002053542202,0.045577417034604134,0.25476920618589155,0.15516948732469085,0.0018623858833257123,-0.08415474787011216,0.08881403305292268,0.952,0.0051334970924808146,-0.12692102464898183,0.15606807955196986,-0.0007975086251390527,-0.01210885524596223,-0.04108757589501245,0.018354799780597276,0.462,-0.016549311658848268,-0.056786862251368,0.025556428030289374,-0.028739990883714938,0.0919547391042029,0.03114245104780621,0.15303998227888038,0.004
CAID3 Disorder-NOX,caid3,disorder_nox,ESpritz-X,DED,literal,0.008426019081572277,-0.03914868710006905,0.05735694721700162,0.724,0.016469389825245144,-0.06991624773235115,0.1085102682188881,-0.07188964036111956,-0.05215946160754115,-0.13268781432005247,0.03478435568347402,0.232,-0.08007324821414613,-0.1952082454206453,0.05976861156887009,-0.19306060173934642,-0.12011682700148449,-0.15919353960562826,-0.08401853598319556,0.001,-0.16615872038844162,-0.21425986903990424,-0.11991836146143417,-0.32897533252723316,0.12854284608305677,0.06522024843617223,0.188460496745203,0.001
CAID3 Disorder-NOX,caid3,disorder_nox,MobiDB-lite,DED,literal,0.09778658054907757,0.03779390398197138,0.1621025303951374,0.004,0.1812199768669874,0.06467519234983413,0.30537292669565974,0.19682882222421352,0.03977582441126298,-0.038999299739482456,0.12784416345242908,0.358,0.06524292540550032,-0.057430284980935144,0.21782501137819374,0.08080730994858433,0.0036025309282890624,-0.03255423900661154,0.03891762103628549,0.852,0.005282868898884439,-0.044379707991852056,0.05441568130955874,0.008460722982636497,0.0941840496207885,0.02608287558580167,0.166421853085743,0.012
CAID3 Disorder-NOX,caid3,disorder_nox,flDPnn,DED,literal,0.05195908917865297,-0.020850568031302683,0.12875739544828904,0.198,0.09800374002091314,-0.03600994346043006,0.2579620978360892,0.006641973769867484,0.020363591266736224,-0.0680134818639235,0.12124501988122313,0.702,0.035311951717157924,-0.10017686753663556,0.2142779582077249,-0.05654902205396601,-0.0659776763000603,-0.11249172366989624,-0.016205448951118168,0.008,-0.09093099517421979,-0.15310217474751575,-0.023529374712482738,-0.22923155718755903,0.11793676547871326,0.029522321741643535,0.2044186283336865,0.01
CAID3 Disorder-NOX,caid3,disorder_nox,flDPnn2,DED,literal,0.0727990484666193,0.0018556900076231102,0.15230115563805421,0.046,0.13599112036067573,0.003143249614479999,0.2927254765142408,0.04149579182248637,0.07256378101358793,-0.015302628407997431,0.16847121669047455,0.122,0.11768174311744968,-0.022738988234855147,0.28437616979338426,0.04102525691642361,-0.0562579474818112,-0.10573534274275381,-0.006040780288508665,0.026,-0.0775365889528423,-0.14307545378929562,-0.00909176762092509,-0.2166182000743746,0.12905699594843048,0.04151743139362503,0.21437120163346285,0.008
CAID3 Disorder-NOX,caid3,disorder_nox,flDPnn3a,DED,literal,0.1934097960885221,0.12305341056246144,0.2618633824241698,0.001,0.35790263044874004,0.21064871521671982,0.5213107995586855,0.4284053253099781,0.14690131626527983,0.07885998600550592,0.21909510324861384,0.001,0.23487262555969488,0.11695068496182297,0.37328104470205675,0.3353883656634935,0.07595255913594044,0.03471417817651566,0.11717127096821163,0.002,0.10572313648774198,0.04752672977351691,0.16730578824761447,0.1934908514048147,0.11745723695258169,0.04089371121910787,0.19536163921985916,0.002
CAID3 Disorder-NOX,caid3,disorder_nox,flDPnn3b,DED,literal,0.05052078149044616,-0.02670666712750142,0.13549693538650087,0.246,0.0957991807157324,-0.04650866370806856,0.2650657694707053,-0.013585499142774437,-0.03448017814711012,-0.1297801824481204,0.06860132581795227,0.5,-0.051337516980239944,-0.19470244183886581,0.11485648022887085,-0.18358741841788703,-0.08765327676446415,-0.13816767601408483,-0.032771764017459355,0.001,-0.12115867619600218,-0.18780734283476272,-0.04596439012971652,-0.2899336156525951,0.13817405825491033,0.045072239065959446,0.2275990671993557,0.006
CAID3 Disorder-NOX,caid3,disorder_nox,DISOPRED3-diso,DED,literal,0.04236572220041214,-0.01879003977770797,0.10005934139235499,0.164,0.07898370010511518,-0.03393854880706115,0.19314460382160448,0.13255185232127137,0.002622164305491589,-0.0655827703071892,0.07208751511414006,0.948,0.005439959412052899,-0.09932081296205965,0.12079838637263156,0.053064736531430255,0.027759906791539363,0.0008720123373430783,0.05368020842174397,0.042,0.038646887442776036,0.0011534509250846253,0.07639011665152273,0.1033402215035258,0.014605815408872779,-0.052158404843039644,0.07894291499064943,0.652
CAID3 Disorder-NOX,caid3,disorder_nox,SETH-0,DED,literal,0.06205820897177003,0.01456816219355052,0.1090270638366338,0.006,0.11454914097397143,0.025731941880752274,0.20719946729146976,0.14361728862241108,0.05583665420556214,-0.00682073100883663,0.11827863024095826,0.082,0.08986231803670285,-0.010791501299978776,0.20090256298597858,0.13117417908999535,0.05932456371947346,0.033812590191592974,0.08620289215288832,0.001,0.08245282511815379,0.045500623894703045,0.12127128445076855,0.13814999811781797,0.002733645252296568,-0.04869179731341974,0.057247120402654506,0.936
CAID3 Disorder-NOX,caid3,disorder_nox,SETH-1,DED,literal,0.0956886679756602,0.047998694916500086,0.14625691993278656,0.001,0.17653117116467648,0.08438324431062093,0.2738677498408144,0.2214256758794494,0.07430745539099445,0.012530092666757232,0.13556377491828245,0.012,0.11947805978752149,0.018963904572435034,0.232308115425583,0.1786632507101179,0.061875342220886434,0.03459439167400504,0.09033740157151182,0.001,0.08601244694574821,0.04734877403970401,0.12762418830308883,0.15379902436990187,0.033813325754773756,-0.017894818521417857,0.090656803546811,0.196
CAID3 Disorder-NOX,caid3,disorder_nox,VSL2,DED,literal,0.10130076332582362,0.037703698630470836,0.15932480308966285,0.001,0.1876874550942388,0.06804809351127224,0.30388692945865897,0.44178664131406,0.04320600004811717,-0.026610041997995403,0.11429645615872025,0.222,0.070193393456753,-0.0394039552883571,0.19596723124943044,0.32559711475864705,0.008485050139343728,-0.020252210272798915,0.03975883069252002,0.592,0.012040930150212216,-0.02778678498198738,0.056346192792778714,0.2561552149411002,0.0928157131864799,0.023244677312632384,0.15878207851701803,0.016
CAID3 Disorder-NOX,caid3,disorder_nox,SPOT-Disorder,DED,literal,0.07629540494419279,0.021360938045702417,0.1367787496640676,0.01,0.14133973342329265,0.037190136754802254,0.2615538080222358,0.22530873154022565,0.028302127854636063,-0.03997014768771043,0.09876150181874942,0.458,0.046216433421017514,-0.0626885470379831,0.16733287001806452,0.12932217736111218,0.05263234872825232,0.011859854204664587,0.0887318240673773,0.02,0.07320389507590429,0.01573936246175961,0.12580122818579592,0.1779826191083447,0.023663056215940476,-0.04385083689448101,0.09764816889892988,0.526
CAID3 Disorder-NOX,caid3,disorder_nox,SPOT-Disorder2,DED,literal,0.06756168950732533,0.011306123196616124,0.1316585557973385,0.024,0.1252866455682074,0.020062961161605546,0.2448653680690081,0.18822492312741423,0.0677125243784759,0.008741798082301806,0.128213601329949,0.03,0.10880862648869961,0.013388382084047662,0.22487530107468032,0.18852659286971538,0.08335421815239394,0.05822559133240222,0.1105196712687371,0.001,0.11579035501270642,0.07881758419496289,0.1561158310861031,0.21980998041755145,-0.015792528645068606,-0.07929047053635689,0.051416221969904315,0.6
CAID3 Disorder-NOX,caid3,disorder_nox,SPOT-Disorder-Single,DED,literal,0.05430624838672408,0.0004789655295470574,0.11220443851283707,0.048,0.1007941328379382,0.0008707727035231879,0.2124760714353023,0.07826972148923798,0.010709423406667,-0.0693505052825558,0.09734690532248848,0.838,0.01912683938906752,-0.10286243736349318,0.1628366289697154,-0.008923928470876183,-0.0013271752191567137,-0.03911455971893123,0.03536233739037113,0.94,-0.0015370948844417621,-0.0521827232709679,0.05060055251032097,-0.03299712572252361,0.05563342360588079,-0.01020424305848979,0.12551411127064277,0.094
CAID3 Disorder-NOX,caid3,disorder_nox,DisEMBL-dis465,DED,literal,0.08456626478758554,0.03516510627759802,0.13940091377685343,0.004,0.15709257050933545,0.061885687709240064,0.2722166055461462,0.1584686627156673,0.007510664500809303,-0.054463937084433985,0.07246089986064254,0.834,0.01354239325928426,-0.08026862516293336,0.12077459553441078,0.004357462142114804,-0.08375774768808236,-0.1109548387749722,-0.05408455785215433,0.001,-0.11581865474134348,-0.15087179094194433,-0.0782170927112148,-0.17817936223566852,0.1683240124756679,0.10659004769858113,0.22994028865136573,0.001
CAID3 Disorder-NOX,caid3,disorder_nox,DisEMBL-disHL,DED,literal,-0.04283292783383501,-0.09668654763424944,0.010093134401521568,0.122,-0.07637816347878097,-0.16208765954821625,0.02053958435874435,-0.24970736176488662,-0.12850106309972192,-0.19314831483693387,-0.06158787128861111,0.001,-0.20090984987514496,-0.2779087244309934,-0.10870245943056532,-0.4210436322966606,-0.22098869688094305,-0.2515777058908356,-0.18826726395096546,0.001,-0.30596826618624684,-0.3346450338358492,-0.27335731191978496,-0.6060188998591027,0.17815576904710803,0.11882452100122748,0.2336771312667311,0.001
CAID3 Disorder-NOX,caid3,disorder_nox,IsUnstruct,DED,literal,0.10988747318429175,0.04393659439429817,0.1758855336277429,0.002,0.2036802766477678,0.07821937555899926,0.34163524960367936,0.36711715683580687,0.091673246424651,0.01816726218623862,0.16218538556721984,0.014,0.14720995224626182,0.02663448914235254,0.277378737215787,0.33068870331652545,0.016358623341747515,-0.017180215420445708,0.050544707601073116,0.328,0.022984468746517727,-0.023173624155142517,0.0720835602992297,0.18005945715071842,0.09352884984254421,0.015746696595957992,0.16598944698860338,0.02
CAID3 Disorder-NOX,caid3,disorder_nox,RONN,DED,literal,0.06435500614324434,-0.003470353236344736,0.1301726140578726,0.068,0.12017989819812015,-0.00580873770467337,0.26060649961661203,0.28903744152252087,0.052177759442165676,-0.019400537108013025,0.1248405896928111,0.146,0.0841901929485768,-0.029789824258373333,0.20919051635948635,0.2646829481203636,0.0002149198903677695,-0.03038641733315859,0.03049077164227258,0.99,0.0005648649483241999,-0.0408943456366167,0.043914210651298045,0.16075726901676773,0.06414008625287658,-0.008516936571494134,0.1390487221293071,0.092
CAID3 Disorder-NOX,caid3,disorder_nox,PreDisorder,DED,literal,0.12998644350845695,0.06719048333237189,0.19652335230484702,0.001,0.24062593617947306,0.1177843281728907,0.37920282958864865,0.448554500898799,0.08500362883164211,0.011687489902688215,0.15639538891881147,0.022,0.13687181277279353,0.016825108863380827,0.2731712325291537,0.3585888715451693,0.010304233070231553,-0.034342303445285244,0.04999387223977759,0.59,0.014660171261249652,-0.046317599838822936,0.07196591444139262,0.20919008002234815,0.11968221043822541,0.04580080182163348,0.2034652357188612,0.002
CAID3 Disorder-NOX,caid3,disorder_nox,OPAL,DED,literal,0.028007138762374234,-0.04856248146668849,0.09565999885576697,0.4,0.05385512722504741,-0.0815711741331135,0.19279824514276592,0.5263580114121622,0.03616939915616179,-0.028927953792648443,0.09751365422615506,0.258,0.059751727510194697,-0.0417462519269271,0.16877379738422577,0.5426825321997374,-0.11217518771827686,-0.14824153616352218,-0.07610946172941167,0.001,-0.15516041574231879,-0.19960049069650737,-0.10757514565576509,0.24599335845086012,0.14018232648065113,0.05274856103635679,0.2164113895308066,0.002
CAID3 Disorder-NOX,caid3,disorder_nox,pyHCA,DED,literal,0.027390550312546707,-0.03590227472573165,0.09712471045833772,0.396,0.05217296751848056,-0.06363982329064684,0.19435962388834008,-0.03110592031295684,-0.03539832829888804,-0.1209450028352157,0.06043944947876062,0.424,-0.05347948535682186,-0.17702786628685813,0.10264302867459939,-0.15668367753582635,-0.05612241532933578,-0.09906486230292526,-0.011529250703875327,0.01,-0.07749929147571172,-0.1336213236537736,-0.016303121264970306,-0.1981318515967218,0.08351296564188249,0.00590991807256267,0.1652433218099869,0.03
CAID3 Disorder-NOX,caid3,disorder_nox,DeepIDP-2L,DED,literal,0.11939204312189063,0.04688385838530773,0.1930958093476819,0.002,0.22089791049376378,0.08481312385523226,0.3752101509966477,0.30491592170005916,0.06625397355879716,-0.006719697632646527,0.14295198679384646,0.088,0.10660323780842701,-0.009939979061570495,0.24239280881015934,0.19863978257387213,0.04196401320122278,-0.006180603428906449,0.08681659180266853,0.088,0.05855779587834309,-0.008335140336476221,0.12558602832131363,0.15005986185872336,0.07742802992066784,-0.010755489878528696,0.16751272960384722,0.076
CAID3 Disorder-NOX,caid3,disorder_nox,PredIDR-long,DED,literal,0.06246011938819601,0.006940288985509821,0.11932473682505859,0.03,0.11586647325848312,0.01276717656860958,0.231529535566089,0.28895332957795894,0.08225811508247144,0.018503656556130472,0.14722448913119054,0.012,0.1323528252431596,0.027179734782810945,0.2508793734114342,0.32854932096650985,0.044829490791721965,-0.0011024638147541272,0.08249301423389277,0.054,0.06245946794525105,-0.0014963953616394395,0.1178810977841537,0.25369207238501085,0.017630628596474046,-0.04826742035497253,0.08901704785157502,0.636
CAID3 Disorder-NOX,caid3,disorder_nox,PredIDR-short,DED,literal,0.09907523849825196,0.0428301348016957,0.15824645059765935,0.001,0.1834960787387204,0.0753198088275625,0.30761177076525464,0.37745852296415294,0.08190575826911506,0.023254532871433965,0.14461185770802337,0.004,0.13177543813550058,0.03379551294243138,0.2489136794738525,0.3431195625058791,0.0332812745985385,-0.012346546251177067,0.06992822671014869,0.124,0.04645305285333238,-0.016722921820049842,0.10073142701717268,0.245870595164726,0.06579396389971348,-0.00027212895357597226,0.1375772586587696,0.052
CAID3 Disorder-NOX,caid3,disorder_nox,PredIDR2-Prof-Art,DED,literal,0.04677416323549919,-0.009556450322385727,0.10697629784352514,0.108,0.08702450091742663,-0.01811050435864766,0.20536984929674254,0.3164596602156456,0.07721653018447985,0.011953433298170477,0.15130490499121657,0.024,0.12435066503535741,0.01772351084606885,0.2606567875835805,0.37734439411360693,0.03785479070665245,0.001208276525551316,0.07454715879677326,0.042,0.05270843744880949,0.0016871752882922323,0.10459210036198258,0.2986209151579521,0.008919372528846739,-0.059509285378816126,0.07552273682414733,0.798
CAID3 Disorder-NOX,caid3,disorder_nox,PredIDR2-Seq-Art,DED,literal,0.0025067568964943217,-0.064967091008603,0.07223666775531135,0.948,0.005855541113876083,-0.116659364112263,0.13707850902128516,0.23285385179607243,0.027528620148432475,-0.04446778286336305,0.10353420289772482,0.46,0.045402381165071275,-0.06804064298498286,0.1748071439597564,0.28289757829994877,0.040443137531238335,0.010352040301450592,0.07054368559269664,0.004,0.05628128472137493,0.013919205300919071,0.09920435115686851,0.3087266130655605,-0.03793638063474402,-0.10925578028598798,0.033944326801598736,0.308
CAID3 Disorder-NOX,caid3,disorder_nox,AUCpred-profile,DED,literal,0.09265612881939665,0.036830258937581725,0.1528890768307358,0.006,0.1713098932329493,0.06620932135132929,0.29256376637017295,0.2514883139204123,0.09481188320196199,0.021718295873059092,0.1678972831617869,0.016,0.15203806751483653,0.03218207193233178,0.2849469157238602,0.255799822685543,0.01922656856636068,-0.022483179566011337,0.05746229269125734,0.352,0.026941388422963727,-0.030481116888300654,0.08176354021429334,0.10462919341434036,0.07342956025303599,-0.0005910992872610786,0.14782723266980322,0.054
CAID3 Disorder-NOX,caid3,disorder_nox,AUCpred-no-profile,DED,literal,0.10181166045244561,0.039584751778394184,0.165655755139348,0.002,0.18844304148468324,0.06957509447932307,0.3111007112986796,0.20823727067429304,0.0822035200402328,0.004260114988679237,0.1640838697740292,0.036,0.13220941956914692,0.006302796489287129,0.2774613777929876,0.1690209898498674,-0.003940598170783016,-0.04250431610839076,0.03457859178865957,0.848,-0.005157145480585271,-0.05751890035777282,0.048012937493237845,-0.0032672465721642068,0.10575225862322861,0.03359845993600927,0.18686074043153245,0.01
CAID3 Disorder-NOX,caid3,disorder_nox,DisoPred,DED,literal,0.03011607118506352,-0.026300465507453585,0.09455535421250266,0.304,0.05640117263270497,-0.048616481233443726,0.1861061291473482,0.07278132726640059,0.0885202164689672,0.010543450377329946,0.16646839622454002,0.028,0.14214408673258214,0.015672458154935443,0.28588483273059784,0.18958961783420794,0.07594694994581151,0.04836424915586118,0.10462528001162667,0.001,0.10557527637975445,0.06452941301897762,0.14917786835257563,0.16444308478789657,-0.04583087876074799,-0.1090570922129099,0.026315107820145418,0.182
CAID3 Disorder-NOX,caid3,disorder_nox,DisPredict2,DED,literal,0.043009113540395265,-0.051068245445220636,0.14152350338795427,0.37,0.0820328792561912,-0.08776522947613935,0.2761689970563007,0.2148094886800581,-0.1052955548886935,-0.19309395097759458,-0.016118852067965612,0.024,-0.16432487004187657,-0.2919598350804128,-0.027619407419350882,-0.0817998481781194,-0.12049644006219361,-0.15856064959912383,-0.07755149585259095,0.001,-0.1667149696929817,-0.21631351292043152,-0.11010606896417133,-0.11220161852511965,0.16350555360258887,0.05481504543231561,0.26365620218096525,0.004
CAID3 Disorder-NOX,caid3,disorder_nox,DisPredict3,DED,literal,0.09268239764041056,0.013013367621101427,0.18077402038295076,0.024,0.17333204286707746,0.02155664664186045,0.35306645925581925,0.1052829543735276,0.02627068504122304,-0.06423276896895833,0.12085856269949181,0.588,0.04431930189302129,-0.09157440081660208,0.2118717510816984,-0.027540470824847445,-0.025951142554516946,-0.0743025544807014,0.02458841543108558,0.286,-0.03550972305669946,-0.09956353051834115,0.03413647611446443,-0.13198412601632742,0.1186335401949275,0.02527409060395099,0.2168857183021935,0.018
CAID3 Disorder-NOX,caid3,disorder_nox,IDP-Fusion,DED,literal,0.12519978022821387,0.05334730479369554,0.20044958328159987,0.002,0.23166252059527082,0.09619691806473431,0.38639552272840205,0.3664594988052632,0.08826889492535929,0.01659281216783108,0.15963580067343042,0.008,0.14172837851718284,0.025083199950271206,0.26939215443627457,0.292597728199554,0.05760541569157405,0.014034327022041515,0.09882299358406305,0.01,0.08017505619797297,0.019331669817056953,0.14029769937998954,0.23127076973198354,0.06759436453663982,-0.016094938799748045,0.15922964224546401,0.136
CAID3 Disorder-NOX,caid3,disorder_nox,rawMSA-disorder,DED,literal,0.07604614547721772,-0.010180367907273514,0.16946323284918044,0.086,0.1422442941014755,-0.018108110699794747,0.32878072568505073,0.0727119193486835,-0.012525236263713772,-0.09511883164261961,0.07398061377003864,0.73,-0.01741028114770139,-0.14211230203873498,0.1277028882537784,-0.1044308441331795,-0.05370258513658558,-0.10459748179366352,-0.0031401005351338563,0.036,-0.07405379177906883,-0.1410391414717998,-0.004482011118723079,-0.18678554187892313,0.12974873061380326,0.03377368069520559,0.23295187261003691,0.006
CAID3 Disorder-NOX,caid3,disorder_nox,Metapredict-v1,DED,literal,0.09075025752445358,0.030162005006605003,0.15492507553992907,0.004,0.16845381244847815,0.050679059097018885,0.29490673034677384,0.14941184310510575,0.015702487955862918,-0.06137404450294122,0.09936191130386246,0.73,0.0271515935812713,-0.09281875436797794,0.17729902565837094,-0.0006836960320755272,-0.006935418018672548,-0.0416269832976278,0.026425179235291404,0.686,-0.009329707299777567,-0.05667631863431365,0.03757639680274966,-0.045959507981146466,0.09768567554312611,0.027864759792858403,0.1700326822894365,0.008
CAID3 Disorder-NOX,caid3,disorder_nox,Metapredict-v2,DED,literal,0.0922063506090935,0.030059283052278264,0.15123661134937225,0.001,0.17024270538954545,0.05254856580229002,0.2810427438268415,0.2425309759110844,0.08080621996241866,0.014840691260145271,0.1520153624108372,0.016,0.12956057445821864,0.023215627775807025,0.2600462884188682,0.21973071461773472,0.0719089914508699,0.04690788457662475,0.09780187250509952,0.001,0.09989013002017767,0.06376591755569264,0.1382902815232212,0.20193625759463726,0.02029735915822359,-0.04487382448324433,0.0811309024747203,0.51
CAID3 Disorder-NOX,caid3,disorder_nox,Metapredict-v3,DED,literal,0.0663488968582708,0.005357418624161562,0.13076393990572088,0.034,0.12285446573999995,0.009414341881500856,0.24400461248732372,0.18528070867656704,0.029357433738165954,-0.04522832192979955,0.10896530958825745,0.462,0.04807676207052391,-0.06829960319180206,0.18666931316165108,0.11129778243635732,0.10184889968665849,0.07791015833375763,0.1267405291080201,0.001,0.14140577047450595,0.10634794589397127,0.1785255930011036,0.25628071433334243,-0.03550000282838769,-0.10267538077040438,0.03057401653555642,0.274
CAID3 Disorder-NOX,caid3,disorder_nox,DisoMine,DED,literal,0.08340031741940868,-7.016899637745816e-05,0.1735751806778448,0.052,0.15576750291549118,-0.0001224905169567044,0.34275229471804186,0.11684000355109608,0.00559918305577049,-0.08476422921965573,0.10109752077843047,0.922,0.011523722691702985,-0.1258164538037048,0.1690956796084192,-0.038762265176180304,-0.08260871370380723,-0.13247767575047215,-0.02970030523644765,0.006,-0.11400979820255862,-0.17952437205562186,-0.042634479231006786,-0.21517805869533577,0.1660090311232159,0.06218781966627516,0.26966280881400656,0.001
CAID3 Disorder-NOX,caid3,disorder_nox,PUNCH2,DED,literal,0.06275193804812904,0.005866359156317175,0.12108050996807587,0.028,0.11611826500776087,0.01049150024248017,0.23042422911709204,0.194517900010021,0.04853547106606671,-0.017201835464084554,0.11142396555895506,0.132,0.07825221373566278,-0.025725648719940347,0.18978660111664342,0.16608496604589634,0.10007384484285865,0.0742794830236943,0.12621443358195436,0.001,0.13894328262875813,0.10146508379127347,0.17814941440410353,0.2691617135994802,-0.03732190679472962,-0.09693325569811843,0.024853566490957484,0.268
CAID3 Disorder-NOX,caid3,disorder_nox,PUNCH2-Light,DED,literal,0.057085226318481105,0.0025676129789260235,0.11155829302573253,0.04,0.10562417643694712,0.004887344726153902,0.21060269967478745,0.18262353910585336,0.045099726890806706,-0.0171446135268296,0.10672281607638891,0.156,0.0726843097816031,-0.026448698100525588,0.17819605472158684,0.15865254025050457,0.0966934466389749,0.07162572484547222,0.12205810671358147,0.001,0.134253017178354,0.09809184264419202,0.17291056473816996,0.2618399797468409,-0.039608220320493784,-0.09801820450570499,0.01925575213201015,0.192
CAID3 Disorder-NOX,caid3,disorder_nox,DisorderUnetLM,DED,literal,0.13375064012832927,0.056589229274023815,0.20432145906744723,0.001,0.24791519965982986,0.09943174828526455,0.3989283605920099,0.21790493772803132,0.09568219318280728,0.005431674320485432,0.18276124819352071,0.038,0.15403018332621327,0.007994821404068401,0.3126689156835928,0.1417680438369873,0.057998914976694495,0.016795200671449254,0.10176701541114619,0.01,0.08082207847870987,0.022546589192790498,0.14397067207988481,0.06640148742476171,0.07575172515163481,-0.009555759171589195,0.15561152389785218,0.072
CAID3 Disorder-NOX,caid3,disorder_nox,LMDisorder,DED,literal,0.07582465102206491,0.022911318108512258,0.1306272534896619,0.004,0.14014441159631066,0.04019241459674084,0.24955399236923137,0.34170648319796665,0.09318038515828117,0.01783052502629117,0.166990407246893,0.016,0.1501320412924243,0.02583709077692827,0.28872300205908374,0.3764179514703991,0.06594833349552306,0.041309911177800425,0.09076227047254272,0.001,0.09163306265718044,0.056130034773562945,0.12798436401041116,0.32195384814488287,0.009876317526541858,-0.04531577177960156,0.0663411089873438,0.744
CAID3 Disorder-NOX,caid3,disorder_nox,ESMDisPred-1,DED,literal,0.06126485825971123,-0.016994126673847542,0.1423238809166712,0.104,0.11496451962988116,-0.029637472041856412,0.27830524791896694,0.023086196114044073,0.04985256073941362,-0.031835134551093734,0.12792881395738737,0.242,0.08105025960768401,-0.04808531089278927,0.21790502618494137,0.0002616010734488401,-0.041725591182413486,-0.08971805592890461,0.009136484169831946,0.102,-0.057434859804334965,-0.12218799496557095,0.013186391653798682,-0.1828947027702054,0.10299044944212471,0.009378174303799341,0.1954397887786394,0.034
CAID3 Disorder-NOX,caid3,disorder_nox,ESMDisPred-2,DED,literal,0.07492590864200409,-0.0009150240263632532,0.1571744958457407,0.056,0.14011635425224114,-0.0015649860171872774,0.31056442841537524,0.05163694762950014,0.03895455416315945,-0.04575665222574292,0.12172322741783029,0.388,0.06405229213991921,-0.07047657020850802,0.20444923185070332,-0.020305761328189134,-0.03404593532688316,-0.0839563628149725,0.018344826307368424,0.17,-0.04675873886089694,-0.11418940120809255,0.025582848466653083,-0.16630674030827433,0.10897184396888725,0.01991451020595942,0.20179187978813762,0.024
CAID3 Disorder-NOX,caid3,disorder_nox,UdonPred-DisProt,DED,literal,0.09935895126916797,0.03334941335129145,0.1672807331366704,0.004,0.18494321612362943,0.05875635188548415,0.33134922866559396,0.16285906884775497,0.04226290892628909,-0.03684607290085827,0.1145947599004055,0.298,0.06939448225168944,-0.05330849745029263,0.19520759357030873,0.048666984161997225,-0.0013489359895203345,-0.03782795299760109,0.03589062578150149,0.938,-0.001473310370610129,-0.05056473346653671,0.05129900652629792,-0.038556705669621605,0.10070788725868829,0.024924257174156746,0.1769382123805622,0.018
CAID3 Disorder-NOX,caid3,disorder_nox,UdonPred-combined,DED,literal,0.13523173764170182,0.07494016893143218,0.19492616025711865,0.001,0.2500235759286495,0.13466984302385562,0.3770909250643986,0.31595114136214336,0.09336222208270416,0.03074316947238242,0.1570085407438461,0.002,0.14985874448365655,0.04751927327853479,0.2682542037352941,0.232212110244148,0.06461461397171477,0.028502120958931225,0.10056973923087684,0.001,0.08994803639450057,0.038657489057995334,0.1441594666793818,0.1747168940221692,0.07061712366998707,0.0003957003379736318,0.14149323707416755,0.048
CAID3 Disorder-NOX,caid3,disorder_nox,DARUMA-beta,DED,literal,0.08327184123547218,0.02540227639636261,0.1368406713807206,0.008,0.15423854517662128,0.046059134077252595,0.2612266057217289,0.24039388234603085,0.05087067144003632,-0.03023059413133928,0.13775205126608622,0.26,0.08262881101560109,-0.046034066504891794,0.23046420667703552,0.17559154275515917,0.04405203600899388,0.013662603038493237,0.07470757538655211,0.004,0.061316638673535664,0.018399333416649576,0.10522321452990671,0.1619542718930743,0.039219805226478284,-0.02494875624426037,0.10316489536192373,0.23
CAID3 Disorder-NOX,caid3,disorder_nox,DisoFLAG-IDR,DED,literal,0.08325412531457403,0.014888949391486963,0.15303139149694747,0.014,0.15446485702635634,0.0259329048802095,0.29418283074782936,0.13439534707385195,0.10637282644780117,0.028848858797502194,0.18683041823373875,0.01,0.17056563283776086,0.04377819314163448,0.3211040955252422,0.18063274934030624,0.044823395021790585,0.0024604176680196326,0.08701349879404316,0.032,0.06248826562569802,0.003326308622567984,0.12390512771605848,0.05753388648828508,0.03843073029278344,-0.04272940649543165,0.11811159415244156,0.33
CAID3 Disorder-NOX,caid3,disorder_nox,s2D-2,DED,literal,0.09772390002091658,0.04665209881951859,0.14920828880287484,0.001,0.18102218858826127,0.08186753536959471,0.29064018112479634,0.47708539073892553,0.018920950557313233,-0.0452819109650935,0.07982335609958749,0.564,0.032359472168299375,-0.06647324369575515,0.14088033354209942,0.3194794918117188,-0.07420909401403462,-0.11251801935901756,-0.03872177893028804,0.001,-0.10256936925551494,-0.15336789782269242,-0.055255157082538225,0.1332194026690231,0.17193299403495121,0.10850334147537828,0.23675596311070013,0.001
CAID3 Disorder-NOX,caid3,disorder_nox,AlphaFold-rsa,AF,calibrated,-0.043425079987910814,-0.10245295179516907,0.019382977156401453,0.18,-0.064321962353296,-0.1471847531068464,0.0308361897404001,-0.1011193446132125,-0.016243867743801637,-0.0776954805227622,0.04456076338092659,0.588,-0.02133989965998056,-0.10445603968250688,0.062028877932495716,-0.046756920124994134,0.01845834924692795,-0.001051142142809044,0.03803794923676871,0.062,0.023278119312701958,-0.0013060464043548577,0.04858014825472932,0.022647513856465035,-0.061883429234838756,-0.1236681946117463,0.0018261325104587563,0.06
CAID3 Disorder-NOX,caid3,disorder_nox,AlphaFold3-pLDDT,AF,calibrated,0.02666761295650884,-0.0037186560259726527,0.06065261952858456,0.092,0.04023095977365775,-0.005473068975000967,0.09399767622647813,0.07415112329099442,0.0240966936586,-0.0033996958364978565,0.05658094624041843,0.082,0.03293019494988492,-0.004417632901614599,0.07733654963199967,0.06900928469517674,-0.003927058709731793,-0.01763744625600975,0.009355427528329602,0.546,-0.004882355730349547,-0.02190386548689595,0.011859221318587737,0.012961779958513156,0.030594671666240632,-0.004161554544386464,0.06739753374846369,0.068
CAID3 Disorder-NOX,caid3,disorder_nox,AlphaFold3-rsa,AF,calibrated,-0.015446204213823008,-0.08507380475000542,0.05350568592957209,0.656,-0.02209141250552038,-0.12378088705479498,0.08558700306983447,0.035852900960413506,0.03053483960564169,-0.0154115763556532,0.08350858789873963,0.218,0.04230247058222355,-0.020248907836775312,0.12003873120976039,0.1278149885993429,0.009935734570893716,-0.009407974348815799,0.031083205688305988,0.368,0.0125590071909309,-0.011773921977319919,0.03950501024604255,0.08661677852984695,-0.025381938784716722,-0.09496008059750408,0.04600970689982459,0.472
CAID3 Disorder-NOX,caid3,disorder_nox,AIUPred,DED,calibrated,-0.051760273071826374,-0.11483939693470771,0.015058546259991491,0.116,-0.07664710277095617,-0.16736471804438244,0.024382001230220617,-0.15368726837062416,-0.07272666746581646,-0.15763417912442917,0.018956815081861082,0.114,-0.09751875700549846,-0.2025275160436154,0.026521508418341423,-0.19562005715860434,-0.030001197185519517,-0.05800134765398211,-0.002505035851565477,0.032,-0.0376175964805192,-0.0719856452507648,-0.003219550209425927,-0.11016911659801046,-0.021759075886306857,-0.09167420187058915,0.04763333334645316,0.56
CAID3 Disorder-NOX,caid3,disorder_nox,AIUPred-2-disorder,DED,calibrated,-0.05620574999675918,-0.12088905799819506,0.018174270816474263,0.106,-0.08330592291598432,-0.175342088858595,0.028261975361597698,-0.12881074721647987,-0.0690781839524389,-0.15372319595250433,0.009461544868481834,0.104,-0.09263479593775975,-0.19946281905642244,0.013186097866990643,-0.1545556151278393,-0.00283057023776946,-0.02385876694244384,0.019845404891209093,0.792,-0.0035121852928325214,-0.02968968729158918,0.02518145473005778,-0.022060387698500435,-0.05337517975898971,-0.12344868191432957,0.026258407209178436,0.13
CAID3 Disorder-NOX,caid3,disorder_nox,IUPred3,DED,calibrated,-0.07250570098918675,-0.13546879228200373,-0.011099785826109595,0.02,-0.10776739350093774,-0.19757937466808126,-0.01751577724923242,-0.17099090244572795,-0.10673967584227265,-0.19448838469949098,-0.016735047211567128,0.026,-0.14343056598033185,-0.25227738548231576,-0.023439794914840252,-0.23945885215189974,-0.04803204065345604,-0.07919576657686273,-0.018493680161156923,0.008,-0.06027547431819939,-0.09770239874337382,-0.02351709153142621,-0.12204358177426655,-0.024473660335730694,-0.09265827167799665,0.04243541088060413,0.468
CAID3 Disorder-NOX,caid3,disorder_nox,ESpritz-D,DED,calibrated,-0.03426867333874098,-0.12637261627646265,0.0532072523083112,0.47,-0.04960855736983006,-0.18039024818347746,0.08184377836202308,-0.09906091987890185,-0.033444611587284394,-0.12089976124515607,0.05662075734104606,0.452,-0.04414689279802522,-0.1617478603035703,0.07812206835229739,-0.09741279637598868,-0.06204462016434526,-0.10460281881418598,-0.0184775526423898,0.002,-0.07779122678227472,-0.1307522981733478,-0.02367361598071958,-0.1546128135301104,0.02777594682560427,-0.07544973141589864,0.12473168418809304,0.59
CAID3 Disorder-NOX,caid3,disorder_nox,ESpritz-N,DED,calibrated,-0.02793292738437065,-0.09026477808260855,0.028820189102836798,0.334,-0.04087764779537116,-0.12861226601427794,0.04466866076699327,-0.121657443600235,-0.086451991296349,-0.1836850792841444,0.0025547484711323748,0.058,-0.11551228695793404,-0.23488293643886068,0.003563345207338391,-0.2386955714241917,-0.07449834927464617,-0.10273810500034534,-0.04692251333527488,0.001,-0.09355630556273616,-0.1273927678783142,-0.05929416735386029,-0.214788287380786,0.04656542189027552,-0.0197445335241228,0.10801322654696574,0.146
CAID3 Disorder-NOX,caid3,disorder_nox,ESpritz-X,DED,calibrated,0.0028497614727240315,-0.06668331426969847,0.07001478886771849,0.918,0.005514194377803367,-0.09796751556323514,0.10892514618229863,-0.04496935545922502,-0.029876993994693492,-0.11799488696099243,0.05560793666011017,0.508,-0.03896647452358019,-0.15147964739641517,0.08114455564006995,-0.11042286639406006,-0.06844819739866413,-0.09907740989139856,-0.03976368764459094,0.001,-0.08593613419204076,-0.12371505385142159,-0.050230734172882326,-0.1875652732020014,0.07129795887138818,-0.003509633356420324,0.14145193984664622,0.06
CAID3 Disorder-NOX,caid3,disorder_nox,MobiDB-lite,DED,calibrated,-0.003496919925334886,-0.06231857534860931,0.05268761333891635,0.878,-0.0041189257357297105,-0.08808433145257322,0.08259389623002063,-0.04499973003289134,-0.049400356673651,-0.12754772653200344,0.02996637170280307,0.232,-0.06560010586794328,-0.16696195643299883,0.04288291415362842,-0.13680660352952356,-0.05353347030109779,-0.08368821783510065,-0.025079742004497377,0.002,-0.06718560887732096,-0.10390502964118195,-0.03210626336474324,-0.14507283078441713,0.0500365503757629,-0.014594482542856538,0.11286969968360248,0.112
CAID3 Disorder-NOX,caid3,disorder_nox,flDPnn,DED,calibrated,0.05136760534468129,-0.017288303135753278,0.12153342964080127,0.144,0.07876152834113785,-0.02411226224715625,0.19258266947245592,0.06998293813405883,-0.006970618270996481,-0.0866648559689385,0.06696271922525746,0.866,-0.008105636408541643,-0.1119718970344563,0.09733762331580183,-0.0466935090972967,-0.026886024663374555,-0.05936982782415918,0.005238125788229798,0.086,-0.033662898481075884,-0.07427277175454211,0.006741893003499758,-0.08652432188205285,0.07825363000805584,0.0009930725407128226,0.1538187585539514,0.046
CAID3 Disorder-NOX,caid3,disorder_nox,flDPnn2,DED,calibrated,0.013455877511557763,-0.07224054866734544,0.09436371211338465,0.742,0.021663225621130922,-0.10446875960548205,0.14879626747393193,-0.029993788526319086,0.016151391512024722,-0.05504211717815508,0.08707729518284157,0.64,0.023010233920538012,-0.07464480665050141,0.12616679343189646,-0.024602760525385164,-0.02413829090504452,-0.059428718257803236,0.006575587495185647,0.104,-0.030234455127500393,-0.07388492115038707,0.00842065467351033,-0.10518212535952365,0.037594168416602285,-0.05365094810955817,0.12578044454185558,0.412
CAID3 Disorder-NOX,caid3,disorder_nox,flDPnn3a,DED,calibrated,0.06816733723424803,-0.009207945024051537,0.14471606918934624,0.072,0.10423259794029542,-0.012690963053144736,0.2317369688242538,0.13497596567440656,0.05152721094519332,-0.013070497315847321,0.11549546122925777,0.108,0.0714748722688729,-0.017049620695325483,0.1664177148344365,0.10169571309629714,0.016319225565090533,-0.012914225072759281,0.045186290090678476,0.296,0.02070470178580733,-0.016228607992862194,0.058098244715385994,0.031279742336091564,0.05184811166915749,-0.02464633610801762,0.13082958435843686,0.182
CAID3 Disorder-NOX,caid3,disorder_nox,flDPnn3b,DED,calibrated,0.052557001641044,-0.021473563630342012,0.12789576018389148,0.158,0.0806109656187104,-0.03120636606075651,0.20491536466627,0.0795672134414691,0.028060700562746746,-0.04820188035609271,0.10028590636696542,0.48,0.03971286048208946,-0.06129482481733345,0.14346771053955432,0.03057461128487457,-0.019630284070880143,-0.06666996566930168,0.0212906649645525,0.412,-0.024463708313805406,-0.08309225762689285,0.02711120320673839,-0.06480735798237919,0.07218728571192413,-0.013354690713585362,0.1533867545203257,0.09
CAID3 Disorder-NOX,caid3,disorder_nox,DISOPRED3-diso,DED,calibrated,-0.07194529974434691,-0.13375187129163454,-0.011757398228617658,0.012,-0.1069775902881056,-0.1932719505451678,-0.018850061169295336,-0.15118272210548975,-0.08086852853518992,-0.16027320171024165,-0.004495810054872155,0.038,-0.10871162772024999,-0.20618131514209154,-0.006660885210078759,-0.1690291796871757,-0.0340231817288285,-0.05350429516820284,-0.014733028419713945,0.001,-0.04275076327776627,-0.06675105019414457,-0.018579875482008422,-0.07533848607445293,-0.037922118015518425,-0.10305489381416434,0.02529929267048179,0.256
CAID3 Disorder-NOX,caid3,disorder_nox,SETH-0,DED,calibrated,0.0001487119123152293,-0.049346217817380876,0.048112087499817616,0.976,0.0008477171705432372,-0.0714128844811536,0.07622229483961583,-0.006867588256036788,0.02072964013605487,-0.03338952367589813,0.0815313464846283,0.508,0.029604075361618052,-0.04351974128707671,0.11794377243565622,0.0342942681914425,0.01599621539357577,0.0036764345297983707,0.03068189835207431,0.02,0.02014150541843027,0.00462440566244718,0.03840880602457991,0.0248274187064843,-0.01584750348126054,-0.06264130533561708,0.03383310054713164,0.56
CAID3 Disorder-NOX,caid3,disorder_nox,SETH-1,DED,calibrated,0.019256381895376984,-0.03208250765855584,0.07333370607443278,0.5,0.02980564739939995,-0.04608678805606672,0.11467906547340545,0.03220415504193693,0.008318212574546163,-0.05512616019750857,0.08146240058539429,0.846,0.01298989001714003,-0.0703638699306166,0.11759485243225248,0.010327816400275296,0.001433070287027391,-0.013741731527839094,0.01894877460164245,0.88,0.0018442441981261102,-0.01745829720400035,0.023875327100998933,-0.0034424681747622474,0.01782331160834959,-0.034041233861385856,0.07493171068629464,0.532
CAID3 Disorder-NOX,caid3,disorder_nox,VSL2,DED,calibrated,-0.051827921579000874,-0.11045334210247633,0.01018559740103705,0.11,-0.07656214822974697,-0.15892155193494734,0.01612593792371842,-0.0631142648638872,-0.06334784542335226,-0.15118865683063804,0.016992779087495257,0.136,-0.0845882404129454,-0.19383023656494833,0.02355905048395552,-0.08615411255258998,-0.05400503261513894,-0.08200878082951092,-0.025110571497530175,0.002,-0.06777776516635244,-0.10170796811273196,-0.03261684919378786,-0.06746848693616335,0.002177111036138076,-0.06302230964338988,0.0678533579572284,0.968
CAID3 Disorder-NOX,caid3,disorder_nox,SPOT-Disorder,DED,calibrated,-0.03718539884590209,-0.10129705161974362,0.029023097373773992,0.284,-0.054739519143501496,-0.14602585077687855,0.046931078299623785,-0.08062399366041717,-0.06704410983469043,-0.13790297047989028,0.002071951624808419,0.06,-0.09007410245648913,-0.1831232324500887,0.002937977479542261,-0.14034141563799388,-0.019773536051616993,-0.053120862452102555,0.009085186298373939,0.196,-0.024832823024943673,-0.0672727994231248,0.011341435073548352,-0.04580026807184698,-0.017411862794285107,-0.08598980244203978,0.056145142619034596,0.612
CAID3 Disorder-NOX,caid3,disorder_nox,SPOT-Disorder2,DED,calibrated,-0.05270150030580219,-0.11206176671854455,0.007555671650051198,0.07,-0.07819986537350443,-0.1607134462024626,0.011963513470796211,-0.12751766257584826,-0.02961892461387706,-0.08923244175744213,0.02601759564257824,0.36,-0.03920756575209728,-0.11763837406068041,0.037897145226018905,-0.08135251119199802,0.012356796136876264,-0.004986193124580834,0.031294623144792984,0.156,0.015593440001932482,-0.006130662897101416,0.0398671278144985,0.002598930309508625,-0.06505829644267845,-0.12177745296732612,-0.0034976848521203236,0.04
CAID3 Disorder-NOX,caid3,disorder_nox,SPOT-Disorder-Single,DED,calibrated,-0.007289119437943798,-0.07108685687729659,0.05724652180427046,0.852,-0.009835187520295413,-0.10164373209960152,0.0898950192212041,-0.03345406190669872,-0.016074333985612827,-0.09626727698629843,0.057317137024597155,0.706,-0.020445677812443115,-0.12527079300454033,0.08124964657220551,-0.051024491002036786,-0.036736062854595,-0.06634890028809941,-0.00900264218831131,0.018,-0.0460959422434517,-0.08174361345920954,-0.01142451619273848,-0.09234794874000113,0.029446943416651196,-0.03570569048922506,0.09947068894268726,0.412
CAID3 Disorder-NOX,caid3,disorder_nox,DisEMBL-dis465,DED,calibrated,-0.010527900414815704,-0.07436206868074564,0.057039236307058094,0.69,-0.014460005413933956,-0.10783784132485903,0.08931175957178504,0.037428522430138965,-0.06701539951586914,-0.13996811162129455,-0.0018917298085696554,0.046,-0.08984556235675742,-0.18165514056984422,-0.002688389883972339,-0.0755464757719679,-0.11800208003218325,-0.14379706391917577,-0.0915297411235039,0.001,-0.14820500424910593,-0.1788925442556732,-0.11771214036190758,-0.17751983680459613,0.10747417961736755,0.038738038228939134,0.17937959884245017,0.001
CAID3 Disorder-NOX,caid3,disorder_nox,DisEMBL-disHL,DED,calibrated,-0.0339838260246792,-0.10367434582199103,0.04175073095951107,0.362,-0.04946862697062148,-0.14800215610766368,0.06638387327342044,-0.1890351146355124,-0.07204721434370194,-0.14944171232545603,0.0033067427539348513,0.07,-0.09607324892551998,-0.186258152119613,0.0050354344294353095,-0.2651618912735579,-0.19464805002247942,-0.23237416662516425,-0.15628520157955197,0.001,-0.244422820839778,-0.2848938858205935,-0.20184313167773532,-0.5103635626311127,0.1606642239978002,0.08588047620015156,0.23535637762204298,0.001
CAID3 Disorder-NOX,caid3,disorder_nox,IsUnstruct,DED,calibrated,-0.03233376922941845,-0.10594540388659408,0.03769732933887083,0.364,-0.047123623214975825,-0.14940591340343592,0.05893514440070964,-0.10756744300021405,-0.0374402383671416,-0.11870845921654928,0.036440296215553857,0.366,-0.049438211123992916,-0.15757118906896178,0.05224281255621317,-0.11778038127566035,-0.06316662129950205,-0.09576513837868113,-0.03176796095284949,0.002,-0.07927494400693559,-0.1191964693844832,-0.04103155951235659,-0.16923314714038123,0.030832852070083596,-0.0463094464376023,0.10740418043919857,0.396
CAID3 Disorder-NOX,caid3,disorder_nox,RONN,DED,calibrated,-0.064423594516132,-0.1294011847691134,7.270877258569341e-05,0.052,-0.09523265408956541,-0.18569140366952466,0.00011522164587507318,-0.09987299188185622,-0.05814145702087527,-0.13651754799569038,0.013431207910302409,0.124,-0.07785345470887611,-0.17914095086342435,0.019334595657125583,-0.08730871689134277,-0.0696281028224683,-0.09679006632223922,-0.04325039346758767,0.001,-0.08741195003231982,-0.12043813260669599,-0.05484822805015686,-0.11028200849452882,0.005204508306336292,-0.06541344593151001,0.07660684383093402,0.898
CAID3 Disorder-NOX,caid3,disorder_nox,PreDisorder,DED,calibrated,0.0014100898100037314,-0.06159615986110887,0.06426500921140875,0.956,0.0031987168894605797,-0.09010826031157913,0.1024095613273296,-0.013436240880343099,-0.01771788512720732,-0.09396148252394601,0.05400286128757233,0.682,-0.022785946826854697,-0.122427384100277,0.07630039362394288,-0.051692190754765194,-0.05928285348787947,-0.09327843371345215,-0.029543030134209086,0.001,-0.07440559705970763,-0.11578498317159312,-0.03764492192666379,-0.1348221274761095,0.0606929432978832,-0.008074803991336586,0.13394504788731051,0.094
CAID3 Disorder-NOX,caid3,disorder_nox,OPAL,DED,calibrated,-0.05009930405694609,-0.13854093121409838,0.03262978317536726,0.236,-0.07333191117215156,-0.192755561348576,0.05222276414159592,0.05975091780195882,0.020127801386734468,-0.04253596223266631,0.08577012156046232,0.55,0.029173790400843516,-0.05382195379795166,0.1267874046785916,0.20020512868931994,-0.1745462777823929,-0.21527300766920116,-0.13589431883302777,0.001,-0.21916464306302208,-0.26592099725759333,-0.1743393764156952,-0.18914302964893484,0.12444697372544682,0.032486805982549403,0.21322937962506053,0.002
CAID3 Disorder-NOX,caid3,disorder_nox,pyHCA,DED,calibrated,-0.06271767440493385,-0.13362653351118706,0.0019185252459179517,0.06,-0.09278874427788063,-0.1966201800943499,0.003261193711589767,-0.16348287627969557,-0.08826332857934385,-0.16898678922561497,-0.00567865270959292,0.034,-0.11860962746938318,-0.22591531912747437,-0.008145659174356872,-0.21457418462851557,-0.058203942717089674,-0.09324723565579132,-0.024070733722805375,0.001,-0.07304521332442795,-0.1159513416774854,-0.030628416930633662,-0.15445541290400724,-0.004513731687844169,-0.08189847348161751,0.07130507763546265,0.926
CAID3 Disorder-NOX,caid3,disorder_nox,DeepIDP-2L,DED,calibrated,-0.01612235257965155,-0.09081102691329179,0.057361718516019664,0.68,-0.022947526791542265,-0.13260958701149883,0.08522997081899535,-0.0868853206726263,-0.044412810243565005,-0.1278795142197923,0.03752481718658939,0.286,-0.05905905056764942,-0.16372199192144252,0.05440494293262066,-0.1434662360004532,-0.03208684828397091,-0.07338567073933772,0.006521677351944933,0.106,-0.040208161362130214,-0.09028598901828114,0.008255544035928005,-0.11881431208126503,0.015964495704319362,-0.06779890899368207,0.10125034827673217,0.688
CAID3 Disorder-NOX,caid3,disorder_nox,PredIDR-long,DED,calibrated,-0.03263371131570691,-0.07226677818145257,0.011005155982470885,0.138,-0.048441799440031366,-0.10634195004568055,0.016848845653903283,0.05602994224614537,-0.00121817241207832,-0.068331907302622,0.06106983389755974,0.986,-7.83144751553836e-05,-0.08650519685551028,0.08904855793398388,0.11886102005340254,-0.028612827652403847,-0.05485184859732592,-0.002692440915356325,0.028,-0.035871803257999324,-0.06909041332959134,-0.0033975466702435286,0.0640717095727515,-0.004020883663303067,-0.049477198094103995,0.04469082075815014,0.836
CAID3 Disorder-NOX,caid3,disorder_nox,PredIDR-short,DED,calibrated,-0.013765812537053241,-0.05286032890018254,0.026195707325053077,0.482,-0.02009949397969325,-0.07660812481424722,0.04045352840275544,0.10261017365741429,-0.014261214696229024,-0.07546213810121533,0.045667402010076553,0.666,-0.0178033589216129,-0.09584086183199611,0.0665865019662065,0.10161936933906275,-0.03919636101769872,-0.06580860340978707,-0.015147486207668629,0.002,-0.04917799008964565,-0.08172333074582751,-0.019133150601371083,0.051749076696123324,0.02543054848064549,-0.016591733076120444,0.07001334246199663,0.28
CAID3 Disorder-NOX,caid3,disorder_nox,PredIDR2-Prof-Art,DED,calibrated,-0.16223254756350422,-0.2199310488702988,-0.10225368414442107,0.001,-0.24223469893953103,-0.3151907972881003,-0.16102327962931695,-0.3538883008234992,-0.14582265656522164,-0.22615133925641911,-0.07062267171176169,0.001,-0.19705508738282515,-0.2915287950974707,-0.0992659964350555,-0.3210685188269341,-0.019860928758036914,-0.05194534371481504,0.006599517439834137,0.172,-0.024941614714740594,-0.06519930853876675,0.008465480368771507,-0.06914506321256464,-0.1423716188054673,-0.21016637530461132,-0.07459942827051705,0.001
CAID3 Disorder-NOX,caid3,disorder_nox,PredIDR2-Seq-Art,DED,calibrated,-0.15064583112201627,-0.2151087026101506,-0.08248895428822832,0.001,-0.22473339494041616,-0.3031629651755294,-0.12612217338089654,-0.30659504972712,-0.10917661685658217,-0.19420295837886545,-0.03164174890883292,0.004,-0.14713410948380198,-0.25723607276474075,-0.04624220905941665,-0.22365662119625188,-0.0155334587400656,-0.03571411879936141,0.0037909870878448247,0.126,-0.01948264073626355,-0.044516541807158465,0.004881785347457488,-0.03637030496321874,-0.13511237238195065,-0.202782058507823,-0.06168654083516926,0.001
CAID3 Disorder-NOX,caid3,disorder_nox,AUCpred-profile,DED,calibrated,-0.004263326326195861,-0.06479911125532123,0.05851214496346316,0.876,-0.005414617239628831,-0.09441927285680839,0.08903015023980797,0.049927216989846375,0.015042631109855618,-0.056557417939384555,0.08785738406421302,0.674,0.021971110885267608,-0.07216621246935702,0.1277352237154004,0.08853913186194932,-0.04203224073597929,-0.07015630064601233,-0.013963260218775506,0.008,-0.052756669831684234,-0.08756112829656325,-0.017732881597226424,-0.025610611829720485,0.03776891440978344,-0.029790832873872075,0.10628001817501928,0.276
CAID3 Disorder-NOX,caid3,disorder_nox,AUCpred-no-profile,DED,calibrated,0.026037646646426913,-0.046011745877807916,0.09501975550635706,0.454,0.040478303919097444,-0.06457678623032577,0.15042633013816356,0.041099402338136116,-0.009562482382836305,-0.09083228371979954,0.06794394656023701,0.83,-0.011445648794733143,-0.11874438420474324,0.09782957542346798,-0.03010085572039031,-0.05672887680711756,-0.08719958019213533,-0.02653639598996804,0.004,-0.07120935740690797,-0.10809259281455058,-0.03363126977953349,-0.12443364456895281,0.08276652345354446,0.008454960420824834,0.1550734455985441,0.02
CAID3 Disorder-NOX,caid3,disorder_nox,DisoPred,DED,calibrated,-0.06737364896083482,-0.14808818344064834,0.018056642901204175,0.112,-0.09945743312463276,-0.21847023873494256,0.027523649222947404,-0.174553986167508,0.014077536194862862,-0.0639789711476144,0.08732476407162822,0.712,0.020452266180789505,-0.08417304308590863,0.12346225387137755,-0.011651615856112645,0.010445902599986023,-0.013317215850287181,0.034783990100801146,0.374,0.013244747864229175,-0.01659274498431144,0.044786572055898734,-0.018914883045866325,-0.07781955156082085,-0.15954106973764487,0.012021693303799454,0.088
CAID3 Disorder-NOX,caid3,disorder_nox,DisPredict2,DED,calibrated,-0.09561947155115061,-0.18148572300874075,-0.010090251388858973,0.028,-0.14169261161447977,-0.2610639655591802,-0.01550672476673413,0.026734743182596825,-0.16479131076283335,-0.25917838600772186,-0.07221032611303518,0.001,-0.22193572691129732,-0.3295259763794959,-0.10489039791699765,-0.11160893524076865,-0.1793931517067395,-0.21752055770593526,-0.13918197016826234,0.001,-0.22533825398517127,-0.2691644197902895,-0.17680907313167485,-0.14081261712858095,0.08377368015558889,-0.005961644182481649,0.1720694024769807,0.072
CAID3 Disorder-NOX,caid3,disorder_nox,DisPredict3,DED,calibrated,0.048217820798438484,-0.036764547821719784,0.12711776019699933,0.244,0.07437773556720971,-0.050904898244298766,0.2047798711702325,0.06787166092244527,-0.0054795101362026645,-0.08043383080565894,0.06974055263888182,0.916,-0.006176286076573475,-0.10631608424935793,0.09513276501872268,-0.03952300094683701,-0.0071399601086696235,-0.0333348690047718,0.020340203812923372,0.59,-0.008833248110608143,-0.042139368525439334,0.02607576533132447,-0.04284390089177093,0.0553577809071081,-0.029508923070607724,0.1341598779642523,0.212
CAID3 Disorder-NOX,caid3,disorder_nox,IDP-Fusion,DED,calibrated,-0.00439217927869298,-0.08410028266661931,0.0762775327702962,0.918,-0.00530516998927756,-0.11800661448258322,0.11571914132150446,-0.04605221153827317,-0.00950640504610778,-0.08428536237000667,0.06203418009468072,0.802,-0.01154696734605023,-0.11028549213954811,0.08917786068722665,-0.05628066307310276,-0.015997883638186612,-0.052136066416811344,0.018300607230272742,0.39,-0.02000711998223155,-0.06491295360966409,0.023035082636698283,-0.06926362025726043,0.011605704359493632,-0.07292625694478891,0.10445646374449945,0.746
CAID3 Disorder-NOX,caid3,disorder_nox,rawMSA-disorder,DED,calibrated,0.018255448134184477,-0.05339314138839689,0.09446177620294116,0.638,0.028711149387534583,-0.07753912212868887,0.14699139252481658,0.03304530895849945,0.0008732555716866522,-0.0665989241340773,0.06776566518252941,0.99,0.002135791664906039,-0.0878691547633574,0.09719969143641599,-0.0017190761664961918,-0.00930277380683604,-0.04910892780130421,0.027090168067874176,0.664,-0.011574324236612114,-0.06207698198185492,0.03487215883351779,-0.022071134923541586,0.02755822194102052,-0.05414488548892666,0.11363595575418554,0.524
CAID3 Disorder-NOX,caid3,disorder_nox,Metapredict-v1,DED,calibrated,-0.0027438052208428047,-0.059779061742651615,0.050633436172997356,0.902,-0.0031090153476919713,-0.08445285663912333,0.07926334559477582,-0.04828231947860458,-0.034366588187140196,-0.11354412084836553,0.04201028723053283,0.382,-0.04530352548876979,-0.1467600238904716,0.06042094202641099,-0.11152788541119935,-0.04650316780858703,-0.07430593635106779,-0.01963070965335335,0.006,-0.05835645138364198,-0.09272324746303409,-0.02465602156674346,-0.13580104465409304,0.04375936258774422,-0.01800308665656417,0.10533308089216314,0.168
CAID3 Disorder-NOX,caid3,disorder_nox,Metapredict-v2,DED,calibrated,-0.006305668701495411,-0.06679235834501812,0.058889620141715365,0.8,-0.008533543916864296,-0.09669532730035944,0.09157588319550868,-0.024554771705673575,-0.012578016401176695,-0.09054763256666279,0.05591615128642423,0.712,-0.01588478804664526,-0.11825358771196873,0.08000171652700497,-0.037099467105036144,0.0008574799382879854,-0.01543902567835415,0.01741155940535318,0.93,0.001115664962153335,-0.019173034630541992,0.021668076511820098,-0.010228474426106774,-0.007163148639783397,-0.06991805390835586,0.05985277185188458,0.788
CAID3 Disorder-NOX,caid3,disorder_nox,Metapredict-v3,DED,calibrated,-0.05973587852936489,-0.12103443552902264,0.0035502602552119353,0.06,-0.08881415286160994,-0.17328773727842128,0.0055204431265062325,-0.16870281340013105,-0.08377338584296844,-0.16761333307384535,0.00677407418670523,0.062,-0.11245054946596598,-0.2184619518381946,0.009998596690752754,-0.21677782802733817,0.027539356316085253,0.01151545816329389,0.044498341155896105,0.001,0.03466205267752375,0.014199680705752012,0.05616286967316804,0.005847656290769251,-0.08727523484545015,-0.14917560175027353,-0.023125881815151808,0.002
CAID3 Disorder-NOX,caid3,disorder_nox,DisoMine,DED,calibrated,0.033834851122573964,-0.04883175732552249,0.11647186092043414,0.444,0.0529474294255717,-0.06827045493641881,0.18781848464426915,0.07513402720087645,-0.044689152672341595,-0.12640634112410257,0.03850957454424343,0.326,-0.05935016928325856,-0.16365194768726654,0.055853181349918596,-0.08191398038895466,-0.06399402697057777,-0.09837042913030483,-0.028851203208560224,0.002,-0.08029646380423,-0.12209403216839905,-0.03703822217534584,-0.12052372898542703,0.09782887809315173,0.011145577178790864,0.18435972220677707,0.04
CAID3 Disorder-NOX,caid3,disorder_nox,PUNCH2,DED,calibrated,-0.05463538215964499,-0.11468811518160496,0.0028287368160314296,0.076,-0.08116793820604007,-0.16921255350066913,0.004803707715499962,-0.12616797115452813,-0.0489867922664049,-0.11169313303125923,0.009386429521794018,0.12,-0.06580748759668498,-0.14596719703943783,0.01309095172710659,-0.11487079136804795,0.026326093821578783,0.007999004926678505,0.04671056925746378,0.01,0.033145319577363,0.009662671292510907,0.05920007047011208,0.03575498080791941,-0.08096147598122377,-0.14175046229645918,-0.019127249237355523,0.002
CAID3 Disorder-NOX,caid3,disorder_nox,PUNCH2-Light,DED,calibrated,-0.06611640000265667,-0.12320577801067273,-0.014488333823032535,0.008,-0.09850540814160857,-0.178518630554678,-0.021753037766479178,-0.15630000587595608,-0.06104201449765725,-0.12406704661789042,-0.0022766587404814648,0.04,-0.08217584273155201,-0.16133697741099956,-0.0030993953961315525,-0.14615123486595727,0.02259802952131681,0.0038423819442298074,0.04380617576756632,0.03,0.028462349083630413,0.004880335379222188,0.05501350709886139,0.021128853171990872,-0.08871442952397347,-0.14749638786136443,-0.0322795071931022,0.002
CAID3 Disorder-NOX,caid3,disorder_nox,DisorderUnetLM,DED,calibrated,0.03249374558506992,-0.026321537548222862,0.089725438577376,0.288,0.04993130927908944,-0.03919581112721819,0.14373514280435062,0.07245128230756083,0.06866932282733648,0.00016818421158746322,0.1386945911454919,0.048,0.09502126913106147,0.0002126269808340962,0.20388908356620986,0.144802436792094,0.028279392247588086,0.008038122236578949,0.050815571142281024,0.006,0.03569266876482128,0.010059106975138125,0.06545310904277103,0.06402257563259715,0.004214353337481836,-0.05809921865780523,0.0662361487514238,0.932
CAID3 Disorder-NOX,caid3,disorder_nox,LMDisorder,DED,calibrated,-0.06672126593266353,-0.12285556260900135,-0.01558141454371973,0.01,-0.09956067893132527,-0.18104854549408989,-0.023623631165824596,-0.08507912981459995,-0.039030658918617164,-0.11096881996892141,0.036191474867456094,0.33,-0.05145423230859301,-0.14160081670708938,0.05493996369453753,-0.029697915786507205,-0.0006806190794195918,-0.019628701982901335,0.018854651540934828,0.938,-0.000814547916929193,-0.024762835941560334,0.024353900699706183,0.04700216389188793,-0.06604064685324393,-0.12341837645093684,-0.012087667986445791,0.012
CAID3 Disorder-NOX,caid3,disorder_nox,ESMDisPred-1,DED,calibrated,0.02044091316707469,-0.05512772716085333,0.0944733191323304,0.586,0.03207652060454787,-0.07802838652081012,0.14927631565808352,0.029000419508266262,-0.008567237250851551,-0.08601454889103581,0.06589100071184206,0.826,-0.010378020194914453,-0.1130443252993358,0.09390028054964313,-0.029015881327586222,0.014725413922602506,-0.009808388246428188,0.04177084046588326,0.254,0.01864542891501839,-0.011942115979697514,0.05292930251264621,0.017569421019321886,0.005715499244472188,-0.0735037602981599,0.08421910598933056,0.894
CAID3 Disorder-NOX,caid3,disorder_nox,ESMDisPred-2,DED,calibrated,0.0395757021158239,-0.035385646047149194,0.11524574469339886,0.282,0.06085798365731483,-0.05248864514670209,0.1792367009599843,0.023236814673182143,-0.0012801411249344667,-0.07768390248691288,0.07683419458997598,0.972,-0.0003765445771974645,-0.10185200386836224,0.1077743166943521,-0.0584748718083346,0.015249802558243937,-0.017343736314955546,0.0476653174272805,0.394,0.019338224579959047,-0.021126119672045602,0.06115233726172522,-0.025414984441977793,0.024325899557579966,-0.059258404931177,0.10639448595862033,0.56
CAID3 Disorder-NOX,caid3,disorder_nox,UdonPred-DisProt,DED,calibrated,0.023525509355410684,-0.041578834626383426,0.08304967759205448,0.452,0.03687449886358272,-0.055969388245733706,0.13382806781437118,0.04341915713556233,-0.017617873154263462,-0.08418931870083678,0.04805880256957999,0.62,-0.022245118882320815,-0.10825106879448787,0.0725062817255539,-0.038867607883785966,-0.03295865424769015,-0.05691401289215466,-0.009038584222798072,0.008,-0.0412741521776547,-0.06980092465497725,-0.011504128029154199,-0.06954917007063932,0.05648416360310082,-0.010974331085442764,0.119830066584936,0.096
CAID3 Disorder-NOX,caid3,disorder_nox,UdonPred-combined,DED,calibrated,0.004439472408568245,-0.06578601236296662,0.06632201836504116,0.868,0.007923949900453225,-0.09403925284900451,0.10193887874406725,0.009845619914503431,-0.0035494932689492365,-0.06098816525164778,0.057499592319509366,0.902,-0.0034830392835552217,-0.0788821621102064,0.08496392102634835,-0.006132311440531535,0.007885352694694219,-0.014603855537855153,0.030281789233918457,0.502,0.01001845483394374,-0.01813916318374641,0.03900369880868228,0.016737380486755372,-0.0034458802861259733,-0.07726513900290467,0.06444787607138569,0.96
CAID3 Disorder-NOX,caid3,disorder_nox,DARUMA-beta,DED,calibrated,-0.027880941646852148,-0.09198424617648455,0.038674651993894894,0.406,-0.040590417003990846,-0.13155614165014798,0.06282320040688898,-0.05769858311517413,-0.044703345554927096,-0.12653472825569603,0.035316851791950314,0.31,-0.059401118885162606,-0.1647328414160225,0.05067810585950194,-0.09134339093132404,-0.028299773285245265,-0.05273394894086199,-0.004261282882608471,0.022,-0.035502547683576524,-0.06558557574575073,-0.005494211068978992,-0.05853624639196037,0.00041883163839312253,-0.06655738986114304,0.07096565692042704,0.99
CAID3 Disorder-NOX,caid3,disorder_nox,DisoFLAG-IDR,DED,calibrated,-0.002145736711151182,-0.06632738737609521,0.05958977447803104,0.952,-0.0021757275049574397,-0.09583442991358218,0.09382681422193614,-0.03260765384068978,0.05154128270194801,-0.0028374615194998224,0.11012099519364474,0.06,0.07120127078313167,-0.003667924701846034,0.15955077646937796,0.0747663849855086,0.0005361076557176967,-0.026319460577567583,0.03013829441798014,0.976,0.0008346158398274258,-0.0331364581183152,0.03810207641566297,-0.027243965106952032,-0.0026818443668688787,-0.07084521554107358,0.06610657750797078,0.95
CAID3 Disorder-NOX,caid3,disorder_nox,s2D-2,DED,calibrated,-0.024407365826755352,-0.07835462004099836,0.031233336967533477,0.392,-0.03540477163518655,-0.11234789893207714,0.04992995539248122,0.13815427770113375,-0.0868734472820222,-0.15084526804863332,-0.022025942423265443,0.016,-0.1164101901632058,-0.19193415900235206,-0.03177901515394612,0.013222114790600063,-0.1479456313533745,-0.17779790107428697,-0.11818731929594899,0.001,-0.18587827863980577,-0.22179123938383666,-0.15239143305485706,-0.10892225335210451,0.12353826552661913,0.06226649439696873,0.18623849469437437,0.001
