dataset,method,kind,operating_point,threshold,stratum,local_recall,local_specificity,local_bacc,local_bacc_lo,local_bacc_hi,local_mcc,n_pos,n_neg
CAID2 Disorder-PDB,AlphaFold-disorder,AF,literal,0.5,short_lt20,0.39254658385093166,0.9710031347962382,0.681774859323585,0.6488316436581404,0.7136651445643213,0.42786442922655055,1610,1276
CAID2 Disorder-PDB,AlphaFold-disorder,AF,literal,0.5,mid_20_30,0.48513598987982287,0.9781659388646288,0.7316509643722258,0.6845560788171655,0.7758496303805974,0.5036652184012836,1581,1145
CAID2 Disorder-PDB,AlphaFold-disorder,AF,literal,0.5,long_gt30,0.5980815104298838,0.9543328135442192,0.7762071619870514,0.741439569569774,0.8078559434592588,0.4295177607858333,19703,4489
CAID2 Disorder-PDB,AlphaFold-disorder,AF,calibrated,0.308,short_lt20,0.6527950310559006,0.8894984326018809,0.7711467318288907,0.7371124762615178,0.8029717439089997,0.5469880196687041,1610,1276
CAID2 Disorder-PDB,AlphaFold-disorder,AF,calibrated,0.308,mid_20_30,0.6913345983554712,0.9179039301310044,0.8046192642432377,0.756889552346322,0.8479713410057697,0.6064728581605339,1581,1145
CAID2 Disorder-PDB,AlphaFold-disorder,AF,calibrated,0.308,long_gt30,0.7788661625133229,0.8924036533749165,0.8356349079441197,0.8014825113185952,0.8648722025927137,0.5486941282577726,19703,4489
CAID2 Disorder-PDB,AlphaFold-rsa,AF,literal,0.5,short_lt20,0.598136645962733,0.762539184952978,0.6803379154578555,0.6530601637990192,0.7079561764246111,0.3609781842567699,1610,1276
CAID2 Disorder-PDB,AlphaFold-rsa,AF,literal,0.5,mid_20_30,0.7229601518026565,0.8096069868995633,0.7662835693511099,0.7240253366616212,0.8060486008775632,0.5257117155359043,1581,1145
CAID2 Disorder-PDB,AlphaFold-rsa,AF,literal,0.5,long_gt30,0.8740800893264985,0.7665404321675207,0.8203102607470096,0.7790527685543392,0.8572516509942155,0.5792130694852221,19703,4489
CAID2 Disorder-PDB,AlphaFold-rsa,AF,calibrated,0.533,short_lt20,0.55527950310559,0.8260188087774295,0.6906491559415098,0.6617381078695177,0.7194992960161889,0.3888520807934902,1610,1276
CAID2 Disorder-PDB,AlphaFold-rsa,AF,calibrated,0.533,mid_20_30,0.6805819101834282,0.868122270742358,0.7743520904628931,0.7289354963928965,0.817759453019047,0.5443570475242249,1581,1145
CAID2 Disorder-PDB,AlphaFold-rsa,AF,calibrated,0.533,long_gt30,0.852611277470436,0.7988416128313656,0.8257264451509008,0.7828906781061418,0.8642778516865183,0.5715977097632721,19703,4489
CAID2 Disorder-PDB,AIUPred,DED,literal,0.5,short_lt20,0.5645962732919255,0.6865203761755486,0.6255583247337371,0.5985400808406407,0.6538757808385307,0.2505117572600836,1610,1276
CAID2 Disorder-PDB,AIUPred,DED,literal,0.5,mid_20_30,0.5932953826691967,0.6934497816593886,0.6433725821642926,0.6061179558287061,0.6785904069462124,0.2834718501510807,1581,1145
CAID2 Disorder-PDB,AIUPred,DED,literal,0.5,long_gt30,0.8562655433182764,0.7097349075517932,0.7830002254350348,0.7395195010893495,0.8301011584516523,0.5089866657025829,19703,4489
CAID2 Disorder-PDB,AIUPred,DED,calibrated,0.679,short_lt20,0.33229813664596275,0.8894984326018809,0.6108982846239218,0.580601172081184,0.6419097736826258,0.26008997599971406,1610,1276
CAID2 Disorder-PDB,AIUPred,DED,calibrated,0.679,mid_20_30,0.3864642631246047,0.9222707423580786,0.6543675027413416,0.6121800371268659,0.7018480721737855,0.3488074979421204,1581,1145
CAID2 Disorder-PDB,AIUPred,DED,calibrated,0.679,long_gt30,0.7483124397299904,0.8741367787926041,0.8112246092612972,0.7724045937498929,0.8474455882860954,0.5019860689338311,19703,4489
CAID2 Disorder-PDB,IUPred3,DED,literal,0.5,short_lt20,0.41055900621118013,0.8800940438871473,0.6453265250491638,0.6130777818056191,0.6762858302809738,0.320779112881892,1610,1276
CAID2 Disorder-PDB,IUPred3,DED,literal,0.5,mid_20_30,0.39152435167615435,0.9231441048034934,0.6573342282398239,0.6188009950613572,0.6951204111645847,0.35435945229330323,1581,1145
CAID2 Disorder-PDB,IUPred3,DED,literal,0.5,long_gt30,0.7079632543267522,0.829583426152818,0.7687733402397852,0.7311961381382031,0.8076709822513009,0.42808837812585315,19703,4489
CAID2 Disorder-PDB,IUPred3,DED,calibrated,0.512,short_lt20,0.38819875776397517,0.8910658307210031,0.6396322942424891,0.6065438327496775,0.6729662648976087,0.314365425593379,1610,1276
CAID2 Disorder-PDB,IUPred3,DED,calibrated,0.512,mid_20_30,0.3757115749525617,0.9292576419213974,0.6524846084369795,0.6134094143787014,0.6897597211515579,0.3487305271187923,1581,1145
CAID2 Disorder-PDB,IUPred3,DED,calibrated,0.512,long_gt30,0.6930924224737349,0.8445087992871464,0.7688006108804406,0.7319656138199737,0.806717709115344,0.42546255944715783,19703,4489
CAID2 Disorder-PDB,ESpritz-D,DED,literal,0.5,short_lt20,0.09813664596273292,0.9608150470219435,0.5294758464923383,0.5118304446138541,0.5496748254571286,0.11321334002050691,1610,1276
CAID2 Disorder-PDB,ESpritz-D,DED,literal,0.5,mid_20_30,0.06261859582542695,0.9930131004366812,0.5278158481310541,0.506493372184715,0.5523048704845439,0.14139411775973407,1581,1145
CAID2 Disorder-PDB,ESpritz-D,DED,literal,0.5,long_gt30,0.34974369385372783,0.9235910002227667,0.6366673470382473,0.5945618624072614,0.6850481835803267,0.2320914668905793,19703,4489
CAID2 Disorder-PDB,ESpritz-D,DED,calibrated,0.254,short_lt20,0.38198757763975155,0.7484326018808778,0.5652100897603147,0.5455974338096272,0.5852728357470596,0.13836550701744615,1610,1276
CAID2 Disorder-PDB,ESpritz-D,DED,calibrated,0.254,mid_20_30,0.47438330170777987,0.7117903930131004,0.5930868473604402,0.55681168820646,0.6291536893599846,0.187871197145443,1581,1145
CAID2 Disorder-PDB,ESpritz-D,DED,calibrated,0.254,long_gt30,0.8237324265340303,0.6491423479616841,0.7364373872478572,0.6772646923809548,0.7973849721744319,0.4170303681829855,19703,4489
CAID2 Disorder-PDB,ESpritz-N,DED,literal,0.5,short_lt20,0.4217391304347826,0.8847962382445141,0.6532676843396483,0.6184880753005956,0.6852322509204468,0.33681795360406486,1610,1276
CAID2 Disorder-PDB,ESpritz-N,DED,literal,0.5,mid_20_30,0.38077166350411135,0.9449781659388646,0.662874914721488,0.6184941912492551,0.708764350237296,0.3743717389751954,1581,1145
CAID2 Disorder-PDB,ESpritz-N,DED,literal,0.5,long_gt30,0.5489011825610313,0.897081755402094,0.7229914689815626,0.6943312988053505,0.751475783773295,0.34754834923233163,19703,4489
CAID2 Disorder-PDB,ESpritz-N,DED,calibrated,0.377,short_lt20,0.5204968944099378,0.7978056426332288,0.6591512685215833,0.6265409685245006,0.6910796207964528,0.3257216175397382,1610,1276
CAID2 Disorder-PDB,ESpritz-N,DED,calibrated,0.377,mid_20_30,0.5015812776723593,0.8882096069868995,0.6948954423296294,0.6504995193531475,0.741276248454966,0.40675409970595394,1581,1145
CAID2 Disorder-PDB,ESpritz-N,DED,calibrated,0.377,long_gt30,0.6702532609247323,0.8244597905992426,0.7473565257619874,0.7104626895276785,0.7804691670342753,0.3894627363342732,19703,4489
CAID2 Disorder-PDB,ESpritz-X,DED,literal,0.5,short_lt20,0.13229813664596274,0.9866771159874608,0.5594876263167118,0.5367136624854385,0.5821209415049486,0.2181810148520586,1610,1276
CAID2 Disorder-PDB,ESpritz-X,DED,literal,0.5,mid_20_30,0.14927261227071473,0.9860262008733625,0.5676494065720386,0.5372658005844076,0.6003358050078119,0.23054863072625117,1581,1145
CAID2 Disorder-PDB,ESpritz-X,DED,literal,0.5,long_gt30,0.2528041415012942,0.9766094898641122,0.6147068156827032,0.5882939279793975,0.6459875560726098,0.21887045266222982,19703,4489
CAID2 Disorder-PDB,ESpritz-X,DED,calibrated,0.074,short_lt20,0.5248447204968945,0.7852664576802508,0.6550555890885726,0.6237838339188709,0.687112803160708,0.3160984586587013,1610,1276
CAID2 Disorder-PDB,ESpritz-X,DED,calibrated,0.074,mid_20_30,0.5648323845667299,0.7982532751091703,0.6815428298379501,0.644166176255437,0.7179866045528565,0.3640519513905734,1581,1145
CAID2 Disorder-PDB,ESpritz-X,DED,calibrated,0.074,long_gt30,0.684413541085114,0.7986188460681666,0.7415161935766403,0.7022899951689288,0.7792303310123585,0.38249206047708184,19703,4489
CAID2 Disorder-PDB,MobiDB-lite,DED,literal,0.5,short_lt20,0.35838509316770184,0.9341692789968652,0.6462771860822836,0.6146716983891305,0.6777825473532608,0.3457634880776904,1610,1276
CAID2 Disorder-PDB,MobiDB-lite,DED,literal,0.5,mid_20_30,0.35357368753953194,0.9580786026200874,0.6558261450798096,0.6114803135773417,0.6996309687658608,0.36972530598776515,1581,1145
CAID2 Disorder-PDB,MobiDB-lite,DED,literal,0.5,long_gt30,0.5228137847028371,0.9233682334595679,0.7230910090812025,0.6942038651752178,0.752347137338887,0.34942875965865394,19703,4489
CAID2 Disorder-PDB,MobiDB-lite,DED,calibrated,0.25,short_lt20,0.5571428571428572,0.8205329153605015,0.6888378862516793,0.660092851799359,0.7176518636696966,0.38453145587665527,1610,1276
CAID2 Disorder-PDB,MobiDB-lite,DED,calibrated,0.25,mid_20_30,0.5376344086021505,0.891703056768559,0.7146687326853547,0.6735909605764192,0.7533958563880174,0.4422022388053039,1581,1145
CAID2 Disorder-PDB,MobiDB-lite,DED,calibrated,0.25,long_gt30,0.7251180023346698,0.8222321229672532,0.7736750626509615,0.7367685061733843,0.8092243713822478,0.4391833606910492,19703,4489
CAID2 Disorder-PDB,flDPnn,DED,literal,0.5,short_lt20,0.1124223602484472,0.975705329153605,0.5440638447010261,0.5201013095224454,0.5676204465704682,0.1677652571582399,1610,1276
CAID2 Disorder-PDB,flDPnn,DED,literal,0.5,mid_20_30,0.13851992409867173,0.9676855895196507,0.5531027568091612,0.5238801104735311,0.5867551048159106,0.1796996712443234,1581,1145
CAID2 Disorder-PDB,flDPnn,DED,literal,0.5,long_gt30,0.28762117444044055,0.9514368456226331,0.6195290100315368,0.57692714564283,0.6651292563035016,0.21660200642690083,19703,4489
CAID2 Disorder-PDB,flDPnn,DED,calibrated,0.167,short_lt20,0.5677018633540373,0.75,0.6588509316770186,0.6258380023341674,0.6886859416433458,0.3189628272009751,1610,1276
CAID2 Disorder-PDB,flDPnn,DED,calibrated,0.167,mid_20_30,0.6242884250474383,0.8008733624454148,0.7125808937464266,0.6672377425591128,0.7518240672672483,0.4221847398991284,1581,1145
CAID2 Disorder-PDB,flDPnn,DED,calibrated,0.167,long_gt30,0.7237476526417297,0.7983960793049677,0.7610718659733486,0.7128738722217175,0.8058199197872332,0.4196991809885913,19703,4489
CAID2 Disorder-PDB,flDPnn2,DED,literal,0.5,short_lt20,0.11614906832298137,0.975705329153605,0.5459271987382932,0.5244443510228378,0.5707924695102349,0.17263031719658473,1610,1276
CAID2 Disorder-PDB,flDPnn2,DED,literal,0.5,mid_20_30,0.1827956989247312,0.9685589519650655,0.5756773254448984,0.5413785764358207,0.6146941403310968,0.2305295956219565,1581,1145
CAID2 Disorder-PDB,flDPnn2,DED,literal,0.5,long_gt30,0.2822412830533421,0.9632434840721764,0.6227423835627592,0.5847755907543158,0.6684742064440995,0.22451917735137436,19703,4489
CAID2 Disorder-PDB,flDPnn2,DED,calibrated,0.196,short_lt20,0.5329192546583851,0.7068965517241379,0.6199079031912615,0.587128327698914,0.6484686863228757,0.24079250953784184,1610,1276
CAID2 Disorder-PDB,flDPnn2,DED,calibrated,0.196,mid_20_30,0.5920303605313093,0.7615720524017467,0.6768012064665281,0.6361708769735468,0.7138968451784669,0.3512998443711025,1581,1145
CAID2 Disorder-PDB,flDPnn2,DED,calibrated,0.196,long_gt30,0.7766330000507536,0.7750055691690799,0.7758192846099168,0.7262163626241864,0.8198353024783891,0.45759249148095194,19703,4489
CAID2 Disorder-PDB,DISOPRED3-diso,DED,literal,0.5,short_lt20,0.47080745341614905,0.8855799373040752,0.6781936953601122,0.6463631811819666,0.7120016893115099,0.381614233611295,1610,1276
CAID2 Disorder-PDB,DISOPRED3-diso,DED,literal,0.5,mid_20_30,0.5382669196710942,0.925764192139738,0.7320155559054161,0.6802496858766153,0.7819109505943002,0.4823378442680164,1581,1145
CAID2 Disorder-PDB,DISOPRED3-diso,DED,literal,0.5,long_gt30,0.7121250570979039,0.9173535308531967,0.8147392939755502,0.7797372619691516,0.8451097893413039,0.4985620232658295,19703,4489
CAID2 Disorder-PDB,DISOPRED3-diso,DED,calibrated,0.41,short_lt20,0.5198757763975155,0.8479623824451411,0.6839190794213283,0.6508829542614253,0.7170037000210716,0.3812358784458317,1610,1276
CAID2 Disorder-PDB,DISOPRED3-diso,DED,calibrated,0.41,mid_20_30,0.5951929158760279,0.8995633187772926,0.7473781173266603,0.6932145095717945,0.798036882337217,0.5012677441463145,1581,1145
CAID2 Disorder-PDB,DISOPRED3-diso,DED,calibrated,0.41,long_gt30,0.749022991422626,0.8975272889284919,0.8232751401755589,0.7889632612855912,0.852047579999228,0.5203211305972782,19703,4489
CAID2 Disorder-PDB,SETH-0,DED,literal,0.5,short_lt20,0.3763975155279503,0.9545454545454546,0.6654714850367025,0.6334693094474951,0.6997334242774463,0.3905128853480072,1610,1276
CAID2 Disorder-PDB,SETH-0,DED,literal,0.5,mid_20_30,0.49209361163820364,0.9589519650655022,0.7255227883518529,0.6762237752833564,0.7737676182898843,0.4845862352266932,1581,1145
CAID2 Disorder-PDB,SETH-0,DED,literal,0.5,long_gt30,0.72603156879663,0.9253731343283582,0.8257023515624942,0.795912861799751,0.8539528991128574,0.5180529796557701,19703,4489
CAID2 Disorder-PDB,SETH-0,DED,calibrated,0.419,short_lt20,0.5583850931677019,0.8942006269592476,0.7262928600634748,0.6951074672191787,0.7576547791033276,0.4687684365173207,1610,1276
CAID2 Disorder-PDB,SETH-0,DED,calibrated,0.419,mid_20_30,0.6160657811511702,0.9056768558951965,0.7608713185231833,0.7137490705764431,0.8077714700262251,0.5263328424351129,1581,1145
CAID2 Disorder-PDB,SETH-0,DED,calibrated,0.419,long_gt30,0.8126173679135157,0.8792604143461795,0.8459388911298475,0.8123855850286362,0.8758347860434265,0.5786470634639052,19703,4489
CAID2 Disorder-PDB,SETH-1,DED,literal,0.5,short_lt20,0.4832298136645963,0.9247648902821317,0.703997351973364,0.6701142565891581,0.7383137777880779,0.44098426798239715,1610,1276
CAID2 Disorder-PDB,SETH-1,DED,literal,0.5,mid_20_30,0.5395319418089817,0.9109170305676856,0.7252244861883337,0.6691934055243627,0.7726543479497997,0.46601866605520714,1581,1145
CAID2 Disorder-PDB,SETH-1,DED,literal,0.5,long_gt30,0.7254732781809876,0.8973045221652929,0.8113889001731402,0.7764049619454747,0.8419249229955036,0.4963494216347164,19703,4489
CAID2 Disorder-PDB,SETH-1,DED,calibrated,0.426,short_lt20,0.5745341614906833,0.8746081504702194,0.7245711559804513,0.6886321576827865,0.759186771122076,0.46052214613248116,1610,1276
CAID2 Disorder-PDB,SETH-1,DED,calibrated,0.426,mid_20_30,0.6375711574952562,0.8829694323144105,0.7602702949048333,0.7046317213411533,0.8051761421290218,0.5207300465548251,1581,1145
CAID2 Disorder-PDB,SETH-1,DED,calibrated,0.426,long_gt30,0.7876973049789372,0.8685676097126309,0.828132457345784,0.7922841211591581,0.8593706639849286,0.5408950097355928,19703,4489
CAID2 Disorder-PDB,VSL2,DED,literal,0.5,short_lt20,0.7254658385093168,0.6387147335423198,0.6820902860258182,0.6448126089162329,0.7179585257178754,0.3647765134150426,1610,1276
CAID2 Disorder-PDB,VSL2,DED,literal,0.5,mid_20_30,0.7160025300442757,0.6393013100436681,0.6776519200439719,0.6279500521366813,0.7223324227510388,0.35389904357488594,1581,1145
CAID2 Disorder-PDB,VSL2,DED,literal,0.5,long_gt30,0.8580926762421967,0.6881265315214969,0.7731096038818468,0.7376282674818623,0.8087107106708656,0.4949098813723651,19703,4489
CAID2 Disorder-PDB,VSL2,DED,calibrated,0.643,short_lt20,0.4826086956521739,0.8119122257053292,0.6472604606787515,0.6144857288920271,0.6791650530308805,0.3061887984283048,1610,1276
CAID2 Disorder-PDB,VSL2,DED,calibrated,0.643,mid_20_30,0.5490196078431373,0.8358078602620087,0.692413734052573,0.6484454822894787,0.7321848266482585,0.38989220006044384,1581,1145
CAID2 Disorder-PDB,VSL2,DED,calibrated,0.643,long_gt30,0.7486677155763082,0.8478503007351303,0.7982590081557193,0.7641209664364833,0.8295883748352992,0.4825283426770531,19703,4489
CAID2 Disorder-PDB,SPOT-Disorder,DED,literal,0.5,short_lt20,0.4472049689440994,0.9043887147335423,0.6757968418388208,0.6433764656178401,0.7081232699182853,0.3841340880616658,1610,1276
CAID2 Disorder-PDB,SPOT-Disorder,DED,literal,0.5,mid_20_30,0.58191018342821,0.9074235807860263,0.7446668821071181,0.6923960978745081,0.7951957301204359,0.49851211886289776,1581,1145
CAID2 Disorder-PDB,SPOT-Disorder,DED,literal,0.5,long_gt30,0.8046490382175303,0.8465137001559367,0.8255813691867335,0.7805660020574836,0.866081428473939,0.5444036858486915,19703,4489
CAID2 Disorder-PDB,SPOT-Disorder,DED,calibrated,0.392,short_lt20,0.537888198757764,0.8503134796238244,0.6941008391907941,0.6630148172884216,0.7255461637825823,0.40017627520009064,1610,1276
CAID2 Disorder-PDB,SPOT-Disorder,DED,calibrated,0.392,mid_20_30,0.6432637571157496,0.8716157205240175,0.7574397388198835,0.7081932670457277,0.8080919659427783,0.5137564120090649,1581,1145
CAID2 Disorder-PDB,SPOT-Disorder,DED,calibrated,0.392,long_gt30,0.8414454651575902,0.8148808197816886,0.8281631424696394,0.7810206902360308,0.8694179147726558,0.568044684903817,19703,4489
CAID2 Disorder-PDB,SPOT-Disorder2,DED,literal,0.5,short_lt20,0.4714285714285714,0.9396551724137931,0.7055418719211823,0.6719335390593394,0.7415347026433381,0.4500787504174869,1610,1276
CAID2 Disorder-PDB,SPOT-Disorder2,DED,literal,0.5,mid_20_30,0.5433270082226439,0.9519650655021834,0.7476460368624136,0.6981644124732759,0.7969815344988123,0.5178188569317033,1581,1145
CAID2 Disorder-PDB,SPOT-Disorder2,DED,literal,0.5,long_gt30,0.7876973049789372,0.9191356649587882,0.8534164849688627,0.8189044200030455,0.8841331890381718,0.5786515659293481,19703,4489
CAID2 Disorder-PDB,SPOT-Disorder2,DED,calibrated,0.414,short_lt20,0.5490683229813664,0.9036050156739812,0.7263366693276738,0.6946764912717801,0.7585700059565117,0.47167739819865906,1610,1276
CAID2 Disorder-PDB,SPOT-Disorder2,DED,calibrated,0.414,mid_20_30,0.6217583807716635,0.9283842794759826,0.775071330123823,0.7269900714279706,0.8205964847315301,0.5565246194735469,1581,1145
CAID2 Disorder-PDB,SPOT-Disorder2,DED,calibrated,0.414,long_gt30,0.8252042836116328,0.8848295834261528,0.8550169335188929,0.8173564100334466,0.8874585421552572,0.5986747977719378,19703,4489
CAID2 Disorder-PDB,SPOT-Disorder-Single,DED,literal,0.5,short_lt20,0.24472049689440994,0.95141065830721,0.59806557760081,0.5686619619257535,0.6291597762562918,0.26705413286216156,1610,1276
CAID2 Disorder-PDB,SPOT-Disorder-Single,DED,literal,0.5,mid_20_30,0.24731182795698925,0.9851528384279477,0.6162323331924684,0.5757235103562751,0.6567554066195773,0.3216168783590814,1581,1145
CAID2 Disorder-PDB,SPOT-Disorder-Single,DED,literal,0.5,long_gt30,0.5867126833477135,0.9492091779906437,0.7679609306691786,0.7346462871458801,0.8007359744122344,0.41681324610171805,19703,4489
CAID2 Disorder-PDB,SPOT-Disorder-Single,DED,calibrated,0.193,short_lt20,0.48198757763975153,0.8299373040752351,0.6559624408574933,0.6263260829272511,0.6867078661237297,0.32609066245791074,1610,1276
CAID2 Disorder-PDB,SPOT-Disorder-Single,DED,calibrated,0.193,mid_20_30,0.5325743200506009,0.868995633187773,0.7007849766191869,0.6550954365188301,0.7455454285018341,0.41195474135330185,1581,1145
CAID2 Disorder-PDB,SPOT-Disorder-Single,DED,calibrated,0.193,long_gt30,0.7759224483581181,0.8416128313655603,0.8087676398618392,0.7732068342847483,0.8403955654197837,0.5072649538000732,19703,4489
CAID2 Disorder-PDB,DisEMBL-dis465,DED,literal,0.5,short_lt20,0.40559006211180126,0.8918495297805643,0.6487197959461828,0.6159732306098602,0.6816916517847285,0.33117442912581446,1610,1276
CAID2 Disorder-PDB,DisEMBL-dis465,DED,literal,0.5,mid_20_30,0.36432637571157495,0.9379912663755459,0.6511588210435604,0.6077011170051579,0.6920508373098938,0.3507137434622585,1581,1145
CAID2 Disorder-PDB,DisEMBL-dis465,DED,literal,0.5,long_gt30,0.3880627315637213,0.932501670750724,0.6602822011572227,0.6381507516333141,0.68604186613351,0.2653181157620158,19703,4489
CAID2 Disorder-PDB,DisEMBL-dis465,DED,calibrated,0.413,short_lt20,0.5826086956521739,0.7876175548589341,0.685113125255554,0.6496675179537941,0.7192682630947534,0.3726711745814667,1610,1276
CAID2 Disorder-PDB,DisEMBL-dis465,DED,calibrated,0.413,mid_20_30,0.5458570524984188,0.8480349344978166,0.6969459934981177,0.6455918789447564,0.74406618762284,0.4004438436669206,1581,1145
CAID2 Disorder-PDB,DisEMBL-dis465,DED,calibrated,0.413,long_gt30,0.565243871491651,0.8396079304967698,0.7024259009942104,0.676552509691354,0.728608791262256,0.3148328720177053,19703,4489
CAID2 Disorder-PDB,DisEMBL-disHL,DED,literal,0.5,short_lt20,0.002484472049689441,1.0,0.5012422360248447,0.5002850223137526,0.5024633930774216,0.03316617642480252,1610,1276
CAID2 Disorder-PDB,DisEMBL-disHL,DED,literal,0.5,mid_20_30,0.0006325110689437065,1.0,0.5003162555344719,0.5,0.5010672022128302,0.016302475457218978,1581,1145
CAID2 Disorder-PDB,DisEMBL-disHL,DED,literal,0.5,long_gt30,0.0006597980003045221,0.9997772332368011,0.5002185156185528,0.49988239824030367,0.5005112899020263,0.007064464653048311,19703,4489
CAID2 Disorder-PDB,DisEMBL-disHL,DED,calibrated,0.068,short_lt20,0.8093167701863354,0.4890282131661442,0.6491724916762398,0.6214313466355827,0.680943481543029,0.31696316401540126,1610,1276
CAID2 Disorder-PDB,DisEMBL-disHL,DED,calibrated,0.068,mid_20_30,0.7311827956989247,0.6043668122270742,0.6677748039629995,0.626861771257867,0.7054259837073291,0.3367602361531735,1581,1145
CAID2 Disorder-PDB,DisEMBL-disHL,DED,calibrated,0.068,long_gt30,0.676191442927473,0.565827578525284,0.6210095107263784,0.5803672708236034,0.6604786265431788,0.19501144354955446,19703,4489
CAID2 Disorder-PDB,IsUnstruct,DED,literal,0.5,short_lt20,0.6378881987577639,0.7390282131661442,0.6884582059619541,0.6547231390557592,0.7249427712041154,0.37500460634602095,1610,1276
CAID2 Disorder-PDB,IsUnstruct,DED,literal,0.5,mid_20_30,0.6470588235294118,0.8314410480349345,0.7392499357821731,0.6926142810410716,0.7829643140935619,0.4751111719740608,1581,1145
CAID2 Disorder-PDB,IsUnstruct,DED,literal,0.5,long_gt30,0.7768867685124092,0.8184450879928714,0.7976659282526404,0.7621577588636579,0.8307123739500041,0.4908557446905473,19703,4489
CAID2 Disorder-PDB,IsUnstruct,DED,calibrated,0.6,short_lt20,0.5335403726708075,0.7907523510971787,0.6621463618839931,0.627947475843386,0.6967966987388045,0.3301793821037349,1610,1276
CAID2 Disorder-PDB,IsUnstruct,DED,calibrated,0.6,mid_20_30,0.5597722960151803,0.8759825327510917,0.717877414383136,0.6744219395993166,0.7575176278556444,0.4438425918187925,1581,1145
CAID2 Disorder-PDB,IsUnstruct,DED,calibrated,0.6,long_gt30,0.7194335887935848,0.8699042102918244,0.7946688995427046,0.7615173530154109,0.8258267848626174,0.4697338902065437,19703,4489
CAID2 Disorder-PDB,RONN,DED,literal,0.5,short_lt20,0.6565217391304348,0.6214733542319749,0.6389975466812048,0.6051917497693847,0.6728958344258232,0.2767531135397203,1610,1276
CAID2 Disorder-PDB,RONN,DED,literal,0.5,mid_20_30,0.6888045540796964,0.7790393013100436,0.7339219276948701,0.6844793143893594,0.7783429265781618,0.46187590340938434,1581,1145
CAID2 Disorder-PDB,RONN,DED,literal,0.5,long_gt30,0.751662183423844,0.7885943417242147,0.7701282625740293,0.7382826350508039,0.80411907213073,0.4407432039265087,19703,4489
CAID2 Disorder-PDB,RONN,DED,calibrated,0.56,short_lt20,0.48012422360248447,0.8111285266457681,0.6456263751241262,0.6129182614071172,0.6785872954246526,0.30299566185452304,1610,1276
CAID2 Disorder-PDB,RONN,DED,calibrated,0.56,mid_20_30,0.551549652118912,0.885589519650655,0.7185695858847836,0.6699973592436758,0.761831477315187,0.44739929783355414,1581,1145
CAID2 Disorder-PDB,RONN,DED,calibrated,0.56,long_gt30,0.6340151246003147,0.8928491869013143,0.7634321557508146,0.7367991361574172,0.7909159661887041,0.41071681153801054,19703,4489
CAID2 Disorder-PDB,PreDisorder,DED,literal,0.5,short_lt20,0.7701863354037267,0.6065830721003135,0.6883847037520201,0.6599170749318187,0.7172194562094211,0.3825399703276493,1610,1276
CAID2 Disorder-PDB,PreDisorder,DED,literal,0.5,mid_20_30,0.8108791903858318,0.6759825327510917,0.7434308615684617,0.7010435063306212,0.7806337741600735,0.49185605525947107,1581,1145
CAID2 Disorder-PDB,PreDisorder,DED,literal,0.5,long_gt30,0.835253514693194,0.7304522165292938,0.7828528656112439,0.7487009927062215,0.8141143640950906,0.4955185275470358,19703,4489
CAID2 Disorder-PDB,PreDisorder,DED,calibrated,0.567,short_lt20,0.570807453416149,0.8252351097178683,0.6980212815670086,0.6595123381850435,0.7375312865549306,0.4022294318208661,1610,1276
CAID2 Disorder-PDB,PreDisorder,DED,calibrated,0.567,mid_20_30,0.6091081593927894,0.8908296943231441,0.7499689268579668,0.7008165110101249,0.7962269457627033,0.5038639689749435,1581,1145
CAID2 Disorder-PDB,PreDisorder,DED,calibrated,0.567,long_gt30,0.6725371770796326,0.8895076854533304,0.7810224312664815,0.747372080351151,0.812760040130267,0.441116979821053,19703,4489
CAID2 Disorder-PDB,OPAL,DED,literal,0.5,short_lt20,0.7236024844720497,0.3401253918495298,0.5318639381607897,0.5124282024674618,0.5511295557870016,0.06877009078217675,1610,1276
CAID2 Disorder-PDB,OPAL,DED,literal,0.5,mid_20_30,0.8222643896268185,0.2366812227074236,0.529472806167121,0.5052613944372106,0.5548311072989559,0.07239704716458055,1581,1145
CAID2 Disorder-PDB,OPAL,DED,literal,0.5,long_gt30,0.756839060041618,0.4319447538427267,0.5943919069421724,0.5378725186159964,0.6539115286149929,0.16377635941310226,19703,4489
CAID2 Disorder-PDB,OPAL,DED,calibrated,0.501,short_lt20,0.7167701863354037,0.34247648902821315,0.5296233376818085,0.5088211353426845,0.5505808988571872,0.06365358689491507,1610,1276
CAID2 Disorder-PDB,OPAL,DED,calibrated,0.501,mid_20_30,0.8178368121442126,0.2410480349344978,0.5294424235393552,0.5038662831544658,0.5569363119629474,0.07174717952366133,1581,1145
CAID2 Disorder-PDB,OPAL,DED,calibrated,0.501,long_gt30,0.7503933411155661,0.44152372466028067,0.5959585328879233,0.5389222787975714,0.6565605262799323,0.16523704421343585,19703,4489
CAID2 Disorder-PDB,pyHCA,DED,literal,0.5,short_lt20,0.07391304347826087,0.9843260188087775,0.5291195311435192,0.5127254166422456,0.5458282247167967,0.1350877347306049,1610,1276
CAID2 Disorder-PDB,pyHCA,DED,literal,0.5,mid_20_30,0.11891208096141682,0.9921397379912664,0.5555259094763416,0.5301897730516023,0.5833171269594846,0.21168341195294485,1581,1145
CAID2 Disorder-PDB,pyHCA,DED,literal,0.5,long_gt30,0.32588945845810285,0.9634662508353754,0.6446778546467391,0.6090815855638415,0.6830008148721439,0.25272747914752586,19703,4489
CAID2 Disorder-PDB,pyHCA,DED,calibrated,0.249,short_lt20,0.41987577639751555,0.8158307210031348,0.6178532487003252,0.5892496946454157,0.6453543158998944,0.25186457684885777,1610,1276
CAID2 Disorder-PDB,pyHCA,DED,calibrated,0.249,mid_20_30,0.4769133459835547,0.8873362445414847,0.6821247952625198,0.6380642229430509,0.7249931444024164,0.3841711353865067,1581,1145
CAID2 Disorder-PDB,pyHCA,DED,calibrated,0.249,long_gt30,0.7139521900218241,0.8104254845177099,0.7621888372697669,0.7169021564617817,0.8057291808987866,0.4192724511425413,19703,4489
CAID2 Disorder-PDB,DeepIDP-2L,DED,literal,0.5,short_lt20,0.45527950310559007,0.859717868338558,0.657498685722074,0.6241266919151082,0.6918594946784907,0.3364915879389633,1610,1276
CAID2 Disorder-PDB,DeepIDP-2L,DED,literal,0.5,mid_20_30,0.5534471853257432,0.8541484716157205,0.7037978284707318,0.6633205030799041,0.743002817096032,0.4139933099424013,1581,1145
CAID2 Disorder-PDB,DeepIDP-2L,DED,literal,0.5,long_gt30,0.7612546312744252,0.8024058810425484,0.7818302561584868,0.7338797636599904,0.8270300967928891,0.4614826203316414,19703,4489
CAID2 Disorder-PDB,DeepIDP-2L,DED,calibrated,0.421,short_lt20,0.5161490683229814,0.8009404388714734,0.6585447535972273,0.6263040803224592,0.6913557739157925,0.3251235443210538,1610,1276
CAID2 Disorder-PDB,DeepIDP-2L,DED,calibrated,0.421,mid_20_30,0.6154332700822265,0.7860262008733624,0.7007297354777944,0.6611792183353958,0.7427174382722755,0.3985529897447838,1581,1145
CAID2 Disorder-PDB,DeepIDP-2L,DED,calibrated,0.421,long_gt30,0.819672131147541,0.7529516596123859,0.7863118953799635,0.7445148611954673,0.8281948145537207,0.49231373759861724,19703,4489
CAID2 Disorder-PDB,PredIDR-long,DED,literal,0.5,short_lt20,0.684472049689441,0.7311912225705329,0.707831636129987,0.6749176586907842,0.7406943031565161,0.41287065235060494,1610,1276
CAID2 Disorder-PDB,PredIDR-long,DED,literal,0.5,mid_20_30,0.7520556609740671,0.8462882096069869,0.799171935290527,0.7582682502001966,0.8400817844393956,0.5906417422788836,1581,1145
CAID2 Disorder-PDB,PredIDR-long,DED,literal,0.5,long_gt30,0.8802212860985636,0.7841390064602362,0.8321801462793998,0.7975245122114694,0.8628525812926651,0.6021269921149394,19703,4489
CAID2 Disorder-PDB,PredIDR-long,DED,calibrated,0.553,short_lt20,0.613664596273292,0.804858934169279,0.7092617652212855,0.6769458309953331,0.7397258337082556,0.42001323701524207,1610,1276
CAID2 Disorder-PDB,PredIDR-long,DED,calibrated,0.553,mid_20_30,0.7008222643896268,0.891703056768559,0.7962626605790929,0.7548923301413751,0.8374775420607128,0.58761779610811,1581,1145
CAID2 Disorder-PDB,PredIDR-long,DED,calibrated,0.553,long_gt30,0.8544891640866873,0.836043662285587,0.8452664131861372,0.8116474158741127,0.8738616806555946,0.6021236951049277,19703,4489
CAID2 Disorder-PDB,PredIDR-short,DED,literal,0.5,short_lt20,0.7484472049689441,0.7351097178683386,0.7417784614186413,0.7068744310863111,0.7750388108905333,0.4814652099999007,1610,1276
CAID2 Disorder-PDB,PredIDR-short,DED,literal,0.5,mid_20_30,0.7716635041113219,0.8410480349344979,0.8063557695229099,0.7676043472779247,0.8466610892150356,0.605071557088633,1581,1145
CAID2 Disorder-PDB,PredIDR-short,DED,literal,0.5,long_gt30,0.8769730497893722,0.7957228781465805,0.8363479639679763,0.8043283411881952,0.8654551159612256,0.605676891075169,19703,4489
CAID2 Disorder-PDB,PredIDR-short,DED,calibrated,0.597,short_lt20,0.6658385093167701,0.8236677115987461,0.744753110457758,0.7098454391007282,0.7784656893901973,0.4887249985449171,1610,1276
CAID2 Disorder-PDB,PredIDR-short,DED,calibrated,0.597,mid_20_30,0.6944971537001897,0.9091703056768559,0.8018337296885227,0.7600025910657229,0.8442787176606928,0.60009737475194,1581,1145
CAID2 Disorder-PDB,PredIDR-short,DED,calibrated,0.597,long_gt30,0.8273866923818708,0.8527511695255068,0.8400689309536888,0.8075671698352753,0.8676244482981744,0.5776270060206845,19703,4489
CAID2 Disorder-PDB,AUCpred-profile,DED,literal,0.5,short_lt20,0.5391304347826087,0.8315047021943573,0.685317568488483,0.649804429716257,0.71943359560486,0.38016556159792986,1610,1276
CAID2 Disorder-PDB,AUCpred-profile,DED,literal,0.5,mid_20_30,0.6116382036685643,0.896943231441048,0.7542907175548061,0.708811000954861,0.8020412035543969,0.5128141754415297,1581,1145
CAID2 Disorder-PDB,AUCpred-profile,DED,literal,0.5,long_gt30,0.7214129827944983,0.8986411227444865,0.8100270527694924,0.7773623676985398,0.8388141883525995,0.4933821377052843,19703,4489
CAID2 Disorder-PDB,AUCpred-profile,DED,calibrated,0.15,short_lt20,0.6180124223602484,0.7656739811912225,0.6918432017757354,0.661548082685313,0.7232092204027969,0.3831563390071021,1610,1276
CAID2 Disorder-PDB,AUCpred-profile,DED,calibrated,0.15,mid_20_30,0.6742567994939912,0.840174672489083,0.757215735991537,0.712971887615804,0.7964655630047359,0.5095945111233771,1581,1145
CAID2 Disorder-PDB,AUCpred-profile,DED,calibrated,0.15,long_gt30,0.7860224331320104,0.8500779683671196,0.8180502007495649,0.7851836411003108,0.8492228148215017,0.5250904539342284,19703,4489
CAID2 Disorder-PDB,AUCpred-no-profile,DED,literal,0.5,short_lt20,0.4118012422360248,0.8808777429467085,0.6463394925913667,0.6173206672556971,0.6774427337131195,0.32289473371895244,1610,1276
CAID2 Disorder-PDB,AUCpred-no-profile,DED,literal,0.5,mid_20_30,0.4117647058823529,0.9493449781659389,0.6805548420241458,0.6329672302758536,0.72479786873536,0.40628589654609726,1581,1145
CAID2 Disorder-PDB,AUCpred-no-profile,DED,literal,0.5,long_gt30,0.5764096838044968,0.9180218311427935,0.7472157574736451,0.7157112007322868,0.7791066427636311,0.38460039038531213,19703,4489
CAID2 Disorder-PDB,AUCpred-no-profile,DED,calibrated,0.066,short_lt20,0.5944099378881987,0.7296238244514106,0.6620168811698046,0.6293996352584714,0.6921687274746453,0.32340405266153927,1610,1276
CAID2 Disorder-PDB,AUCpred-no-profile,DED,calibrated,0.066,mid_20_30,0.6129032258064516,0.8131004366812227,0.7130018312438371,0.6709161294552966,0.7492077186850434,0.4242351760879637,1581,1145
CAID2 Disorder-PDB,AUCpred-no-profile,DED,calibrated,0.066,long_gt30,0.7233923767954119,0.8282468255736244,0.7758196011845182,0.7442481549180833,0.8065910962556323,0.44204452246610215,19703,4489
CAID2 Disorder-PDB,DisoPred,DED,literal,0.5,short_lt20,0.23850931677018633,0.9043887147335423,0.5714490157518644,0.5446320630785112,0.5981374080633645,0.1866383062033241,1610,1276
CAID2 Disorder-PDB,DisoPred,DED,literal,0.5,mid_20_30,0.40860215053763443,0.8890829694323145,0.6488425599849744,0.6038823394641476,0.6979949407647762,0.32597548212531263,1581,1145
CAID2 Disorder-PDB,DisoPred,DED,literal,0.5,long_gt30,0.7339491448002842,0.8480730674983292,0.7910111061493067,0.7520526264616668,0.8260389465405377,0.46759976634119527,19703,4489
CAID2 Disorder-PDB,DisoPred,DED,calibrated,0.461,short_lt20,0.30869565217391304,0.8652037617554859,0.5869497069646994,0.5608894037556236,0.611833728896499,0.2046635430240709,1610,1276
CAID2 Disorder-PDB,DisoPred,DED,calibrated,0.461,mid_20_30,0.47185325743200507,0.840174672489083,0.656013964960544,0.6079604931909977,0.7075282842311912,0.3249228490404333,1581,1145
CAID2 Disorder-PDB,DisoPred,DED,calibrated,0.461,long_gt30,0.7773943054357204,0.8090888839385164,0.7932415946871184,0.7523323485327172,0.8334404971974895,0.4843449816038063,19703,4489
CAID2 Disorder-PDB,Dispredict2,DED,literal,0.5,short_lt20,0.27701863354037265,0.8440438871473355,0.560531260343854,0.5344183238044397,0.5868750510058642,0.14432687288130738,1610,1276
CAID2 Disorder-PDB,Dispredict2,DED,literal,0.5,mid_20_30,0.26438962681846934,0.8270742358078602,0.5457319313131648,0.5103977873451568,0.5837409421061208,0.10794104861009392,1581,1145
CAID2 Disorder-PDB,Dispredict2,DED,literal,0.5,long_gt30,0.29990356798457085,0.8061929160169303,0.5530482420007505,0.5115680388369244,0.5970634418565234,0.09183798707284543,19703,4489
CAID2 Disorder-PDB,Dispredict2,DED,calibrated,0.395,short_lt20,0.46645962732919255,0.677115987460815,0.5717878073950038,0.5484732655021562,0.5989877034844853,0.14537390741410677,1610,1276
CAID2 Disorder-PDB,Dispredict2,DED,calibrated,0.395,mid_20_30,0.4452877925363694,0.6820960698689956,0.5636919312026825,0.5204396521280725,0.6123868179086428,0.12879683822010807,1581,1145
CAID2 Disorder-PDB,Dispredict2,DED,calibrated,0.395,long_gt30,0.4815002791453078,0.6640677210960124,0.5727840001206601,0.5281119908036612,0.6209959445525304,0.11365058408668839,19703,4489
CAID2 Disorder-PDB,Dispredict3,DED,literal,0.5,short_lt20,0.1546583850931677,0.9647335423197492,0.5596959637064585,0.5369134778586515,0.5847197752051794,0.1960297900244743,1610,1276
CAID2 Disorder-PDB,Dispredict3,DED,literal,0.5,mid_20_30,0.21568627450980393,0.9580786026200874,0.5868824385649456,0.5505383219944304,0.6289999381036805,0.2452034176230729,1581,1145
CAID2 Disorder-PDB,Dispredict3,DED,literal,0.5,long_gt30,0.3222859463025935,0.932724437513923,0.6275051919082583,0.5783744987974442,0.6748427977154139,0.2220280943847264,19703,4489
CAID2 Disorder-PDB,Dispredict3,DED,calibrated,0.036,short_lt20,0.6204968944099379,0.7037617554858934,0.6621293249479157,0.6340356810596388,0.6893955064521404,0.32241723952006457,1610,1276
CAID2 Disorder-PDB,Dispredict3,DED,calibrated,0.036,mid_20_30,0.6641366223908919,0.7213973799126637,0.6927670011517778,0.641613063224868,0.7367092909891368,0.38057452783143636,1581,1145
CAID2 Disorder-PDB,Dispredict3,DED,calibrated,0.036,long_gt30,0.7919098614424199,0.7081755402094008,0.7500427008259103,0.7029913076179592,0.7959938925506765,0.42387614329313256,19703,4489
CAID2 Disorder-PDB,IDP-Fusion,DED,literal,0.5,short_lt20,0.5248447204968945,0.8479623824451411,0.6864035514710178,0.6520911810653647,0.7207622558338229,0.38572805902327145,1610,1276
CAID2 Disorder-PDB,IDP-Fusion,DED,literal,0.5,mid_20_30,0.6255534471853258,0.7991266375545851,0.7123400423699555,0.66773443353852,0.7527668819705053,0.42157232666329025,1581,1145
CAID2 Disorder-PDB,IDP-Fusion,DED,literal,0.5,long_gt30,0.8509364056235091,0.7605257295611495,0.8057310675923293,0.7583245380025733,0.8535788516337679,0.5402314916873361,19703,4489
CAID2 Disorder-PDB,IDP-Fusion,DED,calibrated,0.525,short_lt20,0.5018633540372671,0.8706896551724138,0.6862765046048405,0.652198455383512,0.7203139723998538,0.3913924517142613,1610,1276
CAID2 Disorder-PDB,IDP-Fusion,DED,calibrated,0.525,mid_20_30,0.5958254269449715,0.8253275109170306,0.710576468931001,0.6650624272340672,0.7531321981993813,0.4213062213261224,1581,1145
CAID2 Disorder-PDB,IDP-Fusion,DED,calibrated,0.525,long_gt30,0.8368776328477897,0.784361773223435,0.8106197030356124,0.7654980180726367,0.8582649159291131,0.5388233047526596,19703,4489
CAID2 Disorder-PDB,rawMSA,DED,literal,0.5,short_lt20,0.4335403726708075,0.8471786833855799,0.6403595280281937,0.610279814127974,0.6720788174983642,0.3015996208745398,1610,1276
CAID2 Disorder-PDB,rawMSA,DED,literal,0.5,mid_20_30,0.43453510436432635,0.9126637554585153,0.6735994299114209,0.6306820069633098,0.7192971505294639,0.3781557408624787,1581,1145
CAID2 Disorder-PDB,rawMSA,DED,literal,0.5,long_gt30,0.7547074049637111,0.8420583648919581,0.7983828849278346,0.7519934005251121,0.8415218623647744,0.48450456508321493,19703,4489
CAID2 Disorder-PDB,rawMSA,DED,calibrated,0.48,short_lt20,0.4683229813664596,0.8087774294670846,0.6385502054167721,0.6091591887621576,0.669103987080659,0.28934046778153666,1610,1276
CAID2 Disorder-PDB,rawMSA,DED,calibrated,0.48,mid_20_30,0.4781783681214421,0.879475982532751,0.6788271753270966,0.6374754963813496,0.7215919909220219,0.37601112677305876,1581,1145
CAID2 Disorder-PDB,rawMSA,DED,calibrated,0.48,long_gt30,0.7747551134345023,0.820004455335264,0.7973797843848831,0.7517862793510908,0.841206071525729,0.4896465244697602,19703,4489
CAID2 Disorder-PDB,metapredict,DED,literal,0.5,short_lt20,0.45217391304347826,0.8667711598746082,0.6594725364590432,0.628831857590037,0.6937093254705305,0.34214312235228217,1610,1276
CAID2 Disorder-PDB,metapredict,DED,literal,0.5,mid_20_30,0.5445920303605313,0.8768558951965065,0.7107239627785189,0.6663037673293779,0.7566722601934569,0.43142976783589265,1581,1145
CAID2 Disorder-PDB,metapredict,DED,literal,0.5,long_gt30,0.8121605846825356,0.8861661840053464,0.849163384343941,0.8127830382186875,0.8800775080180046,0.5832226033423806,19703,4489
CAID2 Disorder-PDB,metapredict,DED,calibrated,0.503,short_lt20,0.4503105590062112,0.8683385579937304,0.6593245584999707,0.6290189914312522,0.6936521488398611,0.3423510118240244,1610,1276
CAID2 Disorder-PDB,metapredict,DED,calibrated,0.503,mid_20_30,0.5426944971537002,0.8786026200873363,0.7106485586205182,0.6661098487111297,0.7563314157950567,0.43172986286321485,1581,1145
CAID2 Disorder-PDB,metapredict,DED,calibrated,0.503,long_gt30,0.8112977719129066,0.8868344842949432,0.8490661281039249,0.8128489748445293,0.8801842500725087,0.5826552935903566,19703,4489
CAID2 Disorder-PDB,disomine,DED,literal,0.5,short_lt20,0.12857142857142856,0.9467084639498433,0.5376399462606359,0.518818668737411,0.5576597596766667,0.12733490914107018,1610,1276
CAID2 Disorder-PDB,disomine,DED,literal,0.5,mid_20_30,0.22707147375079065,0.891703056768559,0.5593872652596749,0.5261788400773858,0.59632789201123,0.15353372916889174,1581,1145
CAID2 Disorder-PDB,disomine,DED,literal,0.5,long_gt30,0.43252296604577983,0.9108932947204277,0.6717081303831037,0.6219354463901237,0.7197593154933579,0.27670130573606927,19703,4489
CAID2 Disorder-PDB,disomine,DED,calibrated,0.281,short_lt20,0.3360248447204969,0.8268025078369906,0.5814136762787437,0.5555208303845524,0.607912866395218,0.18344711872468883,1610,1276
CAID2 Disorder-PDB,disomine,DED,calibrated,0.281,mid_20_30,0.5275142314990512,0.7519650655021834,0.6397396485006173,0.5992106362199782,0.6781164548747889,0.28044932333592765,1581,1145
CAID2 Disorder-PDB,disomine,DED,calibrated,0.281,long_gt30,0.730396386337106,0.7801292047226553,0.7552627955298807,0.7043586991502607,0.8001336697705225,0.4124032192892303,19703,4489
CAID2 Disorder-PDB,s2D,DED,literal,0.5,short_lt20,0.715527950310559,0.6426332288401254,0.6790805895753422,0.6456173964120727,0.7138598183387712,0.35810331164244097,1610,1276
CAID2 Disorder-PDB,s2D,DED,literal,0.5,mid_20_30,0.7413029728020241,0.6305676855895197,0.6859353291957719,0.6423350340702395,0.7300723239966017,0.3725194429325788,1581,1145
CAID2 Disorder-PDB,s2D,DED,literal,0.5,long_gt30,0.7793229457443029,0.6097126308754733,0.6945177883098881,0.665931564071884,0.719548295777293,0.3323329824059158,19703,4489
CAID2 Disorder-PDB,s2D,DED,calibrated,0.543,short_lt20,0.6167701863354037,0.7225705329153606,0.6696703596253821,0.6376392241613139,0.7033398899996052,0.3378089435807034,1610,1276
CAID2 Disorder-PDB,s2D,DED,calibrated,0.543,mid_20_30,0.6495888678051865,0.7292576419213974,0.6894232548632919,0.6468604080379365,0.7299451028613604,0.37403749716742,1581,1145
CAID2 Disorder-PDB,s2D,DED,calibrated,0.543,long_gt30,0.6897934324722124,0.707507239919804,0.6986503361960081,0.6682931742394117,0.7274647892383254,0.3175760605665829,19703,4489
CAID2 Disorder-NOX,AlphaFold-disorder,AF,literal,0.5,short_lt20,0.4326241134751773,0.8076923076923077,0.6201582105837425,0.5653947353987205,0.6762591835276572,0.257946470901586,423,390
CAID2 Disorder-NOX,AlphaFold-disorder,AF,literal,0.5,mid_20_30,0.44513137557959814,0.886654478976234,0.665892927277916,0.5740500401175654,0.7489568558067441,0.36316034856984986,647,547
CAID2 Disorder-NOX,AlphaFold-disorder,AF,literal,0.5,long_gt30,0.5827387020047571,0.7003475006682706,0.6415431013365138,0.5943968507579859,0.6889860295481278,0.2588600423059296,17658,7482
CAID2 Disorder-NOX,AlphaFold-disorder,AF,calibrated,0.206,short_lt20,0.806146572104019,0.6435897435897436,0.7248681578468813,0.6696015129576175,0.7734253048728426,0.45689637198592925,423,390
CAID2 Disorder-NOX,AlphaFold-disorder,AF,calibrated,0.206,mid_20_30,0.7264296754250387,0.773308957952468,0.7498693166887533,0.6305398903414267,0.8534971610000732,0.4979891500188645,647,547
CAID2 Disorder-NOX,AlphaFold-disorder,AF,calibrated,0.206,long_gt30,0.8435836448068864,0.529136594493451,0.6863601196501687,0.6417576198921998,0.7305274050986119,0.3850459970414596,17658,7482
CAID2 Disorder-NOX,AlphaFold-rsa,AF,literal,0.5,short_lt20,0.7446808510638298,0.5076923076923077,0.6261865793780688,0.5773091238450455,0.6736919692126613,0.2602441391729862,423,390
CAID2 Disorder-NOX,AlphaFold-rsa,AF,literal,0.5,mid_20_30,0.7017001545595054,0.7129798903107861,0.7073400224351458,0.6050783586410804,0.7995769100508547,0.41333678568504995,647,547
CAID2 Disorder-NOX,AlphaFold-rsa,AF,literal,0.5,long_gt30,0.8733152112357006,0.471130713712911,0.6722229624743058,0.6301461847037216,0.7176129329721831,0.37467917604768325,17658,7482
CAID2 Disorder-NOX,AlphaFold-rsa,AF,calibrated,0.576,short_lt20,0.607565011820331,0.6948717948717948,0.6512184033460628,0.5879185290048438,0.724755643223817,0.3030417673329019,423,390
CAID2 Disorder-NOX,AlphaFold-rsa,AF,calibrated,0.576,mid_20_30,0.5996908809891809,0.7806215722120659,0.6901562266006234,0.5856109389645202,0.7864564286351525,0.38325906519065006,647,547
CAID2 Disorder-NOX,AlphaFold-rsa,AF,calibrated,0.576,long_gt30,0.8160040774719673,0.549452018176958,0.6827280478244626,0.6364218631732992,0.7297676807903901,0.3672062232386945,17658,7482
CAID2 Disorder-NOX,AIUPred,DED,literal,0.5,short_lt20,0.6713947990543735,0.5564102564102564,0.6139025277323149,0.5687023902119295,0.6612746299810951,0.22939436528054402,423,390
CAID2 Disorder-NOX,AIUPred,DED,literal,0.5,mid_20_30,0.5502318392581144,0.643510054844607,0.5968709470513607,0.5402390048391729,0.6507959568846262,0.19363687219005385,647,547
CAID2 Disorder-NOX,AIUPred,DED,literal,0.5,long_gt30,0.8687280552723978,0.4470729751403368,0.6579005152063673,0.6174349754128634,0.7001640777740243,0.3456279360683227,17658,7482
CAID2 Disorder-NOX,AIUPred,DED,calibrated,0.662,short_lt20,0.38534278959810875,0.7384615384615385,0.5619021640298236,0.5180698521870252,0.609648510305711,0.13195477131936,423,390
CAID2 Disorder-NOX,AIUPred,DED,calibrated,0.662,mid_20_30,0.41112828438948995,0.793418647166362,0.602273465777926,0.554772552220163,0.654475806451613,0.2189476877614244,647,547
CAID2 Disorder-NOX,AIUPred,DED,calibrated,0.662,long_gt30,0.780156303092083,0.5903501737503342,0.6852532384212086,0.6384788967372903,0.7308452373980561,0.36022893345439977,17658,7482
CAID2 Disorder-NOX,IUPred3,DED,literal,0.5,short_lt20,0.4397163120567376,0.7717948717948718,0.6057555919258047,0.5654209493243421,0.6565023131807824,0.22334608207154596,423,390
CAID2 Disorder-NOX,IUPred3,DED,literal,0.5,mid_20_30,0.401854714064915,0.8263254113345521,0.6140900626997335,0.5253858193317088,0.6891218866055805,0.24873016675505563,647,547
CAID2 Disorder-NOX,IUPred3,DED,literal,0.5,long_gt30,0.72737569373655,0.5771184175354184,0.6522470556359842,0.6043455618783765,0.7000778729368321,0.28947230346159986,17658,7482
CAID2 Disorder-NOX,IUPred3,DED,calibrated,0.511,short_lt20,0.408983451536643,0.7871794871794872,0.598081469358065,0.5600499974818579,0.651592907189035,0.21099485530483453,423,390
CAID2 Disorder-NOX,IUPred3,DED,calibrated,0.511,mid_20_30,0.38176197836166925,0.829981718464351,0.6058718484130101,0.5174155865549266,0.6792483937420892,0.23376952843725365,647,547
CAID2 Disorder-NOX,IUPred3,DED,calibrated,0.511,long_gt30,0.7138407520670518,0.5946271050521251,0.6542339285595884,0.6073359376023781,0.7010738248420875,0.2908649610304887,17658,7482
CAID2 Disorder-NOX,ESpritz-D,DED,literal,0.5,short_lt20,0.1867612293144208,0.8692307692307693,0.527995999272595,0.5028463747629236,0.5704472373429066,0.0763214176065306,423,390
CAID2 Disorder-NOX,ESpritz-D,DED,literal,0.5,mid_20_30,0.11746522411128284,1.0,0.5587326120556414,0.5073223903565016,0.6126532891903532,0.23973277756954522,647,547
CAID2 Disorder-NOX,ESpritz-D,DED,literal,0.5,long_gt30,0.3632914259825575,0.8458968190323443,0.6045941225074509,0.5566847596907742,0.6534339402570403,0.20850464073350816,17658,7482
CAID2 Disorder-NOX,ESpritz-D,DED,calibrated,0.251,short_lt20,0.5484633569739953,0.5435897435897435,0.5460265502818694,0.5158810788884318,0.5809031533020499,0.09198064632145127,423,390
CAID2 Disorder-NOX,ESpritz-D,DED,calibrated,0.251,mid_20_30,0.5486862442040186,0.6215722120658135,0.5851292281349161,0.5433927665229785,0.6382442300146403,0.16995259410518707,647,547
CAID2 Disorder-NOX,ESpritz-D,DED,calibrated,0.251,long_gt30,0.86244195265602,0.4099171344560278,0.6361795435560239,0.591930745690639,0.6809799061373921,0.30128891488203624,17658,7482
CAID2 Disorder-NOX,ESpritz-N,DED,literal,0.5,short_lt20,0.4326241134751773,0.8153846153846154,0.6240043644298964,0.5528763494602159,0.6960181151567922,0.2670436552585135,423,390
CAID2 Disorder-NOX,ESpritz-N,DED,literal,0.5,mid_20_30,0.49768160741885625,0.8446069469835467,0.6711442772012015,0.593257846699375,0.7478388860144467,0.3597937458896679,647,547
CAID2 Disorder-NOX,ESpritz-N,DED,literal,0.5,long_gt30,0.54706082229018,0.6597166533012564,0.6033887377957182,0.5551454767608531,0.6484415783566494,0.18916018324928083,17658,7482
CAID2 Disorder-NOX,ESpritz-N,DED,calibrated,0.251,short_lt20,0.6808510638297872,0.5666666666666667,0.6237588652482269,0.5752490530046919,0.6784761371984784,0.24924456819936813,423,390
CAID2 Disorder-NOX,ESpritz-N,DED,calibrated,0.251,mid_20_30,0.7094281298299846,0.6489945155393053,0.679211322684645,0.6083310068881467,0.7397487956855602,0.35863348402653006,647,547
CAID2 Disorder-NOX,ESpritz-N,DED,calibrated,0.251,long_gt30,0.7979386113942689,0.4524191392675755,0.6251788753309222,0.5824648062807876,0.6690478401830056,0.25590218910773654,17658,7482
CAID2 Disorder-NOX,ESpritz-X,DED,literal,0.5,short_lt20,0.14657210401891252,0.9487179487179487,0.5476450263684306,0.5116837524044042,0.5981763456267557,0.15808273455057809,423,390
CAID2 Disorder-NOX,ESpritz-X,DED,literal,0.5,mid_20_30,0.13137557959814528,0.9616087751371115,0.5464921773676283,0.506768725084717,0.5921288863587408,0.16288770516907305,647,547
CAID2 Disorder-NOX,ESpritz-X,DED,literal,0.5,long_gt30,0.24878242156529617,0.8769045709703288,0.5628434962678125,0.5279751211771085,0.6038406067387575,0.1407478004781916,17658,7482
CAID2 Disorder-NOX,ESpritz-X,DED,calibrated,0.075,short_lt20,0.5508274231678487,0.6743589743589744,0.6125931987634116,0.5583180653907958,0.6680551141200755,0.22648752662395588,423,390
CAID2 Disorder-NOX,ESpritz-X,DED,calibrated,0.075,mid_20_30,0.6738794435857806,0.6508226691042047,0.6623510563449926,0.587152140093438,0.7305603659769494,0.3239706132908916,647,547
CAID2 Disorder-NOX,ESpritz-X,DED,calibrated,0.075,long_gt30,0.6876769736096954,0.5485164394546913,0.6180967065321934,0.5694082498951437,0.6658307925309471,0.22218901222410922,17658,7482
CAID2 Disorder-NOX,MobiDB-lite,DED,literal,0.5,short_lt20,0.375886524822695,0.8589743589743589,0.617430441898527,0.5669703564472871,0.6736657656663724,0.2664359847745453,423,390
CAID2 Disorder-NOX,MobiDB-lite,DED,literal,0.5,mid_20_30,0.4234930448222566,0.8665447897623401,0.6450189172922983,0.5628170130313436,0.7210337625153366,0.3182687621161728,647,547
CAID2 Disorder-NOX,MobiDB-lite,DED,literal,0.5,long_gt30,0.5305244082002492,0.7087677091686715,0.6196460586844603,0.5805427516910366,0.6627949388019232,0.21954106132075205,17658,7482
CAID2 Disorder-NOX,MobiDB-lite,DED,calibrated,0.25,short_lt20,0.5839243498817966,0.7282051282051282,0.6560647390434624,0.6065695078058486,0.7135830271136654,0.31460890042551043,423,390
CAID2 Disorder-NOX,MobiDB-lite,DED,calibrated,0.25,mid_20_30,0.6182380216383307,0.7787934186471663,0.6985157201427485,0.620029184648934,0.7652140904890757,0.39888188080835624,647,547
CAID2 Disorder-NOX,MobiDB-lite,DED,calibrated,0.25,long_gt30,0.735474006116208,0.5660251269713981,0.650749566543803,0.6088498361172826,0.694012115066416,0.28821166854631824,17658,7482
CAID2 Disorder-NOX,flDPnn,DED,literal,0.5,short_lt20,0.19148936170212766,0.9128205128205128,0.5521549372613203,0.5031888025732681,0.6040757041991159,0.14953790042979323,423,390
CAID2 Disorder-NOX,flDPnn,DED,literal,0.5,mid_20_30,0.1901081916537867,0.8628884826325411,0.526498337143164,0.4642663270896842,0.5854993349946411,0.070995718087123,647,547
CAID2 Disorder-NOX,flDPnn,DED,literal,0.5,long_gt30,0.30292218824328915,0.8664795509222133,0.5847008695827512,0.5457198472328998,0.6291445068262802,0.17827584842408398,17658,7482
CAID2 Disorder-NOX,flDPnn,DED,calibrated,0.119,short_lt20,0.7943262411347518,0.4358974358974359,0.6151118385160939,0.5731968323006711,0.6602274324108113,0.24737084679854868,423,390
CAID2 Disorder-NOX,flDPnn,DED,calibrated,0.119,mid_20_30,0.8160741885625966,0.583180987202925,0.6996275878827608,0.6274667690586802,0.7582536078767105,0.41276076181854904,647,547
CAID2 Disorder-NOX,flDPnn,DED,calibrated,0.119,long_gt30,0.8321440706761808,0.4525527933707565,0.6423484320234687,0.6035190068262515,0.6838861500182075,0.2995794636269621,17658,7482
CAID2 Disorder-NOX,flDPnn2,DED,literal,0.5,short_lt20,0.2222222222222222,0.9051282051282051,0.5636752136752137,0.5183144465342695,0.6123206967864723,0.17305137672501886,423,390
CAID2 Disorder-NOX,flDPnn2,DED,literal,0.5,mid_20_30,0.18701700154559506,0.9414990859232175,0.5642580437344062,0.5199309070895003,0.6186384500293032,0.191572081838838,647,547
CAID2 Disorder-NOX,flDPnn2,DED,literal,0.5,long_gt30,0.2857628270472307,0.9077786688051324,0.5967707479261816,0.5570987987326254,0.6439367891471353,0.21086451298832481,17658,7482
CAID2 Disorder-NOX,flDPnn2,DED,calibrated,0.203,short_lt20,0.6737588652482269,0.4564102564102564,0.5650845608292416,0.5196664964721502,0.6120626840441373,0.13341010497486683,423,390
CAID2 Disorder-NOX,flDPnn2,DED,calibrated,0.203,mid_20_30,0.6367851622874807,0.6380255941499086,0.6374053782186946,0.5731728041235864,0.6977741157588488,0.2739101905191006,647,547
CAID2 Disorder-NOX,flDPnn2,DED,calibrated,0.203,long_gt30,0.7707554649450674,0.5433039294306335,0.6570296971878504,0.6071509729531656,0.7086140040090818,0.3071366132359655,17658,7482
CAID2 Disorder-NOX,DISOPRED3-diso,DED,literal,0.5,short_lt20,0.41371158392434987,0.735897435897436,0.5748045099108929,0.5286157340450193,0.6319355899490372,0.1575654433726278,423,390
CAID2 Disorder-NOX,DISOPRED3-diso,DED,literal,0.5,mid_20_30,0.5455950540958269,0.8190127970749543,0.6823039255853907,0.5885696258464752,0.7757597075506687,0.3745421072793753,647,547
CAID2 Disorder-NOX,DISOPRED3-diso,DED,literal,0.5,long_gt30,0.7125382262996942,0.6268377439187383,0.6696879851092162,0.6247119553713586,0.7175234830594391,0.31835296448244166,17658,7482
CAID2 Disorder-NOX,DISOPRED3-diso,DED,calibrated,0.32,short_lt20,0.5319148936170213,0.6615384615384615,0.5967266775777413,0.5522331129458746,0.6463840311758352,0.19474316507065703,423,390
CAID2 Disorder-NOX,DISOPRED3-diso,DED,calibrated,0.32,mid_20_30,0.6723338485316847,0.7586837294332724,0.7155087889824785,0.6280895485119099,0.8033688213018808,0.4300465676544046,647,547
CAID2 Disorder-NOX,DISOPRED3-diso,DED,calibrated,0.32,long_gt30,0.7851965114962057,0.553728949478749,0.6694627304874774,0.6258273287085455,0.7156818203543006,0.3334020432506653,17658,7482
CAID2 Disorder-NOX,SETH-0,DED,literal,0.5,short_lt20,0.40189125295508277,0.8333333333333334,0.6176122931442081,0.5692278584591066,0.6743862967504364,0.2592312477432794,423,390
CAID2 Disorder-NOX,SETH-0,DED,literal,0.5,mid_20_30,0.48377125193199383,0.8354661791590493,0.6596187155455215,0.5675420115122697,0.744370024221609,0.33637123214366305,647,547
CAID2 Disorder-NOX,SETH-0,DED,literal,0.5,long_gt30,0.7235247479895798,0.6511627906976745,0.6873437693436271,0.6391962058290093,0.7342630321132659,0.35155608393091986,17658,7482
CAID2 Disorder-NOX,SETH-0,DED,calibrated,0.349,short_lt20,0.7730496453900709,0.6538461538461539,0.7134478996181124,0.6528816545677809,0.7704460188637583,0.4305760035191195,423,390
CAID2 Disorder-NOX,SETH-0,DED,calibrated,0.349,mid_20_30,0.7094281298299846,0.7513711151736746,0.7303996225018297,0.6468404163606057,0.810143941555432,0.45918285955898247,647,547
CAID2 Disorder-NOX,SETH-0,DED,calibrated,0.349,long_gt30,0.8584211122437422,0.5547981823041968,0.7066096472739695,0.6641063516464273,0.7495355111791102,0.4283117759201799,17658,7482
CAID2 Disorder-NOX,SETH-1,DED,literal,0.5,short_lt20,0.47044917257683216,0.8102564102564103,0.6403527914166212,0.5779573306595365,0.7060982420483617,0.2969445330194667,423,390
CAID2 Disorder-NOX,SETH-1,DED,literal,0.5,mid_20_30,0.5455950540958269,0.7952468007312614,0.6704209274135442,0.5765685559545771,0.7576223032664214,0.3482639190914923,647,547
CAID2 Disorder-NOX,SETH-1,DED,literal,0.5,long_gt30,0.7224487484426322,0.6478214381181502,0.6851350932803912,0.637796049386751,0.7302433305926345,0.34745059959304647,17658,7482
CAID2 Disorder-NOX,SETH-1,DED,calibrated,0.36,short_lt20,0.6973995271867612,0.6794871794871795,0.6884433533369704,0.6253541912355325,0.7491145046446854,0.3767839427438303,423,390
CAID2 Disorder-NOX,SETH-1,DED,calibrated,0.36,mid_20_30,0.6769706336939721,0.7349177330895795,0.7059441833917759,0.6159313551291162,0.7803696764400337,0.410554150587667,647,547
CAID2 Disorder-NOX,SETH-1,DED,calibrated,0.36,long_gt30,0.8288028089251331,0.5781876503608661,0.7034952296429996,0.6608433749759217,0.7480627207559066,0.40911889078317015,17658,7482
CAID2 Disorder-NOX,VSL2,DED,literal,0.5,short_lt20,0.8132387706855791,0.46153846153846156,0.6373886161120204,0.5876407273359402,0.6879018086166279,0.294631018764785,423,390
CAID2 Disorder-NOX,VSL2,DED,literal,0.5,mid_20_30,0.8052550231839258,0.4936014625228519,0.6494282428533888,0.5764543831424005,0.7148256607496963,0.31627105704241854,647,547
CAID2 Disorder-NOX,VSL2,DED,literal,0.5,long_gt30,0.8606863744478424,0.4313017909649826,0.6459940827064125,0.6105230065816315,0.6845174862529256,0.319087616571468,17658,7482
CAID2 Disorder-NOX,VSL2,DED,calibrated,0.598,short_lt20,0.6312056737588653,0.6025641025641025,0.6168848881614839,0.5623522462793265,0.665221635893867,0.23374710691420167,423,390
CAID2 Disorder-NOX,VSL2,DED,calibrated,0.598,mid_20_30,0.6924265842349304,0.6106032906764168,0.6515149374556737,0.5859697688129946,0.713649212163166,0.30371547151504275,647,547
CAID2 Disorder-NOX,VSL2,DED,calibrated,0.598,long_gt30,0.7959565069656813,0.537022186581128,0.6664893467734047,0.6277569342619406,0.707100670458152,0.3312343865759018,17658,7482
CAID2 Disorder-NOX,SPOT-Disorder,DED,literal,0.5,short_lt20,0.4846335697399527,0.7692307692307693,0.626932169485361,0.577779062661246,0.6879684791824409,0.26377176048142636,423,390
CAID2 Disorder-NOX,SPOT-Disorder,DED,literal,0.5,mid_20_30,0.642967542503864,0.7495429616087751,0.6962552520563196,0.6026803456719056,0.7822043861304159,0.3921981191750829,647,547
CAID2 Disorder-NOX,SPOT-Disorder,DED,literal,0.5,long_gt30,0.8117567108392797,0.5243250467789361,0.6680408788091079,0.6250190662479441,0.7123409681536584,0.3392374861729315,17658,7482
CAID2 Disorder-NOX,SPOT-Disorder,DED,calibrated,0.434,short_lt20,0.5626477541371159,0.7128205128205128,0.6377341334788144,0.5924775612653094,0.6877802429637873,0.2779390356175972,423,390
CAID2 Disorder-NOX,SPOT-Disorder,DED,calibrated,0.434,mid_20_30,0.678516228748068,0.7367458866544789,0.7076310577012734,0.6097131210300762,0.7960734696020121,0.41391697073571887,647,547
CAID2 Disorder-NOX,SPOT-Disorder,DED,calibrated,0.434,long_gt30,0.834522595990486,0.49478748997594224,0.6646550429832141,0.6208546227052884,0.7094175485084652,0.3417833423770821,17658,7482
CAID2 Disorder-NOX,SPOT-Disorder2,DED,literal,0.5,short_lt20,0.5437352245862884,0.7897435897435897,0.6667394071649391,0.6082362696763538,0.7301049351839377,0.34258991634706715,423,390
CAID2 Disorder-NOX,SPOT-Disorder2,DED,literal,0.5,mid_20_30,0.5842349304482226,0.8446069469835467,0.7144209387158846,0.6218391371725016,0.7985049030604827,0.43852444558313497,647,547
CAID2 Disorder-NOX,SPOT-Disorder2,DED,literal,0.5,long_gt30,0.7953335598595538,0.5963646083934777,0.6958490841265157,0.6506470492763763,0.740321743937143,0.38352402313242057,17658,7482
CAID2 Disorder-NOX,SPOT-Disorder2,DED,calibrated,0.368,short_lt20,0.6950354609929078,0.7282051282051282,0.711620294599018,0.6619892149845877,0.7692915415350753,0.4229458578377834,423,390
CAID2 Disorder-NOX,SPOT-Disorder2,DED,calibrated,0.368,mid_20_30,0.6676970633693973,0.8190127970749543,0.7433549302221758,0.6425526214711342,0.8337247945750077,0.48799112498473884,647,547
CAID2 Disorder-NOX,SPOT-Disorder2,DED,calibrated,0.368,long_gt30,0.8515686940763393,0.5395616145415665,0.6955651543089529,0.65280755735186,0.7395687796978812,0.40527955955235173,17658,7482
CAID2 Disorder-NOX,SPOT-Disorder-Single,DED,literal,0.5,short_lt20,0.21040189125295508,0.9128205128205128,0.561611202036734,0.5277366965057999,0.6029598856061362,0.17179679748287968,423,390
CAID2 Disorder-NOX,SPOT-Disorder-Single,DED,literal,0.5,mid_20_30,0.3168469860896445,0.8720292504570384,0.5944381182733415,0.515017732880634,0.6748876034584534,0.22351106170738272,647,547
CAID2 Disorder-NOX,SPOT-Disorder-Single,DED,literal,0.5,long_gt30,0.5920262770415675,0.7047580860732424,0.648392181557405,0.6021465250810291,0.694663008665649,0.27139211929224816,17658,7482
CAID2 Disorder-NOX,SPOT-Disorder-Single,DED,calibrated,0.169,short_lt20,0.541371158392435,0.717948717948718,0.6296599381705765,0.5714557340619021,0.6878213933894765,0.26275396183709365,423,390
CAID2 Disorder-NOX,SPOT-Disorder-Single,DED,calibrated,0.169,mid_20_30,0.6924265842349304,0.6910420475319927,0.6917343158834616,0.6224655063379885,0.7624402963226808,0.38233597054203955,647,547
CAID2 Disorder-NOX,SPOT-Disorder-Single,DED,calibrated,0.169,long_gt30,0.8055838713331068,0.512563485699011,0.6590736785160589,0.6183967945664062,0.6996667207957417,0.32085875256048996,17658,7482
CAID2 Disorder-NOX,DisEMBL-dis465,DED,literal,0.5,short_lt20,0.3971631205673759,0.8564102564102564,0.6267866884888161,0.584747708261344,0.6761056136414784,0.2835466267821686,423,390
CAID2 Disorder-NOX,DisEMBL-dis465,DED,literal,0.5,mid_20_30,0.4265842349304482,0.870201096892139,0.6483926659112936,0.5677701961630035,0.7256643391591764,0.32567302920564856,647,547
CAID2 Disorder-NOX,DisEMBL-dis465,DED,literal,0.5,long_gt30,0.3866802582398913,0.7651697407110398,0.5759249994754656,0.5455662624610144,0.6091372684030624,0.14640626423635753,17658,7482
CAID2 Disorder-NOX,DisEMBL-dis465,DED,calibrated,0.373,short_lt20,0.6595744680851063,0.5923076923076923,0.6259410801963994,0.5739839298314482,0.6846707358160363,0.252433627195001,423,390
CAID2 Disorder-NOX,DisEMBL-dis465,DED,calibrated,0.373,mid_20_30,0.6568778979907264,0.7349177330895795,0.695897815540153,0.5973982130129143,0.7850654516150148,0.39081900047380064,647,547
CAID2 Disorder-NOX,DisEMBL-dis465,DED,calibrated,0.373,long_gt30,0.6459395174991506,0.5672280139000268,0.6065837656995887,0.5757656493824227,0.6394672364184505,0.1976327405079442,17658,7482
CAID2 Disorder-NOX,DisEMBL-disHL,DED,literal,0.5,short_lt20,0.0,1.0,0.5,0.5,0.5,,423,390
CAID2 Disorder-NOX,DisEMBL-disHL,DED,literal,0.5,mid_20_30,0.0,1.0,0.5,0.5,0.5,,647,547
CAID2 Disorder-NOX,DisEMBL-disHL,DED,literal,0.5,long_gt30,0.0006795786612300374,0.9987971130713713,0.49973834586630067,0.4988792630533726,0.5003734356807962,-0.00828183137703322,17658,7482
CAID2 Disorder-NOX,DisEMBL-disHL,DED,calibrated,0.06,short_lt20,0.8959810874704491,0.36923076923076925,0.6326059283506091,0.5850570710502255,0.6809848218275009,0.314250870841451,423,390
CAID2 Disorder-NOX,DisEMBL-disHL,DED,calibrated,0.06,mid_20_30,0.8284389489953632,0.5539305301645339,0.6911847395799485,0.6180467942523178,0.7531527645786835,0.40029627714244026,647,547
CAID2 Disorder-NOX,DisEMBL-disHL,DED,calibrated,0.06,long_gt30,0.7692830445124023,0.36046511627906974,0.564874080395736,0.5372878963223653,0.5920352639170722,0.133724706859023,17658,7482
CAID2 Disorder-NOX,IsUnstruct,DED,literal,0.5,short_lt20,0.7092198581560284,0.5948717948717949,0.6520458265139116,0.6106431906765085,0.6964946572286073,0.30630922119056303,423,390
CAID2 Disorder-NOX,IsUnstruct,DED,literal,0.5,mid_20_30,0.7573415765069552,0.7385740402193784,0.7479578083631668,0.6747522703663951,0.8060260079827223,0.4950742093999055,647,547
CAID2 Disorder-NOX,IsUnstruct,DED,literal,0.5,long_gt30,0.7782874617737003,0.5459770114942529,0.6621322366339766,0.6241135329822595,0.7034185538721098,0.3182940904426038,17658,7482
CAID2 Disorder-NOX,IsUnstruct,DED,calibrated,0.545,short_lt20,0.6666666666666666,0.6205128205128205,0.6435897435897435,0.6036302886696407,0.6886387089552634,0.2874235096088349,423,390
CAID2 Disorder-NOX,IsUnstruct,DED,calibrated,0.545,mid_20_30,0.7202472952086554,0.753199268738574,0.7367232819736147,0.6627319298352813,0.7936404207837984,0.4717937570171459,647,547
CAID2 Disorder-NOX,IsUnstruct,DED,calibrated,0.545,long_gt30,0.755974629063314,0.5717722534081796,0.6638734412357468,0.624822349381531,0.7052615109484113,0.3159796317136251,17658,7482
CAID2 Disorder-NOX,RONN,DED,literal,0.5,short_lt20,0.75177304964539,0.5487179487179488,0.6502454991816694,0.5923789380818194,0.7094659619588953,0.3074504533956363,423,390
CAID2 Disorder-NOX,RONN,DED,literal,0.5,mid_20_30,0.7418856259659969,0.6691042047531993,0.7054949153595982,0.6247236764417208,0.769644158422177,0.4119196836987972,647,547
CAID2 Disorder-NOX,RONN,DED,literal,0.5,long_gt30,0.7520670517612413,0.5355519914461374,0.6438095216036894,0.6028934573523487,0.6858294807771109,0.2789160434040781,17658,7482
CAID2 Disorder-NOX,RONN,DED,calibrated,0.51,short_lt20,0.7210401891252955,0.5897435897435898,0.6553918894344426,0.5967931523289094,0.7139967299465644,0.3137940697679428,423,390
CAID2 Disorder-NOX,RONN,DED,calibrated,0.51,mid_20_30,0.7125193199381762,0.6910420475319927,0.7017806837350844,0.6163204688496002,0.76729331300225,0.4027592855141651,647,547
CAID2 Disorder-NOX,RONN,DED,calibrated,0.51,long_gt30,0.7338883225733379,0.5531943330660252,0.6435413278196815,0.601306751740267,0.6871031341708241,0.2749091026066328,17658,7482
CAID2 Disorder-NOX,PreDisorder,DED,literal,0.5,short_lt20,0.8439716312056738,0.4307692307692308,0.6373704309874523,0.5890462965238746,0.6889294100601396,0.3031646314071901,423,390
CAID2 Disorder-NOX,PreDisorder,DED,literal,0.5,mid_20_30,0.9350850077279753,0.546617915904936,0.7408514618164557,0.6814493949024842,0.8073450900400712,0.5313410634477371,647,547
CAID2 Disorder-NOX,PreDisorder,DED,literal,0.5,long_gt30,0.8371276475252011,0.4663191659983961,0.6517234067617986,0.6138285649640591,0.6908750275852341,0.3190604788769662,17658,7482
CAID2 Disorder-NOX,PreDisorder,DED,calibrated,0.514,short_lt20,0.7730496453900709,0.5025641025641026,0.6378068739770868,0.5882193188500088,0.6908997109233619,0.2870073883169573,423,390
CAID2 Disorder-NOX,PreDisorder,DED,calibrated,0.514,mid_20_30,0.8902627511591963,0.6544789762340036,0.7723708636966,0.7211763642273018,0.825773314037965,0.5656881528858136,647,547
CAID2 Disorder-NOX,PreDisorder,DED,calibrated,0.514,long_gt30,0.7905765092309435,0.5280673616680032,0.6593219354494733,0.6197005022620968,0.7016233476145607,0.3166471088709359,17658,7482
CAID2 Disorder-NOX,OPAL,DED,literal,0.5,short_lt20,0.8250591016548463,0.21025641025641026,0.5176577559556282,0.48525922941901983,0.5556349098678726,0.04480464175020805,423,390
CAID2 Disorder-NOX,OPAL,DED,literal,0.5,mid_20_30,0.8438948995363215,0.14625228519195613,0.4950735923641388,0.4567708547992437,0.5243568178506363,-0.013688697734142451,647,547
CAID2 Disorder-NOX,OPAL,DED,literal,0.5,long_gt30,0.7516139993204214,0.3487035551991446,0.550158777259783,0.5072711161608578,0.5972239523272226,0.10234914031407327,17658,7482
CAID2 Disorder-NOX,OPAL,DED,calibrated,0.498,short_lt20,0.8463356973995272,0.2076923076923077,0.5270140025459175,0.5018604074055693,0.559549233973941,0.07032052014763994,423,390
CAID2 Disorder-NOX,OPAL,DED,calibrated,0.498,mid_20_30,0.8562596599690881,0.13893967093235832,0.4975996654507232,0.4573870372333028,0.5293326939357055,-0.006861866909428554,647,547
CAID2 Disorder-NOX,OPAL,DED,calibrated,0.498,long_gt30,0.7646958885490995,0.3356054530874098,0.5501506708182546,0.5080499006920597,0.5965676737835166,0.10388987556136621,17658,7482
CAID2 Disorder-NOX,pyHCA,DED,literal,0.5,short_lt20,0.04491725768321513,0.9666666666666667,0.5057919621749409,0.47838925495744317,0.544125527698401,0.029761697197293453,423,390
CAID2 Disorder-NOX,pyHCA,DED,literal,0.5,mid_20_30,0.14837712519319937,0.9616087751371115,0.5549929501651555,0.515933100911296,0.5956188825990749,0.1843240631466261,647,547
CAID2 Disorder-NOX,pyHCA,DED,literal,0.5,long_gt30,0.3352021746517159,0.8630045442395081,0.599103359445612,0.5588958551691944,0.6433544969204994,0.2026773234125127,17658,7482
CAID2 Disorder-NOX,pyHCA,DED,calibrated,0.234,short_lt20,0.5011820330969267,0.5461538461538461,0.5236679396253864,0.4714161181361828,0.5777418134134283,0.04734075792177675,423,390
CAID2 Disorder-NOX,pyHCA,DED,calibrated,0.234,mid_20_30,0.58887171561051,0.7184643510054844,0.6536680333079972,0.576846979787035,0.7260609464434667,0.3079213016360416,647,547
CAID2 Disorder-NOX,pyHCA,DED,calibrated,0.234,long_gt30,0.7564843130592366,0.5160384923817162,0.6362614027204764,0.5952254440619965,0.6764604766072627,0.26610603018746626,17658,7482
CAID2 Disorder-NOX,DeepIDP-2L,DED,literal,0.5,short_lt20,0.5106382978723404,0.676923076923077,0.5937806873977087,0.5528684770723392,0.6463355543046172,0.1898114417661247,423,390
CAID2 Disorder-NOX,DeepIDP-2L,DED,literal,0.5,mid_20_30,0.6321483771251932,0.7074954296160878,0.6698219033706405,0.6066620135998477,0.7314791982058159,0.3388233729193976,647,547
CAID2 Disorder-NOX,DeepIDP-2L,DED,literal,0.5,long_gt30,0.7681504134103523,0.4847634322373697,0.626456922823861,0.5606665384404796,0.6857160906585512,0.2506708464947188,17658,7482
CAID2 Disorder-NOX,DeepIDP-2L,DED,calibrated,0.662,short_lt20,0.23404255319148937,0.9076923076923077,0.5708674304418986,0.5192626292350826,0.6335000226825834,0.1902818818234046,423,390
CAID2 Disorder-NOX,DeepIDP-2L,DED,calibrated,0.662,mid_20_30,0.41576506955177744,0.8171846435100548,0.6164748565309162,0.559810999812071,0.6760635694104181,0.2511700349294023,647,547
CAID2 Disorder-NOX,DeepIDP-2L,DED,calibrated,0.662,long_gt30,0.5573111337637332,0.7599572306869821,0.6586341822253576,0.6120236636283968,0.7061425246879899,0.2909180895790064,17658,7482
CAID2 Disorder-NOX,PredIDR-long,DED,literal,0.5,short_lt20,0.6879432624113475,0.5512820512820513,0.6196126568466994,0.5633108788935088,0.679073914450272,0.24163059548966295,423,390
CAID2 Disorder-NOX,PredIDR-long,DED,literal,0.5,mid_20_30,0.723338485316847,0.7349177330895795,0.7291281092032132,0.6356358765388109,0.8187903324111437,0.4568102782311013,647,547
CAID2 Disorder-NOX,PredIDR-long,DED,literal,0.5,long_gt30,0.8847547853664062,0.42929697941726813,0.6570258823918371,0.614883649079519,0.7068086479908781,0.3533256552024983,17658,7482
CAID2 Disorder-NOX,PredIDR-long,DED,calibrated,0.54,short_lt20,0.6312056737588653,0.6025641025641025,0.6168848881614839,0.5636600532528543,0.6723924755085168,0.23374710691420167,423,390
CAID2 Disorder-NOX,PredIDR-long,DED,calibrated,0.54,mid_20_30,0.6769706336939721,0.7550274223034735,0.7159990279987228,0.6230352049465019,0.8098561552495054,0.43085822627356124,647,547
CAID2 Disorder-NOX,PredIDR-long,DED,calibrated,0.54,long_gt30,0.8671990032846302,0.45308740978348033,0.6601432065340552,0.6167834431620528,0.7110299943876972,0.3489752196533656,17658,7482
CAID2 Disorder-NOX,PredIDR-short,DED,literal,0.5,short_lt20,0.7754137115839244,0.5615384615384615,0.668476086561193,0.6039801327529226,0.7339266777165188,0.3457447959736774,423,390
CAID2 Disorder-NOX,PredIDR-short,DED,literal,0.5,mid_20_30,0.7557959814528593,0.720292504570384,0.7380442430116216,0.6532460407337133,0.8208502036198613,0.47576931549172935,647,547
CAID2 Disorder-NOX,PredIDR-short,DED,literal,0.5,long_gt30,0.8801676294031034,0.4321037155840684,0.656135672493586,0.6148038654936806,0.7044691074830142,0.34885228633678284,17658,7482
CAID2 Disorder-NOX,PredIDR-short,DED,calibrated,0.518,short_lt20,0.7494089834515366,0.5769230769230769,0.6631660301873068,0.5970810399507008,0.7291605509493913,0.3318369279695729,423,390
CAID2 Disorder-NOX,PredIDR-short,DED,calibrated,0.518,mid_20_30,0.7434312210200927,0.7440585009140768,0.7437448609670847,0.6553740223134382,0.8341227728181976,0.4861699995943323,647,547
CAID2 Disorder-NOX,PredIDR-short,DED,calibrated,0.518,long_gt30,0.8733152112357006,0.44119219460037423,0.6572537029180374,0.6162860815943608,0.7065202980994987,0.34696352104058914,17658,7482
CAID2 Disorder-NOX,AUCpred-profile,DED,literal,0.5,short_lt20,0.5697399527186762,0.7,0.6348699763593381,0.577874041165528,0.6972937362961713,0.2714566921017676,423,390
CAID2 Disorder-NOX,AUCpred-profile,DED,literal,0.5,mid_20_30,0.7156105100463679,0.7312614259597806,0.7234359680030742,0.6388765756500009,0.7993094763172073,0.4454075186717473,647,547
CAID2 Disorder-NOX,AUCpred-profile,DED,literal,0.5,long_gt30,0.7205799071242497,0.5590751136059877,0.6398275103651188,0.591929923611668,0.6888075423192589,0.2659526580314014,17658,7482
CAID2 Disorder-NOX,AUCpred-profile,DED,calibrated,0.057,short_lt20,0.8108747044917257,0.49230769230769234,0.651591198399709,0.5951337284532832,0.7109509076728545,0.3210135649174962,423,390
CAID2 Disorder-NOX,AUCpred-profile,DED,calibrated,0.057,mid_20_30,0.8315301391035549,0.5978062157221207,0.7146681774128378,0.645534748858157,0.7777725090990518,0.4442890613054857,647,547
CAID2 Disorder-NOX,AUCpred-profile,DED,calibrated,0.057,long_gt30,0.8329369124476158,0.47367014167334937,0.6533035270604826,0.6065891228121811,0.6991760250160599,0.3202674254018726,17658,7482
CAID2 Disorder-NOX,AUCpred-no-profile,DED,literal,0.5,short_lt20,0.30969267139479906,0.8717948717948718,0.5907437715948354,0.5407535957920802,0.6522158454597116,0.21794729449011463,423,390
CAID2 Disorder-NOX,AUCpred-no-profile,DED,literal,0.5,mid_20_30,0.4714064914992272,0.8226691042047533,0.6470377978519902,0.5550278864915121,0.7353845076655485,0.3100481694641708,647,547
CAID2 Disorder-NOX,AUCpred-no-profile,DED,literal,0.5,long_gt30,0.573394495412844,0.657177225340818,0.615285860376831,0.5710363768263812,0.6581858868137828,0.21084832831920905,17658,7482
CAID2 Disorder-NOX,AUCpred-no-profile,DED,calibrated,0.025,short_lt20,0.7990543735224587,0.46923076923076923,0.634142571376614,0.5844154958528593,0.6786596037305032,0.2851237942919601,423,390
CAID2 Disorder-NOX,AUCpred-no-profile,DED,calibrated,0.025,mid_20_30,0.8438948995363215,0.6160877513711152,0.7299913254537183,0.6714527178219953,0.7913415248544559,0.4755424624059818,647,547
CAID2 Disorder-NOX,AUCpred-no-profile,DED,calibrated,0.025,long_gt30,0.8372409106354061,0.42876236300454423,0.6330016368199751,0.5963791668185223,0.6678198560261046,0.28399109377865617,17658,7482
CAID2 Disorder-NOX,DisoPred,DED,literal,0.5,short_lt20,0.40425531914893614,0.7846153846153846,0.5944353518821603,0.5543479577526755,0.641191640034819,0.20336672558402413,423,390
CAID2 Disorder-NOX,DisoPred,DED,literal,0.5,mid_20_30,0.45904173106646057,0.7678244972577697,0.6134331141621151,0.5426051044081289,0.6857225790242938,0.2362040628866534,647,547
CAID2 Disorder-NOX,DisoPred,DED,literal,0.5,long_gt30,0.754955261071469,0.6300454423950815,0.6925003517332753,0.6460910097874284,0.7350987271855891,0.36680347921890294,17658,7482
CAID2 Disorder-NOX,DisoPred,DED,calibrated,0.481,short_lt20,0.4491725768321513,0.735897435897436,0.5925350063647936,0.5519598782488927,0.6414317109126242,0.19257639833488296,423,390
CAID2 Disorder-NOX,DisoPred,DED,calibrated,0.481,mid_20_30,0.49768160741885625,0.7422303473491774,0.6199559773840169,0.5395698693022698,0.6990457224562481,0.2453287854802778,647,547
CAID2 Disorder-NOX,DisoPred,DED,calibrated,0.481,long_gt30,0.7766451466757277,0.603448275862069,0.6900467112688984,0.6451370530713803,0.7334075863067991,0.3677895697348402,17658,7482
CAID2 Disorder-NOX,Dispredict2,DED,literal,0.5,short_lt20,0.4066193853427896,0.7333333333333333,0.5699763593380615,0.5208091496880712,0.6160427192850892,0.1476529548911187,423,390
CAID2 Disorder-NOX,Dispredict2,DED,literal,0.5,mid_20_30,0.3323029366306028,0.7349177330895795,0.5336103348600911,0.4756207416577259,0.5999694780712348,0.0729817651086883,647,547
CAID2 Disorder-NOX,Dispredict2,DED,literal,0.5,long_gt30,0.3072828179861819,0.6630580058807806,0.4851704119334812,0.4483602370430465,0.5245498628044939,-0.029164951139469462,17658,7482
CAID2 Disorder-NOX,Dispredict2,DED,calibrated,0.984,short_lt20,0.0,1.0,0.5,0.5,0.5,,423,390
CAID2 Disorder-NOX,Dispredict2,DED,calibrated,0.984,mid_20_30,0.0,1.0,0.5,0.5,0.5,,647,547
CAID2 Disorder-NOX,Dispredict2,DED,calibrated,0.984,long_gt30,0.017159361196058445,0.9987971130713713,0.5079782371337149,0.5017335634021372,0.5188071014548309,0.06589741506126048,17658,7482
CAID2 Disorder-NOX,Dispredict3,DED,literal,0.5,short_lt20,0.24822695035460993,0.8974358974358975,0.5728314238952537,0.5239183310390542,0.6249117447221512,0.19009865811823942,423,390
CAID2 Disorder-NOX,Dispredict3,DED,literal,0.5,mid_20_30,0.22256568778979907,0.9159049360146252,0.5692353119022121,0.5216139370007556,0.6235229321071185,0.18860786340551072,647,547
CAID2 Disorder-NOX,Dispredict3,DED,literal,0.5,long_gt30,0.3284063880394156,0.8313285217856188,0.5798674549125171,0.5375892017152031,0.6223658706365843,0.16250216108929236,17658,7482
CAID2 Disorder-NOX,Dispredict3,DED,calibrated,0.022,short_lt20,0.7304964539007093,0.4717948717948718,0.6011456628477905,0.5581176303161531,0.6487734899425331,0.2097335950426371,423,390
CAID2 Disorder-NOX,Dispredict3,DED,calibrated,0.022,mid_20_30,0.7897990726429676,0.5594149908592322,0.6746070317510999,0.6011336641901786,0.7481977399363426,0.36034414822305955,647,547
CAID2 Disorder-NOX,Dispredict3,DED,calibrated,0.022,long_gt30,0.8638577415335825,0.4242181234963913,0.644037932514987,0.6004507361812874,0.6909393348701649,0.3169863787958329,17658,7482
CAID2 Disorder-NOX,IDP-Fusion,DED,literal,0.5,short_lt20,0.6501182033096927,0.6743589743589744,0.6622385888343336,0.6202791244453357,0.707420214361586,0.32422963360302515,423,390
CAID2 Disorder-NOX,IDP-Fusion,DED,literal,0.5,mid_20_30,0.6877897990726429,0.720292504570384,0.7040411518215135,0.634170780448538,0.7736860576013671,0.40664912652341334,647,547
CAID2 Disorder-NOX,IDP-Fusion,DED,literal,0.5,long_gt30,0.8626118473213275,0.4541566426089281,0.6583842449651278,0.6109933919474047,0.703774813465775,0.3432830031831158,17658,7482
CAID2 Disorder-NOX,IDP-Fusion,DED,calibrated,0.626,short_lt20,0.4160756501182033,0.7846153846153846,0.600345517366794,0.5456126596424575,0.6612450752918596,0.21497166476109678,423,390
CAID2 Disorder-NOX,IDP-Fusion,DED,calibrated,0.626,mid_20_30,0.4853168469860896,0.8263254113345521,0.6558211291603209,0.5743286334416886,0.7325901446674307,0.32719425076213415,647,547
CAID2 Disorder-NOX,IDP-Fusion,DED,calibrated,0.626,long_gt30,0.7567674708347492,0.5779203421545042,0.6673439064946267,0.602189310994277,0.722202678918541,0.3223835704547717,17658,7482
CAID2 Disorder-NOX,rawMSA,DED,literal,0.5,short_lt20,0.5390070921985816,0.6256410256410256,0.5823240589198035,0.5277762214253698,0.6359999140229565,0.16504075300551735,423,390
CAID2 Disorder-NOX,rawMSA,DED,literal,0.5,mid_20_30,0.5146831530139103,0.8208409506398537,0.6677620518268821,0.600384283750292,0.72733582485456,0.34807162778864476,647,547
CAID2 Disorder-NOX,rawMSA,DED,literal,0.5,long_gt30,0.763846415222562,0.6180165731087944,0.6909314941656782,0.6509898669105387,0.7366614629618445,0.36609027912332365,17658,7482
CAID2 Disorder-NOX,rawMSA,DED,calibrated,0.552,short_lt20,0.408983451536643,0.7846153846153846,0.5967994180760138,0.543739644505213,0.6577818248677565,0.20801817022253943,423,390
CAID2 Disorder-NOX,rawMSA,DED,calibrated,0.552,mid_20_30,0.3755795981452859,0.8793418647166362,0.627460731430961,0.5753323289150277,0.6744506482335093,0.29000222531525843,647,547
CAID2 Disorder-NOX,rawMSA,DED,calibrated,0.552,long_gt30,0.7149733831691019,0.6793638064688586,0.6971685948189803,0.6551083311494986,0.7454487839924613,0.3676631869183656,17658,7482
CAID2 Disorder-NOX,metapredict,DED,literal,0.5,short_lt20,0.48936170212765956,0.7538461538461538,0.6216039279869067,0.5641531981152117,0.681594553472565,0.2512891192008282,423,390
CAID2 Disorder-NOX,metapredict,DED,literal,0.5,mid_20_30,0.5765069551777434,0.7678244972577697,0.6721657262177565,0.582603149016076,0.7511504954983076,0.347742490836025,647,547
CAID2 Disorder-NOX,metapredict,DED,literal,0.5,long_gt30,0.826537546721033,0.5777866880513232,0.7021621173861781,0.6552482363512682,0.7491575806926722,0.40584165656301047,17658,7482
CAID2 Disorder-NOX,metapredict,DED,calibrated,0.42,short_lt20,0.5768321513002365,0.717948717948718,0.6473904346244772,0.5916987365166643,0.7066445330279812,0.2970255498987742,423,390
CAID2 Disorder-NOX,metapredict,DED,calibrated,0.42,mid_20_30,0.6568778979907264,0.7349177330895795,0.695897815540153,0.6172782013695531,0.7684831173632085,0.39081900047380064,647,547
CAID2 Disorder-NOX,metapredict,DED,calibrated,0.42,long_gt30,0.8473213274436516,0.5525260625501203,0.6999236949968859,0.6527757006234897,0.746294983015158,0.4109787337107657,17658,7482
CAID2 Disorder-NOX,disomine,DED,literal,0.5,short_lt20,0.1702127659574468,0.9230769230769231,0.546644844517185,0.5021874628688778,0.6007734456981937,0.14070231609104566,423,390
CAID2 Disorder-NOX,disomine,DED,literal,0.5,mid_20_30,0.3554868624420402,0.8043875685557587,0.5799372154988994,0.522665021797661,0.6508938057615785,0.17697806968888452,647,547
CAID2 Disorder-NOX,disomine,DED,literal,0.5,long_gt30,0.4418960244648318,0.7733226410050789,0.6076093327349553,0.5600431653734301,0.6532685316527062,0.20294966576171591,17658,7482
CAID2 Disorder-NOX,disomine,DED,calibrated,0.175,short_lt20,0.6146572104018913,0.5846153846153846,0.599636297508638,0.5478486682687838,0.6642177654723768,0.19925327091138248,423,390
CAID2 Disorder-NOX,disomine,DED,calibrated,0.175,mid_20_30,0.6908809891808346,0.4954296160877514,0.5931553026342931,0.538780699042585,0.6601791441226943,0.18993446509678721,647,547
CAID2 Disorder-NOX,disomine,DED,calibrated,0.175,long_gt30,0.8736550005663155,0.4139267575514568,0.6437908790588862,0.6063300424217533,0.6833721196490071,0.3217323082957449,17658,7482
CAID2 Disorder-NOX,s2D,DED,literal,0.5,short_lt20,0.789598108747045,0.5717948717948718,0.6806964902709584,0.6212124352553604,0.7363254507121421,0.3712667361525393,423,390
CAID2 Disorder-NOX,s2D,DED,literal,0.5,mid_20_30,0.7805255023183926,0.5703839122486288,0.6754547072835106,0.6031572884482146,0.7427421666701703,0.3601612934033574,647,547
CAID2 Disorder-NOX,s2D,DED,literal,0.5,long_gt30,0.7861026163778457,0.4170008019246191,0.6015517091512323,0.5659856086693367,0.6363420084510921,0.20812229146274389,17658,7482
CAID2 Disorder-NOX,s2D,DED,calibrated,0.457,short_lt20,0.851063829787234,0.47692307692307695,0.6639934533551555,0.606552424478054,0.7190459227309488,0.3554837628662131,423,390
CAID2 Disorder-NOX,s2D,DED,calibrated,0.457,mid_20_30,0.8176197836166924,0.473491773308958,0.6455557784628252,0.5772329551922378,0.7131416539108705,0.31204954027864334,647,547
CAID2 Disorder-NOX,s2D,DED,calibrated,0.457,long_gt30,0.8489070109865217,0.34282277465918204,0.5958648928228518,0.5668463342014184,0.6249518712101446,0.21591902939662186,17658,7482
CAID3 Disorder-PDB,AlphaFold-pLDDT,AF,literal,0.5,short_lt20,0.3313053097345133,0.9495101733232856,0.6404077415288995,0.6101191097738649,0.6726635201480354,0.3392017345063177,1808,1327
CAID3 Disorder-PDB,AlphaFold-pLDDT,AF,literal,0.5,mid_20_30,0.40714285714285714,0.9828877005347594,0.6950152788388082,0.652401379692743,0.7361955131723156,0.4312176998690431,1540,935
CAID3 Disorder-PDB,AlphaFold-pLDDT,AF,literal,0.5,long_gt30,0.5833069536773241,0.9793905231636427,0.7813487384204834,0.7527907874848856,0.8086805835393185,0.4760030019647047,18954,5677
CAID3 Disorder-PDB,AlphaFold-pLDDT,AF,calibrated,0.282,short_lt20,0.6277654867256637,0.8538055764883196,0.7407855316069916,0.708854268830115,0.7720572012328079,0.4814749470318221,1808,1327
CAID3 Disorder-PDB,AlphaFold-pLDDT,AF,calibrated,0.282,mid_20_30,0.6824675324675324,0.9048128342245989,0.7936401833460657,0.7490153600260752,0.8362480909405969,0.57123997249192,1540,935
CAID3 Disorder-PDB,AlphaFold-pLDDT,AF,calibrated,0.282,long_gt30,0.8156062044950934,0.9129822089131584,0.8642942067041259,0.8385679762640386,0.888173977301123,0.6423343395049869,18954,5677
CAID3 Disorder-PDB,AlphaFold-rsa,AF,literal,0.5,short_lt20,0.5796460176991151,0.7324792765636775,0.6560626471313963,0.6246896373308979,0.6868419419125749,0.3101421976491253,1808,1327
CAID3 Disorder-PDB,AlphaFold-rsa,AF,literal,0.5,mid_20_30,0.762987012987013,0.7689839572192514,0.7659854851031322,0.7295975606708767,0.8009996903265871,0.5198474202684625,1540,935
CAID3 Disorder-PDB,AlphaFold-rsa,AF,literal,0.5,long_gt30,0.8954838028912103,0.8166285009688216,0.8560561519300159,0.8254303133417524,0.8830647529807121,0.6765855656983475,18954,5677
CAID3 Disorder-PDB,AlphaFold-rsa,AF,calibrated,0.546,short_lt20,0.5,0.8161266013564431,0.6580633006782215,0.6266014086636629,0.6929849330005745,0.3242095767442856,1808,1327
CAID3 Disorder-PDB,AlphaFold-rsa,AF,calibrated,0.546,mid_20_30,0.6844155844155844,0.8695187165775401,0.7769671504965623,0.7366786169304601,0.8155458280380653,0.5377942914976719,1540,935
CAID3 Disorder-PDB,AlphaFold-rsa,AF,calibrated,0.546,long_gt30,0.8654637543526432,0.8659503258763431,0.8657070401144932,0.8378913328123034,0.8916928429614454,0.670204446931896,18954,5677
CAID3 Disorder-PDB,AlphaFold3-pLDDT,AF,literal,0.5,short_lt20,0.2809734513274336,0.9502637528259231,0.6156186020766784,0.5874291535320632,0.6475960597519582,0.29541439157569277,1808,1327
CAID3 Disorder-PDB,AlphaFold3-pLDDT,AF,literal,0.5,mid_20_30,0.39285714285714285,0.9700534759358289,0.6814553093964859,0.6398948427813197,0.721324954135413,0.40329159762004174,1540,935
CAID3 Disorder-PDB,AlphaFold3-pLDDT,AF,literal,0.5,long_gt30,0.5397277619499842,0.9772767306676061,0.7585022463087951,0.7252482707231998,0.7926978629345184,0.4410652750212328,18954,5677
CAID3 Disorder-PDB,AlphaFold3-pLDDT,AF,calibrated,0.202,short_lt20,0.7389380530973452,0.7581009796533534,0.7485195163753493,0.7125451265484207,0.7825728132537393,0.49195649506073774,1808,1327
CAID3 Disorder-PDB,AlphaFold3-pLDDT,AF,calibrated,0.202,mid_20_30,0.7584415584415585,0.841711229946524,0.8000763941940412,0.7523093146696697,0.841457229609375,0.5831205293415374,1540,935
CAID3 Disorder-PDB,AlphaFold3-pLDDT,AF,calibrated,0.202,long_gt30,0.8351271499419648,0.8564382596441783,0.8457827047930715,0.8185960180095947,0.8712716240785904,0.6221891770044611,18954,5677
CAID3 Disorder-PDB,AlphaFold3-rsa,AF,literal,0.5,short_lt20,0.577433628318584,0.7385079125847777,0.6579707704516808,0.6288917371470785,0.6871591217773821,0.3141988572428628,1808,1327
CAID3 Disorder-PDB,AlphaFold3-rsa,AF,literal,0.5,mid_20_30,0.759090909090909,0.7647058823529411,0.7618983957219251,0.7227326583324006,0.7990032247956202,0.5117560247150825,1540,935
CAID3 Disorder-PDB,AlphaFold3-rsa,AF,literal,0.5,long_gt30,0.8918434103619289,0.8115201691033996,0.8516817897326643,0.8198272642416106,0.8782640703919349,0.667003502847606,18954,5677
CAID3 Disorder-PDB,AlphaFold3-rsa,AF,calibrated,0.529,short_lt20,0.5182522123893806,0.7957799547852299,0.6570160835873052,0.6264100035673745,0.6884043396764065,0.3188118727041867,1808,1327
CAID3 Disorder-PDB,AlphaFold3-rsa,AF,calibrated,0.529,mid_20_30,0.7136363636363636,0.8203208556149733,0.7669786096256684,0.729268646215075,0.803028214848683,0.5179058945122699,1540,935
CAID3 Disorder-PDB,AlphaFold3-rsa,AF,calibrated,0.529,long_gt30,0.8681544792655904,0.8411132640479126,0.8546338716567515,0.8241342038086291,0.8812910666977242,0.6547810684370424,18954,5677
CAID3 Disorder-PDB,AIUPred,DED,literal,0.5,short_lt20,0.5503318584070797,0.6623963828183873,0.6063641206127335,0.5806837483317673,0.6312798033733136,0.21087567176833208,1808,1327
CAID3 Disorder-PDB,AIUPred,DED,literal,0.5,mid_20_30,0.7668831168831168,0.5689839572192513,0.6679335370511841,0.623063794817812,0.7095630613726338,0.33924789075627365,1540,935
CAID3 Disorder-PDB,AIUPred,DED,literal,0.5,long_gt30,0.8424606943125461,0.696846926193412,0.7696538102529791,0.7306046632569833,0.8064902540813361,0.5048385336367692,18954,5677
CAID3 Disorder-PDB,AIUPred,DED,calibrated,0.717,short_lt20,0.2948008849557522,0.8786737000753579,0.5867372925155551,0.5607976765413489,0.6145705034088298,0.20644620642252598,1808,1327
CAID3 Disorder-PDB,AIUPred,DED,calibrated,0.717,mid_20_30,0.4753246753246753,0.8973262032085562,0.6863254392666157,0.6408909392474152,0.732437745654275,0.38291849851336573,1540,935
CAID3 Disorder-PDB,AIUPred,DED,calibrated,0.717,long_gt30,0.6731033027329324,0.9152721507838647,0.7941877267583985,0.7588852541431287,0.8260143823358579,0.49697764306998665,18954,5677
CAID3 Disorder-PDB,AIUPred-2-disorder,DED,literal,0.5,short_lt20,0.49668141592920356,0.7385079125847777,0.6175946642569906,0.5917151434099033,0.6419882161599533,0.2374852870272207,1808,1327
CAID3 Disorder-PDB,AIUPred-2-disorder,DED,literal,0.5,mid_20_30,0.6616883116883117,0.7614973262032085,0.7115928189457601,0.6682103654247535,0.757363207556739,0.4103502948293978,1540,935
CAID3 Disorder-PDB,AIUPred-2-disorder,DED,literal,0.5,long_gt30,0.8455207344096233,0.798132816628501,0.8218267755190621,0.7848955255364569,0.8546620345341426,0.5899447102534787,18954,5677
CAID3 Disorder-PDB,AIUPred-2-disorder,DED,calibrated,0.56,short_lt20,0.3711283185840708,0.8522984174830445,0.6117133680335576,0.5856935940857857,0.6379707866809786,0.24679635535353459,1808,1327
CAID3 Disorder-PDB,AIUPred-2-disorder,DED,calibrated,0.56,mid_20_30,0.5506493506493506,0.8556149732620321,0.7031321619556914,0.6558343163973835,0.7477227275512197,0.4025443003461365,1540,935
CAID3 Disorder-PDB,AIUPred-2-disorder,DED,calibrated,0.56,long_gt30,0.7939748865674792,0.8876166989607187,0.840795792764099,0.8119040882454864,0.8678159562949442,0.5968954412315058,18954,5677
CAID3 Disorder-PDB,IUPred3,DED,literal,0.5,short_lt20,0.30420353982300885,0.8590806330067822,0.5816420864148955,0.5550190367842534,0.6085605504207618,0.1902481453510952,1808,1327
CAID3 Disorder-PDB,IUPred3,DED,literal,0.5,mid_20_30,0.44285714285714284,0.8556149732620321,0.6492360580595875,0.606841360492959,0.6944913096826912,0.30772773421261324,1540,935
CAID3 Disorder-PDB,IUPred3,DED,literal,0.5,long_gt30,0.6643452569378495,0.888673595208737,0.7765094260732932,0.7447953468523467,0.8033308795790596,0.4670707606655017,18954,5677
CAID3 Disorder-PDB,IUPred3,DED,calibrated,0.484,short_lt20,0.32798672566371684,0.8311981914091937,0.5795924585364552,0.5519732241415817,0.6069192182349843,0.1791714655033853,1808,1327
CAID3 Disorder-PDB,IUPred3,DED,calibrated,0.484,mid_20_30,0.4681818181818182,0.8406417112299466,0.6544117647058824,0.6096762141272609,0.7001570827372502,0.31360241842823994,1540,935
CAID3 Disorder-PDB,IUPred3,DED,calibrated,0.484,long_gt30,0.6885617811543737,0.866654923375022,0.7776083522646979,0.7464356429222515,0.8039217551319332,0.47112178946027145,18954,5677
CAID3 Disorder-PDB,ESpritz-D,DED,literal,0.5,short_lt20,0.11836283185840708,0.9570459683496609,0.537704400104034,0.5208797176076632,0.5563289329192916,0.13258230136841392,1808,1327
CAID3 Disorder-PDB,ESpritz-D,DED,literal,0.5,mid_20_30,0.2331168831168831,0.8909090909090909,0.562012987012987,0.5334897286174104,0.5972933036112417,0.15445380669375483,1540,935
CAID3 Disorder-PDB,ESpritz-D,DED,literal,0.5,long_gt30,0.3929513559143189,0.9453936938523868,0.6691725248833529,0.6286175966792306,0.7088376956610246,0.30675995909820736,18954,5677
CAID3 Disorder-PDB,ESpritz-D,DED,calibrated,0.342,short_lt20,0.3163716814159292,0.8311981914091937,0.5737849364125615,0.5544351088464963,0.5939698469550616,0.16751771202529922,1808,1327
CAID3 Disorder-PDB,ESpritz-D,DED,calibrated,0.342,mid_20_30,0.55,0.6737967914438503,0.6118983957219252,0.5723386779791838,0.6501672541895047,0.2175273454267379,1540,935
CAID3 Disorder-PDB,ESpritz-D,DED,calibrated,0.342,long_gt30,0.6454046639231824,0.8197991897128765,0.7326019268180295,0.6926100580965145,0.7682204989763891,0.3929807150612602,18954,5677
CAID3 Disorder-PDB,ESpritz-N,DED,literal,0.5,short_lt20,0.3860619469026549,0.9103240391861341,0.6481929930443945,0.618228747226159,0.6781612838664441,0.3335988890069996,1808,1327
CAID3 Disorder-PDB,ESpritz-N,DED,literal,0.5,mid_20_30,0.38571428571428573,0.9443850267379679,0.6650496562261268,0.6227675121301018,0.7106516601928371,0.36440780804082473,1540,935
CAID3 Disorder-PDB,ESpritz-N,DED,literal,0.5,long_gt30,0.5585628363406141,0.9318301920028184,0.7451965141717163,0.7183698012979571,0.7711111585014486,0.41552201664513483,18954,5677
CAID3 Disorder-PDB,ESpritz-N,DED,calibrated,0.361,short_lt20,0.5204646017699115,0.8153730218538056,0.6679188118118585,0.6385727847900513,0.6964774617271519,0.3421493809965976,1808,1327
CAID3 Disorder-PDB,ESpritz-N,DED,calibrated,0.361,mid_20_30,0.5337662337662338,0.8909090909090909,0.7123376623376623,0.6683586767429984,0.7564142450534933,0.4256781013363305,1540,935
CAID3 Disorder-PDB,ESpritz-N,DED,calibrated,0.361,long_gt30,0.6735253772290809,0.846573894662674,0.7600496359458775,0.7314850530174244,0.7866221148720584,0.44061456027824897,18954,5677
CAID3 Disorder-PDB,ESpritz-X,DED,literal,0.5,short_lt20,0.16261061946902655,0.9804069329314242,0.5715087762002253,0.5474841854651501,0.5974031734540972,0.2334048235858514,1808,1327
CAID3 Disorder-PDB,ESpritz-X,DED,literal,0.5,mid_20_30,0.21103896103896103,0.9957219251336898,0.6033804430863254,0.570611623716766,0.6409307476363968,0.29527164456932525,1540,935
CAID3 Disorder-PDB,ESpritz-X,DED,literal,0.5,long_gt30,0.2645351904611164,0.9852034525277436,0.62486932149443,0.6017065737206042,0.6466359431918833,0.25960391773795105,18954,5677
CAID3 Disorder-PDB,ESpritz-X,DED,calibrated,0.082,short_lt20,0.49668141592920356,0.7761868877166541,0.6364341518229288,0.6080336400326646,0.6648463338751158,0.27758944456089857,1808,1327
CAID3 Disorder-PDB,ESpritz-X,DED,calibrated,0.082,mid_20_30,0.6220779220779221,0.7828877005347593,0.7024828113063407,0.6626636093697815,0.7451246189560329,0.3934327704392398,1540,935
CAID3 Disorder-PDB,ESpritz-X,DED,calibrated,0.082,long_gt30,0.6715205233723752,0.8673595208737009,0.7694400221230381,0.7420892487849265,0.7945181629087199,0.4559355943288724,18954,5677
CAID3 Disorder-PDB,MobiDB-lite,DED,literal,0.5,short_lt20,0.3805309734513274,0.9050489826676714,0.6427899780594994,0.6155046010946873,0.6729551830851016,0.32181969904021934,1808,1327
CAID3 Disorder-PDB,MobiDB-lite,DED,literal,0.5,mid_20_30,0.4772727272727273,0.9165775401069519,0.6969251336898397,0.6557143580844923,0.741210726243741,0.4065711217354553,1540,935
CAID3 Disorder-PDB,MobiDB-lite,DED,literal,0.5,long_gt30,0.5910098132320355,0.9342962832481945,0.762653048240115,0.7353050158760205,0.7889757246030457,0.4432581767839579,18954,5677
CAID3 Disorder-PDB,MobiDB-lite,DED,calibrated,0.429,short_lt20,0.3805309734513274,0.9050489826676714,0.6427899780594994,0.6155046010946873,0.6729551830851016,0.32181969904021934,1808,1327
CAID3 Disorder-PDB,MobiDB-lite,DED,calibrated,0.429,mid_20_30,0.4772727272727273,0.9165775401069519,0.6969251336898397,0.6557143580844923,0.741210726243741,0.4065711217354553,1540,935
CAID3 Disorder-PDB,MobiDB-lite,DED,calibrated,0.429,long_gt30,0.5910098132320355,0.9342962832481945,0.762653048240115,0.7353050158760205,0.7889757246030457,0.4432581767839579,18954,5677
CAID3 Disorder-PDB,flDPnn,DED,literal,0.5,short_lt20,0.18971238938053098,0.9442351168048229,0.566973753092677,0.5437792738059076,0.5894467656108712,0.19488416524965646,1808,1327
CAID3 Disorder-PDB,flDPnn,DED,literal,0.5,mid_20_30,0.3025974025974026,0.9540106951871657,0.6283040488922842,0.5906034206506138,0.670767336421827,0.30781223283223724,1540,935
CAID3 Disorder-PDB,flDPnn,DED,literal,0.5,long_gt30,0.352326685660019,0.9674123656861018,0.6598695256730605,0.6293406071571654,0.6909090888417324,0.3003511472314061,18954,5677
CAID3 Disorder-PDB,flDPnn,DED,calibrated,0.209,short_lt20,0.5868362831858407,0.7618688771665411,0.6743525801761909,0.6467998765226581,0.7031757303332832,0.34714957937912755,1808,1327
CAID3 Disorder-PDB,flDPnn,DED,calibrated,0.209,mid_20_30,0.6571428571428571,0.7262032085561497,0.6916730328495034,0.6474400904808383,0.7350508982465921,0.3718295615126526,1540,935
CAID3 Disorder-PDB,flDPnn,DED,calibrated,0.209,long_gt30,0.7307692307692307,0.8419940109212612,0.786381620845246,0.7524516541502999,0.8174716021958198,0.4921234517930837,18954,5677
CAID3 Disorder-PDB,flDPnn2,DED,literal,0.5,short_lt20,0.20741150442477876,0.9238884702336096,0.5656499873291942,0.5426716255210068,0.5914338520567983,0.18077429301697504,1808,1327
CAID3 Disorder-PDB,flDPnn2,DED,literal,0.5,mid_20_30,0.4116883116883117,0.8887700534759359,0.6502291825821238,0.60854014195384,0.6919891466116953,0.3184361581136823,1540,935
CAID3 Disorder-PDB,flDPnn2,DED,literal,0.5,long_gt30,0.3765432098765432,0.9746344900475603,0.6755888499620517,0.6431543941785915,0.7137886845966421,0.32410935026229015,18954,5677
CAID3 Disorder-PDB,flDPnn2,DED,calibrated,0.24,short_lt20,0.5547566371681416,0.7128862094951017,0.6338214233316217,0.6087330064401771,0.658879811125578,0.2663049240959681,1808,1327
CAID3 Disorder-PDB,flDPnn2,DED,calibrated,0.24,mid_20_30,0.698051948051948,0.6598930481283423,0.6789724980901451,0.6357135062784849,0.7228238370188551,0.3498591792066671,1540,935
CAID3 Disorder-PDB,flDPnn2,DED,calibrated,0.24,long_gt30,0.7549329956737364,0.8557336621454994,0.8053333289096178,0.7734176290793318,0.8356974664129923,0.5283150360193026,18954,5677
CAID3 Disorder-PDB,flDPnn3a,DED,literal,0.5,short_lt20,0.6139380530973452,0.7151469480030144,0.6645425005501797,0.6377465383869579,0.6925892768200069,0.3256075735868219,1808,1327
CAID3 Disorder-PDB,flDPnn3a,DED,literal,0.5,mid_20_30,0.7636363636363637,0.6983957219251337,0.7310160427807486,0.6926632450758943,0.7737066374634226,0.4553014813830734,1540,935
CAID3 Disorder-PDB,flDPnn3a,DED,literal,0.5,long_gt30,0.7608420386198164,0.8587282015148846,0.8097851200673505,0.7741035206625304,0.8414551196131598,0.5370338444774115,18954,5677
CAID3 Disorder-PDB,flDPnn3a,DED,calibrated,0.452,short_lt20,0.6852876106194691,0.6593820648078372,0.6723348377136531,0.6428359223236539,0.7014531865299222,0.34165072705981003,1808,1327
CAID3 Disorder-PDB,flDPnn3a,DED,calibrated,0.452,mid_20_30,0.8409090909090909,0.6053475935828877,0.7231283422459893,0.6844756580978458,0.7625408948192256,0.46096060639285186,1540,935
CAID3 Disorder-PDB,flDPnn3a,DED,calibrated,0.452,long_gt30,0.8490556083148676,0.8101109741060419,0.8295832912104548,0.79697803741631,0.8613775142011477,0.6041403729697398,18954,5677
CAID3 Disorder-PDB,flDPnn3b,DED,literal,0.5,short_lt20,0.10730088495575221,0.9804069329314242,0.5438539089435882,0.5245417340388557,0.5666133767587206,0.1696455065016068,1808,1327
CAID3 Disorder-PDB,flDPnn3b,DED,literal,0.5,mid_20_30,0.22987012987012986,0.9754010695187165,0.6026355996944232,0.5648906866481368,0.6453010987667652,0.2769623711787729,1540,935
CAID3 Disorder-PDB,flDPnn3b,DED,literal,0.5,long_gt30,0.2989870212092434,0.9797428219129822,0.6393649215611128,0.5978967226739341,0.6817445158858688,0.27695560241956085,18954,5677
CAID3 Disorder-PDB,flDPnn3b,DED,calibrated,0.242,short_lt20,0.599004424778761,0.6752072343632253,0.6371058295709932,0.6096203981031312,0.666101508456179,0.27112286555759024,1808,1327
CAID3 Disorder-PDB,flDPnn3b,DED,calibrated,0.242,mid_20_30,0.7597402597402597,0.6385026737967915,0.6991214667685256,0.6621344233364156,0.7385253222885017,0.3957312404789446,1540,935
CAID3 Disorder-PDB,flDPnn3b,DED,calibrated,0.242,long_gt30,0.7519784742006964,0.838999471551876,0.7954889728762862,0.752948816369131,0.8349272963645209,0.5116747077100375,18954,5677
CAID3 Disorder-PDB,DISOPRED3-diso,DED,literal,0.5,short_lt20,0.39103982300884954,0.9050489826676714,0.6480444028382605,0.6193961502606665,0.6784549248197852,0.33119326939266813,1808,1327
CAID3 Disorder-PDB,DISOPRED3-diso,DED,literal,0.5,mid_20_30,0.4811688311688312,0.9390374331550803,0.7101031321619558,0.6624513529256951,0.7529273988540456,0.4358737464137688,1540,935
CAID3 Disorder-PDB,DISOPRED3-diso,DED,literal,0.5,long_gt30,0.6792233829270866,0.9434560507310199,0.8113397168290533,0.7843751325870874,0.8362631833172659,0.5258145947063766,18954,5677
CAID3 Disorder-PDB,DISOPRED3-diso,DED,calibrated,0.32,short_lt20,0.5182522123893806,0.8447626224566692,0.6815074174230249,0.6488205797687409,0.7124777670818455,0.3726415394948179,1808,1327
CAID3 Disorder-PDB,DISOPRED3-diso,DED,calibrated,0.32,mid_20_30,0.6032467532467533,0.8994652406417112,0.7513559969442323,0.7053814608937228,0.793538649288326,0.49495337243584736,1540,935
CAID3 Disorder-PDB,DISOPRED3-diso,DED,calibrated,0.32,long_gt30,0.7606837606837606,0.8988902589395807,0.8297870098116706,0.7998217433087917,0.8555240712411125,0.569151190964248,18954,5677
CAID3 Disorder-PDB,SETH-0,DED,literal,0.5,short_lt20,0.4004424778761062,0.9359457422758101,0.6681941100759581,0.6377215886991916,0.7002680953365359,0.3798361869017316,1808,1327
CAID3 Disorder-PDB,SETH-0,DED,literal,0.5,mid_20_30,0.4993506493506494,0.9518716577540107,0.7256111535523301,0.6819906951616566,0.769164765239775,0.4656501089804419,1540,935
CAID3 Disorder-PDB,SETH-0,DED,literal,0.5,long_gt30,0.7069747810488551,0.9674123656861018,0.8371935733674785,0.8153229600587217,0.8595600322819527,0.5710666901130961,18954,5677
CAID3 Disorder-PDB,SETH-0,DED,calibrated,0.396,short_lt20,0.6012168141592921,0.8327053504144687,0.7169610822868804,0.6883330967911254,0.7449927691269582,0.43473669450229524,1808,1327
CAID3 Disorder-PDB,SETH-0,DED,calibrated,0.396,mid_20_30,0.6688311688311688,0.906951871657754,0.7878915202444614,0.7463309085913358,0.8301254349483348,0.5609815305869936,1540,935
CAID3 Disorder-PDB,SETH-0,DED,calibrated,0.396,long_gt30,0.8236783792339348,0.9212612295226352,0.872469804378285,0.8496106819639779,0.8952724886999273,0.6586134894864143,18954,5677
CAID3 Disorder-PDB,SETH-1,DED,literal,0.5,short_lt20,0.5398230088495575,0.880180859080633,0.7100019339650953,0.6778773734797706,0.7404630537894817,0.43179244159078495,1808,1327
CAID3 Disorder-PDB,SETH-1,DED,literal,0.5,mid_20_30,0.5584415584415584,0.9433155080213904,0.7508785332314745,0.709673468214652,0.7926865318174884,0.5041778476063051,1540,935
CAID3 Disorder-PDB,SETH-1,DED,literal,0.5,long_gt30,0.7230663712145193,0.9545534613352122,0.8388099162748658,0.8163256708303284,0.862716721062956,0.575923926084713,18954,5677
CAID3 Disorder-PDB,SETH-1,DED,calibrated,0.439,short_lt20,0.6255530973451328,0.8251695553880934,0.7253613263666131,0.694748435027799,0.7537011253831576,0.44922536838956595,1808,1327
CAID3 Disorder-PDB,SETH-1,DED,calibrated,0.439,mid_20_30,0.6324675324675325,0.9144385026737968,0.7734530175706646,0.7317851001662172,0.8154702601006812,0.5362428781009223,1540,935
CAID3 Disorder-PDB,SETH-1,DED,calibrated,0.439,long_gt30,0.7771974253455735,0.9311255945041396,0.8541615099248565,0.8320043118012734,0.8779248811350785,0.6127300796593096,18954,5677
CAID3 Disorder-PDB,VSL2,DED,literal,0.5,short_lt20,0.6875,0.6465712132629993,0.6670356066314996,0.6358116300538338,0.6938838227004006,0.33152737780361613,1808,1327
CAID3 Disorder-PDB,VSL2,DED,literal,0.5,mid_20_30,0.7701298701298701,0.6032085561497326,0.6866692131398013,0.638283502167906,0.7383277454565795,0.3747168403967379,1540,935
CAID3 Disorder-PDB,VSL2,DED,literal,0.5,long_gt30,0.8446765854173262,0.6644354412541835,0.7545560133357548,0.7167954565468083,0.7883787090681041,0.4814592020284768,18954,5677
CAID3 Disorder-PDB,VSL2,DED,calibrated,0.698,short_lt20,0.35508849557522126,0.8703843255463452,0.6127364105607832,0.5865950993455042,0.6401693166439405,0.2540850430163098,1808,1327
CAID3 Disorder-PDB,VSL2,DED,calibrated,0.698,mid_20_30,0.487012987012987,0.7935828877005348,0.6402979373567609,0.5972069688830106,0.687997481825648,0.2801316753624692,1540,935
CAID3 Disorder-PDB,VSL2,DED,calibrated,0.698,long_gt30,0.6802785691674581,0.8772238858552052,0.7787512275113316,0.7445017595043258,0.8104487234810674,0.4721135079692658,18954,5677
CAID3 Disorder-PDB,SPOT-Disorder,DED,literal,0.5,short_lt20,0.47345132743362833,0.9125847776940467,0.6930180525638375,0.6613682108071177,0.7262354024204056,0.41238343091879676,1808,1327
CAID3 Disorder-PDB,SPOT-Disorder,DED,literal,0.5,mid_20_30,0.5597402597402598,0.9636363636363636,0.7616883116883117,0.7148573358577187,0.8088768779920789,0.5280018169080042,1540,935
CAID3 Disorder-PDB,SPOT-Disorder,DED,literal,0.5,long_gt30,0.7470718581829693,0.9203804826492866,0.833726170416128,0.7971558374865625,0.8698524409339182,0.5722201221217402,18954,5677
CAID3 Disorder-PDB,SPOT-Disorder,DED,calibrated,0.432,short_lt20,0.5204646017699115,0.892991710625471,0.7067281561976912,0.6743362328424471,0.7395137832286939,0.4295971532513777,1808,1327
CAID3 Disorder-PDB,SPOT-Disorder,DED,calibrated,0.432,mid_20_30,0.6019480519480519,0.9411764705882353,0.7715622612681436,0.7230230718755901,0.8201127415728696,0.5382449082175694,1540,935
CAID3 Disorder-PDB,SPOT-Disorder,DED,calibrated,0.432,long_gt30,0.7717632162076606,0.9032939933063238,0.8375286047569922,0.8014730008127704,0.8723056825998338,0.5845877345678185,18954,5677
CAID3 Disorder-PDB,SPOT-Disorder2,DED,literal,0.5,short_lt20,0.4717920353982301,0.9186134137151469,0.6952027245566885,0.6642791965476359,0.7258608516154574,0.41836859974669943,1808,1327
CAID3 Disorder-PDB,SPOT-Disorder2,DED,literal,0.5,mid_20_30,0.5909090909090909,0.946524064171123,0.768716577540107,0.7265183329163432,0.8110317090388152,0.5347474079712536,1540,935
CAID3 Disorder-PDB,SPOT-Disorder2,DED,literal,0.5,long_gt30,0.7855333966445077,0.930244847630791,0.8578891221376493,0.8274858100228909,0.8859549209186791,0.6212161954064148,18954,5677
CAID3 Disorder-PDB,SPOT-Disorder2,DED,calibrated,0.378,short_lt20,0.5680309734513275,0.8673700075357951,0.7177004904935613,0.687519324956405,0.7493701013206698,0.4423720739078073,1808,1327
CAID3 Disorder-PDB,SPOT-Disorder2,DED,calibrated,0.378,mid_20_30,0.6597402597402597,0.9144385026737968,0.7870893812070283,0.7418015616796385,0.8293417416505144,0.560435813980585,1540,935
CAID3 Disorder-PDB,SPOT-Disorder2,DED,calibrated,0.378,long_gt30,0.8308008863564419,0.889906640831425,0.8603537635939335,0.8268659534533641,0.8893533965511705,0.6429161600671516,18954,5677
CAID3 Disorder-PDB,SPOT-Disorder-Single,DED,literal,0.5,short_lt20,0.26548672566371684,0.9773926149208741,0.6214396702922955,0.5918703572989462,0.6515040011699352,0.3251438229155987,1808,1327
CAID3 Disorder-PDB,SPOT-Disorder-Single,DED,literal,0.5,mid_20_30,0.36298701298701297,0.9721925133689839,0.6675897631779985,0.6204048677372129,0.7139849438170826,0.38250297176540177,1540,935
CAID3 Disorder-PDB,SPOT-Disorder-Single,DED,literal,0.5,long_gt30,0.5400443178220956,0.9737537431742117,0.7568990304981537,0.727735266163043,0.7871201881956325,0.43818007542639126,18954,5677
CAID3 Disorder-PDB,SPOT-Disorder-Single,DED,calibrated,0.169,short_lt20,0.5022123893805309,0.8010550113036925,0.6516337003421118,0.6226546391752578,0.6800776184187937,0.3096966073452711,1808,1327
CAID3 Disorder-PDB,SPOT-Disorder-Single,DED,calibrated,0.169,mid_20_30,0.6558441558441559,0.8577540106951872,0.7567990832696716,0.711124618442645,0.8045480097869496,0.4994757445488694,1540,935
CAID3 Disorder-PDB,SPOT-Disorder-Single,DED,calibrated,0.169,long_gt30,0.746860820934895,0.8594327990135635,0.8031468099742293,0.7737444541121418,0.8315447213124826,0.522809926353435,18954,5677
CAID3 Disorder-PDB,DisEMBL-dis465,DED,literal,0.5,short_lt20,0.38163716814159293,0.9020346646571213,0.6418359163993571,0.6120190712987361,0.6722095799951748,0.3189102406677115,1808,1327
CAID3 Disorder-PDB,DisEMBL-dis465,DED,literal,0.5,mid_20_30,0.37662337662337664,0.9197860962566845,0.6482047364400305,0.6122480903429024,0.6902339993244652,0.3257631088299943,1540,935
CAID3 Disorder-PDB,DisEMBL-dis465,DED,literal,0.5,long_gt30,0.40513875699060886,0.9355293288708825,0.6703340429307456,0.6490011796371421,0.6920664925536901,0.30591972544896745,18954,5677
CAID3 Disorder-PDB,DisEMBL-dis465,DED,calibrated,0.436,short_lt20,0.5016592920353983,0.8311981914091937,0.666428741722296,0.6335963785194584,0.6995654837660688,0.3424623549852819,1808,1327
CAID3 Disorder-PDB,DisEMBL-dis465,DED,calibrated,0.436,mid_20_30,0.5051948051948052,0.8566844919786096,0.6809396485867074,0.6393334983402412,0.7233640193134551,0.36370811900546435,1540,935
CAID3 Disorder-PDB,DisEMBL-dis465,DED,calibrated,0.436,long_gt30,0.5350321831803313,0.8802184252245905,0.707625304202461,0.6806954661629834,0.7325581656123622,0.3523624531448529,18954,5677
CAID3 Disorder-PDB,DisEMBL-disHL,DED,literal,0.5,short_lt20,0.0027654867256637168,1.0,0.5013827433628318,0.500288800659434,0.5026840600521854,0.03424120831149553,1808,1327
CAID3 Disorder-PDB,DisEMBL-disHL,DED,literal,0.5,mid_20_30,0.003896103896103896,1.0,0.5019480519480519,0.5,0.5042688873175413,0.03841143439085815,1540,935
CAID3 Disorder-PDB,DisEMBL-disHL,DED,literal,0.5,long_gt30,0.0011079455523899967,1.0,0.500553972776195,0.5002802512087637,0.5008969621819509,0.015986848136033068,18954,5677
CAID3 Disorder-PDB,DisEMBL-disHL,DED,calibrated,0.125,short_lt20,0.3478982300884956,0.8485305199698568,0.5982143750291762,0.5696421302787563,0.6270028367689603,0.21997089232040004,1808,1327
CAID3 Disorder-PDB,DisEMBL-disHL,DED,calibrated,0.125,mid_20_30,0.43506493506493504,0.8909090909090909,0.662987012987013,0.6267688827638754,0.7033216047670394,0.341140426445023,1540,935
CAID3 Disorder-PDB,DisEMBL-disHL,DED,calibrated,0.125,long_gt30,0.32283423024163765,0.8937819270741589,0.6083080786578983,0.5813157651608479,0.6340337512255353,0.20479333118019225,18954,5677
CAID3 Disorder-PDB,IsUnstruct,DED,literal,0.5,short_lt20,0.5890486725663717,0.7068575734740015,0.6479531230201866,0.6195029653488795,0.6751595937684577,0.293172173615009,1808,1327
CAID3 Disorder-PDB,IsUnstruct,DED,literal,0.5,mid_20_30,0.7467532467532467,0.7026737967914438,0.7247135217723453,0.6801083342987373,0.7734406051290845,0.4410500982222954,1540,935
CAID3 Disorder-PDB,IsUnstruct,DED,literal,0.5,long_gt30,0.7637438007808378,0.7984851153778404,0.7811144580793391,0.7476894521678054,0.812366354697108,0.4915820924097085,18954,5677
CAID3 Disorder-PDB,IsUnstruct,DED,calibrated,0.68,short_lt20,0.4563053097345133,0.8455162019593067,0.6509107558469099,0.6181091828111115,0.6819906747634432,0.3174974210885069,1808,1327
CAID3 Disorder-PDB,IsUnstruct,DED,calibrated,0.68,mid_20_30,0.5948051948051948,0.8449197860962567,0.7198624904507258,0.6755037438029939,0.7635076357954796,0.43078930018791417,1540,935
CAID3 Disorder-PDB,IsUnstruct,DED,calibrated,0.68,long_gt30,0.6582779360557138,0.9098115201691034,0.7840447281124086,0.75498212971486,0.8115211481385246,0.47920899148341817,18954,5677
CAID3 Disorder-PDB,RONN,DED,literal,0.5,short_lt20,0.5497787610619469,0.6691785983421251,0.609478679702036,0.5772377527497998,0.6402177180054835,0.21716575808796865,1808,1327
CAID3 Disorder-PDB,RONN,DED,literal,0.5,mid_20_30,0.6824675324675324,0.7176470588235294,0.7000572956455309,0.6496660879361991,0.7498949692789898,0.3887395112027936,1540,935
CAID3 Disorder-PDB,RONN,DED,literal,0.5,long_gt30,0.7499208610319722,0.7789325347895015,0.7644266979107368,0.731935054131043,0.7967742882518971,0.46080684236563746,18954,5677
CAID3 Disorder-PDB,RONN,DED,calibrated,0.56,short_lt20,0.398783185840708,0.8198944988696307,0.6093388423551693,0.5774106786840233,0.6396817308660857,0.2344087907152985,1808,1327
CAID3 Disorder-PDB,RONN,DED,calibrated,0.56,mid_20_30,0.5331168831168831,0.8267379679144385,0.6799274255156609,0.6296331422371533,0.7306033838508321,0.3565597831478894,1540,935
CAID3 Disorder-PDB,RONN,DED,calibrated,0.56,long_gt30,0.6368576553761739,0.87422934648582,0.755543500930997,0.7246631136448062,0.7850124147076779,0.4307928542915669,18954,5677
CAID3 Disorder-PDB,PreDisorder,DED,literal,0.5,short_lt20,0.775995575221239,0.5327807083647325,0.6543881417929858,0.623558693161455,0.6835735763252886,0.3188807297675525,1808,1327
CAID3 Disorder-PDB,PreDisorder,DED,literal,0.5,mid_20_30,0.7785714285714286,0.6021390374331551,0.6903552330022918,0.6463558883804598,0.7332382330186414,0.3833440034964731,1540,935
CAID3 Disorder-PDB,PreDisorder,DED,literal,0.5,long_gt30,0.8020470613063205,0.776114144794786,0.7890806030505533,0.7540457868516196,0.8208026931124051,0.5173454492606393,18954,5677
CAID3 Disorder-PDB,PreDisorder,DED,calibrated,0.559,short_lt20,0.5940265486725663,0.7882441597588545,0.6911353542157104,0.6602605825082787,0.722048270529115,0.381264217024535,1808,1327
CAID3 Disorder-PDB,PreDisorder,DED,calibrated,0.559,mid_20_30,0.6266233766233766,0.8117647058823529,0.7191940412528648,0.6729928644881848,0.7655464387270838,0.42638720926920437,1540,935
CAID3 Disorder-PDB,PreDisorder,DED,calibrated,0.559,long_gt30,0.6577503429355281,0.9233750220186718,0.7905626824770999,0.7622360223417465,0.817701406250463,0.49002778462694163,18954,5677
CAID3 Disorder-PDB,OPAL,DED,literal,0.5,short_lt20,0.8113938053097345,0.24415975885455915,0.5277767820821468,0.5060669674575929,0.5469600554701296,0.0671409222650174,1808,1327
CAID3 Disorder-PDB,OPAL,DED,literal,0.5,mid_20_30,0.9285714285714286,0.12620320855614972,0.5273873185637892,0.5047602931386012,0.5504240218125914,0.09182833613175506,1540,935
CAID3 Disorder-PDB,OPAL,DED,literal,0.5,long_gt30,0.8454152157855862,0.38030649991192533,0.6128608578487558,0.5694680765548381,0.6580031348401618,0.2347915689931352,18954,5677
CAID3 Disorder-PDB,OPAL,DED,calibrated,0.532,short_lt20,0.629424778761062,0.43933685003767897,0.5343808143993705,0.507911986623877,0.5586401112760699,0.06935782809883359,1808,1327
CAID3 Disorder-PDB,OPAL,DED,calibrated,0.532,mid_20_30,0.8350649350649351,0.28342245989304815,0.5592436974789916,0.5366820228288217,0.5818505298557877,0.14111403589584734,1540,935
CAID3 Disorder-PDB,OPAL,DED,calibrated,0.532,long_gt30,0.6257254405402554,0.6258587282015149,0.6257920843708851,0.5797617708748457,0.6649345942925365,0.21387688965807114,18954,5677
CAID3 Disorder-PDB,pyHCA,DED,literal,0.5,short_lt20,0.1592920353982301,0.9577995478522984,0.5585457916252642,0.5370039242049591,0.5811017875808917,0.18509778141054434,1808,1327
CAID3 Disorder-PDB,pyHCA,DED,literal,0.5,mid_20_30,0.2694805194805195,0.9689839572192513,0.6192322383498854,0.5769971400578964,0.6663912463705531,0.301330721748254,1540,935
CAID3 Disorder-PDB,pyHCA,DED,literal,0.5,long_gt30,0.38625092328796035,0.9807997181610005,0.6835253207244805,0.648945805880708,0.7177305422906732,0.3367942108577614,18954,5677
CAID3 Disorder-PDB,pyHCA,DED,calibrated,0.271,short_lt20,0.3202433628318584,0.8477769404672193,0.5840101516495388,0.5593024103546653,0.6106774707601934,0.19194097327158077,1808,1327
CAID3 Disorder-PDB,pyHCA,DED,calibrated,0.271,mid_20_30,0.5142857142857142,0.788235294117647,0.6512605042016806,0.6119129449953317,0.6915562048374662,0.2993924754260479,1540,935
CAID3 Disorder-PDB,pyHCA,DED,calibrated,0.271,long_gt30,0.6571699905033238,0.8476307909106923,0.752400390707008,0.714654703767881,0.7869829310588765,0.4266091707297425,18954,5677
CAID3 Disorder-PDB,DeepIDP-2L,DED,literal,0.5,short_lt20,0.5160398230088495,0.8507912584777694,0.6834155407433095,0.6529846554247567,0.716888444638265,0.3774162886399917,1808,1327
CAID3 Disorder-PDB,DeepIDP-2L,DED,literal,0.5,mid_20_30,0.611038961038961,0.8171122994652407,0.7140756302521009,0.6684334525413206,0.7564589603011803,0.4173141120879385,1540,935
CAID3 Disorder-PDB,DeepIDP-2L,DED,literal,0.5,long_gt30,0.7177376807006437,0.8631319358816276,0.7904348082911357,0.7490017651658778,0.8305055110078687,0.49628605236423146,18954,5677
CAID3 Disorder-PDB,DeepIDP-2L,DED,calibrated,0.534,short_lt20,0.4795353982300885,0.8688771665410701,0.6742062823855792,0.6433372468060212,0.708047228642113,0.3655230590144461,1808,1327
CAID3 Disorder-PDB,DeepIDP-2L,DED,calibrated,0.534,mid_20_30,0.5831168831168831,0.8695187165775401,0.7263177998472117,0.6777944290393977,0.7722372040769596,0.4458443747045115,1540,935
CAID3 Disorder-PDB,DeepIDP-2L,DED,calibrated,0.534,long_gt30,0.6969505117653266,0.887440549586049,0.7921955306756878,0.7517684102761998,0.8311066378211435,0.4960832669269223,18954,5677
CAID3 Disorder-PDB,PredIDR-long,DED,literal,0.5,short_lt20,0.6222345132743363,0.7558402411454408,0.6890373772098886,0.6559259103569333,0.7221274444054899,0.37467039255701273,1808,1327
CAID3 Disorder-PDB,PredIDR-long,DED,literal,0.5,mid_20_30,0.7772727272727272,0.7475935828877005,0.7624331550802139,0.7102641548442552,0.8112508882215145,0.5154160147108015,1540,935
CAID3 Disorder-PDB,PredIDR-long,DED,literal,0.5,long_gt30,0.8417748232563047,0.7914391403910516,0.8166069818236781,0.7831158678768225,0.8525039348182882,0.57965387687234,18954,5677
CAID3 Disorder-PDB,PredIDR-long,DED,calibrated,0.524,short_lt20,0.5901548672566371,0.785983421250942,0.6880691442537896,0.6558230754648479,0.7219459488012946,0.37528146825889874,1808,1327
CAID3 Disorder-PDB,PredIDR-long,DED,calibrated,0.524,mid_20_30,0.7538961038961038,0.772192513368984,0.7630443086325439,0.7109035935939695,0.8096672551396484,0.5132607394232225,1540,935
CAID3 Disorder-PDB,PredIDR-long,DED,calibrated,0.524,long_gt30,0.824153213042102,0.8203276378368857,0.8222404254394938,0.7886952395455384,0.857607791711138,0.5797714204588766,18954,5677
CAID3 Disorder-PDB,PredIDR-short,DED,literal,0.5,short_lt20,0.7206858407079646,0.7445365486058779,0.7326111946569213,0.7017163346003389,0.7618998994256453,0.4602341085788198,1808,1327
CAID3 Disorder-PDB,PredIDR-short,DED,literal,0.5,mid_20_30,0.7928571428571428,0.760427807486631,0.7766424751718869,0.7373391907610188,0.8159571009053305,0.5442049494320542,1540,935
CAID3 Disorder-PDB,PredIDR-short,DED,literal,0.5,long_gt30,0.8391896169673947,0.7889730491456756,0.8140813330565351,0.7831510258495212,0.8481358509638994,0.5742780334343249,18954,5677
CAID3 Disorder-PDB,PredIDR-short,DED,calibrated,0.532895,short_lt20,0.6924778761061947,0.773172569706104,0.7328252229061494,0.7017142731474092,0.7628934494959722,0.4601566791184496,1808,1327
CAID3 Disorder-PDB,PredIDR-short,DED,calibrated,0.532895,mid_20_30,0.7714285714285715,0.7925133689839572,0.7819709702062643,0.7404756647910093,0.8208707377246136,0.5506003177269779,1540,935
CAID3 Disorder-PDB,PredIDR-short,DED,calibrated,0.532895,long_gt30,0.8186662445921705,0.8146908578474547,0.8166785512198126,0.7860828896005475,0.8506543124218249,0.5684456984710661,18954,5677
CAID3 Disorder-PDB,PredIDR2-Prof-Art,DED,literal,0.5,short_lt20,0.6244469026548672,0.7927656367746797,0.7086062697147735,0.6741507535485219,0.7411577534471282,0.4145337922545954,1808,1327
CAID3 Disorder-PDB,PredIDR2-Prof-Art,DED,literal,0.5,mid_20_30,0.8077922077922078,0.7572192513368984,0.7825057295645531,0.7416726363021142,0.8215825467401452,0.5578921223153372,1540,935
CAID3 Disorder-PDB,PredIDR2-Prof-Art,DED,literal,0.5,long_gt30,0.8799198058457318,0.755328518583759,0.8176241622147454,0.7861727719125282,0.8521812569600324,0.6050985399086102,18954,5677
CAID3 Disorder-PDB,PredIDR2-Prof-Art,DED,calibrated,0.556,short_lt20,0.5586283185840708,0.8372268274302939,0.6979275730071823,0.6636058200406131,0.7329535533653663,0.400795438602711,1808,1327
CAID3 Disorder-PDB,PredIDR2-Prof-Art,DED,calibrated,0.556,mid_20_30,0.7467532467532467,0.8074866310160428,0.7771199388846448,0.7336183766367966,0.8205989690515961,0.5389337384611458,1540,935
CAID3 Disorder-PDB,PredIDR2-Prof-Art,DED,calibrated,0.556,long_gt30,0.8636699377440118,0.7946098291351066,0.8291398834395591,0.7969727864313205,0.8638020848916766,0.6121796991778726,18954,5677
CAID3 Disorder-PDB,PredIDR2-Seq-Art,DED,literal,0.5,short_lt20,0.6023230088495575,0.7897513187641296,0.6960371638068436,0.6635816472204866,0.7292874559812803,0.390608560883551,1808,1327
CAID3 Disorder-PDB,PredIDR2-Seq-Art,DED,literal,0.5,mid_20_30,0.7525974025974026,0.7764705882352941,0.7645339954163484,0.7138793622376646,0.8127531022275123,0.5158943763829192,1540,935
CAID3 Disorder-PDB,PredIDR2-Seq-Art,DED,literal,0.5,long_gt30,0.8928985966023003,0.7662497798132817,0.8295741882077909,0.8009692904485671,0.8591987110108789,0.633635352678034,18954,5677
CAID3 Disorder-PDB,PredIDR2-Seq-Art,DED,calibrated,0.591,short_lt20,0.5105088495575221,0.8688771665410701,0.689693008049296,0.657710984904836,0.7234617160953218,0.3930163246269653,1808,1327
CAID3 Disorder-PDB,PredIDR2-Seq-Art,DED,calibrated,0.591,mid_20_30,0.687012987012987,0.8438502673796792,0.7654316271963331,0.713377158797169,0.818460629934064,0.5149473318654664,1540,935
CAID3 Disorder-PDB,PredIDR2-Seq-Art,DED,calibrated,0.591,long_gt30,0.8621926770074918,0.8323057953144266,0.8472492361609592,0.8205836922482528,0.8759379432793125,0.6395495433290777,18954,5677
CAID3 Disorder-PDB,AUCpred-profile,DED,literal,0.5,short_lt20,0.5381637168141593,0.8251695553880934,0.6816666361011263,0.6539280477725316,0.7115981584995642,0.3690350928284544,1808,1327
CAID3 Disorder-PDB,AUCpred-profile,DED,literal,0.5,mid_20_30,0.6474025974025974,0.8866310160427807,0.767016806722689,0.7207634214780386,0.8156011410153704,0.5209186992566133,1540,935
CAID3 Disorder-PDB,AUCpred-profile,DED,literal,0.5,long_gt30,0.6856072596813337,0.8953672714461863,0.79048726556376,0.7586220116727826,0.8225943113168644,0.4919821642643262,18954,5677
CAID3 Disorder-PDB,AUCpred-profile,DED,calibrated,0.305,short_lt20,0.5779867256637168,0.7972871137905049,0.6876369197271108,0.6600561834511175,0.71680255174263,0.37577709918172175,1808,1327
CAID3 Disorder-PDB,AUCpred-profile,DED,calibrated,0.305,mid_20_30,0.6746753246753247,0.8631016042780749,0.7688884644766998,0.7208277367202428,0.818450334410211,0.522310831953533,1540,935
CAID3 Disorder-PDB,AUCpred-profile,DED,calibrated,0.305,long_gt30,0.7124617494987865,0.8837414127179849,0.7981015811083857,0.7659487368924167,0.8302204647948075,0.5079255848029919,18954,5677
CAID3 Disorder-PDB,AUCpred-no-profile,DED,literal,0.5,short_lt20,0.4280973451327434,0.8847023360964582,0.6563998406146008,0.6269595070631107,0.6876108804072004,0.33865818360397815,1808,1327
CAID3 Disorder-PDB,AUCpred-no-profile,DED,literal,0.5,mid_20_30,0.5272727272727272,0.9390374331550803,0.7331550802139037,0.6894260685923286,0.779662420005525,0.4736509203895565,1540,935
CAID3 Disorder-PDB,AUCpred-no-profile,DED,literal,0.5,long_gt30,0.5789279307797827,0.9309494451294698,0.7549386879546263,0.7238575486484461,0.7843154256538768,0.4307456603969062,18954,5677
CAID3 Disorder-PDB,AUCpred-no-profile,DED,calibrated,0.092,short_lt20,0.5597345132743363,0.7422758100979653,0.6510051616861507,0.6218811078424568,0.6796804900092766,0.30124175628574046,1808,1327
CAID3 Disorder-PDB,AUCpred-no-profile,DED,calibrated,0.092,mid_20_30,0.6564935064935065,0.7668449197860963,0.7116692131398014,0.6686273043872187,0.7550769762992564,0.410505418755992,1540,935
CAID3 Disorder-PDB,AUCpred-no-profile,DED,calibrated,0.092,long_gt30,0.6966867152052337,0.8310727496917386,0.7638797324484862,0.7181850926407637,0.8030028584655748,0.4496160903380865,18954,5677
CAID3 Disorder-PDB,DisoPred,DED,literal,0.5,short_lt20,0.314712389380531,0.8605877920120573,0.5876500906962941,0.5627164830067983,0.613556154538884,0.20265236169732784,1808,1327
CAID3 Disorder-PDB,DisoPred,DED,literal,0.5,mid_20_30,0.5512987012987013,0.8352941176470589,0.6932964094728801,0.6506912586603566,0.7363331768383747,0.38178211276002344,1540,935
CAID3 Disorder-PDB,DisoPred,DED,literal,0.5,long_gt30,0.7271815975519679,0.9024132464329752,0.8147974219924715,0.7858834419607248,0.8432248396646566,0.5375883188214408,18954,5677
CAID3 Disorder-PDB,DisoPred,DED,calibrated,0.441,short_lt20,0.4103982300884956,0.7965335342878673,0.6034658821881814,0.5786825938726537,0.6307806181909795,0.21867371436730212,1808,1327
CAID3 Disorder-PDB,DisoPred,DED,calibrated,0.441,mid_20_30,0.6402597402597403,0.7989304812834225,0.7195951107715814,0.6740985657832631,0.766466367599729,0.42642841016525646,1540,935
CAID3 Disorder-PDB,DisoPred,DED,calibrated,0.441,long_gt30,0.7872744539411206,0.8546767658974811,0.8209756099193009,0.7910366107528253,0.8501418109347211,0.5630004280134725,18954,5677
CAID3 Disorder-PDB,DisPredict2,DED,literal,0.5,short_lt20,0.3622787610619469,0.8221552373775434,0.5922169992197451,0.5629061275157585,0.6204417788267118,0.20203442588007936,1808,1327
CAID3 Disorder-PDB,DisPredict2,DED,literal,0.5,mid_20_30,0.35,0.6855614973262032,0.5177807486631016,0.47290406308491206,0.5605913889734149,0.03648691353651557,1540,935
CAID3 Disorder-PDB,DisPredict2,DED,literal,0.5,long_gt30,0.4860187823150786,0.7407081204861723,0.6133634514006254,0.5790453759200255,0.6468278470164501,0.19266623049908538,18954,5677
CAID3 Disorder-PDB,DisPredict2,DED,calibrated,0.429,short_lt20,0.4745575221238938,0.7174076865109269,0.5959826043174103,0.5678709370934529,0.6245126485093649,0.1941647576908905,1808,1327
CAID3 Disorder-PDB,DisPredict2,DED,calibrated,0.429,mid_20_30,0.487012987012987,0.5946524064171123,0.5408326967150496,0.49615822582403957,0.5866756002632301,0.079494068298111,1540,935
CAID3 Disorder-PDB,DisPredict2,DED,calibrated,0.429,long_gt30,0.6142766698322254,0.6529857319006518,0.6336312008664386,0.5983958533370483,0.6655665345012454,0.2263702996979353,18954,5677
CAID3 Disorder-PDB,DisPredict3,DED,literal,0.5,short_lt20,0.28926991150442477,0.9118311981914092,0.600550554847917,0.5754574192866996,0.6263533516969162,0.24650394816852705,1808,1327
CAID3 Disorder-PDB,DisPredict3,DED,literal,0.5,mid_20_30,0.35,0.8834224598930481,0.616711229946524,0.5764367331580519,0.6595278937155339,0.25742577609980316,1540,935
CAID3 Disorder-PDB,DisPredict3,DED,literal,0.5,long_gt30,0.45357180542365727,0.9411661088603136,0.6973689571419854,0.6649607137319274,0.7305656384247867,0.345795117124574,18954,5677
CAID3 Disorder-PDB,DisPredict3,DED,calibrated,0.08,short_lt20,0.5702433628318584,0.7370007535795027,0.6536220582056805,0.6267496779844813,0.6793239855323344,0.3058018764539904,1808,1327
CAID3 Disorder-PDB,DisPredict3,DED,calibrated,0.08,mid_20_30,0.687012987012987,0.6909090909090909,0.688961038961039,0.6452086577138965,0.7301848535106398,0.3679002491821274,1540,935
CAID3 Disorder-PDB,DisPredict3,DED,calibrated,0.08,long_gt30,0.7751925714888678,0.7986612647525101,0.7869269181206889,0.7524055957508362,0.8165890375092656,0.5043946902139325,18954,5677
CAID3 Disorder-PDB,IDP-Fusion,DED,literal,0.5,short_lt20,0.5763274336283186,0.7995478522984175,0.6879376429633681,0.6586786790331813,0.7208196244902701,0.3766216661298286,1808,1327
CAID3 Disorder-PDB,IDP-Fusion,DED,literal,0.5,mid_20_30,0.7071428571428572,0.8074866310160428,0.75731474407945,0.7158735671276233,0.8048806954436237,0.49917907101263254,1540,935
CAID3 Disorder-PDB,IDP-Fusion,DED,literal,0.5,long_gt30,0.8012556716260419,0.8171569490928308,0.8092063103594364,0.7659966442640417,0.8490168510168424,0.5492893565443432,18954,5677
CAID3 Disorder-PDB,IDP-Fusion,DED,calibrated,0.538,short_lt20,0.5525442477876106,0.8304446119065562,0.6914944298470833,0.6628448064632436,0.7219730819065887,0.3878821226196687,1808,1327
CAID3 Disorder-PDB,IDP-Fusion,DED,calibrated,0.538,mid_20_30,0.6818181818181818,0.8427807486631016,0.7622994652406416,0.7213873658700797,0.8100048260775337,0.5089569680317496,1540,935
CAID3 Disorder-PDB,IDP-Fusion,DED,calibrated,0.538,long_gt30,0.7812598923710035,0.8492161352827198,0.8152380138268616,0.773869757714633,0.8539048146110029,0.5518277564976779,18954,5677
CAID3 Disorder-PDB,rawMSA-disorder,DED,literal,0.5,short_lt20,0.26714601769911506,0.9163526752072344,0.5917493464531747,0.5662990974340907,0.6192320474773696,0.2313513800741534,1808,1327
CAID3 Disorder-PDB,rawMSA-disorder,DED,literal,0.5,mid_20_30,0.34545454545454546,0.9358288770053476,0.6406417112299465,0.5984718604300608,0.6830647267615598,0.31968649500090374,1540,935
CAID3 Disorder-PDB,rawMSA-disorder,DED,literal,0.5,long_gt30,0.4031866624459217,0.9739298925488814,0.6885582774974015,0.6443720602471967,0.7321941738968983,0.34153311277527565,18954,5677
CAID3 Disorder-PDB,rawMSA-disorder,DED,calibrated,0.369,short_lt20,0.6344026548672567,0.6601356443104748,0.6472691495888657,0.6231662563033935,0.6741370302752986,0.29110598063408366,1808,1327
CAID3 Disorder-PDB,rawMSA-disorder,DED,calibrated,0.369,mid_20_30,0.7896103896103897,0.6042780748663101,0.6969442322383499,0.6496934050794345,0.7419968698093704,0.3980493838574944,1540,935
CAID3 Disorder-PDB,rawMSA-disorder,DED,calibrated,0.369,long_gt30,0.7927614223910521,0.8175092478421702,0.8051353351166111,0.7587738869440982,0.8438551463780646,0.5395944836994869,18954,5677
CAID3 Disorder-PDB,Metapredict-v1,DED,literal,0.5,short_lt20,0.3274336283185841,0.9502637528259231,0.6388486905722536,0.6103037532697886,0.6687301164626263,0.336922883217241,1808,1327
CAID3 Disorder-PDB,Metapredict-v1,DED,literal,0.5,mid_20_30,0.38246753246753246,0.9593582887700535,0.670912910618793,0.6331631976216697,0.7166623843720227,0.38105378328128287,1540,935
CAID3 Disorder-PDB,Metapredict-v1,DED,literal,0.5,long_gt30,0.5305476416587528,0.969173859432799,0.749860750545776,0.7222324037427946,0.7760332922466492,0.4270685915614337,18954,5677
CAID3 Disorder-PDB,Metapredict-v1,DED,calibrated,0.356,short_lt20,0.4723451327433628,0.8003014318010551,0.6363232822722089,0.6097874412693299,0.6636374139026784,0.2811735065858715,1808,1327
CAID3 Disorder-PDB,Metapredict-v1,DED,calibrated,0.356,mid_20_30,0.5746753246753247,0.8663101604278075,0.7204927425515661,0.6796100607737956,0.7627672420385246,0.43502174050480674,1540,935
CAID3 Disorder-PDB,Metapredict-v1,DED,calibrated,0.356,long_gt30,0.6833913685765538,0.8941342258234983,0.7887627972000261,0.7619124314740218,0.8148244825795272,0.48891831068956687,18954,5677
CAID3 Disorder-PDB,Metapredict-v2,DED,literal,0.5,short_lt20,0.4358407079646018,0.8425018839487566,0.6391712959566792,0.6097642095593123,0.6698141255769067,0.2952996362224408,1808,1327
CAID3 Disorder-PDB,Metapredict-v2,DED,literal,0.5,mid_20_30,0.5805194805194805,0.8941176470588236,0.7373185637891521,0.6949913047789906,0.7815022060829074,0.4694930274561683,1540,935
CAID3 Disorder-PDB,Metapredict-v2,DED,literal,0.5,long_gt30,0.7726601245119764,0.9043508895543421,0.8385055070331593,0.8119422134292773,0.8646714649413202,0.5864085992857385,18954,5677
CAID3 Disorder-PDB,Metapredict-v2,DED,calibrated,0.447,short_lt20,0.4778761061946903,0.8168801808590807,0.6473781435268855,0.6177254451951074,0.6771496683970616,0.30471228643840886,1808,1327
CAID3 Disorder-PDB,Metapredict-v2,DED,calibrated,0.447,mid_20_30,0.6214285714285714,0.879144385026738,0.7502864782276547,0.7064705705612524,0.7966418264332672,0.4898955538678168,1540,935
CAID3 Disorder-PDB,Metapredict-v2,DED,calibrated,0.447,long_gt30,0.7936583306953677,0.8869121014620398,0.8402852160787038,0.8133044245021404,0.8664244282953597,0.5959725456305245,18954,5677
CAID3 Disorder-PDB,Metapredict-v3,DED,literal,0.5,short_lt20,0.35564159292035397,0.8854559155990958,0.6205487542597249,0.591547814451346,0.6492016831957785,0.27380155097538417,1808,1327
CAID3 Disorder-PDB,Metapredict-v3,DED,literal,0.5,mid_20_30,0.5006493506493507,0.9155080213903743,0.7080786860198625,0.660684327665262,0.7536289349957344,0.4249008625479951,1540,935
CAID3 Disorder-PDB,Metapredict-v3,DED,literal,0.5,long_gt30,0.8190883190883191,0.9253126651400387,0.8722004921141789,0.8487421235080147,0.8961014857880177,0.6562060107711258,18954,5677
CAID3 Disorder-PDB,Metapredict-v3,DED,calibrated,0.512,short_lt20,0.34513274336283184,0.8952524491333835,0.6201925962481076,0.5913038876015101,0.6486612881083004,0.27677239713321433,1808,1327
CAID3 Disorder-PDB,Metapredict-v3,DED,calibrated,0.512,mid_20_30,0.4902597402597403,0.9176470588235294,0.7039533995416348,0.6568974468560577,0.7494490677617753,0.4186457293556719,1540,935
CAID3 Disorder-PDB,Metapredict-v3,DED,calibrated,0.512,long_gt30,0.8149730927508705,0.9309494451294698,0.8729612689401701,0.8494211984048421,0.8967234870856073,0.6556859769883034,18954,5677
CAID3 Disorder-PDB,DisoMine,DED,literal,0.5,short_lt20,0.23672566371681417,0.905802562170309,0.5712641129435616,0.5465211527907179,0.5975727748360499,0.1847544336549557,1808,1327
CAID3 Disorder-PDB,DisoMine,DED,literal,0.5,mid_20_30,0.3551948051948052,0.8887700534759359,0.6219824293353705,0.5804694456447403,0.6630856673830638,0.2686522786537666,1540,935
CAID3 Disorder-PDB,DisoMine,DED,literal,0.5,long_gt30,0.3723224649150575,0.9346485819975339,0.6534855234562957,0.6202069410382807,0.6882179382294318,0.2816885916041434,18954,5677
CAID3 Disorder-PDB,DisoMine,DED,calibrated,0.301,short_lt20,0.4668141592920354,0.7272042200452148,0.5970091896686252,0.5662803055241362,0.6250143089953855,0.19703245984930534,1808,1327
CAID3 Disorder-PDB,DisoMine,DED,calibrated,0.301,mid_20_30,0.6266233766233766,0.6887700534759358,0.6576967150496562,0.6116462444017347,0.7007775369983141,0.30585961373245485,1540,935
CAID3 Disorder-PDB,DisoMine,DED,calibrated,0.301,long_gt30,0.6829165347683867,0.8319534965650872,0.7574350156667369,0.7240218269669239,0.7888663046940035,0.43729124336284014,18954,5677
CAID3 Disorder-PDB,PUNCH2,DED,literal,0.5,short_lt20,0.43639380530973454,0.9344385832705351,0.6854161942901348,0.654323931961189,0.7173141043552015,0.4083214213414976,1808,1327
CAID3 Disorder-PDB,PUNCH2,DED,literal,0.5,mid_20_30,0.5590909090909091,0.9614973262032086,0.7602941176470588,0.7133789706817836,0.8057165390628982,0.5250622487243473,1540,935
CAID3 Disorder-PDB,PUNCH2,DED,literal,0.5,long_gt30,0.830167774612219,0.9147437026598556,0.8724557386360373,0.8404981262119705,0.9006639051699016,0.6615350847446776,18954,5677
CAID3 Disorder-PDB,PUNCH2,DED,calibrated,0.377,short_lt20,0.5326327433628318,0.8862094951017332,0.7094211192322826,0.679110076300266,0.7367862797449511,0.43237382449622797,1808,1327
CAID3 Disorder-PDB,PUNCH2,DED,calibrated,0.377,mid_20_30,0.6311688311688312,0.9347593582887701,0.7829640947288006,0.7350228046444038,0.8297500532012517,0.5564097121696354,1540,935
CAID3 Disorder-PDB,PUNCH2,DED,calibrated,0.377,long_gt30,0.8569167458056347,0.8763431389818566,0.8666299423937456,0.8327479991719068,0.8966155372757214,0.6664712191124598,18954,5677
CAID3 Disorder-PDB,PUNCH2-Light,DED,literal,0.5,short_lt20,0.41758849557522126,0.9314242652599849,0.674506380417603,0.6449614910043592,0.7035553482851185,0.3884793182039787,1808,1327
CAID3 Disorder-PDB,PUNCH2-Light,DED,literal,0.5,mid_20_30,0.55,0.9647058823529412,0.7573529411764706,0.7112827361754397,0.8027192468477066,0.5213190770743996,1540,935
CAID3 Disorder-PDB,PUNCH2-Light,DED,literal,0.5,long_gt30,0.823150786113749,0.9034701426809935,0.8633104643973712,0.831424270622972,0.8919714589198006,0.644032810123096,18954,5677
CAID3 Disorder-PDB,PUNCH2-Light,DED,calibrated,0.428,short_lt20,0.4778761061946903,0.9050489826676714,0.6914625444311808,0.6615952355372708,0.721476494573263,0.40702140655163194,1808,1327
CAID3 Disorder-PDB,PUNCH2-Light,DED,calibrated,0.428,mid_20_30,0.5902597402597403,0.9572192513368984,0.7737394957983194,0.7251930167522982,0.8177950351535257,0.5459127675355462,1540,935
CAID3 Disorder-PDB,PUNCH2-Light,DED,calibrated,0.428,long_gt30,0.8379761527909676,0.8909635370794433,0.8644698449352055,0.8312169404728376,0.8931452884543397,0.6528518359360808,18954,5677
CAID3 Disorder-PDB,DisorderUnetLM,DED,literal,0.5,short_lt20,0.49668141592920356,0.8749058025621703,0.6857936092456869,0.6554418379896664,0.7173157757371276,0.3877346184200534,1808,1327
CAID3 Disorder-PDB,DisorderUnetLM,DED,literal,0.5,mid_20_30,0.5558441558441558,0.9144385026737968,0.7351413292589764,0.6849385454732814,0.7842176696252472,0.4701840539644622,1540,935
CAID3 Disorder-PDB,DisorderUnetLM,DED,literal,0.5,long_gt30,0.6553234145826738,0.920732781398626,0.78802809799065,0.7516245461327635,0.8220743840400814,0.48569645250982,18954,5677
CAID3 Disorder-PDB,DisorderUnetLM,DED,calibrated,0.097,short_lt20,0.7311946902654868,0.6955538809344386,0.7133742855999627,0.6826588311163053,0.7434455631242003,0.4238682218682348,1808,1327
CAID3 Disorder-PDB,DisorderUnetLM,DED,calibrated,0.097,mid_20_30,0.7993506493506494,0.746524064171123,0.7729373567608862,0.7236977217611299,0.8193385461220517,0.538742676812269,1540,935
CAID3 Disorder-PDB,DisorderUnetLM,DED,calibrated,0.097,long_gt30,0.8844043473673103,0.8058833891139686,0.8451438682406395,0.8106958931969257,0.8741126246440009,0.6512871898425364,18954,5677
CAID3 Disorder-PDB,LMDisorder,DED,literal,0.5,short_lt20,0.6698008849557522,0.7882441597588545,0.7290225223573034,0.7010975855249089,0.7567759394488985,0.45314758558888046,1808,1327
CAID3 Disorder-PDB,LMDisorder,DED,literal,0.5,mid_20_30,0.7227272727272728,0.8438502673796792,0.783288770053476,0.7404470368741587,0.8252555593764662,0.5494723812091995,1540,935
CAID3 Disorder-PDB,LMDisorder,DED,literal,0.5,long_gt30,0.8890999261369632,0.7805178791615289,0.834808902649246,0.8016509745759982,0.864894018523182,0.63880051465132,18954,5677
CAID3 Disorder-PDB,LMDisorder,DED,calibrated,0.737,short_lt20,0.5309734513274337,0.8771665410700829,0.7040699961987582,0.6738068692658099,0.7321360780663752,0.42057161700575213,1808,1327
CAID3 Disorder-PDB,LMDisorder,DED,calibrated,0.737,mid_20_30,0.638961038961039,0.9197860962566845,0.7793735676088618,0.734389103065913,0.8232127654500216,0.547522371042867,1540,935
CAID3 Disorder-PDB,LMDisorder,DED,calibrated,0.737,long_gt30,0.8502690724912947,0.8398802184252246,0.8450746454582596,0.8140183304993379,0.8731542495186972,0.6291166953444469,18954,5677
CAID3 Disorder-PDB,ESMDisPred-1,DED,literal,0.5,short_lt20,0.2323008849557522,0.9344385832705351,0.5833697341131436,0.558766705644622,0.6112274367194814,0.2237465906639289,1808,1327
CAID3 Disorder-PDB,ESMDisPred-1,DED,literal,0.5,mid_20_30,0.36558441558441557,0.9390374331550803,0.6523109243697479,0.614417463888348,0.6979406173047424,0.34084695116844665,1540,935
CAID3 Disorder-PDB,ESMDisPred-1,DED,literal,0.5,long_gt30,0.4060884246069431,0.9638893781927074,0.6849889013998253,0.6471658876748927,0.7218395337775226,0.3337967092912014,18954,5677
CAID3 Disorder-PDB,ESMDisPred-1,DED,calibrated,0.198,short_lt20,0.6172566371681416,0.7106254709871892,0.6639410540776653,0.6363396585734924,0.6920206518150372,0.3243006993658248,1808,1327
CAID3 Disorder-PDB,ESMDisPred-1,DED,calibrated,0.198,mid_20_30,0.7058441558441558,0.6844919786096256,0.6951680672268907,0.654087495945484,0.7362129746706886,0.381101642295583,1540,935
CAID3 Disorder-PDB,ESMDisPred-1,DED,calibrated,0.198,long_gt30,0.8171889838556505,0.8227937290822618,0.8199913564689562,0.7881702156282351,0.8528254726104209,0.5730552536986829,18954,5677
CAID3 Disorder-PDB,ESMDisPred-2,DED,literal,0.5,short_lt20,0.24668141592920353,0.9412207987942728,0.5939511073617382,0.568931073585338,0.6210780884005304,0.24882699460498495,1808,1327
CAID3 Disorder-PDB,ESMDisPred-2,DED,literal,0.5,mid_20_30,0.3448051948051948,0.9229946524064171,0.6338999236058059,0.5957311382498514,0.677697073591186,0.3024578860746553,1540,935
CAID3 Disorder-PDB,ESMDisPred-2,DED,literal,0.5,long_gt30,0.41817030705919594,0.969173859432799,0.6936720832459975,0.6555962233981388,0.7321015024847605,0.34721714530238634,18954,5677
CAID3 Disorder-PDB,ESMDisPred-2,DED,calibrated,0.21,short_lt20,0.603429203539823,0.7302185380557649,0.6668238707977939,0.639360717845513,0.6967421838406992,0.33064342132874364,1808,1327
CAID3 Disorder-PDB,ESMDisPred-2,DED,calibrated,0.21,mid_20_30,0.7064935064935065,0.7133689839572193,0.7099312452253629,0.667563569284705,0.7476330062803731,0.40900475337638725,1540,935
CAID3 Disorder-PDB,ESMDisPred-2,DED,calibrated,0.21,long_gt30,0.8033660441067848,0.8393517703012154,0.8213589072040002,0.7876762148254423,0.8539971035744223,0.569491071080916,18954,5677
CAID3 Disorder-PDB,UdonPred-DisProt,DED,literal,0.5,short_lt20,0.375,0.8553127354935945,0.6151563677467973,0.5950377180875888,0.6354348983519613,0.2541317333317947,1808,1327
CAID3 Disorder-PDB,UdonPred-DisProt,DED,literal,0.5,mid_20_30,0.4279220779220779,0.895187165775401,0.6615546218487395,0.6285337710756832,0.696395399024246,0.33998208198575597,1540,935
CAID3 Disorder-PDB,UdonPred-DisProt,DED,literal,0.5,long_gt30,0.5445288593436741,0.9133345076624978,0.7289316835030859,0.7053413325244914,0.7526934039258698,0.38855283962716225,18954,5677
CAID3 Disorder-PDB,UdonPred-DisProt,DED,calibrated,0.197,short_lt20,0.6117256637168141,0.7159005275056518,0.6638130956112329,0.6429605136642641,0.6841126811790301,0.3242184240965369,1808,1327
CAID3 Disorder-PDB,UdonPred-DisProt,DED,calibrated,0.197,mid_20_30,0.6551948051948052,0.7754010695187166,0.715297937356761,0.6801511278991627,0.7476680070534105,0.41757968095021963,1540,935
CAID3 Disorder-PDB,UdonPred-DisProt,DED,calibrated,0.197,long_gt30,0.7480215257993036,0.8097586753567024,0.778890100578003,0.7545971431705683,0.8015109230949794,0.4838211685362,18954,5677
CAID3 Disorder-PDB,UdonPred-combined,DED,literal,0.5,short_lt20,0.4706858407079646,0.8628485305199699,0.6667671856139672,0.6402474239092061,0.6947278830002003,0.35059745012163773,1808,1327
CAID3 Disorder-PDB,UdonPred-combined,DED,literal,0.5,mid_20_30,0.6012987012987013,0.8609625668449198,0.7311306340718106,0.6949511924934114,0.7696233249748403,0.45313803329793984,1540,935
CAID3 Disorder-PDB,UdonPred-combined,DED,literal,0.5,long_gt30,0.7456473567584678,0.8957195701955258,0.8206834634769968,0.7918169880591666,0.8468104774066916,0.5508579642862487,18954,5677
CAID3 Disorder-PDB,UdonPred-combined,DED,calibrated,0.396,short_lt20,0.5652654867256637,0.8078372268274303,0.686551356776547,0.6595761988145428,0.7132066985357183,0.3751844055109135,1808,1327
CAID3 Disorder-PDB,UdonPred-combined,DED,calibrated,0.396,mid_20_30,0.6766233766233766,0.8010695187165775,0.738846447669977,0.705804812208571,0.7739263905982434,0.463214918310173,1540,935
CAID3 Disorder-PDB,UdonPred-combined,DED,calibrated,0.396,long_gt30,0.8426189722486018,0.8476307909106923,0.845124881579647,0.8161904087323525,0.8723809045029026,0.625012399410487,18954,5677
CAID3 Disorder-PDB,DARUMA-beta,DED,literal,0.5,short_lt20,0.3877212389380531,0.8831951770911831,0.635458208014618,0.603262176850497,0.6662344945394632,0.3004422122981648,1808,1327
CAID3 Disorder-PDB,DARUMA-beta,DED,literal,0.5,mid_20_30,0.5376623376623376,0.8684491978609625,0.70305576776165,0.6598839703234293,0.7499367056662914,0.40478904419183864,1540,935
CAID3 Disorder-PDB,DARUMA-beta,DED,literal,0.5,long_gt30,0.7310857866413422,0.8691210146203981,0.8001034006308702,0.7632866706252975,0.8294246577021728,0.5144726054758042,18954,5677
CAID3 Disorder-PDB,DARUMA-beta,DED,calibrated,0.449,short_lt20,0.43418141592920356,0.8507912584777694,0.6424863372034865,0.6104042581391643,0.6735572365434838,0.3034869354639952,1808,1327
CAID3 Disorder-PDB,DARUMA-beta,DED,calibrated,0.449,mid_20_30,0.5805194805194805,0.8406417112299466,0.7105805958747136,0.6672331194225288,0.7586674580776079,0.4135241223466735,1540,935
CAID3 Disorder-PDB,DARUMA-beta,DED,calibrated,0.449,long_gt30,0.7529809011290493,0.8504491809054078,0.8017150410172285,0.7653949909257718,0.8312656577878275,0.5219829612015349,18954,5677
CAID3 Disorder-PDB,DisoFLAG-IDR,DED,literal,0.5,short_lt20,0.3805309734513274,0.8568198944988696,0.6186754339750985,0.5906120605179291,0.6480266374809839,0.2611634885789338,1808,1327
CAID3 Disorder-PDB,DisoFLAG-IDR,DED,literal,0.5,mid_20_30,0.5318181818181819,0.853475935828877,0.6926470588235294,0.6492289089556981,0.739583316781172,0.383663700567976,1540,935
CAID3 Disorder-PDB,DisoFLAG-IDR,DED,literal,0.5,long_gt30,0.6398121768492139,0.9011802008102872,0.7704961888297506,0.7376063908729259,0.80095511924046,0.4558770510287785,18954,5677
CAID3 Disorder-PDB,DisoFLAG-IDR,DED,calibrated,0.307,short_lt20,0.584070796460177,0.6865109269027883,0.6352908616814826,0.6068115791948917,0.6644728888623294,0.2678755670669055,1808,1327
CAID3 Disorder-PDB,DisoFLAG-IDR,DED,calibrated,0.307,mid_20_30,0.7357142857142858,0.6877005347593583,0.711707410236822,0.6716447640456128,0.7501338350167821,0.41536523021033167,1540,935
CAID3 Disorder-PDB,DisoFLAG-IDR,DED,calibrated,0.307,long_gt30,0.8217262846892477,0.812577065351418,0.8171516750203329,0.7879650615562931,0.8450652197119776,0.5705786825264072,18954,5677
CAID3 Disorder-PDB,s2D-2,DED,literal,0.5,short_lt20,0.7616150442477876,0.6171816126601356,0.6893983284539615,0.6596327085746485,0.7158826464239211,0.38223471547975374,1808,1327
CAID3 Disorder-PDB,s2D-2,DED,literal,0.5,mid_20_30,0.727922077922078,0.7593582887700535,0.7436401833460657,0.70643350870194,0.7817380176835601,0.47432452258138535,1540,935
CAID3 Disorder-PDB,s2D-2,DED,literal,0.5,long_gt30,0.7299250817769336,0.6744759556103576,0.7022005186936455,0.6726965155427175,0.7354919658861042,0.3541152151199894,18954,5677
CAID3 Disorder-PDB,s2D-2,DED,calibrated,0.533,short_lt20,0.6946902654867256,0.6993217784476262,0.6970060219671759,0.6685945894105864,0.7242538943198118,0.38995484000092784,1808,1327
CAID3 Disorder-PDB,s2D-2,DED,calibrated,0.533,mid_20_30,0.6493506493506493,0.8053475935828877,0.7273491214667684,0.6872243688408443,0.7694953816892145,0.4413482827564387,1540,935
CAID3 Disorder-PDB,s2D-2,DED,calibrated,0.533,long_gt30,0.6656114804262953,0.7378897304914568,0.701750605458876,0.671760675920227,0.7332292512098688,0.3435035791218204,18954,5677
CAID3 Disorder-NOX,AlphaFold-pLDDT,AF,literal,0.5,short_lt20,0.2504145936981758,0.896969696969697,0.5736921453339364,0.5307441898367863,0.621774369087126,0.18927042685788614,603,495
CAID3 Disorder-NOX,AlphaFold-pLDDT,AF,literal,0.5,mid_20_30,0.4276401564537158,0.8670411985018727,0.6473406774777942,0.5895786529533678,0.709932669984183,0.31436287500857935,767,534
CAID3 Disorder-NOX,AlphaFold-pLDDT,AF,literal,0.5,long_gt30,0.6078051145315719,0.8269329896907216,0.7173690521111468,0.6771594144561417,0.7535328079871293,0.4063307855631133,16502,7760
CAID3 Disorder-NOX,AlphaFold-pLDDT,AF,calibrated,0.272,short_lt20,0.5870646766169154,0.7454545454545455,0.6662596110357304,0.60060157103409,0.731292697450333,0.3335516974331871,603,495
CAID3 Disorder-NOX,AlphaFold-pLDDT,AF,calibrated,0.272,mid_20_30,0.7262059973924381,0.7546816479400749,0.7404438226662564,0.6762549991807024,0.8131427172391477,0.47390083477014155,767,534
CAID3 Disorder-NOX,AlphaFold-pLDDT,AF,calibrated,0.272,long_gt30,0.8463822566961581,0.7032216494845361,0.7748019530903472,0.7342379640030726,0.8136048452511241,0.5454154658200755,16502,7760
CAID3 Disorder-NOX,AlphaFold-rsa,AF,literal,0.5,short_lt20,0.6069651741293532,0.5797979797979798,0.5933815769636666,0.5448535140301507,0.6426526313227648,0.18605051016666133,603,495
CAID3 Disorder-NOX,AlphaFold-rsa,AF,literal,0.5,mid_20_30,0.8279009126466753,0.5468164794007491,0.6873586960237121,0.6309029607421447,0.7415669425822735,0.3932687486688238,767,534
CAID3 Disorder-NOX,AlphaFold-rsa,AF,literal,0.5,long_gt30,0.9348563810447219,0.6019329896907216,0.7683946853677217,0.7257575295419726,0.8088794955524176,0.5889069269316427,16502,7760
CAID3 Disorder-NOX,AlphaFold-rsa,AF,calibrated,0.583,short_lt20,0.48258706467661694,0.7070707070707071,0.594828885873662,0.5533251240932261,0.6399972925959515,0.19286777041643455,603,495
CAID3 Disorder-NOX,AlphaFold-rsa,AF,calibrated,0.583,mid_20_30,0.6792698826597132,0.7209737827715356,0.7001218327156244,0.6326213512080693,0.7685182519590222,0.3939496297778622,767,534
CAID3 Disorder-NOX,AlphaFold-rsa,AF,calibrated,0.583,long_gt30,0.8683795903526845,0.722680412371134,0.7955300013619093,0.7600356000492638,0.8329058316971849,0.5906578361951177,16502,7760
CAID3 Disorder-NOX,AlphaFold3-pLDDT,AF,literal,0.5,short_lt20,0.24212271973466004,0.8767676767676768,0.5594451982511683,0.5242956011659118,0.5982919871146011,0.15124603779633575,603,495
CAID3 Disorder-NOX,AlphaFold3-pLDDT,AF,literal,0.5,mid_20_30,0.4784876140808344,0.8632958801498127,0.6708917471153235,0.6110748861877173,0.7357702450032325,0.35537877172659227,767,534
CAID3 Disorder-NOX,AlphaFold3-pLDDT,AF,literal,0.5,long_gt30,0.5607199127378499,0.8743556701030928,0.7175377914204714,0.6735047753966514,0.7568341225447834,0.41093938524402374,16502,7760
CAID3 Disorder-NOX,AlphaFold3-pLDDT,AF,calibrated,0.202,short_lt20,0.6616915422885572,0.696969696969697,0.6793306196291271,0.6145785171433638,0.7422625148165165,0.35692203118967064,603,495
CAID3 Disorder-NOX,AlphaFold3-pLDDT,AF,calibrated,0.202,mid_20_30,0.7953063885267275,0.700374531835206,0.7478404601809667,0.6905728845133711,0.8094800810101251,0.49610989570865216,767,534
CAID3 Disorder-NOX,AlphaFold3-pLDDT,AF,calibrated,0.202,long_gt30,0.8595321779178281,0.6666237113402061,0.7630779446290171,0.7202112637917375,0.8027330564506466,0.5312075143334876,16502,7760
CAID3 Disorder-NOX,AlphaFold3-rsa,AF,literal,0.5,short_lt20,0.615257048092869,0.5797979797979798,0.5975275139454244,0.5515378408756094,0.6475420339569622,0.1943996345902838,603,495
CAID3 Disorder-NOX,AlphaFold3-rsa,AF,literal,0.5,mid_20_30,0.8500651890482399,0.5430711610486891,0.6965681750484645,0.634624132988979,0.757626770864254,0.41766683891397666,767,534
CAID3 Disorder-NOX,AlphaFold3-rsa,AF,literal,0.5,long_gt30,0.9304326748272936,0.6056701030927835,0.7680513889600386,0.7308102676212583,0.8058787687336818,0.5846143323140338,16502,7760
CAID3 Disorder-NOX,AlphaFold3-rsa,AF,calibrated,0.497,short_lt20,0.6202321724709784,0.5737373737373738,0.5969847731041761,0.5520273637301929,0.6459188321445234,0.19344530323292908,603,495
CAID3 Disorder-NOX,AlphaFold3-rsa,AF,calibrated,0.497,mid_20_30,0.8526727509778357,0.5430711610486891,0.6978719560132625,0.6358138393370717,0.7587047332970914,0.4210094669724392,767,534
CAID3 Disorder-NOX,AlphaFold3-rsa,AF,calibrated,0.497,long_gt30,0.9327354260089686,0.6020618556701031,0.7673986408395359,0.7298821853358803,0.8058626947122824,0.5854614661980083,16502,7760
CAID3 Disorder-NOX,AIUPred,DED,literal,0.5,short_lt20,0.648424543946932,0.5070707070707071,0.5777476255088196,0.5262967749073664,0.6261945346458445,0.15667547756511302,603,495
CAID3 Disorder-NOX,AIUPred,DED,literal,0.5,mid_20_30,0.7848761408083442,0.5374531835205992,0.6611646621644718,0.6055770601473117,0.718765631749946,0.3330006381519364,767,534
CAID3 Disorder-NOX,AIUPred,DED,literal,0.5,long_gt30,0.8638952854199491,0.5804123711340207,0.7221538282769848,0.68318846225587,0.7587387558542518,0.4624483014364579,16502,7760
CAID3 Disorder-NOX,AIUPred,DED,calibrated,0.691,short_lt20,0.43449419568822556,0.7535353535353535,0.5940147746117895,0.5549746994544473,0.6344054136109276,0.19618809146348576,603,495
CAID3 Disorder-NOX,AIUPred,DED,calibrated,0.691,mid_20_30,0.529335071707953,0.7883895131086143,0.6588622924082836,0.6023885935799456,0.7187474307909358,0.3191773582749068,767,534
CAID3 Disorder-NOX,AIUPred,DED,calibrated,0.691,long_gt30,0.7362743909829111,0.7380154639175258,0.7371449274502184,0.6982945011915682,0.7750865672446007,0.44890062816282994,16502,7760
CAID3 Disorder-NOX,AIUPred-2-disorder,DED,literal,0.5,short_lt20,0.6583747927031509,0.5616161616161616,0.6099954771596563,0.5708767064256121,0.652541552286164,0.22047492971664992,603,495
CAID3 Disorder-NOX,AIUPred-2-disorder,DED,literal,0.5,mid_20_30,0.6779661016949152,0.6292134831460674,0.6535897924204913,0.5963700299720558,0.7087882122806428,0.30385344183554736,767,534
CAID3 Disorder-NOX,AIUPred-2-disorder,DED,literal,0.5,long_gt30,0.880862925705975,0.5881443298969072,0.7345036278014412,0.689010343816907,0.7763443829889186,0.4932229329808561,16502,7760
CAID3 Disorder-NOX,AIUPred-2-disorder,DED,calibrated,0.57,short_lt20,0.4593698175787728,0.7333333333333333,0.5963515754560531,0.5579934795362096,0.6347577364201786,0.19832561354004238,603,495
CAID3 Disorder-NOX,AIUPred-2-disorder,DED,calibrated,0.57,mid_20_30,0.5710560625814863,0.7340823970037453,0.6525692297926158,0.59721703075323,0.7071014252768244,0.30198378962636313,767,534
CAID3 Disorder-NOX,AIUPred-2-disorder,DED,calibrated,0.57,long_gt30,0.8246879166161677,0.6846649484536083,0.754676432534888,0.7110383598349171,0.7935740836151347,0.5021500026691599,16502,7760
CAID3 Disorder-NOX,IUPred3,DED,literal,0.5,short_lt20,0.37645107794361526,0.7393939393939394,0.5579225086687774,0.5114688926672576,0.6068925238881264,0.12314354814626445,603,495
CAID3 Disorder-NOX,IUPred3,DED,literal,0.5,mid_20_30,0.4589308996088657,0.799625468164794,0.6292781838868298,0.5573410081885176,0.698548391117696,0.2661712597725993,767,534
CAID3 Disorder-NOX,IUPred3,DED,literal,0.5,long_gt30,0.6919161313780148,0.7471649484536083,0.7195405399158115,0.6816909490941194,0.7550301217741022,0.4117764053941984,16502,7760
CAID3 Disorder-NOX,IUPred3,DED,calibrated,0.478,short_lt20,0.417910447761194,0.701010101010101,0.5594602743856475,0.5054917611470273,0.6158606684906498,0.12295903700901539,603,495
CAID3 Disorder-NOX,IUPred3,DED,calibrated,0.478,mid_20_30,0.4876140808344198,0.7827715355805244,0.635192808207472,0.5613094757009409,0.7061734486968998,0.2745006823052823,767,534
CAID3 Disorder-NOX,IUPred3,DED,calibrated,0.478,long_gt30,0.7246394376439219,0.7170103092783505,0.7208248734611362,0.6827257563210417,0.7550454942525403,0.4178351056113576,16502,7760
CAID3 Disorder-NOX,ESpritz-D,DED,literal,0.5,short_lt20,0.25207296849087896,0.8383838383838383,0.5452284034373587,0.5110432205907135,0.583950307220413,0.11025532408774569,603,495
CAID3 Disorder-NOX,ESpritz-D,DED,literal,0.5,mid_20_30,0.29726205997392435,0.7883895131086143,0.5428257865412693,0.5179780803504491,0.56950039533218,0.09580558964472884,767,534
CAID3 Disorder-NOX,ESpritz-D,DED,literal,0.5,long_gt30,0.4195249060719913,0.8599226804123712,0.6397237932421812,0.6002161831702979,0.6801963584114222,0.27715955171939916,16502,7760
CAID3 Disorder-NOX,ESpritz-D,DED,calibrated,0.341,short_lt20,0.4842454394693201,0.6282828282828283,0.5562641338760742,0.5282045006424019,0.5845018715653719,0.11298589242843003,603,495
CAID3 Disorder-NOX,ESpritz-D,DED,calibrated,0.341,mid_20_30,0.6245110821382008,0.6179775280898876,0.6212443051140442,0.5773245455830148,0.6709310296382188,0.2388664007101953,767,534
CAID3 Disorder-NOX,ESpritz-D,DED,calibrated,0.341,long_gt30,0.6905829596412556,0.6921391752577319,0.6913610674494938,0.648409940981501,0.7343601690607205,0.3603801613602535,16502,7760
CAID3 Disorder-NOX,ESpritz-N,DED,literal,0.5,short_lt20,0.4046434494195688,0.8262626262626263,0.6154530378410975,0.5601295730392086,0.6757501945281497,0.25058728799629,603,495
CAID3 Disorder-NOX,ESpritz-N,DED,literal,0.5,mid_20_30,0.42633637548891784,0.9307116104868914,0.6785239929879047,0.6033173990683496,0.7555749400959324,0.3912680724961573,767,534
CAID3 Disorder-NOX,ESpritz-N,DED,literal,0.5,long_gt30,0.580050902920858,0.814819587628866,0.697435245274862,0.6619665174233964,0.729259775935151,0.3699327632054177,16502,7760
CAID3 Disorder-NOX,ESpritz-N,DED,calibrated,0.434,short_lt20,0.46434494195688225,0.7898989898989899,0.6271219659279361,0.5712823173972468,0.6901103922686138,0.2652754950641616,603,495
CAID3 Disorder-NOX,ESpritz-N,DED,calibrated,0.434,mid_20_30,0.48891786179921776,0.8913857677902621,0.69015181479474,0.6158857941883614,0.7657916393897788,0.3970040800099336,767,534
CAID3 Disorder-NOX,ESpritz-N,DED,calibrated,0.434,long_gt30,0.6330747788146891,0.7787371134020619,0.7059059461083754,0.6694421047993525,0.7383891797552989,0.38415194828862215,16502,7760
CAID3 Disorder-NOX,ESpritz-X,DED,literal,0.5,short_lt20,0.17744610281923714,0.9373737373737374,0.5574099200964873,0.523104974111932,0.6031019061536556,0.1723467244865014,603,495
CAID3 Disorder-NOX,ESpritz-X,DED,literal,0.5,mid_20_30,0.23468057366362452,0.9925093632958801,0.6135949684797524,0.5669401109827709,0.6659688238393189,0.3207169428489907,767,534
CAID3 Disorder-NOX,ESpritz-X,DED,literal,0.5,long_gt30,0.2781481032602109,0.9390463917525773,0.6085972475063941,0.58062204325798,0.6350283178339587,0.2492899081007111,16502,7760
CAID3 Disorder-NOX,ESpritz-X,DED,calibrated,0.105,short_lt20,0.5406301824212272,0.7414141414141414,0.6410221619176844,0.585336785160838,0.6986325735965313,0.2849756542351157,603,495
CAID3 Disorder-NOX,ESpritz-X,DED,calibrated,0.105,mid_20_30,0.6153846153846154,0.7677902621722846,0.69158743877845,0.6285758578553294,0.7574549480030411,0.37830985027416375,767,534
CAID3 Disorder-NOX,ESpritz-X,DED,calibrated,0.105,long_gt30,0.6600412071264089,0.7569587628865979,0.7084999850065035,0.6718366082061537,0.7419117257881159,0.38954455834776885,16502,7760
CAID3 Disorder-NOX,MobiDB-lite,DED,literal,0.5,short_lt20,0.4461028192371476,0.795959595959596,0.6210312075983718,0.5617020751183895,0.6806306925942185,0.25481328459175134,603,495
CAID3 Disorder-NOX,MobiDB-lite,DED,literal,0.5,mid_20_30,0.5071707953063885,0.8670411985018727,0.6871059969041307,0.6162874272729963,0.7592885504302129,0.3850428822789863,767,534
CAID3 Disorder-NOX,MobiDB-lite,DED,literal,0.5,long_gt30,0.61683432311235,0.8032216494845361,0.7100279862984431,0.6752586498244944,0.7409656853437652,0.392081546718978,16502,7760
CAID3 Disorder-NOX,MobiDB-lite,DED,calibrated,0.286,short_lt20,0.5422885572139303,0.7191919191919192,0.6307402382029248,0.5789970805471378,0.6874983121072096,0.26323826857767707,603,495
CAID3 Disorder-NOX,MobiDB-lite,DED,calibrated,0.286,mid_20_30,0.5893089960886571,0.8089887640449438,0.6991488800668004,0.6320015928314916,0.7686275516593187,0.3962424418560686,767,534
CAID3 Disorder-NOX,MobiDB-lite,DED,calibrated,0.286,long_gt30,0.7023997091261666,0.7452319587628866,0.7238158339445266,0.6867695689695007,0.755993708404685,0.4205251244040123,16502,7760
CAID3 Disorder-NOX,flDPnn,DED,literal,0.5,short_lt20,0.2570480928689884,0.8626262626262626,0.5598371777476255,0.5087013677181321,0.609673850618147,0.14801505632931733,603,495
CAID3 Disorder-NOX,flDPnn,DED,literal,0.5,mid_20_30,0.37157757496740546,0.9250936329588015,0.6483356039631035,0.590243924555196,0.7100422484143769,0.3371142579829786,767,534
CAID3 Disorder-NOX,flDPnn,DED,literal,0.5,long_gt30,0.3763786207732396,0.8859536082474226,0.6311661145103311,0.5974840258283549,0.666139587901506,0.26897346885590895,16502,7760
CAID3 Disorder-NOX,flDPnn,DED,calibrated,0.21,short_lt20,0.6567164179104478,0.5858585858585859,0.6212875018845168,0.5758519055698774,0.6659784338167478,0.24248890476416665,603,495
CAID3 Disorder-NOX,flDPnn,DED,calibrated,0.21,mid_20_30,0.6792698826597132,0.6966292134831461,0.6879495480714297,0.6241719058090928,0.7513672652326352,0.37028404773899665,767,534
CAID3 Disorder-NOX,flDPnn,DED,calibrated,0.21,long_gt30,0.7591807053690461,0.7002577319587628,0.7297192186639045,0.6847499311034538,0.7679948651433716,0.43980090023300883,16502,7760
CAID3 Disorder-NOX,flDPnn2,DED,literal,0.5,short_lt20,0.2902155887230514,0.8626262626262626,0.5764209256746571,0.5327555411320984,0.6223728270809102,0.18319657543118836,603,495
CAID3 Disorder-NOX,flDPnn2,DED,literal,0.5,mid_20_30,0.4680573663624511,0.8595505617977528,0.6638039640801019,0.6012611027199685,0.7266874052097801,0.34179704223318996,767,534
CAID3 Disorder-NOX,flDPnn2,DED,literal,0.5,long_gt30,0.3890437522724518,0.8889175257731958,0.6389806390228239,0.6014461222754688,0.6767857467646127,0.282871550940395,16502,7760
CAID3 Disorder-NOX,flDPnn2,DED,calibrated,0.27,short_lt20,0.5555555555555556,0.597979797979798,0.5767676767676768,0.541561287994632,0.6154164311927953,0.152847897223654,603,495
CAID3 Disorder-NOX,flDPnn2,DED,calibrated,0.27,mid_20_30,0.6988265971316818,0.6629213483146067,0.6808739727231443,0.6279324238101924,0.7374553089160626,0.35771729621934295,767,534
CAID3 Disorder-NOX,flDPnn2,DED,calibrated,0.27,long_gt30,0.7406374984850321,0.7413659793814433,0.7410017389332377,0.6949765847979531,0.7856737579593749,0.4565062502879899,16502,7760
CAID3 Disorder-NOX,flDPnn3a,DED,literal,0.5,short_lt20,0.6749585406301825,0.5616161616161616,0.618287351123172,0.5748075656269624,0.6694117060454835,0.2376556217598601,603,495
CAID3 Disorder-NOX,flDPnn3a,DED,literal,0.5,mid_20_30,0.7640156453715776,0.6741573033707865,0.719086474371182,0.6596150465560346,0.7755108665885805,0.43732916812334965,767,534
CAID3 Disorder-NOX,flDPnn3a,DED,literal,0.5,long_gt30,0.7988728638952854,0.6904639175257732,0.7446683907105294,0.7026035547586488,0.7824647444819199,0.4761774347751947,16502,7760
CAID3 Disorder-NOX,flDPnn3a,DED,calibrated,0.462,short_lt20,0.7197346600331676,0.5232323232323233,0.6214834916327454,0.5776521620829962,0.6689988712487538,0.24788441982517329,603,495
CAID3 Disorder-NOX,flDPnn3a,DED,calibrated,0.462,mid_20_30,0.8292046936114733,0.601123595505618,0.7151641445585457,0.655234338067482,0.7760265777839898,0.4445751102204474,767,534
CAID3 Disorder-NOX,flDPnn3a,DED,calibrated,0.462,long_gt30,0.8768028117803902,0.6479381443298969,0.7623704780551436,0.7210577705816682,0.8008676612728453,0.5388081554418865,16502,7760
CAID3 Disorder-NOX,flDPnn3b,DED,literal,0.5,short_lt20,0.23714759535655058,0.8949494949494949,0.5660485451530227,0.5266284682654255,0.6122923181979725,0.17198609121144337,603,495
CAID3 Disorder-NOX,flDPnn3b,DED,literal,0.5,mid_20_30,0.242503259452412,0.9681647940074907,0.6053340267299513,0.551428796431013,0.669843562313528,0.2855734340036481,767,534
CAID3 Disorder-NOX,flDPnn3b,DED,literal,0.5,long_gt30,0.31784026178645014,0.8786082474226804,0.5982242546045653,0.558321117748187,0.6406023386770612,0.21021740875371478,16502,7760
CAID3 Disorder-NOX,flDPnn3b,DED,calibrated,0.245,short_lt20,0.6633499170812603,0.5616161616161616,0.612483039348711,0.5682047102241314,0.6636722466554003,0.22561250817754894,603,495
CAID3 Disorder-NOX,flDPnn3b,DED,calibrated,0.245,mid_20_30,0.757496740547588,0.599250936329588,0.678373838438588,0.6246993021976363,0.7363777179530919,0.35997359179035693,767,534
CAID3 Disorder-NOX,flDPnn3b,DED,calibrated,0.245,long_gt30,0.7812386377408799,0.670360824742268,0.7257997312415739,0.6735563439607333,0.7718675635701039,0.43797677586071576,16502,7760
CAID3 Disorder-NOX,DISOPRED3-diso,DED,literal,0.5,short_lt20,0.3814262023217247,0.8141414141414142,0.5977838082315694,0.5489325006739681,0.6464665947765376,0.21374669178628436,603,495
CAID3 Disorder-NOX,DISOPRED3-diso,DED,literal,0.5,mid_20_30,0.47979139504563234,0.8764044943820225,0.6780979447138274,0.618078934391244,0.736185639298098,0.37162318429136826,767,534
CAID3 Disorder-NOX,DISOPRED3-diso,DED,literal,0.5,long_gt30,0.711004726699794,0.7739690721649485,0.7424868994323712,0.7018305301303042,0.7819937642491611,0.4552512112340947,16502,7760
CAID3 Disorder-NOX,DISOPRED3-diso,DED,calibrated,0.37,short_lt20,0.43449419568822556,0.7818181818181819,0.6081561887532037,0.5540631123819291,0.658684746044865,0.22770683902107924,603,495
CAID3 Disorder-NOX,DISOPRED3-diso,DED,calibrated,0.37,mid_20_30,0.5580182529335072,0.8258426966292135,0.6919304747813604,0.6298457790468361,0.7479814290239578,0.38536838306595,767,534
CAID3 Disorder-NOX,DISOPRED3-diso,DED,calibrated,0.37,long_gt30,0.7714216458611077,0.7252577319587629,0.7483396889099353,0.7063624076383329,0.7877546800913617,0.47552431118538546,16502,7760
CAID3 Disorder-NOX,SETH-0,DED,literal,0.5,short_lt20,0.3913764510779436,0.8646464646464647,0.6280114578622041,0.5654968459184311,0.6900023297661263,0.2849936714512602,603,495
CAID3 Disorder-NOX,SETH-0,DED,literal,0.5,mid_20_30,0.5567144719687093,0.8558052434456929,0.706259857707201,0.6497782283146175,0.7706891966677962,0.4165513928991311,767,534
CAID3 Disorder-NOX,SETH-0,DED,literal,0.5,long_gt30,0.7453641982789965,0.8103092783505155,0.777836738314756,0.7347464475454996,0.8163263182168373,0.5231576357747058,16502,7760
CAID3 Disorder-NOX,SETH-0,DED,calibrated,0.383,short_lt20,0.5804311774461028,0.7454545454545455,0.6629428614503241,0.602417259888266,0.7232138005816172,0.3272110196587545,603,495
CAID3 Disorder-NOX,SETH-0,DED,calibrated,0.383,mid_20_30,0.7614080834419817,0.7921348314606742,0.776771457451328,0.7108554039736108,0.8345306078737158,0.5458720934327201,767,534
CAID3 Disorder-NOX,SETH-0,DED,calibrated,0.383,long_gt30,0.8712883286874318,0.7355670103092784,0.8034276694983551,0.7614202731040558,0.8419980587558007,0.6053815877117914,16502,7760
CAID3 Disorder-NOX,SETH-1,DED,literal,0.5,short_lt20,0.4709784411276949,0.8363636363636363,0.6536710387456656,0.5883210154148689,0.7217151853888032,0.3246271646461094,603,495
CAID3 Disorder-NOX,SETH-1,DED,literal,0.5,mid_20_30,0.6049543676662321,0.8614232209737828,0.7331887943200075,0.6773166773004576,0.7905375647271138,0.46585694709812386,767,534
CAID3 Disorder-NOX,SETH-1,DED,literal,0.5,long_gt30,0.7608168706823415,0.7900773195876288,0.7754470951349852,0.7314880677172518,0.8149118848824868,0.5214117407350702,16502,7760
CAID3 Disorder-NOX,SETH-1,DED,calibrated,0.396,short_lt20,0.6202321724709784,0.7595959595959596,0.689914066033469,0.6294101264516748,0.7534710275525729,0.37996818669266635,603,495
CAID3 Disorder-NOX,SETH-1,DED,calibrated,0.396,mid_20_30,0.7366362451108214,0.8127340823970037,0.7746851637539125,0.7114263329466237,0.8300618551539974,0.5406225151730057,767,534
CAID3 Disorder-NOX,SETH-1,DED,calibrated,0.396,long_gt30,0.8428069324930312,0.734020618556701,0.7884137755248661,0.7473531091685836,0.8285351373669512,0.5672679295114663,16502,7760
CAID3 Disorder-NOX,VSL2,DED,literal,0.5,short_lt20,0.6915422885572139,0.5454545454545454,0.6184984170058796,0.5793639087886875,0.6589031826407517,0.23930615262021004,603,495
CAID3 Disorder-NOX,VSL2,DED,literal,0.5,mid_20_30,0.7522816166883963,0.601123595505618,0.6767026060970072,0.6075004240126748,0.7507951655160466,0.3559731692789758,767,534
CAID3 Disorder-NOX,VSL2,DED,literal,0.5,long_gt30,0.8638952854199491,0.5436855670103092,0.7037904262151291,0.6655908858784891,0.7378077187362727,0.4299869355631129,16502,7760
CAID3 Disorder-NOX,VSL2,DED,calibrated,0.613,short_lt20,0.5240464344941956,0.7171717171717171,0.6206090758329563,0.5712287599247573,0.6700896860659634,0.24356860317578632,603,495
CAID3 Disorder-NOX,VSL2,DED,calibrated,0.613,mid_20_30,0.6401564537157758,0.704119850187266,0.6721381519515208,0.6121258289319893,0.7335346799311068,0.33871099608034555,767,534
CAID3 Disorder-NOX,VSL2,DED,calibrated,0.613,long_gt30,0.7792388801357412,0.6574742268041237,0.7183565534699324,0.6815304234830863,0.7520040195168262,0.42423997792536383,16502,7760
CAID3 Disorder-NOX,SPOT-Disorder,DED,literal,0.5,short_lt20,0.472636815920398,0.8262626262626263,0.6494497210915121,0.6029330233454931,0.7034903196267411,0.3144359543489444,603,495
CAID3 Disorder-NOX,SPOT-Disorder,DED,literal,0.5,mid_20_30,0.5567144719687093,0.8689138576779026,0.712814164823306,0.64947242694005,0.7805156901363441,0.43091599863825575,767,534
CAID3 Disorder-NOX,SPOT-Disorder,DED,literal,0.5,long_gt30,0.7841473760756272,0.718298969072165,0.751223172573896,0.7105324810241107,0.790960011425531,0.4836695536602441,16502,7760
CAID3 Disorder-NOX,SPOT-Disorder,DED,calibrated,0.46,short_lt20,0.5041459369817579,0.8202020202020202,0.662173978591889,0.6142220566322506,0.7144978756082581,0.33665230227991716,603,495
CAID3 Disorder-NOX,SPOT-Disorder,DED,calibrated,0.46,mid_20_30,0.5867014341590613,0.8426966292134831,0.7146990316862722,0.6449696501058839,0.784871628527135,0.42939806337254444,767,534
CAID3 Disorder-NOX,SPOT-Disorder,DED,calibrated,0.46,long_gt30,0.7994182523330505,0.6990979381443299,0.7492580952386902,0.7066446616756035,0.789545272044523,0.4843989448479305,16502,7760
CAID3 Disorder-NOX,SPOT-Disorder2,DED,literal,0.5,short_lt20,0.43449419568822556,0.802020202020202,0.6182571988542138,0.5752639096928651,0.6708017342293784,0.2506913837888984,603,495
CAID3 Disorder-NOX,SPOT-Disorder2,DED,literal,0.5,mid_20_30,0.6166883963494133,0.846441947565543,0.7315651719574782,0.6661253163966878,0.7889648570087892,0.4606336299116467,767,534
CAID3 Disorder-NOX,SPOT-Disorder2,DED,literal,0.5,long_gt30,0.8266876742213065,0.7246134020618556,0.775650538141581,0.7353814530232458,0.815398008496501,0.5392293477069579,16502,7760
CAID3 Disorder-NOX,SPOT-Disorder2,DED,calibrated,0.442,short_lt20,0.4560530679933665,0.7818181818181819,0.6189356249057741,0.5764628436087567,0.6672075396858438,0.2483423589530014,603,495
CAID3 Disorder-NOX,SPOT-Disorder2,DED,calibrated,0.442,mid_20_30,0.6466753585397653,0.8239700374531835,0.7353226979964744,0.6671870246230636,0.7966275233530344,0.4650517885104306,767,534
CAID3 Disorder-NOX,SPOT-Disorder2,DED,calibrated,0.442,long_gt30,0.8485638104472185,0.7,0.7742819052236092,0.7326137763446889,0.8143420740425739,0.5454512493663389,16502,7760
CAID3 Disorder-NOX,SPOT-Disorder-Single,DED,literal,0.5,short_lt20,0.32669983416252074,0.8929292929292929,0.6098145635459068,0.5568437407182345,0.6719443801666064,0.2606053100397239,603,495
CAID3 Disorder-NOX,SPOT-Disorder-Single,DED,literal,0.5,mid_20_30,0.4172099087353325,0.8913857677902621,0.6542978382627973,0.596245482442087,0.7088120618067401,0.33435775248645816,767,534
CAID3 Disorder-NOX,SPOT-Disorder-Single,DED,literal,0.5,long_gt30,0.5754454005575081,0.836340206185567,0.7058928033715376,0.6681420093476851,0.7411940008864046,0.3865810773207229,16502,7760
CAID3 Disorder-NOX,SPOT-Disorder-Single,DED,calibrated,0.203,short_lt20,0.5522388059701493,0.6868686868686869,0.6195537464194181,0.5829969234901908,0.6577683394089254,0.2394305773222211,603,495
CAID3 Disorder-NOX,SPOT-Disorder-Single,DED,calibrated,0.203,mid_20_30,0.6753585397653195,0.7415730337078652,0.7084657867365923,0.6379381245613177,0.7777533282623594,0.41020534805807196,767,534
CAID3 Disorder-NOX,SPOT-Disorder-Single,DED,calibrated,0.203,long_gt30,0.7551205914434614,0.6969072164948453,0.7260139039691533,0.6848970188477892,0.7653717202502287,0.43236434118325023,16502,7760
CAID3 Disorder-NOX,DisEMBL-dis465,DED,literal,0.5,short_lt20,0.4096185737976783,0.8505050505050505,0.6300618121513644,0.5748000949922015,0.6865375546666749,0.2845627350211664,603,495
CAID3 Disorder-NOX,DisEMBL-dis465,DED,literal,0.5,mid_20_30,0.4315514993481095,0.9063670411985019,0.6689592702733057,0.609794403990775,0.7311652350016379,0.3652783478182596,767,534
CAID3 Disorder-NOX,DisEMBL-dis465,DED,literal,0.5,long_gt30,0.4296448915282996,0.845360824742268,0.6375028581352838,0.6121091452366261,0.6607143543878119,0.2704481139791686,16502,7760
CAID3 Disorder-NOX,DisEMBL-dis465,DED,calibrated,0.383,short_lt20,0.6252072968490879,0.6787878787878788,0.6519975878184834,0.5916501410602714,0.7102163109024224,0.3026059021121453,603,495
CAID3 Disorder-NOX,DisEMBL-dis465,DED,calibrated,0.383,mid_20_30,0.651890482398957,0.7322097378277154,0.6920501101133362,0.6121696635288211,0.7692819216388248,0.3779152639674527,767,534
CAID3 Disorder-NOX,DisEMBL-dis465,DED,calibrated,0.383,long_gt30,0.6694340079990304,0.6798969072164949,0.6746654576077626,0.6401179555894613,0.7032807010522172,0.3280583749381501,16502,7760
CAID3 Disorder-NOX,DisEMBL-disHL,DED,literal,0.5,short_lt20,0.003316749585406302,1.0,0.5016583747927031,0.5,0.5044194127393226,0.03870380510886777,603,495
CAID3 Disorder-NOX,DisEMBL-disHL,DED,literal,0.5,mid_20_30,0.007822685788787484,1.0,0.5039113428943938,0.5006639447501001,0.5088208499500424,0.056795468653965384,767,534
CAID3 Disorder-NOX,DisEMBL-disHL,DED,literal,0.5,long_gt30,0.0012725730214519452,0.9998711340206186,0.5005718535210353,0.5001983350627831,0.5010088337265692,0.017722961703009195,16502,7760
CAID3 Disorder-NOX,DisEMBL-disHL,DED,calibrated,0.124,short_lt20,0.3963515754560531,0.8121212121212121,0.6042363937886326,0.5556296186706586,0.6584700011879361,0.22585369622874799,603,495
CAID3 Disorder-NOX,DisEMBL-disHL,DED,calibrated,0.124,mid_20_30,0.46284224250325945,0.898876404494382,0.6808593234988207,0.6196594969323671,0.7405630599860823,0.3832614399904342,767,534
CAID3 Disorder-NOX,DisEMBL-disHL,DED,calibrated,0.124,long_gt30,0.3363834686704642,0.8507731958762886,0.5935783322733764,0.5633964012515964,0.6216604658016647,0.19516407447642584,16502,7760
CAID3 Disorder-NOX,IsUnstruct,DED,literal,0.5,short_lt20,0.6169154228855721,0.591919191919192,0.604417307402382,0.5492413394774427,0.657240519038048,0.20803775160062904,603,495
CAID3 Disorder-NOX,IsUnstruct,DED,literal,0.5,mid_20_30,0.758800521512386,0.6666666666666666,0.7127335940895263,0.6442829723932878,0.782917685838179,0.4246478747813578,767,534
CAID3 Disorder-NOX,IsUnstruct,DED,literal,0.5,long_gt30,0.7878438977093686,0.6559278350515464,0.7218858663804575,0.6837631083137283,0.7543058048348178,0.4328013157720433,16502,7760
CAID3 Disorder-NOX,IsUnstruct,DED,calibrated,0.691,short_lt20,0.4792703150912106,0.7575757575757576,0.618423036333484,0.5556947963978435,0.67862916718141,0.24375648480003642,603,495
CAID3 Disorder-NOX,IsUnstruct,DED,calibrated,0.691,mid_20_30,0.6088657105606258,0.7602996254681648,0.6845826680143953,0.6235214580919296,0.7498705259670865,0.36452590083349784,767,534
CAID3 Disorder-NOX,IsUnstruct,DED,calibrated,0.691,long_gt30,0.6780996242879651,0.7649484536082474,0.7215240389481062,0.6845691782300615,0.7550775112909984,0.4143877932245303,16502,7760
CAID3 Disorder-NOX,RONN,DED,literal,0.5,short_lt20,0.5422885572139303,0.5878787878787879,0.565083672546359,0.522535349795899,0.611013220649093,0.1296058225174345,603,495
CAID3 Disorder-NOX,RONN,DED,literal,0.5,mid_20_30,0.6923076923076923,0.6573033707865169,0.6748055315471047,0.5841537908851544,0.7690222202348199,0.3456092208820323,767,534
CAID3 Disorder-NOX,RONN,DED,literal,0.5,long_gt30,0.7693006908253545,0.6425257731958763,0.7059132320106154,0.6703947867067555,0.7382604246795174,0.39958920460211667,16502,7760
CAID3 Disorder-NOX,RONN,DED,calibrated,0.52,short_lt20,0.49087893864013266,0.6383838383838384,0.5646313885119856,0.5168347821657541,0.6127419334958659,0.12982068885946565,603,495
CAID3 Disorder-NOX,RONN,DED,calibrated,0.52,mid_20_30,0.6401564537157758,0.6928838951310862,0.666520174423431,0.5760533211638003,0.7570024027688583,0.3276636420958772,767,534
CAID3 Disorder-NOX,RONN,DED,calibrated,0.52,long_gt30,0.737243970427827,0.6865979381443299,0.7119209542860785,0.6768077407603573,0.7439169449908447,0.4038107797913335,16502,7760
CAID3 Disorder-NOX,PreDisorder,DED,literal,0.5,short_lt20,0.6965174129353234,0.5313131313131313,0.6139152721242274,0.5732862545301898,0.6538671474604068,0.23082453850275245,603,495
CAID3 Disorder-NOX,PreDisorder,DED,literal,0.5,mid_20_30,0.78748370273794,0.6423220973782772,0.7149029000581086,0.6466861028120774,0.78053224154365,0.4336923480329508,767,534
CAID3 Disorder-NOX,PreDisorder,DED,literal,0.5,long_gt30,0.8160828990425403,0.6372422680412371,0.7266625835418887,0.6867331838164843,0.7635658621267788,0.45004263771150776,16502,7760
CAID3 Disorder-NOX,PreDisorder,DED,calibrated,0.537,short_lt20,0.572139303482587,0.703030303030303,0.6375848032564451,0.584268275696247,0.6909635468097345,0.2753232293426977,603,495
CAID3 Disorder-NOX,PreDisorder,DED,calibrated,0.537,mid_20_30,0.6766623207301173,0.7827715355805244,0.7297169281553209,0.6556672199162529,0.7964806708446523,0.45213416896914954,767,534
CAID3 Disorder-NOX,PreDisorder,DED,calibrated,0.537,long_gt30,0.7110653254151011,0.7557989690721649,0.733432147243633,0.6928880556945625,0.7714333358800276,0.43886395228132,16502,7760
CAID3 Disorder-NOX,OPAL,DED,literal,0.5,short_lt20,0.7744610281923715,0.30303030303030304,0.5387456656113373,0.5107295368515772,0.5678818911150617,0.08785234250191673,603,495
CAID3 Disorder-NOX,OPAL,DED,literal,0.5,mid_20_30,0.970013037809648,0.054307116104868915,0.5121600769572584,0.5010437869693807,0.5243064440352512,0.061073349437831236,767,534
CAID3 Disorder-NOX,OPAL,DED,literal,0.5,long_gt30,0.8525027269421889,0.32396907216494847,0.5882358995535687,0.5534466352291679,0.6202266527547937,0.20427889797351637,16502,7760
CAID3 Disorder-NOX,OPAL,DED,calibrated,0.528,short_lt20,0.6434494195688225,0.4,0.5217247097844113,0.4916628663981373,0.5496581344853303,0.04462979820221288,603,495
CAID3 Disorder-NOX,OPAL,DED,calibrated,0.528,mid_20_30,0.9269882659713168,0.15730337078651685,0.5421458183789168,0.5095676355384997,0.5748101255783169,0.133805100862337,767,534
CAID3 Disorder-NOX,OPAL,DED,calibrated,0.528,long_gt30,0.6561022906314387,0.5711340206185567,0.6136181556249977,0.5744596420793444,0.6492810882565642,0.21498631368665233,16502,7760
CAID3 Disorder-NOX,pyHCA,DED,literal,0.5,short_lt20,0.21890547263681592,0.9151515151515152,0.5670284938941655,0.5296124920919288,0.61242070683983,0.18265859069274032,603,495
CAID3 Disorder-NOX,pyHCA,DED,literal,0.5,mid_20_30,0.2711864406779661,0.9419475655430711,0.6065670031105186,0.5599769819154534,0.6562000308724237,0.2707446290473024,767,534
CAID3 Disorder-NOX,pyHCA,DED,literal,0.5,long_gt30,0.4094655193309902,0.8908505154639176,0.6501580173974539,0.6129420662687081,0.68915760753836,0.301957061364268,16502,7760
CAID3 Disorder-NOX,pyHCA,DED,calibrated,0.272,short_lt20,0.4228855721393035,0.7151515151515152,0.5690185436454094,0.5342106461054713,0.6065560984249666,0.14303452998573124,603,495
CAID3 Disorder-NOX,pyHCA,DED,calibrated,0.272,mid_20_30,0.5110821382007823,0.7640449438202247,0.6375635410105035,0.5887452587138748,0.6872939075568945,0.2764750158809559,767,534
CAID3 Disorder-NOX,pyHCA,DED,calibrated,0.272,long_gt30,0.6925827172463944,0.7039948453608248,0.6982887813036096,0.6532644377127833,0.7381898822610816,0.37317918595614324,16502,7760
CAID3 Disorder-NOX,DeepIDP-2L,DED,literal,0.5,short_lt20,0.5505804311774462,0.7151515151515152,0.6328659731644807,0.5875191190667668,0.6828958687069059,0.2670142534426989,603,495
CAID3 Disorder-NOX,DeepIDP-2L,DED,literal,0.5,mid_20_30,0.6258148631029987,0.7284644194756554,0.6771396412893271,0.6144871466388389,0.7426484515696603,0.3488194639898512,767,534
CAID3 Disorder-NOX,DeepIDP-2L,DED,literal,0.5,long_gt30,0.757059750333293,0.7127577319587629,0.734908741146028,0.6892313683056572,0.7769566783891799,0.448611839624342,16502,7760
CAID3 Disorder-NOX,DeepIDP-2L,DED,calibrated,0.55,short_lt20,0.49585406301824214,0.7414141414141414,0.6186341022161918,0.5755228022797945,0.6692894219333478,0.24217293299501755,603,495
CAID3 Disorder-NOX,DeepIDP-2L,DED,calibrated,0.55,mid_20_30,0.5827900912646675,0.7808988764044944,0.681844483834581,0.6153004634515068,0.7523798326715159,0.3610149124666114,767,534
CAID3 Disorder-NOX,DeepIDP-2L,DED,calibrated,0.55,long_gt30,0.7271845836868258,0.7570876288659794,0.7421361062764026,0.6945850702748462,0.7839203799820693,0.4565410692532067,16502,7760
CAID3 Disorder-NOX,PredIDR-long,DED,literal,0.5,short_lt20,0.5373134328358209,0.6787878787878788,0.6080506558118499,0.5540171436914718,0.6588722731120352,0.21662448094524756,603,495
CAID3 Disorder-NOX,PredIDR-long,DED,literal,0.5,mid_20_30,0.758800521512386,0.7265917602996255,0.7426961409060058,0.6882060189867443,0.7958875608816793,0.48097020782722566,767,534
CAID3 Disorder-NOX,PredIDR-long,DED,literal,0.5,long_gt30,0.8606835535086657,0.5967783505154639,0.7287309520120648,0.6718854605310127,0.7756751706581445,0.47234913868926137,16502,7760
CAID3 Disorder-NOX,PredIDR-long,DED,calibrated,0.429,short_lt20,0.6434494195688225,0.6161616161616161,0.6298055178652193,0.5740969582887964,0.6788840631823845,0.25871333497729654,603,495
CAID3 Disorder-NOX,PredIDR-long,DED,calibrated,0.429,mid_20_30,0.847457627118644,0.6629213483146067,0.7551894877166254,0.7032455933173801,0.8122532985604706,0.5224101261154133,767,534
CAID3 Disorder-NOX,PredIDR-long,DED,calibrated,0.429,long_gt30,0.9100715064840625,0.5318298969072165,0.7209507016956396,0.6728232587039992,0.765560108824564,0.48882491949433254,16502,7760
CAID3 Disorder-NOX,PredIDR-short,DED,literal,0.5,short_lt20,0.6268656716417911,0.6727272727272727,0.649796472184532,0.5946179064577882,0.7047932962166341,0.29818023820822814,603,495
CAID3 Disorder-NOX,PredIDR-short,DED,literal,0.5,mid_20_30,0.7731421121251629,0.6966292134831461,0.7348856628041545,0.6793936907143208,0.7932148187043877,0.46825779707741527,767,534
CAID3 Disorder-NOX,PredIDR-short,DED,literal,0.5,long_gt30,0.852805720518725,0.5981958762886598,0.7255007984036924,0.6696866758872071,0.7702039920229878,0.4628990002064989,16502,7760
CAID3 Disorder-NOX,PredIDR-short,DED,calibrated,0.432,short_lt20,0.6898839137645107,0.6222222222222222,0.6560530679933665,0.593537851202091,0.7115416110949293,0.312106135986733,603,495
CAID3 Disorder-NOX,PredIDR-short,DED,calibrated,0.432,mid_20_30,0.8305084745762712,0.6441947565543071,0.7373516155652892,0.6821732720445088,0.793880470401813,0.48523103775569587,767,534
CAID3 Disorder-NOX,PredIDR-short,DED,calibrated,0.432,long_gt30,0.8977699672766938,0.5411082474226804,0.7194391073496871,0.6710464805097347,0.76254554875461,0.47753758156154574,16502,7760
CAID3 Disorder-NOX,PredIDR2-Prof-Art,DED,literal,0.5,short_lt20,0.5638474295190713,0.6666666666666666,0.615257048092869,0.5672316094228846,0.666165071687384,0.230136608107003,603,495
CAID3 Disorder-NOX,PredIDR2-Prof-Art,DED,literal,0.5,mid_20_30,0.8057366362451108,0.6816479400749064,0.7436922881600085,0.6845365347784517,0.8034748742147941,0.4905895585272032,767,534
CAID3 Disorder-NOX,PredIDR2-Prof-Art,DED,literal,0.5,long_gt30,0.9057689976972488,0.5157216494845361,0.7107453235908925,0.6625270337355382,0.7551628591880319,0.46782996942938954,16502,7760
CAID3 Disorder-NOX,PredIDR2-Prof-Art,DED,calibrated,0.814,short_lt20,0.23217247097844113,0.8141414141414142,0.5231569425599276,0.4905604499291438,0.5582070133620229,0.05645072593292579,603,495
CAID3 Disorder-NOX,PredIDR2-Prof-Art,DED,calibrated,0.814,mid_20_30,0.40808344198174706,0.8258426966292135,0.6169630693054803,0.5643672636051248,0.6726213186493636,0.2483547828302262,767,534
CAID3 Disorder-NOX,PredIDR2-Prof-Art,DED,calibrated,0.814,long_gt30,0.77663313537753,0.756701030927835,0.7666670831526825,0.7288951177214174,0.804056336179085,0.5090932023012785,16502,7760
CAID3 Disorder-NOX,PredIDR2-Seq-Art,DED,literal,0.5,short_lt20,0.48258706467661694,0.701010101010101,0.591798582843359,0.5370222316524469,0.6458024392146697,0.18648858793044243,603,495
CAID3 Disorder-NOX,PredIDR2-Seq-Art,DED,literal,0.5,mid_20_30,0.7105606258148631,0.700374531835206,0.7054675788250346,0.6396850924322591,0.7748472412687896,0.40571766853348096,767,534
CAID3 Disorder-NOX,PredIDR2-Seq-Art,DED,literal,0.5,long_gt30,0.9167979638831657,0.5149484536082474,0.7158732087457065,0.6766858053756972,0.7520327941751838,0.4850993920576322,16502,7760
CAID3 Disorder-NOX,PredIDR2-Seq-Art,DED,calibrated,0.742,short_lt20,0.2802653399668325,0.8,0.5401326699834162,0.49515800113626823,0.5883138801537676,0.09297856985886714,603,495
CAID3 Disorder-NOX,PredIDR2-Seq-Art,DED,calibrated,0.742,mid_20_30,0.5032594524119948,0.8277153558052435,0.6654874041086192,0.5916615009904185,0.7449205814804127,0.33771424805389716,767,534
CAID3 Disorder-NOX,PredIDR2-Seq-Art,DED,calibrated,0.742,long_gt30,0.8102048236577385,0.7199742268041237,0.7650895252309311,0.7279677556873944,0.7997314728742315,0.515372157710887,16502,7760
CAID3 Disorder-NOX,AUCpred-profile,DED,literal,0.5,short_lt20,0.4975124378109453,0.7353535353535353,0.6164329865822403,0.5723679509477503,0.6602095965426699,0.23728251490617164,603,495
CAID3 Disorder-NOX,AUCpred-profile,DED,literal,0.5,mid_20_30,0.6805736636245111,0.7808988764044944,0.7307362700145028,0.6590338764650016,0.8002112926234328,0.4540824845714088,767,534
CAID3 Disorder-NOX,AUCpred-profile,DED,literal,0.5,long_gt30,0.7119137074294025,0.7103092783505155,0.711111492889959,0.6513930156232733,0.7606090640954101,0.39860104020422504,16502,7760
CAID3 Disorder-NOX,AUCpred-profile,DED,calibrated,0.054,short_lt20,0.6351575456053068,0.6060606060606061,0.6206090758329564,0.5746740107666564,0.6691180041206579,0.24038405108227318,603,495
CAID3 Disorder-NOX,AUCpred-profile,DED,calibrated,0.054,mid_20_30,0.8161668839634941,0.5805243445692884,0.6983456142663913,0.625810964542149,0.7636973379393411,0.41003711986715424,767,534
CAID3 Disorder-NOX,AUCpred-profile,DED,calibrated,0.054,long_gt30,0.8208095988365046,0.5979381443298969,0.7093738715832008,0.656924432954921,0.7564119736883568,0.4211413735500316,16502,7760
CAID3 Disorder-NOX,AUCpred-no-profile,DED,literal,0.5,short_lt20,0.4560530679933665,0.7919191919191919,0.6239861299562792,0.5851775523837492,0.66769168980581,0.2596881947950313,603,495
CAID3 Disorder-NOX,AUCpred-no-profile,DED,literal,0.5,mid_20_30,0.5945241199478487,0.8108614232209738,0.7026927715844112,0.6421683198823289,0.7608222270758176,0.4030161983301522,767,534
CAID3 Disorder-NOX,AUCpred-no-profile,DED,literal,0.5,long_gt30,0.6044721851896739,0.8033505154639176,0.7039113503267957,0.6665416150567564,0.7402542432611731,0.3809433461277738,16502,7760
CAID3 Disorder-NOX,AUCpred-no-profile,DED,calibrated,0.091,short_lt20,0.6268656716417911,0.6141414141414141,0.6205035428916026,0.5843356969363481,0.6591882063401177,0.2399977099218375,603,495
CAID3 Disorder-NOX,AUCpred-no-profile,DED,calibrated,0.091,mid_20_30,0.6962190352020861,0.6685393258426966,0.6823791805223913,0.6201025564307678,0.7406873901535064,0.3604232180368571,767,534
CAID3 Disorder-NOX,AUCpred-no-profile,DED,calibrated,0.091,long_gt30,0.7224578838928615,0.6985824742268041,0.7105201790598328,0.6669541662695024,0.7514930542534273,0.39895707839915,16502,7760
CAID3 Disorder-NOX,DisoPred,DED,literal,0.5,short_lt20,0.32172470978441126,0.7555555555555555,0.5386401326699835,0.5010730388680789,0.5795016863926649,0.08501463648656885,603,495
CAID3 Disorder-NOX,DisoPred,DED,literal,0.5,mid_20_30,0.6153846153846154,0.8408239700374532,0.7281042927110344,0.6715543339236808,0.7901097382743627,0.45354219665847934,767,534
CAID3 Disorder-NOX,DisoPred,DED,literal,0.5,long_gt30,0.7728154163131742,0.7342783505154639,0.7535468834143191,0.7120927528770915,0.7892939349260818,0.4850534955503214,16502,7760
CAID3 Disorder-NOX,DisoPred,DED,calibrated,0.44,short_lt20,0.4129353233830846,0.692929292929293,0.5529323081561888,0.5210292132518074,0.5854553211023993,0.10940155828472407,603,495
CAID3 Disorder-NOX,DisoPred,DED,calibrated,0.44,mid_20_30,0.7144719687092569,0.7640449438202247,0.7392584562647408,0.6647516747569339,0.8143063762063883,0.47108782874352967,767,534
CAID3 Disorder-NOX,DisoPred,DED,calibrated,0.44,long_gt30,0.8285056356805236,0.6850515463917526,0.7567785910361381,0.712846107979758,0.7960152805905478,0.5072092053572935,16502,7760
CAID3 Disorder-NOX,DisPredict2,DED,literal,0.5,short_lt20,0.46434494195688225,0.6666666666666666,0.5655058043117744,0.5235258616471341,0.608274434403329,0.13278054245488513,603,495
CAID3 Disorder-NOX,DisPredict2,DED,literal,0.5,mid_20_30,0.34810951760104303,0.6460674157303371,0.49708846666569007,0.4415116911669386,0.5548767786776524,-0.0060035661062018365,767,534
CAID3 Disorder-NOX,DisPredict2,DED,literal,0.5,long_gt30,0.49448551690704157,0.6331185567010309,0.5638020368040362,0.5362017428078651,0.5938242132336466,0.11954718156694864,16502,7760
CAID3 Disorder-NOX,DisPredict2,DED,calibrated,0.38,short_lt20,0.6119402985074627,0.509090909090909,0.5605156037991859,0.5268079074513573,0.6011093962760419,0.12124526200665119,603,495
CAID3 Disorder-NOX,DisPredict2,DED,calibrated,0.38,mid_20_30,0.6166883963494133,0.4850187265917603,0.5508535614705868,0.4939932668660668,0.6103358779474374,0.10120601276579695,767,534
CAID3 Disorder-NOX,DisPredict2,DED,calibrated,0.38,long_gt30,0.7045206641619197,0.44987113402061857,0.5771958990912691,0.5467152893549249,0.6099291522168543,0.15149846300263595,16502,7760
CAID3 Disorder-NOX,DisPredict3,DED,literal,0.5,short_lt20,0.35655058043117743,0.7858585858585858,0.5712045831448817,0.5347607237038285,0.6064844862872717,0.15578877912425745,603,495
CAID3 Disorder-NOX,DisPredict3,DED,literal,0.5,mid_20_30,0.39895697522816165,0.8764044943820225,0.6376807348050921,0.5839007383900305,0.6957108647757219,0.29977275165218603,767,534
CAID3 Disorder-NOX,DisPredict3,DED,literal,0.5,long_gt30,0.473760756271967,0.8483247422680412,0.6610427492700042,0.6211058249305011,0.7007184523224149,0.3110232728876088,16502,7760
CAID3 Disorder-NOX,DisPredict3,DED,calibrated,0.083,short_lt20,0.6533996683250415,0.5676767676767677,0.6105382180009046,0.575895957453209,0.643974207291057,0.22128597047564513,603,495
CAID3 Disorder-NOX,DisPredict3,DED,calibrated,0.083,mid_20_30,0.6857887874837028,0.6853932584269663,0.6855910229553346,0.6328108055512777,0.7395717564259485,0.36600008894677555,767,534
CAID3 Disorder-NOX,DisPredict3,DED,calibrated,0.083,long_gt30,0.80184220094534,0.6632731958762886,0.7325576984108143,0.6875201369805238,0.7739403030805746,0.45575882099033227,16502,7760
CAID3 Disorder-NOX,IDP-Fusion,DED,literal,0.5,short_lt20,0.6135986733001658,0.6343434343434343,0.6239710538218001,0.5797474454032665,0.6748820900946068,0.24674143238180818,603,495
CAID3 Disorder-NOX,IDP-Fusion,DED,literal,0.5,mid_20_30,0.7209908735332464,0.7284644194756554,0.724727646504451,0.6597582704130549,0.7854270926639896,0.44337218320806565,767,534
CAID3 Disorder-NOX,IDP-Fusion,DED,literal,0.5,long_gt30,0.8384438249909102,0.6320876288659794,0.7352657269284448,0.6810678109728949,0.7836841902255716,0.4736635990798243,16502,7760
CAID3 Disorder-NOX,IDP-Fusion,DED,calibrated,0.593,short_lt20,0.5373134328358209,0.7373737373737373,0.6373435851047791,0.590232242439899,0.6909784922410551,0.27754203657065474,603,495
CAID3 Disorder-NOX,IDP-Fusion,DED,calibrated,0.593,mid_20_30,0.6714471968709257,0.7490636704119851,0.7102554336414554,0.6485477085218407,0.7690528288603902,0.4137132097250516,767,534
CAID3 Disorder-NOX,IDP-Fusion,DED,calibrated,0.593,long_gt30,0.7763301418009938,0.7501288659793814,0.7632295038901876,0.71942449595533,0.8010665705479304,0.5029580713294526,16502,7760
CAID3 Disorder-NOX,rawMSA-disorder,DED,literal,0.5,short_lt20,0.32338308457711445,0.7676767676767676,0.5455299261269411,0.5086754101222771,0.5832162623677569,0.10065705996792976,603,495
CAID3 Disorder-NOX,rawMSA-disorder,DED,literal,0.5,mid_20_30,0.32333767926988266,0.8801498127340824,0.6017437460019825,0.5443873367994524,0.6632713967150995,0.23443939221017834,767,534
CAID3 Disorder-NOX,rawMSA-disorder,DED,literal,0.5,long_gt30,0.4206156829475215,0.8460051546391752,0.6333104187933484,0.5914559504907877,0.6759888159861006,0.2634052597041522,16502,7760
CAID3 Disorder-NOX,rawMSA-disorder,DED,calibrated,0.369,short_lt20,0.6185737976782753,0.5575757575757576,0.5880747776270164,0.5554436917946706,0.6179690232691398,0.17583555427186306,603,495
CAID3 Disorder-NOX,rawMSA-disorder,DED,calibrated,0.369,mid_20_30,0.7222946544980443,0.7303370786516854,0.7263158665748648,0.6672830634583637,0.7895237933565122,0.44650563212272937,767,534
CAID3 Disorder-NOX,rawMSA-disorder,DED,calibrated,0.369,long_gt30,0.8246273179008605,0.6677835051546391,0.7462054115277499,0.6901380388819307,0.7944950529915356,0.4873700293621733,16502,7760
CAID3 Disorder-NOX,Metapredict-v1,DED,literal,0.5,short_lt20,0.3996683250414594,0.8626262626262626,0.631147293833861,0.5696439800788989,0.690046167456331,0.29022367921284337,603,495
CAID3 Disorder-NOX,Metapredict-v1,DED,literal,0.5,mid_20_30,0.42633637548891784,0.9307116104868914,0.6785239929879047,0.61442407496048,0.7440836980953877,0.3912680724961573,767,534
CAID3 Disorder-NOX,Metapredict-v1,DED,literal,0.5,long_gt30,0.5624772754817597,0.8490979381443299,0.7057876068130449,0.6732111100826269,0.7367496407102034,0.38765623572063296,16502,7760
CAID3 Disorder-NOX,Metapredict-v1,DED,calibrated,0.361,short_lt20,0.538971807628524,0.6868686868686869,0.6129202472486055,0.562537769650193,0.6652647716064307,0.22654173139051245,603,495
CAID3 Disorder-NOX,Metapredict-v1,DED,calibrated,0.361,mid_20_30,0.6153846153846154,0.8426966292134831,0.7290406222990493,0.6622613442726255,0.7972105489561487,0.4555072450052468,767,534
CAID3 Disorder-NOX,Metapredict-v1,DED,calibrated,0.361,long_gt30,0.7118531087140952,0.7363402061855671,0.7240966574498311,0.6869044990142535,0.7600548525691622,0.422068128326888,16502,7760
CAID3 Disorder-NOX,Metapredict-v2,DED,literal,0.5,short_lt20,0.49087893864013266,0.7191919191919192,0.6050354289160259,0.5464044246066946,0.6691412496135081,0.2137104071737513,603,495
CAID3 Disorder-NOX,Metapredict-v2,DED,literal,0.5,mid_20_30,0.6453715775749674,0.8052434456928839,0.7253075116339256,0.6676411870207805,0.7883928464680456,0.4447254774168471,767,534
CAID3 Disorder-NOX,Metapredict-v2,DED,literal,0.5,long_gt30,0.80929584292813,0.7423969072164949,0.7758463750723124,0.7350204655033249,0.8113230357426892,0.5338208796334595,16502,7760
CAID3 Disorder-NOX,Metapredict-v2,DED,calibrated,0.431,short_lt20,0.5621890547263682,0.6727272727272727,0.6174581637268204,0.5581122829494596,0.6794275356106111,0.23467586631362827,603,495
CAID3 Disorder-NOX,Metapredict-v2,DED,calibrated,0.431,mid_20_30,0.6883963494132985,0.7883895131086143,0.7383929312609564,0.6750530339196404,0.808225115237008,0.4691272899447459,767,534
CAID3 Disorder-NOX,Metapredict-v2,DED,calibrated,0.431,long_gt30,0.836080475093928,0.7179123711340206,0.7769964231139743,0.7359929113271217,0.812085494541924,0.5450334582771249,16502,7760
CAID3 Disorder-NOX,Metapredict-v3,DED,literal,0.5,short_lt20,0.4311774461028192,0.7515151515151515,0.5913462988089854,0.547695675188082,0.6405306531338372,0.19073473861024662,603,495
CAID3 Disorder-NOX,Metapredict-v3,DED,literal,0.5,mid_20_30,0.5371577574967406,0.8164794007490637,0.6768185791229021,0.6172443701814532,0.7365243201026648,0.3563303978154607,767,534
CAID3 Disorder-NOX,Metapredict-v3,DED,literal,0.5,long_gt30,0.8635316931281057,0.7449742268041237,0.8042529599661148,0.7657896991803154,0.8409752794127574,0.6030859294366311,16502,7760
CAID3 Disorder-NOX,Metapredict-v3,DED,calibrated,0.536,short_lt20,0.41459369817578773,0.7858585858585858,0.6002261420171868,0.5526137808633635,0.6547180987217031,0.2130812878907772,603,495
CAID3 Disorder-NOX,Metapredict-v3,DED,calibrated,0.536,mid_20_30,0.5084745762711864,0.8426966292134831,0.6755856027423348,0.6157129610260416,0.7368492214602441,0.3589593609072626,767,534
CAID3 Disorder-NOX,Metapredict-v3,DED,calibrated,0.536,long_gt30,0.8519573385044237,0.7639175257731958,0.8079374321388098,0.7702344286609535,0.8436285371577734,0.6042648704078992,16502,7760
CAID3 Disorder-NOX,DisoMine,DED,literal,0.5,short_lt20,0.36650082918739635,0.7757575757575758,0.5711292024724861,0.5340936926527642,0.6129348886167115,0.15411885143292348,603,495
CAID3 Disorder-NOX,DisoMine,DED,literal,0.5,mid_20_30,0.38852672750977835,0.848314606741573,0.6184206671256757,0.5641024402160018,0.6772846273595934,0.2564134157120703,767,534
CAID3 Disorder-NOX,DisoMine,DED,literal,0.5,long_gt30,0.39098291116228334,0.8609536082474227,0.625968259704853,0.5881697654454083,0.6639319048441303,0.25398203800809077,16502,7760
CAID3 Disorder-NOX,DisoMine,DED,calibrated,0.3,short_lt20,0.6616915422885572,0.5171717171717172,0.5894316297301372,0.5503214024552896,0.629945006934308,0.18038197639421108,603,495
CAID3 Disorder-NOX,DisoMine,DED,calibrated,0.3,mid_20_30,0.6440677966101694,0.6573033707865169,0.6506855836983432,0.5969384362712019,0.7105106856477512,0.2967449806336261,767,534
CAID3 Disorder-NOX,DisoMine,DED,calibrated,0.3,long_gt30,0.7245182402133075,0.6757731958762887,0.7001457180447981,0.6640236550392803,0.7349336530634994,0.38055709920610786,16502,7760
CAID3 Disorder-NOX,PUNCH2,DED,literal,0.5,short_lt20,0.4427860696517413,0.8242424242424242,0.6335142469470827,0.5689859319825825,0.7049895213681765,0.284269825549791,603,495
CAID3 Disorder-NOX,PUNCH2,DED,literal,0.5,mid_20_30,0.5919165580182529,0.8071161048689138,0.6995163314435834,0.6309429153018619,0.7678385442141686,0.3967004485391113,767,534
CAID3 Disorder-NOX,PUNCH2,DED,literal,0.5,long_gt30,0.8764392194885469,0.696520618556701,0.7864799190226239,0.7404956292327816,0.8297549972202385,0.5794726949801408,16502,7760
CAID3 Disorder-NOX,PUNCH2,DED,calibrated,0.476,short_lt20,0.4593698175787728,0.8181818181818182,0.6387758178802956,0.574878009587968,0.7084128597093695,0.2927610702453897,603,495
CAID3 Disorder-NOX,PUNCH2,DED,calibrated,0.476,mid_20_30,0.6101694915254238,0.8033707865168539,0.7067701390211388,0.6394138365503028,0.7744543696683888,0.40977279806017924,767,534
CAID3 Disorder-NOX,PUNCH2,DED,calibrated,0.476,long_gt30,0.8820143012968125,0.6880154639175258,0.7850148826071691,0.7390200526216077,0.8273480871669144,0.5800085813424978,16502,7760
CAID3 Disorder-NOX,PUNCH2-Light,DED,literal,0.5,short_lt20,0.4311774461028192,0.8080808080808081,0.6196291270918136,0.5581085763814151,0.683900549442693,0.2545186444732942,603,495
CAID3 Disorder-NOX,PUNCH2-Light,DED,literal,0.5,mid_20_30,0.5840938722294654,0.8108614232209738,0.6974776477252196,0.6355135193100887,0.7629168912377171,0.39338804629005947,767,534
CAID3 Disorder-NOX,PUNCH2-Light,DED,literal,0.5,long_gt30,0.8690461762210641,0.6940721649484536,0.7815591705847589,0.7353570623678235,0.8236258098372686,0.5673596675134517,16502,7760
CAID3 Disorder-NOX,PUNCH2-Light,DED,calibrated,0.509,short_lt20,0.4295190713101161,0.8101010101010101,0.6198100407055631,0.5581110414479015,0.6846168660779182,0.25528128533399774,603,495
CAID3 Disorder-NOX,PUNCH2-Light,DED,calibrated,0.509,mid_20_30,0.5788787483702738,0.8108614232209738,0.6948700857956238,0.6313763211288921,0.7601910514365701,0.3885834802679805,767,534
CAID3 Disorder-NOX,PUNCH2-Light,DED,calibrated,0.509,long_gt30,0.8672888134771543,0.6970360824742268,0.7821624479756906,0.7358546432045925,0.82478944706698,0.5675100316462846,16502,7760
CAID3 Disorder-NOX,DisorderUnetLM,DED,literal,0.5,short_lt20,0.4660033167495854,0.8444444444444444,0.655223880597015,0.6073296493785796,0.7065579945292384,0.32952806988514655,603,495
CAID3 Disorder-NOX,DisorderUnetLM,DED,literal,0.5,mid_20_30,0.5671447196870926,0.8726591760299626,0.7199019478585276,0.6512248039734853,0.7942285700574435,0.4442648405809885,767,534
CAID3 Disorder-NOX,DisorderUnetLM,DED,literal,0.5,long_gt30,0.6736153193552297,0.8211340206185567,0.7473746699868932,0.7095423797855205,0.7882474299698969,0.4617353926457781,16502,7760
CAID3 Disorder-NOX,DisorderUnetLM,DED,calibrated,0.108,short_lt20,0.6567164179104478,0.6848484848484848,0.6707824513794662,0.6255881100487527,0.7199246082710206,0.3399136727153895,603,495
CAID3 Disorder-NOX,DisorderUnetLM,DED,calibrated,0.108,mid_20_30,0.8696219035202086,0.6460674157303371,0.7578446596252728,0.6872013255799176,0.8226668587436458,0.5347361676516865,767,534
CAID3 Disorder-NOX,DisorderUnetLM,DED,calibrated,0.108,long_gt30,0.9097685129075264,0.6440721649484537,0.77692033892799,0.7384567703339702,0.8111742289473819,0.5836563951867854,16502,7760
CAID3 Disorder-NOX,LMDisorder,DED,literal,0.5,short_lt20,0.5887230514096186,0.6727272727272727,0.6307251620684456,0.5887475764283434,0.6792704576941022,0.26062561815484625,603,495
CAID3 Disorder-NOX,LMDisorder,DED,literal,0.5,mid_20_30,0.803129074315515,0.6554307116104869,0.7292798929630009,0.6547959615439988,0.7929915475682876,0.4635540929487258,767,534
CAID3 Disorder-NOX,LMDisorder,DED,literal,0.5,long_gt30,0.9293418979517635,0.5481958762886598,0.7387688871202116,0.6959299177788492,0.7781083063988387,0.5347413152417094,16502,7760
CAID3 Disorder-NOX,LMDisorder,DED,calibrated,0.746,short_lt20,0.49917081260364843,0.7575757575757576,0.628373285089703,0.5796382266473736,0.6793881767836591,0.26274261859247755,603,495
CAID3 Disorder-NOX,LMDisorder,DED,calibrated,0.746,mid_20_30,0.6962190352020861,0.7734082397003745,0.7348136374512303,0.6666307339866606,0.7984683959870232,0.46204546642742894,767,534
CAID3 Disorder-NOX,LMDisorder,DED,calibrated,0.746,long_gt30,0.8933462610592655,0.6108247422680413,0.7520855016636534,0.704794017065563,0.7909478980817779,0.5309754052701203,16502,7760
CAID3 Disorder-NOX,ESMDisPred-1,DED,literal,0.5,short_lt20,0.27197346600331673,0.8545454545454545,0.5632594602743857,0.5234417520074457,0.6093016523914054,0.15325233455558512,603,495
CAID3 Disorder-NOX,ESMDisPred-1,DED,literal,0.5,mid_20_30,0.4276401564537158,0.897003745318352,0.6623219508860339,0.6009233857620062,0.7260684178541014,0.3503925246362628,767,534
CAID3 Disorder-NOX,ESMDisPred-1,DED,literal,0.5,long_gt30,0.4243122045812629,0.851159793814433,0.637735999197848,0.5973170163199756,0.680650882154405,0.27197627156523385,16502,7760
CAID3 Disorder-NOX,ESMDisPred-1,DED,calibrated,0.192,short_lt20,0.615257048092869,0.602020202020202,0.6086386250565354,0.5735192713641528,0.6438140448039218,0.21635324282390186,603,495
CAID3 Disorder-NOX,ESMDisPred-1,DED,calibrated,0.192,mid_20_30,0.6962190352020861,0.6760299625468165,0.6861244988744513,0.6284105975484414,0.749590649202438,0.3676198201291033,767,534
CAID3 Disorder-NOX,ESMDisPred-1,DED,calibrated,0.192,long_gt30,0.8632892982668767,0.6737113402061856,0.7685003192365312,0.7244832076159762,0.8064022185256345,0.5422967099543409,16502,7760
CAID3 Disorder-NOX,ESMDisPred-2,DED,literal,0.5,short_lt20,0.30016583747927034,0.8404040404040404,0.5702849389416553,0.5255065133492227,0.6201678651237365,0.1645299022887481,603,495
CAID3 Disorder-NOX,ESMDisPred-2,DED,literal,0.5,mid_20_30,0.40808344198174706,0.8764044943820225,0.6422439681818848,0.5903347327323605,0.6982746483420716,0.30799743517107814,767,534
CAID3 Disorder-NOX,ESMDisPred-2,DED,literal,0.5,long_gt30,0.4410980487213671,0.854381443298969,0.647739746010168,0.6075768600246019,0.6872045204787501,0.28960002144851216,16502,7760
CAID3 Disorder-NOX,ESMDisPred-2,DED,calibrated,0.225,short_lt20,0.6102819237147595,0.6282828282828283,0.619282375998794,0.5845644913182957,0.6547152912321806,0.2374114564375143,603,495
CAID3 Disorder-NOX,ESMDisPred-2,DED,calibrated,0.225,mid_20_30,0.6675358539765319,0.6891385767790262,0.6783372153777791,0.6205530552585736,0.7436879815961728,0.35122176175081826,767,534
CAID3 Disorder-NOX,ESMDisPred-2,DED,calibrated,0.225,long_gt30,0.8208701975518119,0.709278350515464,0.7650742740336379,0.7195728283107383,0.8047026050461251,0.5188663640479336,16502,7760
CAID3 Disorder-NOX,UdonPred-DisProt,DED,literal,0.5,short_lt20,0.41127694859038144,0.7898989898989899,0.6005879692446856,0.566584150470421,0.6385921907219336,0.21448481274505754,603,495
CAID3 Disorder-NOX,UdonPred-DisProt,DED,literal,0.5,mid_20_30,0.4758800521512386,0.8539325842696629,0.6649063182104508,0.6149172251237636,0.7182084008073031,0.3423655788637096,767,534
CAID3 Disorder-NOX,UdonPred-DisProt,DED,literal,0.5,long_gt30,0.567931159859411,0.8082474226804124,0.6880892912699117,0.6585509010575346,0.7183465479330041,0.3528527433001252,16502,7760
CAID3 Disorder-NOX,UdonPred-DisProt,DED,calibrated,0.19,short_lt20,0.6285240464344942,0.6565656565656566,0.6425448515000753,0.6069312522619044,0.6764833923414133,0.2837072555610202,603,495
CAID3 Disorder-NOX,UdonPred-DisProt,DED,calibrated,0.19,mid_20_30,0.6883963494132985,0.6928838951310862,0.6906401222721923,0.634214048527738,0.742860206830093,0.37588147334450833,767,534
CAID3 Disorder-NOX,UdonPred-DisProt,DED,calibrated,0.19,long_gt30,0.7760877469397649,0.6882731958762887,0.7321804714080268,0.6979931928714246,0.7649545679277836,0.447995665890846,16502,7760
CAID3 Disorder-NOX,UdonPred-combined,DED,literal,0.5,short_lt20,0.5638474295190713,0.7212121212121212,0.6425297753655963,0.6026525164137992,0.6855701440173029,0.2860797112805297,603,495
CAID3 Disorder-NOX,UdonPred-combined,DED,literal,0.5,mid_20_30,0.6584093872229465,0.7453183520599251,0.7018638696414359,0.644136463940199,0.7577457331044591,0.3972426934042907,767,534
CAID3 Disorder-NOX,UdonPred-combined,DED,literal,0.5,long_gt30,0.7813598351714943,0.7382731958762887,0.7598165155238915,0.7202645568008206,0.8000462339579,0.4981212306653906,16502,7760
CAID3 Disorder-NOX,UdonPred-combined,DED,calibrated,0.425,short_lt20,0.5953565505804311,0.692929292929293,0.644142921754862,0.6018995840295183,0.6888714875783077,0.28757761089316736,603,495
CAID3 Disorder-NOX,UdonPred-combined,DED,calibrated,0.425,mid_20_30,0.7196870925684485,0.6741573033707865,0.6969221979696175,0.6418474465837094,0.7515700168166047,0.3901132920907046,767,534
CAID3 Disorder-NOX,UdonPred-combined,DED,calibrated,0.425,long_gt30,0.8628045085444188,0.6891752577319588,0.7759898831381888,0.7340850989204383,0.8156434104420656,0.5548374940276484,16502,7760
CAID3 Disorder-NOX,DARUMA-beta,DED,literal,0.5,short_lt20,0.49087893864013266,0.7797979797979798,0.6353384592190563,0.5735263495919111,0.6921736837652241,0.2791376064401401,603,495
CAID3 Disorder-NOX,DARUMA-beta,DED,literal,0.5,mid_20_30,0.6010430247718384,0.6741573033707865,0.6376001640713125,0.5755385644393869,0.7012038900010036,0.27082782419211293,767,534
CAID3 Disorder-NOX,DARUMA-beta,DED,literal,0.5,long_gt30,0.7699672766937341,0.6925257731958763,0.7312465249448052,0.6902821192642679,0.7683159061525828,0.4448834978596056,16502,7760
CAID3 Disorder-NOX,DARUMA-beta,DED,calibrated,0.457,short_lt20,0.5306799336650083,0.7414141414141414,0.6360470375395748,0.575383624322471,0.6920894760310982,0.2754765626038864,603,495
CAID3 Disorder-NOX,DARUMA-beta,DED,calibrated,0.457,mid_20_30,0.6336375488917861,0.6479400749063671,0.6407888118990765,0.5808863996179728,0.703852279553267,0.277206067214316,767,534
CAID3 Disorder-NOX,DARUMA-beta,DED,calibrated,0.457,long_gt30,0.7883892861471337,0.672938144329897,0.7306637152385154,0.6881425426138909,0.7692978687047586,0.4484999373517627,16502,7760
CAID3 Disorder-NOX,DisoFLAG-IDR,DED,literal,0.5,short_lt20,0.3814262023217247,0.793939393939394,0.5876827981305593,0.53791160833669,0.6314689410334587,0.18998627383083574,603,495
CAID3 Disorder-NOX,DisoFLAG-IDR,DED,literal,0.5,mid_20_30,0.6049543676662321,0.7546816479400749,0.6798180078031535,0.626578528498002,0.7391047963828407,0.35511633885050065,767,534
CAID3 Disorder-NOX,DisoFLAG-IDR,DED,literal,0.5,long_gt30,0.6636165313295358,0.7925257731958762,0.728071152262706,0.6850621526317439,0.7701754909506492,0.42577083270529653,16502,7760
CAID3 Disorder-NOX,DisoFLAG-IDR,DED,calibrated,0.341,short_lt20,0.5505804311774462,0.6222222222222222,0.5864013266998342,0.5442145939740652,0.6292462024873499,0.17222202903646877,603,495
CAID3 Disorder-NOX,DisoFLAG-IDR,DED,calibrated,0.341,mid_20_30,0.7992177314211213,0.5898876404494382,0.6945526859352797,0.6389337690816884,0.7521720567611438,0.39864603838089346,767,534
CAID3 Disorder-NOX,DisoFLAG-IDR,DED,calibrated,0.341,long_gt30,0.8180220579323718,0.7110824742268042,0.764552266079588,0.7231086840118625,0.8028476686497122,0.516986486822212,16502,7760
CAID3 Disorder-NOX,s2D-2,DED,literal,0.5,short_lt20,0.7296849087893864,0.5535353535353535,0.64161013116237,0.582777045566336,0.6992894586238485,0.28790163285054476,603,495
CAID3 Disorder-NOX,s2D-2,DED,literal,0.5,mid_20_30,0.7470664928292047,0.700374531835206,0.7237205123322054,0.6599369500672448,0.7794756064262806,0.4437904539344729,767,534
CAID3 Disorder-NOX,s2D-2,DED,literal,0.5,long_gt30,0.7394861228941947,0.5815721649484537,0.6605291439213241,0.632810554672873,0.6885782575600333,0.31137343033912934,16502,7760
CAID3 Disorder-NOX,s2D-2,DED,calibrated,0.502,short_lt20,0.7280265339966833,0.5636363636363636,0.6458314488165234,0.5872685604135321,0.7038620586900678,0.29581482046479257,603,495
CAID3 Disorder-NOX,s2D-2,DED,calibrated,0.502,mid_20_30,0.7405475880052151,0.702247191011236,0.7213973895082255,0.65614012230885,0.7769383526450654,0.4386798136799456,767,534
CAID3 Disorder-NOX,s2D-2,DED,calibrated,0.502,long_gt30,0.7363349896982184,0.5846649484536083,0.6604999690759134,0.6326684601478633,0.6887918414563899,0.31074821268681496,16502,7760
