dataset,method,kind,operating_point,lo,hi,n_residues,recall
CAID2 Disorder-PDB,AlphaFold-disorder,AF,calibrated,1,5,0,
CAID2 Disorder-PDB,AlphaFold-disorder,AF,calibrated,6,10,160,0.66875
CAID2 Disorder-PDB,AlphaFold-disorder,AF,calibrated,11,15,898,0.6224944320712695
CAID2 Disorder-PDB,AlphaFold-disorder,AF,calibrated,16,20,752,0.6715425531914894
CAID2 Disorder-PDB,AlphaFold-disorder,AF,calibrated,21,30,1381,0.7045619116582187
CAID2 Disorder-PDB,AlphaFold-disorder,AF,calibrated,31,50,1665,0.669069069069069
CAID2 Disorder-PDB,AlphaFold-disorder,AF,calibrated,51,100,3649,0.810084954782132
CAID2 Disorder-PDB,AlphaFold-disorder,AF,calibrated,101,200,3672,0.7943899782135077
CAID2 Disorder-PDB,AlphaFold-disorder,AF,calibrated,201,-1,10717,0.7799757394793319
CAID2 Disorder-PDB,AlphaFold-rsa,AF,calibrated,1,5,0,
CAID2 Disorder-PDB,AlphaFold-rsa,AF,calibrated,6,10,160,0.625
CAID2 Disorder-PDB,AlphaFold-rsa,AF,calibrated,11,15,898,0.5066815144766147
CAID2 Disorder-PDB,AlphaFold-rsa,AF,calibrated,16,20,752,0.5518617021276596
CAID2 Disorder-PDB,AlphaFold-rsa,AF,calibrated,21,30,1381,0.724112961622013
CAID2 Disorder-PDB,AlphaFold-rsa,AF,calibrated,31,50,1665,0.7141141141141141
CAID2 Disorder-PDB,AlphaFold-rsa,AF,calibrated,51,100,3649,0.8846259249109345
CAID2 Disorder-PDB,AlphaFold-rsa,AF,calibrated,101,200,3672,0.9022331154684096
CAID2 Disorder-PDB,AlphaFold-rsa,AF,calibrated,201,-1,10717,0.8462256228422133
CAID2 Disorder-PDB,AIUPred,DED,calibrated,1,5,0,
CAID2 Disorder-PDB,AIUPred,DED,calibrated,6,10,160,0.3625
CAID2 Disorder-PDB,AIUPred,DED,calibrated,11,15,898,0.321826280623608
CAID2 Disorder-PDB,AIUPred,DED,calibrated,16,20,752,0.3324468085106383
CAID2 Disorder-PDB,AIUPred,DED,calibrated,21,30,1381,0.39753801593048516
CAID2 Disorder-PDB,AIUPred,DED,calibrated,31,50,1665,0.3927927927927928
CAID2 Disorder-PDB,AIUPred,DED,calibrated,51,100,3649,0.6911482597972047
CAID2 Disorder-PDB,AIUPred,DED,calibrated,101,200,3672,0.741557734204793
CAID2 Disorder-PDB,AIUPred,DED,calibrated,201,-1,10717,0.8253242511896987
CAID2 Disorder-PDB,IUPred3,DED,calibrated,1,5,0,
CAID2 Disorder-PDB,IUPred3,DED,calibrated,6,10,160,0.4
CAID2 Disorder-PDB,IUPred3,DED,calibrated,11,15,898,0.366369710467706
CAID2 Disorder-PDB,IUPred3,DED,calibrated,16,20,752,0.39361702127659576
CAID2 Disorder-PDB,IUPred3,DED,calibrated,21,30,1381,0.38377986965966693
CAID2 Disorder-PDB,IUPred3,DED,calibrated,31,50,1665,0.35195195195195195
CAID2 Disorder-PDB,IUPred3,DED,calibrated,51,100,3649,0.6144149081940258
CAID2 Disorder-PDB,IUPred3,DED,calibrated,101,200,3672,0.6870915032679739
CAID2 Disorder-PDB,IUPred3,DED,calibrated,201,-1,10717,0.7749370159559579
CAID2 Disorder-PDB,ESpritz-D,DED,calibrated,1,5,0,
CAID2 Disorder-PDB,ESpritz-D,DED,calibrated,6,10,160,0.5125
CAID2 Disorder-PDB,ESpritz-D,DED,calibrated,11,15,898,0.3596881959910913
CAID2 Disorder-PDB,ESpritz-D,DED,calibrated,16,20,752,0.40425531914893614
CAID2 Disorder-PDB,ESpritz-D,DED,calibrated,21,30,1381,0.47501810282404056
CAID2 Disorder-PDB,ESpritz-D,DED,calibrated,31,50,1665,0.5063063063063064
CAID2 Disorder-PDB,ESpritz-D,DED,calibrated,51,100,3649,0.8067963825705673
CAID2 Disorder-PDB,ESpritz-D,DED,calibrated,101,200,3672,0.8499455337690632
CAID2 Disorder-PDB,ESpritz-D,DED,calibrated,201,-1,10717,0.8698329756461697
CAID2 Disorder-PDB,ESpritz-N,DED,calibrated,1,5,0,
CAID2 Disorder-PDB,ESpritz-N,DED,calibrated,6,10,160,0.65
CAID2 Disorder-PDB,ESpritz-N,DED,calibrated,11,15,898,0.4576837416481069
CAID2 Disorder-PDB,ESpritz-N,DED,calibrated,16,20,752,0.5492021276595744
CAID2 Disorder-PDB,ESpritz-N,DED,calibrated,21,30,1381,0.5090514120202752
CAID2 Disorder-PDB,ESpritz-N,DED,calibrated,31,50,1665,0.44504504504504505
CAID2 Disorder-PDB,ESpritz-N,DED,calibrated,51,100,3649,0.6133187174568375
CAID2 Disorder-PDB,ESpritz-N,DED,calibrated,101,200,3672,0.6963507625272332
CAID2 Disorder-PDB,ESpritz-N,DED,calibrated,201,-1,10717,0.7156853597088737
CAID2 Disorder-PDB,ESpritz-X,DED,calibrated,1,5,0,
CAID2 Disorder-PDB,ESpritz-X,DED,calibrated,6,10,160,0.5375
CAID2 Disorder-PDB,ESpritz-X,DED,calibrated,11,15,898,0.48997772828507796
CAID2 Disorder-PDB,ESpritz-X,DED,calibrated,16,20,752,0.538563829787234
CAID2 Disorder-PDB,ESpritz-X,DED,calibrated,21,30,1381,0.5843591600289645
CAID2 Disorder-PDB,ESpritz-X,DED,calibrated,31,50,1665,0.5093093093093093
CAID2 Disorder-PDB,ESpritz-X,DED,calibrated,51,100,3649,0.7048506440120581
CAID2 Disorder-PDB,ESpritz-X,DED,calibrated,101,200,3672,0.7372004357298475
CAID2 Disorder-PDB,ESpritz-X,DED,calibrated,201,-1,10717,0.6865727349071569
CAID2 Disorder-PDB,MobiDB-lite,DED,calibrated,1,5,0,
CAID2 Disorder-PDB,MobiDB-lite,DED,calibrated,6,10,160,0.58125
CAID2 Disorder-PDB,MobiDB-lite,DED,calibrated,11,15,898,0.5233853006681515
CAID2 Disorder-PDB,MobiDB-lite,DED,calibrated,16,20,752,0.5531914893617021
CAID2 Disorder-PDB,MobiDB-lite,DED,calibrated,21,30,1381,0.556118754525706
CAID2 Disorder-PDB,MobiDB-lite,DED,calibrated,31,50,1665,0.49309309309309307
CAID2 Disorder-PDB,MobiDB-lite,DED,calibrated,51,100,3649,0.6911482597972047
CAID2 Disorder-PDB,MobiDB-lite,DED,calibrated,101,200,3672,0.7627995642701525
CAID2 Disorder-PDB,MobiDB-lite,DED,calibrated,201,-1,10717,0.7598208453858356
CAID2 Disorder-PDB,flDPnn,DED,calibrated,1,5,0,
CAID2 Disorder-PDB,flDPnn,DED,calibrated,6,10,160,0.61875
CAID2 Disorder-PDB,flDPnn,DED,calibrated,11,15,898,0.544543429844098
CAID2 Disorder-PDB,flDPnn,DED,calibrated,16,20,752,0.5571808510638298
CAID2 Disorder-PDB,flDPnn,DED,calibrated,21,30,1381,0.6473569876900797
CAID2 Disorder-PDB,flDPnn,DED,calibrated,31,50,1665,0.5573573573573574
CAID2 Disorder-PDB,flDPnn,DED,calibrated,51,100,3649,0.7648670868731159
CAID2 Disorder-PDB,flDPnn,DED,calibrated,101,200,3672,0.8014705882352942
CAID2 Disorder-PDB,flDPnn,DED,calibrated,201,-1,10717,0.7089670616777083
CAID2 Disorder-PDB,flDPnn2,DED,calibrated,1,5,0,
CAID2 Disorder-PDB,flDPnn2,DED,calibrated,6,10,160,0.5875
CAID2 Disorder-PDB,flDPnn2,DED,calibrated,11,15,898,0.5256124721603563
CAID2 Disorder-PDB,flDPnn2,DED,calibrated,16,20,752,0.4920212765957447
CAID2 Disorder-PDB,flDPnn2,DED,calibrated,21,30,1381,0.6212889210716872
CAID2 Disorder-PDB,flDPnn2,DED,calibrated,31,50,1665,0.5645645645645646
CAID2 Disorder-PDB,flDPnn2,DED,calibrated,51,100,3649,0.793642093724308
CAID2 Disorder-PDB,flDPnn2,DED,calibrated,101,200,3672,0.8782679738562091
CAID2 Disorder-PDB,flDPnn2,DED,calibrated,201,-1,10717,0.7689651954838108
CAID2 Disorder-PDB,DISOPRED3-diso,DED,calibrated,1,5,0,
CAID2 Disorder-PDB,DISOPRED3-diso,DED,calibrated,6,10,160,0.55625
CAID2 Disorder-PDB,DISOPRED3-diso,DED,calibrated,11,15,898,0.4610244988864143
CAID2 Disorder-PDB,DISOPRED3-diso,DED,calibrated,16,20,752,0.5598404255319149
CAID2 Disorder-PDB,DISOPRED3-diso,DED,calibrated,21,30,1381,0.6183924692251991
CAID2 Disorder-PDB,DISOPRED3-diso,DED,calibrated,31,50,1665,0.5525525525525525
CAID2 Disorder-PDB,DISOPRED3-diso,DED,calibrated,51,100,3649,0.7097835023294053
CAID2 Disorder-PDB,DISOPRED3-diso,DED,calibrated,101,200,3672,0.6947167755991286
CAID2 Disorder-PDB,DISOPRED3-diso,DED,calibrated,201,-1,10717,0.8115144163478586
CAID2 Disorder-PDB,SETH-0,DED,calibrated,1,5,0,
CAID2 Disorder-PDB,SETH-0,DED,calibrated,6,10,160,0.51875
CAID2 Disorder-PDB,SETH-0,DED,calibrated,11,15,898,0.5367483296213809
CAID2 Disorder-PDB,SETH-0,DED,calibrated,16,20,752,0.5412234042553191
CAID2 Disorder-PDB,SETH-0,DED,calibrated,21,30,1381,0.6524257784214338
CAID2 Disorder-PDB,SETH-0,DED,calibrated,31,50,1665,0.6456456456456456
CAID2 Disorder-PDB,SETH-0,DED,calibrated,51,100,3649,0.8226911482597972
CAID2 Disorder-PDB,SETH-0,DED,calibrated,101,200,3672,0.8251633986928104
CAID2 Disorder-PDB,SETH-0,DED,calibrated,201,-1,10717,0.8308295231874592
CAID2 Disorder-PDB,SETH-1,DED,calibrated,1,5,0,
CAID2 Disorder-PDB,SETH-1,DED,calibrated,6,10,160,0.5125
CAID2 Disorder-PDB,SETH-1,DED,calibrated,11,15,898,0.566815144766147
CAID2 Disorder-PDB,SETH-1,DED,calibrated,16,20,752,0.5851063829787234
CAID2 Disorder-PDB,SETH-1,DED,calibrated,21,30,1381,0.6531498913830558
CAID2 Disorder-PDB,SETH-1,DED,calibrated,31,50,1665,0.6444444444444445
CAID2 Disorder-PDB,SETH-1,DED,calibrated,51,100,3649,0.8002192381474377
CAID2 Disorder-PDB,SETH-1,DED,calibrated,101,200,3672,0.8126361655773421
CAID2 Disorder-PDB,SETH-1,DED,calibrated,201,-1,10717,0.7971447233367547
CAID2 Disorder-PDB,VSL2,DED,calibrated,1,5,0,
CAID2 Disorder-PDB,VSL2,DED,calibrated,6,10,160,0.575
CAID2 Disorder-PDB,VSL2,DED,calibrated,11,15,898,0.4576837416481069
CAID2 Disorder-PDB,VSL2,DED,calibrated,16,20,752,0.48936170212765956
CAID2 Disorder-PDB,VSL2,DED,calibrated,21,30,1381,0.560463432295438
CAID2 Disorder-PDB,VSL2,DED,calibrated,31,50,1665,0.5069069069069069
CAID2 Disorder-PDB,VSL2,DED,calibrated,51,100,3649,0.7275966018087148
CAID2 Disorder-PDB,VSL2,DED,calibrated,101,200,3672,0.7704248366013072
CAID2 Disorder-PDB,VSL2,DED,calibrated,201,-1,10717,0.7859475599514789
CAID2 Disorder-PDB,SPOT-Disorder,DED,calibrated,1,5,0,
CAID2 Disorder-PDB,SPOT-Disorder,DED,calibrated,6,10,160,0.61875
CAID2 Disorder-PDB,SPOT-Disorder,DED,calibrated,11,15,898,0.49888641425389757
CAID2 Disorder-PDB,SPOT-Disorder,DED,calibrated,16,20,752,0.5279255319148937
CAID2 Disorder-PDB,SPOT-Disorder,DED,calibrated,21,30,1381,0.6799420709630702
CAID2 Disorder-PDB,SPOT-Disorder,DED,calibrated,31,50,1665,0.6576576576576577
CAID2 Disorder-PDB,SPOT-Disorder,DED,calibrated,51,100,3649,0.821869005206906
CAID2 Disorder-PDB,SPOT-Disorder,DED,calibrated,101,200,3672,0.8461328976034859
CAID2 Disorder-PDB,SPOT-Disorder,DED,calibrated,201,-1,10717,0.8750583185592983
CAID2 Disorder-PDB,SPOT-Disorder2,DED,calibrated,1,5,0,
CAID2 Disorder-PDB,SPOT-Disorder2,DED,calibrated,6,10,160,0.65
CAID2 Disorder-PDB,SPOT-Disorder2,DED,calibrated,11,15,898,0.4688195991091314
CAID2 Disorder-PDB,SPOT-Disorder2,DED,calibrated,16,20,752,0.574468085106383
CAID2 Disorder-PDB,SPOT-Disorder2,DED,calibrated,21,30,1381,0.6589427950760318
CAID2 Disorder-PDB,SPOT-Disorder2,DED,calibrated,31,50,1665,0.5975975975975976
CAID2 Disorder-PDB,SPOT-Disorder2,DED,calibrated,51,100,3649,0.7602082762400658
CAID2 Disorder-PDB,SPOT-Disorder2,DED,calibrated,101,200,3672,0.8684640522875817
CAID2 Disorder-PDB,SPOT-Disorder2,DED,calibrated,201,-1,10717,0.8678734720537464
CAID2 Disorder-PDB,SPOT-Disorder-Single,DED,calibrated,1,5,0,
CAID2 Disorder-PDB,SPOT-Disorder-Single,DED,calibrated,6,10,160,0.58125
CAID2 Disorder-PDB,SPOT-Disorder-Single,DED,calibrated,11,15,898,0.41648106904231624
CAID2 Disorder-PDB,SPOT-Disorder-Single,DED,calibrated,16,20,752,0.49601063829787234
CAID2 Disorder-PDB,SPOT-Disorder-Single,DED,calibrated,21,30,1381,0.5633598841419262
CAID2 Disorder-PDB,SPOT-Disorder-Single,DED,calibrated,31,50,1665,0.5267267267267267
CAID2 Disorder-PDB,SPOT-Disorder-Single,DED,calibrated,51,100,3649,0.7377363661277062
CAID2 Disorder-PDB,SPOT-Disorder-Single,DED,calibrated,101,200,3672,0.8183551198257081
CAID2 Disorder-PDB,SPOT-Disorder-Single,DED,calibrated,201,-1,10717,0.8131006811607726
CAID2 Disorder-PDB,DisEMBL-dis465,DED,calibrated,1,5,0,
CAID2 Disorder-PDB,DisEMBL-dis465,DED,calibrated,6,10,160,0.56875
CAID2 Disorder-PDB,DisEMBL-dis465,DED,calibrated,11,15,898,0.5701559020044543
CAID2 Disorder-PDB,DisEMBL-dis465,DED,calibrated,16,20,752,0.5638297872340425
CAID2 Disorder-PDB,DisEMBL-dis465,DED,calibrated,21,30,1381,0.560463432295438
CAID2 Disorder-PDB,DisEMBL-dis465,DED,calibrated,31,50,1665,0.4720720720720721
CAID2 Disorder-PDB,DisEMBL-dis465,DED,calibrated,51,100,3649,0.6229103864072348
CAID2 Disorder-PDB,DisEMBL-dis465,DED,calibrated,101,200,3672,0.5746187363834423
CAID2 Disorder-PDB,DisEMBL-dis465,DED,calibrated,201,-1,10717,0.556872259027713
CAID2 Disorder-PDB,DisEMBL-disHL,DED,calibrated,1,5,0,
CAID2 Disorder-PDB,DisEMBL-disHL,DED,calibrated,6,10,160,0.8375
CAID2 Disorder-PDB,DisEMBL-disHL,DED,calibrated,11,15,898,0.8051224944320713
CAID2 Disorder-PDB,DisEMBL-disHL,DED,calibrated,16,20,752,0.7726063829787234
CAID2 Disorder-PDB,DisEMBL-disHL,DED,calibrated,21,30,1381,0.7393193338160753
CAID2 Disorder-PDB,DisEMBL-disHL,DED,calibrated,31,50,1665,0.5891891891891892
CAID2 Disorder-PDB,DisEMBL-disHL,DED,calibrated,51,100,3649,0.7029323102219787
CAID2 Disorder-PDB,DisEMBL-disHL,DED,calibrated,101,200,3672,0.7314814814814815
CAID2 Disorder-PDB,DisEMBL-disHL,DED,calibrated,201,-1,10717,0.6616590463749183
CAID2 Disorder-PDB,IsUnstruct,DED,calibrated,1,5,0,
CAID2 Disorder-PDB,IsUnstruct,DED,calibrated,6,10,160,0.65
CAID2 Disorder-PDB,IsUnstruct,DED,calibrated,11,15,898,0.48997772828507796
CAID2 Disorder-PDB,IsUnstruct,DED,calibrated,16,20,752,0.5226063829787234
CAID2 Disorder-PDB,IsUnstruct,DED,calibrated,21,30,1381,0.5843591600289645
CAID2 Disorder-PDB,IsUnstruct,DED,calibrated,31,50,1665,0.5153153153153153
CAID2 Disorder-PDB,IsUnstruct,DED,calibrated,51,100,3649,0.7182789805426144
CAID2 Disorder-PDB,IsUnstruct,DED,calibrated,101,200,3672,0.7578976034858388
CAID2 Disorder-PDB,IsUnstruct,DED,calibrated,201,-1,10717,0.7383596155640572
CAID2 Disorder-PDB,RONN,DED,calibrated,1,5,0,
CAID2 Disorder-PDB,RONN,DED,calibrated,6,10,160,0.50625
CAID2 Disorder-PDB,RONN,DED,calibrated,11,15,898,0.4142538975501114
CAID2 Disorder-PDB,RONN,DED,calibrated,16,20,752,0.538563829787234
CAID2 Disorder-PDB,RONN,DED,calibrated,21,30,1381,0.5698769007965243
CAID2 Disorder-PDB,RONN,DED,calibrated,31,50,1665,0.4810810810810811
CAID2 Disorder-PDB,RONN,DED,calibrated,51,100,3649,0.6426418196766237
CAID2 Disorder-PDB,RONN,DED,calibrated,101,200,3672,0.6519607843137255
CAID2 Disorder-PDB,RONN,DED,calibrated,201,-1,10717,0.648688998786974
CAID2 Disorder-PDB,PreDisorder,DED,calibrated,1,5,0,
CAID2 Disorder-PDB,PreDisorder,DED,calibrated,6,10,160,0.71875
CAID2 Disorder-PDB,PreDisorder,DED,calibrated,11,15,898,0.5144766146993318
CAID2 Disorder-PDB,PreDisorder,DED,calibrated,16,20,752,0.5917553191489362
CAID2 Disorder-PDB,PreDisorder,DED,calibrated,21,30,1381,0.6227371469949312
CAID2 Disorder-PDB,PreDisorder,DED,calibrated,31,50,1665,0.5003003003003003
CAID2 Disorder-PDB,PreDisorder,DED,calibrated,51,100,3649,0.692244450534393
CAID2 Disorder-PDB,PreDisorder,DED,calibrated,101,200,3672,0.6938997821350763
CAID2 Disorder-PDB,PreDisorder,DED,calibrated,201,-1,10717,0.6852663991788747
CAID2 Disorder-PDB,OPAL,DED,calibrated,1,5,0,
CAID2 Disorder-PDB,OPAL,DED,calibrated,6,10,160,0.575
CAID2 Disorder-PDB,OPAL,DED,calibrated,11,15,898,0.7071269487750557
CAID2 Disorder-PDB,OPAL,DED,calibrated,16,20,752,0.7154255319148937
CAID2 Disorder-PDB,OPAL,DED,calibrated,21,30,1381,0.8559015206372194
CAID2 Disorder-PDB,OPAL,DED,calibrated,31,50,1665,0.7591591591591592
CAID2 Disorder-PDB,OPAL,DED,calibrated,51,100,3649,0.858043299534119
CAID2 Disorder-PDB,OPAL,DED,calibrated,101,200,3672,0.8145424836601307
CAID2 Disorder-PDB,OPAL,DED,calibrated,201,-1,10717,0.6903984323971261
CAID2 Disorder-PDB,pyHCA,DED,calibrated,1,5,0,
CAID2 Disorder-PDB,pyHCA,DED,calibrated,6,10,160,0.475
CAID2 Disorder-PDB,pyHCA,DED,calibrated,11,15,898,0.38530066815144765
CAID2 Disorder-PDB,pyHCA,DED,calibrated,16,20,752,0.4228723404255319
CAID2 Disorder-PDB,pyHCA,DED,calibrated,21,30,1381,0.499637943519189
CAID2 Disorder-PDB,pyHCA,DED,calibrated,31,50,1665,0.45285285285285287
CAID2 Disorder-PDB,pyHCA,DED,calibrated,51,100,3649,0.704576596327761
CAID2 Disorder-PDB,pyHCA,DED,calibrated,101,200,3672,0.7706971677559913
CAID2 Disorder-PDB,pyHCA,DED,calibrated,201,-1,10717,0.7382663058691799
CAID2 Disorder-PDB,DeepIDP-2L,DED,calibrated,1,5,0,
CAID2 Disorder-PDB,DeepIDP-2L,DED,calibrated,6,10,160,0.5
CAID2 Disorder-PDB,DeepIDP-2L,DED,calibrated,11,15,898,0.46993318485523383
CAID2 Disorder-PDB,DeepIDP-2L,DED,calibrated,16,20,752,0.5718085106382979
CAID2 Disorder-PDB,DeepIDP-2L,DED,calibrated,21,30,1381,0.6314265025343954
CAID2 Disorder-PDB,DeepIDP-2L,DED,calibrated,31,50,1665,0.6432432432432432
CAID2 Disorder-PDB,DeepIDP-2L,DED,calibrated,51,100,3649,0.8117292408879145
CAID2 Disorder-PDB,DeepIDP-2L,DED,calibrated,101,200,3672,0.8243464052287581
CAID2 Disorder-PDB,DeepIDP-2L,DED,calibrated,201,-1,10717,0.8481851264346365
CAID2 Disorder-PDB,PredIDR-long,DED,calibrated,1,5,0,
CAID2 Disorder-PDB,PredIDR-long,DED,calibrated,6,10,160,0.54375
CAID2 Disorder-PDB,PredIDR-long,DED,calibrated,11,15,898,0.5657015590200446
CAID2 Disorder-PDB,PredIDR-long,DED,calibrated,16,20,752,0.699468085106383
CAID2 Disorder-PDB,PredIDR-long,DED,calibrated,21,30,1381,0.7060101375814627
CAID2 Disorder-PDB,PredIDR-long,DED,calibrated,31,50,1665,0.6762762762762763
CAID2 Disorder-PDB,PredIDR-long,DED,calibrated,51,100,3649,0.8191285283639353
CAID2 Disorder-PDB,PredIDR-long,DED,calibrated,101,200,3672,0.8398692810457516
CAID2 Disorder-PDB,PredIDR-long,DED,calibrated,201,-1,10717,0.8992255295325184
CAID2 Disorder-PDB,PredIDR-short,DED,calibrated,1,5,0,
CAID2 Disorder-PDB,PredIDR-short,DED,calibrated,6,10,160,0.73125
CAID2 Disorder-PDB,PredIDR-short,DED,calibrated,11,15,898,0.6258351893095768
CAID2 Disorder-PDB,PredIDR-short,DED,calibrated,16,20,752,0.7074468085106383
CAID2 Disorder-PDB,PredIDR-short,DED,calibrated,21,30,1381,0.6944243301955105
CAID2 Disorder-PDB,PredIDR-short,DED,calibrated,31,50,1665,0.6570570570570571
CAID2 Disorder-PDB,PredIDR-short,DED,calibrated,51,100,3649,0.7969306659358728
CAID2 Disorder-PDB,PredIDR-short,DED,calibrated,101,200,3672,0.7943899782135077
CAID2 Disorder-PDB,PredIDR-short,DED,calibrated,201,-1,10717,0.8755248670336848
CAID2 Disorder-PDB,AUCpred-profile,DED,calibrated,1,5,0,
CAID2 Disorder-PDB,AUCpred-profile,DED,calibrated,6,10,160,0.7125
CAID2 Disorder-PDB,AUCpred-profile,DED,calibrated,11,15,898,0.5734966592427617
CAID2 Disorder-PDB,AUCpred-profile,DED,calibrated,16,20,752,0.5930851063829787
CAID2 Disorder-PDB,AUCpred-profile,DED,calibrated,21,30,1381,0.7139753801593048
CAID2 Disorder-PDB,AUCpred-profile,DED,calibrated,31,50,1665,0.6978978978978979
CAID2 Disorder-PDB,AUCpred-profile,DED,calibrated,51,100,3649,0.7648670868731159
CAID2 Disorder-PDB,AUCpred-profile,DED,calibrated,101,200,3672,0.8300653594771242
CAID2 Disorder-PDB,AUCpred-profile,DED,calibrated,201,-1,10717,0.7918260707287487
CAID2 Disorder-PDB,AUCpred-no-profile,DED,calibrated,1,5,0,
CAID2 Disorder-PDB,AUCpred-no-profile,DED,calibrated,6,10,160,0.70625
CAID2 Disorder-PDB,AUCpred-no-profile,DED,calibrated,11,15,898,0.5489977728285078
CAID2 Disorder-PDB,AUCpred-no-profile,DED,calibrated,16,20,752,0.5997340425531915
CAID2 Disorder-PDB,AUCpred-no-profile,DED,calibrated,21,30,1381,0.6292541636495294
CAID2 Disorder-PDB,AUCpred-no-profile,DED,calibrated,31,50,1665,0.5423423423423424
CAID2 Disorder-PDB,AUCpred-no-profile,DED,calibrated,51,100,3649,0.7476020827624007
CAID2 Disorder-PDB,AUCpred-no-profile,DED,calibrated,101,200,3672,0.7908496732026143
CAID2 Disorder-PDB,AUCpred-no-profile,DED,calibrated,201,-1,10717,0.720164225062984
CAID2 Disorder-PDB,DisoPred,DED,calibrated,1,5,0,
CAID2 Disorder-PDB,DisoPred,DED,calibrated,6,10,160,0.35
CAID2 Disorder-PDB,DisoPred,DED,calibrated,11,15,898,0.24610244988864144
CAID2 Disorder-PDB,DisoPred,DED,calibrated,16,20,752,0.37367021276595747
CAID2 Disorder-PDB,DisoPred,DED,calibrated,21,30,1381,0.4960173787110789
CAID2 Disorder-PDB,DisoPred,DED,calibrated,31,50,1665,0.5357357357357357
CAID2 Disorder-PDB,DisoPred,DED,calibrated,51,100,3649,0.7188270759112085
CAID2 Disorder-PDB,DisoPred,DED,calibrated,101,200,3672,0.8208061002178649
CAID2 Disorder-PDB,DisoPred,DED,calibrated,201,-1,10717,0.8200055985816926
CAID2 Disorder-PDB,Dispredict2,DED,calibrated,1,5,0,
CAID2 Disorder-PDB,Dispredict2,DED,calibrated,6,10,160,0.58125
CAID2 Disorder-PDB,Dispredict2,DED,calibrated,11,15,898,0.5055679287305123
CAID2 Disorder-PDB,Dispredict2,DED,calibrated,16,20,752,0.3776595744680851
CAID2 Disorder-PDB,Dispredict2,DED,calibrated,21,30,1381,0.4518464880521361
CAID2 Disorder-PDB,Dispredict2,DED,calibrated,31,50,1665,0.5213213213213214
CAID2 Disorder-PDB,Dispredict2,DED,calibrated,51,100,3649,0.4360098657166347
CAID2 Disorder-PDB,Dispredict2,DED,calibrated,101,200,3672,0.4937363834422658
CAID2 Disorder-PDB,Dispredict2,DED,calibrated,201,-1,10717,0.48661005878510777
CAID2 Disorder-PDB,Dispredict3,DED,calibrated,1,5,0,
CAID2 Disorder-PDB,Dispredict3,DED,calibrated,6,10,160,0.76875
CAID2 Disorder-PDB,Dispredict3,DED,calibrated,11,15,898,0.589086859688196
CAID2 Disorder-PDB,Dispredict3,DED,calibrated,16,20,752,0.586436170212766
CAID2 Disorder-PDB,Dispredict3,DED,calibrated,21,30,1381,0.6922519913106444
CAID2 Disorder-PDB,Dispredict3,DED,calibrated,31,50,1665,0.6054054054054054
CAID2 Disorder-PDB,Dispredict3,DED,calibrated,51,100,3649,0.8262537681556591
CAID2 Disorder-PDB,Dispredict3,DED,calibrated,101,200,3672,0.8357843137254902
CAID2 Disorder-PDB,Dispredict3,DED,calibrated,201,-1,10717,0.7941588131006811
CAID2 Disorder-PDB,IDP-Fusion,DED,calibrated,1,5,0,
CAID2 Disorder-PDB,IDP-Fusion,DED,calibrated,6,10,160,0.475
CAID2 Disorder-PDB,IDP-Fusion,DED,calibrated,11,15,898,0.45657015590200445
CAID2 Disorder-PDB,IDP-Fusion,DED,calibrated,16,20,752,0.535904255319149
CAID2 Disorder-PDB,IDP-Fusion,DED,calibrated,21,30,1381,0.6234612599565532
CAID2 Disorder-PDB,IDP-Fusion,DED,calibrated,31,50,1665,0.6336336336336337
CAID2 Disorder-PDB,IDP-Fusion,DED,calibrated,51,100,3649,0.8361194847903535
CAID2 Disorder-PDB,IDP-Fusion,DED,calibrated,101,200,3672,0.9016884531590414
CAID2 Disorder-PDB,IDP-Fusion,DED,calibrated,201,-1,10717,0.8465055519268452
CAID2 Disorder-PDB,rawMSA,DED,calibrated,1,5,0,
CAID2 Disorder-PDB,rawMSA,DED,calibrated,6,10,160,0.4625
CAID2 Disorder-PDB,rawMSA,DED,calibrated,11,15,898,0.45879732739420936
CAID2 Disorder-PDB,rawMSA,DED,calibrated,16,20,752,0.46143617021276595
CAID2 Disorder-PDB,rawMSA,DED,calibrated,21,30,1381,0.49022447501810285
CAID2 Disorder-PDB,rawMSA,DED,calibrated,31,50,1665,0.5891891891891892
CAID2 Disorder-PDB,rawMSA,DED,calibrated,51,100,3649,0.6908742121129077
CAID2 Disorder-PDB,rawMSA,DED,calibrated,101,200,3672,0.8730936819172114
CAID2 Disorder-PDB,rawMSA,DED,calibrated,201,-1,10717,0.7984510590650369
CAID2 Disorder-PDB,metapredict,DED,calibrated,1,5,0,
CAID2 Disorder-PDB,metapredict,DED,calibrated,6,10,160,0.53125
CAID2 Disorder-PDB,metapredict,DED,calibrated,11,15,898,0.4209354120267261
CAID2 Disorder-PDB,metapredict,DED,calibrated,16,20,752,0.42819148936170215
CAID2 Disorder-PDB,metapredict,DED,calibrated,21,30,1381,0.5778421433743663
CAID2 Disorder-PDB,metapredict,DED,calibrated,31,50,1665,0.5141141141141141
CAID2 Disorder-PDB,metapredict,DED,calibrated,51,100,3649,0.7988489997259524
CAID2 Disorder-PDB,metapredict,DED,calibrated,101,200,3672,0.8123638344226579
CAID2 Disorder-PDB,metapredict,DED,calibrated,201,-1,10717,0.8613417934123355
CAID2 Disorder-PDB,disomine,DED,calibrated,1,5,0,
CAID2 Disorder-PDB,disomine,DED,calibrated,6,10,160,0.5625
CAID2 Disorder-PDB,disomine,DED,calibrated,11,15,898,0.3195991091314031
CAID2 Disorder-PDB,disomine,DED,calibrated,16,20,752,0.3337765957446808
CAID2 Disorder-PDB,disomine,DED,calibrated,21,30,1381,0.5409123823316437
CAID2 Disorder-PDB,disomine,DED,calibrated,31,50,1665,0.4168168168168168
CAID2 Disorder-PDB,disomine,DED,calibrated,51,100,3649,0.7152644560153467
CAID2 Disorder-PDB,disomine,DED,calibrated,101,200,3672,0.7766884531590414
CAID2 Disorder-PDB,disomine,DED,calibrated,201,-1,10717,0.768405337314547
CAID2 Disorder-PDB,s2D,DED,calibrated,1,5,0,
CAID2 Disorder-PDB,s2D,DED,calibrated,6,10,160,0.7375
CAID2 Disorder-PDB,s2D,DED,calibrated,11,15,898,0.6403118040089086
CAID2 Disorder-PDB,s2D,DED,calibrated,16,20,752,0.586436170212766
CAID2 Disorder-PDB,s2D,DED,calibrated,21,30,1381,0.6415640839971035
CAID2 Disorder-PDB,s2D,DED,calibrated,31,50,1665,0.6054054054054054
CAID2 Disorder-PDB,s2D,DED,calibrated,51,100,3649,0.6796382570567279
CAID2 Disorder-PDB,s2D,DED,calibrated,101,200,3672,0.6734749455337691
CAID2 Disorder-PDB,s2D,DED,calibrated,201,-1,10717,0.7119529719137818
CAID2 Disorder-NOX,AlphaFold-disorder,AF,calibrated,1,5,0,
CAID2 Disorder-NOX,AlphaFold-disorder,AF,calibrated,6,10,50,0.8
CAID2 Disorder-NOX,AlphaFold-disorder,AF,calibrated,11,15,230,0.782608695652174
CAID2 Disorder-NOX,AlphaFold-disorder,AF,calibrated,16,20,243,0.8559670781893004
CAID2 Disorder-NOX,AlphaFold-disorder,AF,calibrated,21,30,547,0.70018281535649
CAID2 Disorder-NOX,AlphaFold-disorder,AF,calibrated,31,50,837,0.6296296296296297
CAID2 Disorder-NOX,AlphaFold-disorder,AF,calibrated,51,100,2790,0.8745519713261649
CAID2 Disorder-NOX,AlphaFold-disorder,AF,calibrated,101,200,3563,0.8720179623912433
CAID2 Disorder-NOX,AlphaFold-disorder,AF,calibrated,201,-1,10468,0.8427588842185709
CAID2 Disorder-NOX,AlphaFold-rsa,AF,calibrated,1,5,0,
CAID2 Disorder-NOX,AlphaFold-rsa,AF,calibrated,6,10,50,0.96
CAID2 Disorder-NOX,AlphaFold-rsa,AF,calibrated,11,15,230,0.508695652173913
CAID2 Disorder-NOX,AlphaFold-rsa,AF,calibrated,16,20,243,0.51440329218107
CAID2 Disorder-NOX,AlphaFold-rsa,AF,calibrated,21,30,547,0.6489945155393053
CAID2 Disorder-NOX,AlphaFold-rsa,AF,calibrated,31,50,837,0.5591397849462365
CAID2 Disorder-NOX,AlphaFold-rsa,AF,calibrated,51,100,2790,0.8562724014336918
CAID2 Disorder-NOX,AlphaFold-rsa,AF,calibrated,101,200,3563,0.8678080269435868
CAID2 Disorder-NOX,AlphaFold-rsa,AF,calibrated,201,-1,10468,0.8081773022544899
CAID2 Disorder-NOX,AIUPred,DED,calibrated,1,5,0,
CAID2 Disorder-NOX,AIUPred,DED,calibrated,6,10,50,0.36
CAID2 Disorder-NOX,AIUPred,DED,calibrated,11,15,230,0.3782608695652174
CAID2 Disorder-NOX,AIUPred,DED,calibrated,16,20,243,0.3374485596707819
CAID2 Disorder-NOX,AIUPred,DED,calibrated,21,30,547,0.4424131627056673
CAID2 Disorder-NOX,AIUPred,DED,calibrated,31,50,837,0.4755077658303465
CAID2 Disorder-NOX,AIUPred,DED,calibrated,51,100,2790,0.7075268817204301
CAID2 Disorder-NOX,AIUPred,DED,calibrated,101,200,3563,0.7426326129666012
CAID2 Disorder-NOX,AIUPred,DED,calibrated,201,-1,10468,0.8366450133740925
CAID2 Disorder-NOX,IUPred3,DED,calibrated,1,5,0,
CAID2 Disorder-NOX,IUPred3,DED,calibrated,6,10,50,0.52
CAID2 Disorder-NOX,IUPred3,DED,calibrated,11,15,230,0.44782608695652176
CAID2 Disorder-NOX,IUPred3,DED,calibrated,16,20,243,0.2880658436213992
CAID2 Disorder-NOX,IUPred3,DED,calibrated,21,30,547,0.4040219378427788
CAID2 Disorder-NOX,IUPred3,DED,calibrated,31,50,837,0.4050179211469534
CAID2 Disorder-NOX,IUPred3,DED,calibrated,51,100,2790,0.6222222222222222
CAID2 Disorder-NOX,IUPred3,DED,calibrated,101,200,3563,0.6794835812517541
CAID2 Disorder-NOX,IUPred3,DED,calibrated,201,-1,10468,0.7746465418418036
CAID2 Disorder-NOX,ESpritz-D,DED,calibrated,1,5,0,
CAID2 Disorder-NOX,ESpritz-D,DED,calibrated,6,10,50,0.8
CAID2 Disorder-NOX,ESpritz-D,DED,calibrated,11,15,230,0.6
CAID2 Disorder-NOX,ESpritz-D,DED,calibrated,16,20,243,0.4444444444444444
CAID2 Disorder-NOX,ESpritz-D,DED,calibrated,21,30,547,0.5502742230347349
CAID2 Disorder-NOX,ESpritz-D,DED,calibrated,31,50,837,0.6953405017921147
CAID2 Disorder-NOX,ESpritz-D,DED,calibrated,51,100,2790,0.8512544802867383
CAID2 Disorder-NOX,ESpritz-D,DED,calibrated,101,200,3563,0.850968285152961
CAID2 Disorder-NOX,ESpritz-D,DED,calibrated,201,-1,10468,0.8826901031715705
CAID2 Disorder-NOX,ESpritz-N,DED,calibrated,1,5,0,
CAID2 Disorder-NOX,ESpritz-N,DED,calibrated,6,10,50,0.94
CAID2 Disorder-NOX,ESpritz-N,DED,calibrated,11,15,230,0.6869565217391305
CAID2 Disorder-NOX,ESpritz-N,DED,calibrated,16,20,243,0.5061728395061729
CAID2 Disorder-NOX,ESpritz-N,DED,calibrated,21,30,547,0.7659963436928702
CAID2 Disorder-NOX,ESpritz-N,DED,calibrated,31,50,837,0.5818399044205496
CAID2 Disorder-NOX,ESpritz-N,DED,calibrated,51,100,2790,0.725089605734767
CAID2 Disorder-NOX,ESpritz-N,DED,calibrated,101,200,3563,0.7928711759753018
CAID2 Disorder-NOX,ESpritz-N,DED,calibrated,201,-1,10468,0.8363584256782576
CAID2 Disorder-NOX,ESpritz-X,DED,calibrated,1,5,0,
CAID2 Disorder-NOX,ESpritz-X,DED,calibrated,6,10,50,0.52
CAID2 Disorder-NOX,ESpritz-X,DED,calibrated,11,15,230,0.5956521739130435
CAID2 Disorder-NOX,ESpritz-X,DED,calibrated,16,20,243,0.5185185185185185
CAID2 Disorder-NOX,ESpritz-X,DED,calibrated,21,30,547,0.6946983546617916
CAID2 Disorder-NOX,ESpritz-X,DED,calibrated,31,50,837,0.5340501792114696
CAID2 Disorder-NOX,ESpritz-X,DED,calibrated,51,100,2790,0.7060931899641577
CAID2 Disorder-NOX,ESpritz-X,DED,calibrated,101,200,3563,0.7255122088127982
CAID2 Disorder-NOX,ESpritz-X,DED,calibrated,201,-1,10468,0.6821742453190677
CAID2 Disorder-NOX,MobiDB-lite,DED,calibrated,1,5,0,
CAID2 Disorder-NOX,MobiDB-lite,DED,calibrated,6,10,50,0.66
CAID2 Disorder-NOX,MobiDB-lite,DED,calibrated,11,15,230,0.6304347826086957
CAID2 Disorder-NOX,MobiDB-lite,DED,calibrated,16,20,243,0.41975308641975306
CAID2 Disorder-NOX,MobiDB-lite,DED,calibrated,21,30,547,0.6709323583180987
CAID2 Disorder-NOX,MobiDB-lite,DED,calibrated,31,50,837,0.4946236559139785
CAID2 Disorder-NOX,MobiDB-lite,DED,calibrated,51,100,2790,0.6956989247311828
CAID2 Disorder-NOX,MobiDB-lite,DED,calibrated,101,200,3563,0.7555430816727476
CAID2 Disorder-NOX,MobiDB-lite,DED,calibrated,201,-1,10468,0.7585021016431028
CAID2 Disorder-NOX,flDPnn,DED,calibrated,1,5,0,
CAID2 Disorder-NOX,flDPnn,DED,calibrated,6,10,50,0.96
CAID2 Disorder-NOX,flDPnn,DED,calibrated,11,15,230,0.8043478260869565
CAID2 Disorder-NOX,flDPnn,DED,calibrated,16,20,243,0.691358024691358
CAID2 Disorder-NOX,flDPnn,DED,calibrated,21,30,547,0.8464351005484461
CAID2 Disorder-NOX,flDPnn,DED,calibrated,31,50,837,0.7311827956989247
CAID2 Disorder-NOX,flDPnn,DED,calibrated,51,100,2790,0.8623655913978494
CAID2 Disorder-NOX,flDPnn,DED,calibrated,101,200,3563,0.8610721302273365
CAID2 Disorder-NOX,flDPnn,DED,calibrated,201,-1,10468,0.8223156285823462
CAID2 Disorder-NOX,flDPnn2,DED,calibrated,1,5,0,
CAID2 Disorder-NOX,flDPnn2,DED,calibrated,6,10,50,0.66
CAID2 Disorder-NOX,flDPnn2,DED,calibrated,11,15,230,0.6521739130434783
CAID2 Disorder-NOX,flDPnn2,DED,calibrated,16,20,243,0.6008230452674898
CAID2 Disorder-NOX,flDPnn2,DED,calibrated,21,30,547,0.6727605118829981
CAID2 Disorder-NOX,flDPnn2,DED,calibrated,31,50,837,0.5627240143369175
CAID2 Disorder-NOX,flDPnn2,DED,calibrated,51,100,2790,0.7989247311827957
CAID2 Disorder-NOX,flDPnn2,DED,calibrated,101,200,3563,0.8672467022172327
CAID2 Disorder-NOX,flDPnn2,DED,calibrated,201,-1,10468,0.7470385938097057
CAID2 Disorder-NOX,DISOPRED3-diso,DED,calibrated,1,5,0,
CAID2 Disorder-NOX,DISOPRED3-diso,DED,calibrated,6,10,50,0.62
CAID2 Disorder-NOX,DISOPRED3-diso,DED,calibrated,11,15,230,0.45652173913043476
CAID2 Disorder-NOX,DISOPRED3-diso,DED,calibrated,16,20,243,0.6008230452674898
CAID2 Disorder-NOX,DISOPRED3-diso,DED,calibrated,21,30,547,0.6910420475319927
CAID2 Disorder-NOX,DISOPRED3-diso,DED,calibrated,31,50,837,0.4551971326164875
CAID2 Disorder-NOX,DISOPRED3-diso,DED,calibrated,51,100,2790,0.7444444444444445
CAID2 Disorder-NOX,DISOPRED3-diso,DED,calibrated,101,200,3563,0.7325287678922257
CAID2 Disorder-NOX,DISOPRED3-diso,DED,calibrated,201,-1,10468,0.8403706534199465
CAID2 Disorder-NOX,SETH-0,DED,calibrated,1,5,0,
CAID2 Disorder-NOX,SETH-0,DED,calibrated,6,10,50,0.9
CAID2 Disorder-NOX,SETH-0,DED,calibrated,11,15,230,0.6956521739130435
CAID2 Disorder-NOX,SETH-0,DED,calibrated,16,20,243,0.7818930041152263
CAID2 Disorder-NOX,SETH-0,DED,calibrated,21,30,547,0.7148080438756855
CAID2 Disorder-NOX,SETH-0,DED,calibrated,31,50,837,0.6093189964157706
CAID2 Disorder-NOX,SETH-0,DED,calibrated,51,100,2790,0.8767025089605734
CAID2 Disorder-NOX,SETH-0,DED,calibrated,101,200,3563,0.8683693516699411
CAID2 Disorder-NOX,SETH-0,DED,calibrated,201,-1,10468,0.8700802445548338
CAID2 Disorder-NOX,SETH-1,DED,calibrated,1,5,0,
CAID2 Disorder-NOX,SETH-1,DED,calibrated,6,10,50,0.6
CAID2 Disorder-NOX,SETH-1,DED,calibrated,11,15,230,0.691304347826087
CAID2 Disorder-NOX,SETH-1,DED,calibrated,16,20,243,0.7325102880658436
CAID2 Disorder-NOX,SETH-1,DED,calibrated,21,30,547,0.6691042047531993
CAID2 Disorder-NOX,SETH-1,DED,calibrated,31,50,837,0.5842293906810035
CAID2 Disorder-NOX,SETH-1,DED,calibrated,51,100,2790,0.8308243727598567
CAID2 Disorder-NOX,SETH-1,DED,calibrated,101,200,3563,0.8548975582374404
CAID2 Disorder-NOX,SETH-1,DED,calibrated,201,-1,10468,0.8389377149407719
CAID2 Disorder-NOX,VSL2,DED,calibrated,1,5,0,
CAID2 Disorder-NOX,VSL2,DED,calibrated,6,10,50,0.78
CAID2 Disorder-NOX,VSL2,DED,calibrated,11,15,230,0.7086956521739131
CAID2 Disorder-NOX,VSL2,DED,calibrated,16,20,243,0.4897119341563786
CAID2 Disorder-NOX,VSL2,DED,calibrated,21,30,547,0.720292504570384
CAID2 Disorder-NOX,VSL2,DED,calibrated,31,50,837,0.5232974910394266
CAID2 Disorder-NOX,VSL2,DED,calibrated,51,100,2790,0.7688172043010753
CAID2 Disorder-NOX,VSL2,DED,calibrated,101,200,3563,0.8029750210496772
CAID2 Disorder-NOX,VSL2,DED,calibrated,201,-1,10468,0.8226022162781811
CAID2 Disorder-NOX,SPOT-Disorder,DED,calibrated,1,5,0,
CAID2 Disorder-NOX,SPOT-Disorder,DED,calibrated,6,10,50,0.76
CAID2 Disorder-NOX,SPOT-Disorder,DED,calibrated,11,15,230,0.5695652173913044
CAID2 Disorder-NOX,SPOT-Disorder,DED,calibrated,16,20,243,0.4444444444444444
CAID2 Disorder-NOX,SPOT-Disorder,DED,calibrated,21,30,547,0.7312614259597806
CAID2 Disorder-NOX,SPOT-Disorder,DED,calibrated,31,50,837,0.6164874551971327
CAID2 Disorder-NOX,SPOT-Disorder,DED,calibrated,51,100,2790,0.8068100358422939
CAID2 Disorder-NOX,SPOT-Disorder,DED,calibrated,101,200,3563,0.822340724108897
CAID2 Disorder-NOX,SPOT-Disorder,DED,calibrated,201,-1,10468,0.8634887275506304
CAID2 Disorder-NOX,SPOT-Disorder2,DED,calibrated,1,5,0,
CAID2 Disorder-NOX,SPOT-Disorder2,DED,calibrated,6,10,50,0.82
CAID2 Disorder-NOX,SPOT-Disorder2,DED,calibrated,11,15,230,0.6521739130434783
CAID2 Disorder-NOX,SPOT-Disorder2,DED,calibrated,16,20,243,0.5843621399176955
CAID2 Disorder-NOX,SPOT-Disorder2,DED,calibrated,21,30,547,0.7184643510054844
CAID2 Disorder-NOX,SPOT-Disorder2,DED,calibrated,31,50,837,0.5639187574671446
CAID2 Disorder-NOX,SPOT-Disorder2,DED,calibrated,51,100,2790,0.7974910394265233
CAID2 Disorder-NOX,SPOT-Disorder2,DED,calibrated,101,200,3563,0.876789222565254
CAID2 Disorder-NOX,SPOT-Disorder2,DED,calibrated,201,-1,10468,0.8803974016048911
CAID2 Disorder-NOX,SPOT-Disorder-Single,DED,calibrated,1,5,0,
CAID2 Disorder-NOX,SPOT-Disorder-Single,DED,calibrated,6,10,50,0.56
CAID2 Disorder-NOX,SPOT-Disorder-Single,DED,calibrated,11,15,230,0.5956521739130435
CAID2 Disorder-NOX,SPOT-Disorder-Single,DED,calibrated,16,20,243,0.3868312757201646
CAID2 Disorder-NOX,SPOT-Disorder-Single,DED,calibrated,21,30,547,0.7641681901279708
CAID2 Disorder-NOX,SPOT-Disorder-Single,DED,calibrated,31,50,837,0.5507765830346476
CAID2 Disorder-NOX,SPOT-Disorder-Single,DED,calibrated,51,100,2790,0.76415770609319
CAID2 Disorder-NOX,SPOT-Disorder-Single,DED,calibrated,101,200,3563,0.8262699971933763
CAID2 Disorder-NOX,SPOT-Disorder-Single,DED,calibrated,201,-1,10468,0.8299579671379442
CAID2 Disorder-NOX,DisEMBL-dis465,DED,calibrated,1,5,0,
CAID2 Disorder-NOX,DisEMBL-dis465,DED,calibrated,6,10,50,0.6
CAID2 Disorder-NOX,DisEMBL-dis465,DED,calibrated,11,15,230,0.6826086956521739
CAID2 Disorder-NOX,DisEMBL-dis465,DED,calibrated,16,20,243,0.5802469135802469
CAID2 Disorder-NOX,DisEMBL-dis465,DED,calibrated,21,30,547,0.6873857404021938
CAID2 Disorder-NOX,DisEMBL-dis465,DED,calibrated,31,50,837,0.4743130227001195
CAID2 Disorder-NOX,DisEMBL-dis465,DED,calibrated,51,100,2790,0.703584229390681
CAID2 Disorder-NOX,DisEMBL-dis465,DED,calibrated,101,200,3563,0.6542239685658153
CAID2 Disorder-NOX,DisEMBL-dis465,DED,calibrated,201,-1,10468,0.6414787925105082
CAID2 Disorder-NOX,DisEMBL-disHL,DED,calibrated,1,5,0,
CAID2 Disorder-NOX,DisEMBL-disHL,DED,calibrated,6,10,50,0.92
CAID2 Disorder-NOX,DisEMBL-disHL,DED,calibrated,11,15,230,0.8782608695652174
CAID2 Disorder-NOX,DisEMBL-disHL,DED,calibrated,16,20,243,0.8847736625514403
CAID2 Disorder-NOX,DisEMBL-disHL,DED,calibrated,21,30,547,0.8263254113345521
CAID2 Disorder-NOX,DisEMBL-disHL,DED,calibrated,31,50,837,0.7120669056152927
CAID2 Disorder-NOX,DisEMBL-disHL,DED,calibrated,51,100,2790,0.7738351254480287
CAID2 Disorder-NOX,DisEMBL-disHL,DED,calibrated,101,200,3563,0.8102722424922818
CAID2 Disorder-NOX,DisEMBL-disHL,DED,calibrated,201,-1,10468,0.7586931601069927
CAID2 Disorder-NOX,IsUnstruct,DED,calibrated,1,5,0,
CAID2 Disorder-NOX,IsUnstruct,DED,calibrated,6,10,50,0.76
CAID2 Disorder-NOX,IsUnstruct,DED,calibrated,11,15,230,0.7
CAID2 Disorder-NOX,IsUnstruct,DED,calibrated,16,20,243,0.551440329218107
CAID2 Disorder-NOX,IsUnstruct,DED,calibrated,21,30,547,0.7586837294332724
CAID2 Disorder-NOX,IsUnstruct,DED,calibrated,31,50,837,0.5244922341696535
CAID2 Disorder-NOX,IsUnstruct,DED,calibrated,51,100,2790,0.7476702508960573
CAID2 Disorder-NOX,IsUnstruct,DED,calibrated,101,200,3563,0.7740667976424361
CAID2 Disorder-NOX,IsUnstruct,DED,calibrated,201,-1,10468,0.7705387848681696
CAID2 Disorder-NOX,RONN,DED,calibrated,1,5,0,
CAID2 Disorder-NOX,RONN,DED,calibrated,6,10,50,0.78
CAID2 Disorder-NOX,RONN,DED,calibrated,11,15,230,0.6652173913043479
CAID2 Disorder-NOX,RONN,DED,calibrated,16,20,243,0.691358024691358
CAID2 Disorder-NOX,RONN,DED,calibrated,21,30,547,0.7422303473491774
CAID2 Disorder-NOX,RONN,DED,calibrated,31,50,837,0.5388291517323776
CAID2 Disorder-NOX,RONN,DED,calibrated,51,100,2790,0.7379928315412186
CAID2 Disorder-NOX,RONN,DED,calibrated,101,200,3563,0.750771821498737
CAID2 Disorder-NOX,RONN,DED,calibrated,201,-1,10468,0.742644249140237
CAID2 Disorder-NOX,PreDisorder,DED,calibrated,1,5,0,
CAID2 Disorder-NOX,PreDisorder,DED,calibrated,6,10,50,0.92
CAID2 Disorder-NOX,PreDisorder,DED,calibrated,11,15,230,0.6739130434782609
CAID2 Disorder-NOX,PreDisorder,DED,calibrated,16,20,243,0.8641975308641975
CAID2 Disorder-NOX,PreDisorder,DED,calibrated,21,30,547,0.8994515539305301
CAID2 Disorder-NOX,PreDisorder,DED,calibrated,31,50,837,0.5746714456391876
CAID2 Disorder-NOX,PreDisorder,DED,calibrated,51,100,2790,0.8103942652329749
CAID2 Disorder-NOX,PreDisorder,DED,calibrated,101,200,3563,0.7914678641594162
CAID2 Disorder-NOX,PreDisorder,DED,calibrated,201,-1,10468,0.8022544898739015
CAID2 Disorder-NOX,OPAL,DED,calibrated,1,5,0,
CAID2 Disorder-NOX,OPAL,DED,calibrated,6,10,50,0.6
CAID2 Disorder-NOX,OPAL,DED,calibrated,11,15,230,0.8913043478260869
CAID2 Disorder-NOX,OPAL,DED,calibrated,16,20,243,0.8148148148148148
CAID2 Disorder-NOX,OPAL,DED,calibrated,21,30,547,0.8756855575868373
CAID2 Disorder-NOX,OPAL,DED,calibrated,31,50,837,0.8136200716845878
CAID2 Disorder-NOX,OPAL,DED,calibrated,51,100,2790,0.8741935483870967
CAID2 Disorder-NOX,OPAL,DED,calibrated,101,200,3563,0.8181307886612406
CAID2 Disorder-NOX,OPAL,DED,calibrated,201,-1,10468,0.7134123041650745
CAID2 Disorder-NOX,pyHCA,DED,calibrated,1,5,0,
CAID2 Disorder-NOX,pyHCA,DED,calibrated,6,10,50,0.6
CAID2 Disorder-NOX,pyHCA,DED,calibrated,11,15,230,0.5173913043478261
CAID2 Disorder-NOX,pyHCA,DED,calibrated,16,20,243,0.38271604938271603
CAID2 Disorder-NOX,pyHCA,DED,calibrated,21,30,547,0.6416819012797075
CAID2 Disorder-NOX,pyHCA,DED,calibrated,31,50,837,0.5292712066905615
CAID2 Disorder-NOX,pyHCA,DED,calibrated,51,100,2790,0.7659498207885305
CAID2 Disorder-NOX,pyHCA,DED,calibrated,101,200,3563,0.7824866685377491
CAID2 Disorder-NOX,pyHCA,DED,calibrated,201,-1,10468,0.7632785632403516
CAID2 Disorder-NOX,DeepIDP-2L,DED,calibrated,1,5,0,
CAID2 Disorder-NOX,DeepIDP-2L,DED,calibrated,6,10,50,0.3
CAID2 Disorder-NOX,DeepIDP-2L,DED,calibrated,11,15,230,0.2956521739130435
CAID2 Disorder-NOX,DeepIDP-2L,DED,calibrated,16,20,243,0.16872427983539096
CAID2 Disorder-NOX,DeepIDP-2L,DED,calibrated,21,30,547,0.4460694698354662
CAID2 Disorder-NOX,DeepIDP-2L,DED,calibrated,31,50,837,0.43966547192353644
CAID2 Disorder-NOX,DeepIDP-2L,DED,calibrated,51,100,2790,0.5698924731182796
CAID2 Disorder-NOX,DeepIDP-2L,DED,calibrated,101,200,3563,0.6351389278697727
CAID2 Disorder-NOX,DeepIDP-2L,DED,calibrated,201,-1,10468,0.5368742835307604
CAID2 Disorder-NOX,PredIDR-long,DED,calibrated,1,5,0,
CAID2 Disorder-NOX,PredIDR-long,DED,calibrated,6,10,50,0.5
CAID2 Disorder-NOX,PredIDR-long,DED,calibrated,11,15,230,0.6043478260869565
CAID2 Disorder-NOX,PredIDR-long,DED,calibrated,16,20,243,0.7366255144032922
CAID2 Disorder-NOX,PredIDR-long,DED,calibrated,21,30,547,0.6617915904936015
CAID2 Disorder-NOX,PredIDR-long,DED,calibrated,31,50,837,0.6057347670250897
CAID2 Disorder-NOX,PredIDR-long,DED,calibrated,51,100,2790,0.8437275985663082
CAID2 Disorder-NOX,PredIDR-long,DED,calibrated,101,200,3563,0.8473196744316587
CAID2 Disorder-NOX,PredIDR-long,DED,calibrated,201,-1,10468,0.9011272449369507
CAID2 Disorder-NOX,PredIDR-short,DED,calibrated,1,5,0,
CAID2 Disorder-NOX,PredIDR-short,DED,calibrated,6,10,50,0.84
CAID2 Disorder-NOX,PredIDR-short,DED,calibrated,11,15,230,0.7391304347826086
CAID2 Disorder-NOX,PredIDR-short,DED,calibrated,16,20,243,0.7860082304526749
CAID2 Disorder-NOX,PredIDR-short,DED,calibrated,21,30,547,0.7221206581352834
CAID2 Disorder-NOX,PredIDR-short,DED,calibrated,31,50,837,0.6403823178016727
CAID2 Disorder-NOX,PredIDR-short,DED,calibrated,51,100,2790,0.8523297491039427
CAID2 Disorder-NOX,PredIDR-short,DED,calibrated,101,200,3563,0.8515296098793151
CAID2 Disorder-NOX,PredIDR-short,DED,calibrated,201,-1,10468,0.9049484142147497
CAID2 Disorder-NOX,AUCpred-profile,DED,calibrated,1,5,0,
CAID2 Disorder-NOX,AUCpred-profile,DED,calibrated,6,10,50,0.98
CAID2 Disorder-NOX,AUCpred-profile,DED,calibrated,11,15,230,0.7565217391304347
CAID2 Disorder-NOX,AUCpred-profile,DED,calibrated,16,20,243,0.7777777777777778
CAID2 Disorder-NOX,AUCpred-profile,DED,calibrated,21,30,547,0.8574040219378428
CAID2 Disorder-NOX,AUCpred-profile,DED,calibrated,31,50,837,0.6989247311827957
CAID2 Disorder-NOX,AUCpred-profile,DED,calibrated,51,100,2790,0.8132616487455198
CAID2 Disorder-NOX,AUCpred-profile,DED,calibrated,101,200,3563,0.865282065674993
CAID2 Disorder-NOX,AUCpred-profile,DED,calibrated,201,-1,10468,0.8378868933893772
CAID2 Disorder-NOX,AUCpred-no-profile,DED,calibrated,1,5,0,
CAID2 Disorder-NOX,AUCpred-no-profile,DED,calibrated,6,10,50,0.78
CAID2 Disorder-NOX,AUCpred-no-profile,DED,calibrated,11,15,230,0.8521739130434782
CAID2 Disorder-NOX,AUCpred-no-profile,DED,calibrated,16,20,243,0.7366255144032922
CAID2 Disorder-NOX,AUCpred-no-profile,DED,calibrated,21,30,547,0.8592321755027422
CAID2 Disorder-NOX,AUCpred-no-profile,DED,calibrated,31,50,837,0.6356033452807647
CAID2 Disorder-NOX,AUCpred-no-profile,DED,calibrated,51,100,2790,0.8741935483870967
CAID2 Disorder-NOX,AUCpred-no-profile,DED,calibrated,101,200,3563,0.862756104406399
CAID2 Disorder-NOX,AUCpred-no-profile,DED,calibrated,201,-1,10468,0.834829957967138
CAID2 Disorder-NOX,DisoPred,DED,calibrated,1,5,0,
CAID2 Disorder-NOX,DisoPred,DED,calibrated,6,10,50,0.44
CAID2 Disorder-NOX,DisoPred,DED,calibrated,11,15,230,0.44782608695652176
CAID2 Disorder-NOX,DisoPred,DED,calibrated,16,20,243,0.3497942386831276
CAID2 Disorder-NOX,DisoPred,DED,calibrated,21,30,547,0.5521023765996343
CAID2 Disorder-NOX,DisoPred,DED,calibrated,31,50,837,0.5543608124253285
CAID2 Disorder-NOX,DisoPred,DED,calibrated,51,100,2790,0.7204301075268817
CAID2 Disorder-NOX,DisoPred,DED,calibrated,101,200,3563,0.7956777996070727
CAID2 Disorder-NOX,DisoPred,DED,calibrated,201,-1,10468,0.8029231944975163
CAID2 Disorder-NOX,Dispredict2,DED,calibrated,1,5,0,
CAID2 Disorder-NOX,Dispredict2,DED,calibrated,6,10,50,0.0
CAID2 Disorder-NOX,Dispredict2,DED,calibrated,11,15,230,0.0
CAID2 Disorder-NOX,Dispredict2,DED,calibrated,16,20,243,0.0
CAID2 Disorder-NOX,Dispredict2,DED,calibrated,21,30,547,0.0
CAID2 Disorder-NOX,Dispredict2,DED,calibrated,31,50,837,0.010752688172043012
CAID2 Disorder-NOX,Dispredict2,DED,calibrated,51,100,2790,0.015053763440860216
CAID2 Disorder-NOX,Dispredict2,DED,calibrated,101,200,3563,0.04995790064552343
CAID2 Disorder-NOX,Dispredict2,DED,calibrated,201,-1,10468,0.007069163163928162
CAID2 Disorder-NOX,Dispredict3,DED,calibrated,1,5,0,
CAID2 Disorder-NOX,Dispredict3,DED,calibrated,6,10,50,0.96
CAID2 Disorder-NOX,Dispredict3,DED,calibrated,11,15,230,0.7
CAID2 Disorder-NOX,Dispredict3,DED,calibrated,16,20,243,0.6337448559670782
CAID2 Disorder-NOX,Dispredict3,DED,calibrated,21,30,547,0.8354661791590493
CAID2 Disorder-NOX,Dispredict3,DED,calibrated,31,50,837,0.7658303464755077
CAID2 Disorder-NOX,Dispredict3,DED,calibrated,51,100,2790,0.8896057347670251
CAID2 Disorder-NOX,Dispredict3,DED,calibrated,101,200,3563,0.8725792871175976
CAID2 Disorder-NOX,Dispredict3,DED,calibrated,201,-1,10468,0.861864730607566
CAID2 Disorder-NOX,IDP-Fusion,DED,calibrated,1,5,0,
CAID2 Disorder-NOX,IDP-Fusion,DED,calibrated,6,10,50,0.5
CAID2 Disorder-NOX,IDP-Fusion,DED,calibrated,11,15,230,0.4956521739130435
CAID2 Disorder-NOX,IDP-Fusion,DED,calibrated,16,20,243,0.24279835390946503
CAID2 Disorder-NOX,IDP-Fusion,DED,calibrated,21,30,547,0.5338208409506399
CAID2 Disorder-NOX,IDP-Fusion,DED,calibrated,31,50,837,0.4970131421744325
CAID2 Disorder-NOX,IDP-Fusion,DED,calibrated,51,100,2790,0.7580645161290323
CAID2 Disorder-NOX,IDP-Fusion,DED,calibrated,101,200,3563,0.8571428571428571
CAID2 Disorder-NOX,IDP-Fusion,DED,calibrated,201,-1,10468,0.7430263660680169
CAID2 Disorder-NOX,rawMSA,DED,calibrated,1,5,0,
CAID2 Disorder-NOX,rawMSA,DED,calibrated,6,10,50,0.12
CAID2 Disorder-NOX,rawMSA,DED,calibrated,11,15,230,0.41739130434782606
CAID2 Disorder-NOX,rawMSA,DED,calibrated,16,20,243,0.3991769547325103
CAID2 Disorder-NOX,rawMSA,DED,calibrated,21,30,547,0.396709323583181
CAID2 Disorder-NOX,rawMSA,DED,calibrated,31,50,837,0.44086021505376344
CAID2 Disorder-NOX,rawMSA,DED,calibrated,51,100,2790,0.6268817204301075
CAID2 Disorder-NOX,rawMSA,DED,calibrated,101,200,3563,0.8293572831883245
CAID2 Disorder-NOX,rawMSA,DED,calibrated,201,-1,10468,0.7214367596484524
CAID2 Disorder-NOX,metapredict,DED,calibrated,1,5,0,
CAID2 Disorder-NOX,metapredict,DED,calibrated,6,10,50,0.52
CAID2 Disorder-NOX,metapredict,DED,calibrated,11,15,230,0.6608695652173913
CAID2 Disorder-NOX,metapredict,DED,calibrated,16,20,243,0.3950617283950617
CAID2 Disorder-NOX,metapredict,DED,calibrated,21,30,547,0.7221206581352834
CAID2 Disorder-NOX,metapredict,DED,calibrated,31,50,837,0.5579450418160096
CAID2 Disorder-NOX,metapredict,DED,calibrated,51,100,2790,0.8491039426523298
CAID2 Disorder-NOX,metapredict,DED,calibrated,101,200,3563,0.8380578164468144
CAID2 Disorder-NOX,metapredict,DED,calibrated,201,-1,10468,0.873137179977073
CAID2 Disorder-NOX,disomine,DED,calibrated,1,5,0,
CAID2 Disorder-NOX,disomine,DED,calibrated,6,10,50,0.8
CAID2 Disorder-NOX,disomine,DED,calibrated,11,15,230,0.5521739130434783
CAID2 Disorder-NOX,disomine,DED,calibrated,16,20,243,0.6172839506172839
CAID2 Disorder-NOX,disomine,DED,calibrated,21,30,547,0.7129798903107861
CAID2 Disorder-NOX,disomine,DED,calibrated,31,50,837,0.6606929510155317
CAID2 Disorder-NOX,disomine,DED,calibrated,51,100,2790,0.8605734767025089
CAID2 Disorder-NOX,disomine,DED,calibrated,101,200,3563,0.9143979792309851
CAID2 Disorder-NOX,disomine,DED,calibrated,201,-1,10468,0.8803018723729461
CAID2 Disorder-NOX,s2D,DED,calibrated,1,5,0,
CAID2 Disorder-NOX,s2D,DED,calibrated,6,10,50,1.0
CAID2 Disorder-NOX,s2D,DED,calibrated,11,15,230,0.8478260869565217
CAID2 Disorder-NOX,s2D,DED,calibrated,16,20,243,0.8559670781893004
CAID2 Disorder-NOX,s2D,DED,calibrated,21,30,547,0.7970749542961609
CAID2 Disorder-NOX,s2D,DED,calibrated,31,50,837,0.7933094384707288
CAID2 Disorder-NOX,s2D,DED,calibrated,51,100,2790,0.8347670250896058
CAID2 Disorder-NOX,s2D,DED,calibrated,101,200,3563,0.8133595284872298
CAID2 Disorder-NOX,s2D,DED,calibrated,201,-1,10468,0.869220481467329
CAID3 Disorder-PDB,AlphaFold-pLDDT,AF,calibrated,1,5,0,
CAID3 Disorder-PDB,AlphaFold-pLDDT,AF,calibrated,6,10,270,0.7148148148148148
CAID3 Disorder-PDB,AlphaFold-pLDDT,AF,calibrated,11,15,955,0.6303664921465969
CAID3 Disorder-PDB,AlphaFold-pLDDT,AF,calibrated,16,20,843,0.5966785290628707
CAID3 Disorder-PDB,AlphaFold-pLDDT,AF,calibrated,21,30,1280,0.69375
CAID3 Disorder-PDB,AlphaFold-pLDDT,AF,calibrated,31,50,1872,0.6752136752136753
CAID3 Disorder-PDB,AlphaFold-pLDDT,AF,calibrated,51,100,3671,0.8074094252247344
CAID3 Disorder-PDB,AlphaFold-pLDDT,AF,calibrated,101,200,6723,0.8192771084337349
CAID3 Disorder-PDB,AlphaFold-pLDDT,AF,calibrated,201,-1,6688,0.8557117224880383
CAID3 Disorder-PDB,AlphaFold-rsa,AF,calibrated,1,5,0,
CAID3 Disorder-PDB,AlphaFold-rsa,AF,calibrated,6,10,270,0.43333333333333335
CAID3 Disorder-PDB,AlphaFold-rsa,AF,calibrated,11,15,955,0.46596858638743455
CAID3 Disorder-PDB,AlphaFold-rsa,AF,calibrated,16,20,843,0.561091340450771
CAID3 Disorder-PDB,AlphaFold-rsa,AF,calibrated,21,30,1280,0.72109375
CAID3 Disorder-PDB,AlphaFold-rsa,AF,calibrated,31,50,1872,0.6495726495726496
CAID3 Disorder-PDB,AlphaFold-rsa,AF,calibrated,51,100,3671,0.8558975755924816
CAID3 Disorder-PDB,AlphaFold-rsa,AF,calibrated,101,200,6723,0.8399524022013982
CAID3 Disorder-PDB,AlphaFold-rsa,AF,calibrated,201,-1,6688,0.9567882775119617
CAID3 Disorder-PDB,AlphaFold3-pLDDT,AF,calibrated,1,5,0,
CAID3 Disorder-PDB,AlphaFold3-pLDDT,AF,calibrated,6,10,270,0.762962962962963
CAID3 Disorder-PDB,AlphaFold3-pLDDT,AF,calibrated,11,15,955,0.749738219895288
CAID3 Disorder-PDB,AlphaFold3-pLDDT,AF,calibrated,16,20,843,0.7058125741399762
CAID3 Disorder-PDB,AlphaFold3-pLDDT,AF,calibrated,21,30,1280,0.77109375
CAID3 Disorder-PDB,AlphaFold3-pLDDT,AF,calibrated,31,50,1872,0.750534188034188
CAID3 Disorder-PDB,AlphaFold3-pLDDT,AF,calibrated,51,100,3671,0.8161263960773631
CAID3 Disorder-PDB,AlphaFold3-pLDDT,AF,calibrated,101,200,6723,0.8226982002082404
CAID3 Disorder-PDB,AlphaFold3-pLDDT,AF,calibrated,201,-1,6688,0.8817284688995215
CAID3 Disorder-PDB,AlphaFold3-rsa,AF,calibrated,1,5,0,
CAID3 Disorder-PDB,AlphaFold3-rsa,AF,calibrated,6,10,270,0.4666666666666667
CAID3 Disorder-PDB,AlphaFold3-rsa,AF,calibrated,11,15,955,0.4774869109947644
CAID3 Disorder-PDB,AlphaFold3-rsa,AF,calibrated,16,20,843,0.5895610913404508
CAID3 Disorder-PDB,AlphaFold3-rsa,AF,calibrated,21,30,1280,0.74765625
CAID3 Disorder-PDB,AlphaFold3-rsa,AF,calibrated,31,50,1872,0.6709401709401709
CAID3 Disorder-PDB,AlphaFold3-rsa,AF,calibrated,51,100,3671,0.8697902478888586
CAID3 Disorder-PDB,AlphaFold3-rsa,AF,calibrated,101,200,6723,0.8533392830581585
CAID3 Disorder-PDB,AlphaFold3-rsa,AF,calibrated,201,-1,6688,0.9373504784688995
CAID3 Disorder-PDB,AIUPred,DED,calibrated,1,5,0,
CAID3 Disorder-PDB,AIUPred,DED,calibrated,6,10,270,0.23333333333333334
CAID3 Disorder-PDB,AIUPred,DED,calibrated,11,15,955,0.3089005235602094
CAID3 Disorder-PDB,AIUPred,DED,calibrated,16,20,843,0.29655990510083036
CAID3 Disorder-PDB,AIUPred,DED,calibrated,21,30,1280,0.51328125
CAID3 Disorder-PDB,AIUPred,DED,calibrated,31,50,1872,0.4545940170940171
CAID3 Disorder-PDB,AIUPred,DED,calibrated,51,100,3671,0.6396077363116317
CAID3 Disorder-PDB,AIUPred,DED,calibrated,101,200,6723,0.6727651346125242
CAID3 Disorder-PDB,AIUPred,DED,calibrated,201,-1,6688,0.7529904306220095
CAID3 Disorder-PDB,AIUPred-2-disorder,DED,calibrated,1,5,0,
CAID3 Disorder-PDB,AIUPred-2-disorder,DED,calibrated,6,10,270,0.16666666666666666
CAID3 Disorder-PDB,AIUPred-2-disorder,DED,calibrated,11,15,955,0.36858638743455496
CAID3 Disorder-PDB,AIUPred-2-disorder,DED,calibrated,16,20,843,0.46856465005931197
CAID3 Disorder-PDB,AIUPred-2-disorder,DED,calibrated,21,30,1280,0.56796875
CAID3 Disorder-PDB,AIUPred-2-disorder,DED,calibrated,31,50,1872,0.594551282051282
CAID3 Disorder-PDB,AIUPred-2-disorder,DED,calibrated,51,100,3671,0.7736311631707982
CAID3 Disorder-PDB,AIUPred-2-disorder,DED,calibrated,101,200,6723,0.7928008329614755
CAID3 Disorder-PDB,AIUPred-2-disorder,DED,calibrated,201,-1,6688,0.8621411483253588
CAID3 Disorder-PDB,IUPred3,DED,calibrated,1,5,0,
CAID3 Disorder-PDB,IUPred3,DED,calibrated,6,10,270,0.18888888888888888
CAID3 Disorder-PDB,IUPred3,DED,calibrated,11,15,955,0.33507853403141363
CAID3 Disorder-PDB,IUPred3,DED,calibrated,16,20,843,0.3665480427046263
CAID3 Disorder-PDB,IUPred3,DED,calibrated,21,30,1280,0.4953125
CAID3 Disorder-PDB,IUPred3,DED,calibrated,31,50,1872,0.5603632478632479
CAID3 Disorder-PDB,IUPred3,DED,calibrated,51,100,3671,0.627077090710978
CAID3 Disorder-PDB,IUPred3,DED,calibrated,101,200,6723,0.6644355198572066
CAID3 Disorder-PDB,IUPred3,DED,calibrated,201,-1,6688,0.7824461722488039
CAID3 Disorder-PDB,ESpritz-D,DED,calibrated,1,5,0,
CAID3 Disorder-PDB,ESpritz-D,DED,calibrated,6,10,270,0.29259259259259257
CAID3 Disorder-PDB,ESpritz-D,DED,calibrated,11,15,955,0.33717277486910996
CAID3 Disorder-PDB,ESpritz-D,DED,calibrated,16,20,843,0.3250296559905101
CAID3 Disorder-PDB,ESpritz-D,DED,calibrated,21,30,1280,0.58125
CAID3 Disorder-PDB,ESpritz-D,DED,calibrated,31,50,1872,0.4305555555555556
CAID3 Disorder-PDB,ESpritz-D,DED,calibrated,51,100,3671,0.6017433941705257
CAID3 Disorder-PDB,ESpritz-D,DED,calibrated,101,200,6723,0.5854529228023204
CAID3 Disorder-PDB,ESpritz-D,DED,calibrated,201,-1,6688,0.7897727272727273
CAID3 Disorder-PDB,ESpritz-N,DED,calibrated,1,5,0,
CAID3 Disorder-PDB,ESpritz-N,DED,calibrated,6,10,270,0.42962962962962964
CAID3 Disorder-PDB,ESpritz-N,DED,calibrated,11,15,955,0.5738219895287958
CAID3 Disorder-PDB,ESpritz-N,DED,calibrated,16,20,843,0.4294187425860024
CAID3 Disorder-PDB,ESpritz-N,DED,calibrated,21,30,1280,0.57578125
CAID3 Disorder-PDB,ESpritz-N,DED,calibrated,31,50,1872,0.5972222222222222
CAID3 Disorder-PDB,ESpritz-N,DED,calibrated,51,100,3671,0.6643966221737946
CAID3 Disorder-PDB,ESpritz-N,DED,calibrated,101,200,6723,0.6376617581436859
CAID3 Disorder-PDB,ESpritz-N,DED,calibrated,201,-1,6688,0.7359449760765551
CAID3 Disorder-PDB,ESpritz-X,DED,calibrated,1,5,0,
CAID3 Disorder-PDB,ESpritz-X,DED,calibrated,6,10,270,0.44074074074074077
CAID3 Disorder-PDB,ESpritz-X,DED,calibrated,11,15,955,0.518324607329843
CAID3 Disorder-PDB,ESpritz-X,DED,calibrated,16,20,843,0.46144721233689207
CAID3 Disorder-PDB,ESpritz-X,DED,calibrated,21,30,1280,0.66640625
CAID3 Disorder-PDB,ESpritz-X,DED,calibrated,31,50,1872,0.5806623931623932
CAID3 Disorder-PDB,ESpritz-X,DED,calibrated,51,100,3671,0.6840098065922092
CAID3 Disorder-PDB,ESpritz-X,DED,calibrated,101,200,6723,0.6337944370072884
CAID3 Disorder-PDB,ESpritz-X,DED,calibrated,201,-1,6688,0.7280203349282297
CAID3 Disorder-PDB,MobiDB-lite,DED,calibrated,1,5,0,
CAID3 Disorder-PDB,MobiDB-lite,DED,calibrated,6,10,270,0.3074074074074074
CAID3 Disorder-PDB,MobiDB-lite,DED,calibrated,11,15,955,0.41256544502617803
CAID3 Disorder-PDB,MobiDB-lite,DED,calibrated,16,20,843,0.33807829181494664
CAID3 Disorder-PDB,MobiDB-lite,DED,calibrated,21,30,1280,0.51640625
CAID3 Disorder-PDB,MobiDB-lite,DED,calibrated,31,50,1872,0.48717948717948717
CAID3 Disorder-PDB,MobiDB-lite,DED,calibrated,51,100,3671,0.5796785616998094
CAID3 Disorder-PDB,MobiDB-lite,DED,calibrated,101,200,6723,0.5537706381079875
CAID3 Disorder-PDB,MobiDB-lite,DED,calibrated,201,-1,6688,0.6637260765550239
CAID3 Disorder-PDB,flDPnn,DED,calibrated,1,5,0,
CAID3 Disorder-PDB,flDPnn,DED,calibrated,6,10,270,0.5370370370370371
CAID3 Disorder-PDB,flDPnn,DED,calibrated,11,15,955,0.562303664921466
CAID3 Disorder-PDB,flDPnn,DED,calibrated,16,20,843,0.631079478054567
CAID3 Disorder-PDB,flDPnn,DED,calibrated,21,30,1280,0.67109375
CAID3 Disorder-PDB,flDPnn,DED,calibrated,31,50,1872,0.6517094017094017
CAID3 Disorder-PDB,flDPnn,DED,calibrated,51,100,3671,0.734404794333969
CAID3 Disorder-PDB,flDPnn,DED,calibrated,101,200,6723,0.7438643462739848
CAID3 Disorder-PDB,flDPnn,DED,calibrated,201,-1,6688,0.7377392344497608
CAID3 Disorder-PDB,flDPnn2,DED,calibrated,1,5,0,
CAID3 Disorder-PDB,flDPnn2,DED,calibrated,6,10,270,0.5148148148148148
CAID3 Disorder-PDB,flDPnn2,DED,calibrated,11,15,955,0.5162303664921466
CAID3 Disorder-PDB,flDPnn2,DED,calibrated,16,20,843,0.6476868327402135
CAID3 Disorder-PDB,flDPnn2,DED,calibrated,21,30,1280,0.703125
CAID3 Disorder-PDB,flDPnn2,DED,calibrated,31,50,1872,0.7088675213675214
CAID3 Disorder-PDB,flDPnn2,DED,calibrated,51,100,3671,0.7417597384908744
CAID3 Disorder-PDB,flDPnn2,DED,calibrated,101,200,6723,0.7541276215975011
CAID3 Disorder-PDB,flDPnn2,DED,calibrated,201,-1,6688,0.7758672248803827
CAID3 Disorder-PDB,flDPnn3a,DED,calibrated,1,5,0,
CAID3 Disorder-PDB,flDPnn3a,DED,calibrated,6,10,270,0.6333333333333333
CAID3 Disorder-PDB,flDPnn3a,DED,calibrated,11,15,955,0.669109947643979
CAID3 Disorder-PDB,flDPnn3a,DED,calibrated,16,20,843,0.7188612099644128
CAID3 Disorder-PDB,flDPnn3a,DED,calibrated,21,30,1280,0.8734375
CAID3 Disorder-PDB,flDPnn3a,DED,calibrated,31,50,1872,0.7222222222222222
CAID3 Disorder-PDB,flDPnn3a,DED,calibrated,51,100,3671,0.8357395804957777
CAID3 Disorder-PDB,flDPnn3a,DED,calibrated,101,200,6723,0.8351926223412167
CAID3 Disorder-PDB,flDPnn3a,DED,calibrated,201,-1,6688,0.9058014354066986
CAID3 Disorder-PDB,flDPnn3b,DED,calibrated,1,5,0,
CAID3 Disorder-PDB,flDPnn3b,DED,calibrated,6,10,270,0.6222222222222222
CAID3 Disorder-PDB,flDPnn3b,DED,calibrated,11,15,955,0.5685863874345549
CAID3 Disorder-PDB,flDPnn3b,DED,calibrated,16,20,843,0.6512455516014235
CAID3 Disorder-PDB,flDPnn3b,DED,calibrated,21,30,1280,0.77578125
CAID3 Disorder-PDB,flDPnn3b,DED,calibrated,31,50,1872,0.6538461538461539
CAID3 Disorder-PDB,flDPnn3b,DED,calibrated,51,100,3671,0.7752655952056661
CAID3 Disorder-PDB,flDPnn3b,DED,calibrated,101,200,6723,0.7344935296742525
CAID3 Disorder-PDB,flDPnn3b,DED,calibrated,201,-1,6688,0.7842404306220095
CAID3 Disorder-PDB,DISOPRED3-diso,DED,calibrated,1,5,0,
CAID3 Disorder-PDB,DISOPRED3-diso,DED,calibrated,6,10,270,0.44814814814814813
CAID3 Disorder-PDB,DISOPRED3-diso,DED,calibrated,11,15,955,0.5225130890052356
CAID3 Disorder-PDB,DISOPRED3-diso,DED,calibrated,16,20,843,0.49228944246737844
CAID3 Disorder-PDB,DISOPRED3-diso,DED,calibrated,21,30,1280,0.64921875
CAID3 Disorder-PDB,DISOPRED3-diso,DED,calibrated,31,50,1872,0.6287393162393162
CAID3 Disorder-PDB,DISOPRED3-diso,DED,calibrated,51,100,3671,0.7412149278125851
CAID3 Disorder-PDB,DISOPRED3-diso,DED,calibrated,101,200,6723,0.7098021716495612
CAID3 Disorder-PDB,DISOPRED3-diso,DED,calibrated,201,-1,6688,0.8594497607655502
CAID3 Disorder-PDB,SETH-0,DED,calibrated,1,5,0,
CAID3 Disorder-PDB,SETH-0,DED,calibrated,6,10,270,0.6148148148148148
CAID3 Disorder-PDB,SETH-0,DED,calibrated,11,15,955,0.5895287958115183
CAID3 Disorder-PDB,SETH-0,DED,calibrated,16,20,843,0.5931198102016607
CAID3 Disorder-PDB,SETH-0,DED,calibrated,21,30,1280,0.69375
CAID3 Disorder-PDB,SETH-0,DED,calibrated,31,50,1872,0.6095085470085471
CAID3 Disorder-PDB,SETH-0,DED,calibrated,51,100,3671,0.8082266412421684
CAID3 Disorder-PDB,SETH-0,DED,calibrated,101,200,6723,0.8255243195002231
CAID3 Disorder-PDB,SETH-0,DED,calibrated,201,-1,6688,0.8902511961722488
CAID3 Disorder-PDB,SETH-1,DED,calibrated,1,5,0,
CAID3 Disorder-PDB,SETH-1,DED,calibrated,6,10,270,0.6444444444444445
CAID3 Disorder-PDB,SETH-1,DED,calibrated,11,15,955,0.6397905759162303
CAID3 Disorder-PDB,SETH-1,DED,calibrated,16,20,843,0.5765124555160143
CAID3 Disorder-PDB,SETH-1,DED,calibrated,21,30,1280,0.6515625
CAID3 Disorder-PDB,SETH-1,DED,calibrated,31,50,1872,0.5865384615384616
CAID3 Disorder-PDB,SETH-1,DED,calibrated,51,100,3671,0.7771724325796786
CAID3 Disorder-PDB,SETH-1,DED,calibrated,101,200,6723,0.7767365759333631
CAID3 Disorder-PDB,SETH-1,DED,calibrated,201,-1,6688,0.8310406698564593
CAID3 Disorder-PDB,VSL2,DED,calibrated,1,5,0,
CAID3 Disorder-PDB,VSL2,DED,calibrated,6,10,270,0.32592592592592595
CAID3 Disorder-PDB,VSL2,DED,calibrated,11,15,955,0.3633507853403141
CAID3 Disorder-PDB,VSL2,DED,calibrated,16,20,843,0.3262158956109134
CAID3 Disorder-PDB,VSL2,DED,calibrated,21,30,1280,0.5328125
CAID3 Disorder-PDB,VSL2,DED,calibrated,31,50,1872,0.5523504273504274
CAID3 Disorder-PDB,VSL2,DED,calibrated,51,100,3671,0.7183328793244348
CAID3 Disorder-PDB,VSL2,DED,calibrated,101,200,6723,0.6567008775844118
CAID3 Disorder-PDB,VSL2,DED,calibrated,201,-1,6688,0.7188995215311005
CAID3 Disorder-PDB,SPOT-Disorder,DED,calibrated,1,5,0,
CAID3 Disorder-PDB,SPOT-Disorder,DED,calibrated,6,10,270,0.362962962962963
CAID3 Disorder-PDB,SPOT-Disorder,DED,calibrated,11,15,955,0.562303664921466
CAID3 Disorder-PDB,SPOT-Disorder,DED,calibrated,16,20,843,0.49466192170818507
CAID3 Disorder-PDB,SPOT-Disorder,DED,calibrated,21,30,1280,0.6375
CAID3 Disorder-PDB,SPOT-Disorder,DED,calibrated,31,50,1872,0.6084401709401709
CAID3 Disorder-PDB,SPOT-Disorder,DED,calibrated,51,100,3671,0.7526559520566604
CAID3 Disorder-PDB,SPOT-Disorder,DED,calibrated,101,200,6723,0.8011304477167931
CAID3 Disorder-PDB,SPOT-Disorder,DED,calibrated,201,-1,6688,0.7984449760765551
CAID3 Disorder-PDB,SPOT-Disorder2,DED,calibrated,1,5,0,
CAID3 Disorder-PDB,SPOT-Disorder2,DED,calibrated,6,10,270,0.42962962962962964
CAID3 Disorder-PDB,SPOT-Disorder2,DED,calibrated,11,15,955,0.5947643979057592
CAID3 Disorder-PDB,SPOT-Disorder2,DED,calibrated,16,20,843,0.5504151838671412
CAID3 Disorder-PDB,SPOT-Disorder2,DED,calibrated,21,30,1280,0.69921875
CAID3 Disorder-PDB,SPOT-Disorder2,DED,calibrated,31,50,1872,0.6538461538461539
CAID3 Disorder-PDB,SPOT-Disorder2,DED,calibrated,51,100,3671,0.7820757286842822
CAID3 Disorder-PDB,SPOT-Disorder2,DED,calibrated,101,200,6723,0.8340026773761714
CAID3 Disorder-PDB,SPOT-Disorder2,DED,calibrated,201,-1,6688,0.9038576555023924
CAID3 Disorder-PDB,SPOT-Disorder-Single,DED,calibrated,1,5,0,
CAID3 Disorder-PDB,SPOT-Disorder-Single,DED,calibrated,6,10,270,0.4111111111111111
CAID3 Disorder-PDB,SPOT-Disorder-Single,DED,calibrated,11,15,955,0.5109947643979058
CAID3 Disorder-PDB,SPOT-Disorder-Single,DED,calibrated,16,20,843,0.5136417556346382
CAID3 Disorder-PDB,SPOT-Disorder-Single,DED,calibrated,21,30,1280,0.6921875
CAID3 Disorder-PDB,SPOT-Disorder-Single,DED,calibrated,31,50,1872,0.6127136752136753
CAID3 Disorder-PDB,SPOT-Disorder-Single,DED,calibrated,51,100,3671,0.733587578316535
CAID3 Disorder-PDB,SPOT-Disorder-Single,DED,calibrated,101,200,6723,0.7294362635728098
CAID3 Disorder-PDB,SPOT-Disorder-Single,DED,calibrated,201,-1,6688,0.8092105263157895
CAID3 Disorder-PDB,DisEMBL-dis465,DED,calibrated,1,5,0,
CAID3 Disorder-PDB,DisEMBL-dis465,DED,calibrated,6,10,270,0.4444444444444444
CAID3 Disorder-PDB,DisEMBL-dis465,DED,calibrated,11,15,955,0.5308900523560209
CAID3 Disorder-PDB,DisEMBL-dis465,DED,calibrated,16,20,843,0.45195729537366547
CAID3 Disorder-PDB,DisEMBL-dis465,DED,calibrated,21,30,1280,0.52890625
CAID3 Disorder-PDB,DisEMBL-dis465,DED,calibrated,31,50,1872,0.4909188034188034
CAID3 Disorder-PDB,DisEMBL-dis465,DED,calibrated,51,100,3671,0.5164805230182512
CAID3 Disorder-PDB,DisEMBL-dis465,DED,calibrated,101,200,6723,0.5325003718578015
CAID3 Disorder-PDB,DisEMBL-dis465,DED,calibrated,201,-1,6688,0.5601076555023924
CAID3 Disorder-PDB,DisEMBL-disHL,DED,calibrated,1,5,0,
CAID3 Disorder-PDB,DisEMBL-disHL,DED,calibrated,6,10,270,0.29259259259259257
CAID3 Disorder-PDB,DisEMBL-disHL,DED,calibrated,11,15,955,0.4272251308900524
CAID3 Disorder-PDB,DisEMBL-disHL,DED,calibrated,16,20,843,0.27876631079478054
CAID3 Disorder-PDB,DisEMBL-disHL,DED,calibrated,21,30,1280,0.45078125
CAID3 Disorder-PDB,DisEMBL-disHL,DED,calibrated,31,50,1872,0.36378205128205127
CAID3 Disorder-PDB,DisEMBL-disHL,DED,calibrated,51,100,3671,0.34786161808771454
CAID3 Disorder-PDB,DisEMBL-disHL,DED,calibrated,101,200,6723,0.2942138926074669
CAID3 Disorder-PDB,DisEMBL-disHL,DED,calibrated,201,-1,6688,0.3264055023923445
CAID3 Disorder-PDB,IsUnstruct,DED,calibrated,1,5,0,
CAID3 Disorder-PDB,IsUnstruct,DED,calibrated,6,10,270,0.42962962962962964
CAID3 Disorder-PDB,IsUnstruct,DED,calibrated,11,15,955,0.48900523560209425
CAID3 Disorder-PDB,IsUnstruct,DED,calibrated,16,20,843,0.40094899169632264
CAID3 Disorder-PDB,IsUnstruct,DED,calibrated,21,30,1280,0.640625
CAID3 Disorder-PDB,IsUnstruct,DED,calibrated,31,50,1872,0.5534188034188035
CAID3 Disorder-PDB,IsUnstruct,DED,calibrated,51,100,3671,0.6635794061563607
CAID3 Disorder-PDB,IsUnstruct,DED,calibrated,101,200,6723,0.6406366205562992
CAID3 Disorder-PDB,IsUnstruct,DED,calibrated,201,-1,6688,0.7024521531100478
CAID3 Disorder-PDB,RONN,DED,calibrated,1,5,0,
CAID3 Disorder-PDB,RONN,DED,calibrated,6,10,270,0.31851851851851853
CAID3 Disorder-PDB,RONN,DED,calibrated,11,15,955,0.38010471204188484
CAID3 Disorder-PDB,RONN,DED,calibrated,16,20,843,0.4626334519572954
CAID3 Disorder-PDB,RONN,DED,calibrated,21,30,1280,0.54921875
CAID3 Disorder-PDB,RONN,DED,calibrated,31,50,1872,0.5699786324786325
CAID3 Disorder-PDB,RONN,DED,calibrated,51,100,3671,0.6287115227458459
CAID3 Disorder-PDB,RONN,DED,calibrated,101,200,6723,0.6172839506172839
CAID3 Disorder-PDB,RONN,DED,calibrated,201,-1,6688,0.6797248803827751
CAID3 Disorder-PDB,PreDisorder,DED,calibrated,1,5,0,
CAID3 Disorder-PDB,PreDisorder,DED,calibrated,6,10,270,0.5666666666666667
CAID3 Disorder-PDB,PreDisorder,DED,calibrated,11,15,955,0.6471204188481675
CAID3 Disorder-PDB,PreDisorder,DED,calibrated,16,20,843,0.5195729537366548
CAID3 Disorder-PDB,PreDisorder,DED,calibrated,21,30,1280,0.6484375
CAID3 Disorder-PDB,PreDisorder,DED,calibrated,31,50,1872,0.6399572649572649
CAID3 Disorder-PDB,PreDisorder,DED,calibrated,51,100,3671,0.6752928357395805
CAID3 Disorder-PDB,PreDisorder,DED,calibrated,101,200,6723,0.6355793544548565
CAID3 Disorder-PDB,PreDisorder,DED,calibrated,201,-1,6688,0.6753887559808612
CAID3 Disorder-PDB,OPAL,DED,calibrated,1,5,0,
CAID3 Disorder-PDB,OPAL,DED,calibrated,6,10,270,0.6259259259259259
CAID3 Disorder-PDB,OPAL,DED,calibrated,11,15,955,0.6198952879581152
CAID3 Disorder-PDB,OPAL,DED,calibrated,16,20,843,0.693950177935943
CAID3 Disorder-PDB,OPAL,DED,calibrated,21,30,1280,0.8421875
CAID3 Disorder-PDB,OPAL,DED,calibrated,31,50,1872,0.6794871794871795
CAID3 Disorder-PDB,OPAL,DED,calibrated,51,100,3671,0.7567420321438301
CAID3 Disorder-PDB,OPAL,DED,calibrated,101,200,6723,0.5640339134315038
CAID3 Disorder-PDB,OPAL,DED,calibrated,201,-1,6688,0.6007775119617225
CAID3 Disorder-PDB,pyHCA,DED,calibrated,1,5,0,
CAID3 Disorder-PDB,pyHCA,DED,calibrated,6,10,270,0.25925925925925924
CAID3 Disorder-PDB,pyHCA,DED,calibrated,11,15,955,0.32774869109947646
CAID3 Disorder-PDB,pyHCA,DED,calibrated,16,20,843,0.3190984578884935
CAID3 Disorder-PDB,pyHCA,DED,calibrated,21,30,1280,0.56171875
CAID3 Disorder-PDB,pyHCA,DED,calibrated,31,50,1872,0.5085470085470085
CAID3 Disorder-PDB,pyHCA,DED,calibrated,51,100,3671,0.6445110324162353
CAID3 Disorder-PDB,pyHCA,DED,calibrated,101,200,6723,0.6546184738955824
CAID3 Disorder-PDB,pyHCA,DED,calibrated,201,-1,6688,0.7082834928229665
CAID3 Disorder-PDB,DeepIDP-2L,DED,calibrated,1,5,0,
CAID3 Disorder-PDB,DeepIDP-2L,DED,calibrated,6,10,270,0.44074074074074077
CAID3 Disorder-PDB,DeepIDP-2L,DED,calibrated,11,15,955,0.45759162303664924
CAID3 Disorder-PDB,DeepIDP-2L,DED,calibrated,16,20,843,0.4958481613285884
CAID3 Disorder-PDB,DeepIDP-2L,DED,calibrated,21,30,1280,0.61796875
CAID3 Disorder-PDB,DeepIDP-2L,DED,calibrated,31,50,1872,0.5331196581196581
CAID3 Disorder-PDB,DeepIDP-2L,DED,calibrated,51,100,3671,0.6507763552165623
CAID3 Disorder-PDB,DeepIDP-2L,DED,calibrated,101,200,6723,0.7391045664138034
CAID3 Disorder-PDB,DeepIDP-2L,DED,calibrated,201,-1,6688,0.7257775119617225
CAID3 Disorder-PDB,PredIDR-long,DED,calibrated,1,5,0,
CAID3 Disorder-PDB,PredIDR-long,DED,calibrated,6,10,270,0.4925925925925926
CAID3 Disorder-PDB,PredIDR-long,DED,calibrated,11,15,955,0.6083769633507854
CAID3 Disorder-PDB,PredIDR-long,DED,calibrated,16,20,843,0.6465005931198102
CAID3 Disorder-PDB,PredIDR-long,DED,calibrated,21,30,1280,0.75703125
CAID3 Disorder-PDB,PredIDR-long,DED,calibrated,31,50,1872,0.7622863247863247
CAID3 Disorder-PDB,PredIDR-long,DED,calibrated,51,100,3671,0.8264777989648597
CAID3 Disorder-PDB,PredIDR-long,DED,calibrated,101,200,6723,0.8222519708463484
CAID3 Disorder-PDB,PredIDR-long,DED,calibrated,201,-1,6688,0.8421052631578947
CAID3 Disorder-PDB,PredIDR-short,DED,calibrated,1,5,0,
CAID3 Disorder-PDB,PredIDR-short,DED,calibrated,6,10,270,0.6703703703703704
CAID3 Disorder-PDB,PredIDR-short,DED,calibrated,11,15,955,0.7193717277486911
CAID3 Disorder-PDB,PredIDR-short,DED,calibrated,16,20,843,0.6951364175563464
CAID3 Disorder-PDB,PredIDR-short,DED,calibrated,21,30,1280,0.7703125
CAID3 Disorder-PDB,PredIDR-short,DED,calibrated,31,50,1872,0.7777777777777778
CAID3 Disorder-PDB,PredIDR-short,DED,calibrated,51,100,3671,0.8267502043040044
CAID3 Disorder-PDB,PredIDR-short,DED,calibrated,101,200,6723,0.8151123010560761
CAID3 Disorder-PDB,PredIDR-short,DED,calibrated,201,-1,6688,0.8292464114832536
CAID3 Disorder-PDB,PredIDR2-Prof-Art,DED,calibrated,1,5,0,
CAID3 Disorder-PDB,PredIDR2-Prof-Art,DED,calibrated,6,10,270,0.37777777777777777
CAID3 Disorder-PDB,PredIDR2-Prof-Art,DED,calibrated,11,15,955,0.556020942408377
CAID3 Disorder-PDB,PredIDR2-Prof-Art,DED,calibrated,16,20,843,0.66429418742586
CAID3 Disorder-PDB,PredIDR2-Prof-Art,DED,calibrated,21,30,1280,0.75546875
CAID3 Disorder-PDB,PredIDR2-Prof-Art,DED,calibrated,31,50,1872,0.7767094017094017
CAID3 Disorder-PDB,PredIDR2-Prof-Art,DED,calibrated,51,100,3671,0.8327431217651866
CAID3 Disorder-PDB,PredIDR2-Prof-Art,DED,calibrated,101,200,6723,0.8729733749814071
CAID3 Disorder-PDB,PredIDR2-Prof-Art,DED,calibrated,201,-1,6688,0.8956339712918661
CAID3 Disorder-PDB,PredIDR2-Seq-Art,DED,calibrated,1,5,0,
CAID3 Disorder-PDB,PredIDR2-Seq-Art,DED,calibrated,6,10,270,0.26296296296296295
CAID3 Disorder-PDB,PredIDR2-Seq-Art,DED,calibrated,11,15,955,0.5089005235602094
CAID3 Disorder-PDB,PredIDR2-Seq-Art,DED,calibrated,16,20,843,0.6429418742586003
CAID3 Disorder-PDB,PredIDR2-Seq-Art,DED,calibrated,21,30,1280,0.6890625
CAID3 Disorder-PDB,PredIDR2-Seq-Art,DED,calibrated,31,50,1872,0.7377136752136753
CAID3 Disorder-PDB,PredIDR2-Seq-Art,DED,calibrated,51,100,3671,0.8450013620266957
CAID3 Disorder-PDB,PredIDR2-Seq-Art,DED,calibrated,101,200,6723,0.8734196043432991
CAID3 Disorder-PDB,PredIDR2-Seq-Art,DED,calibrated,201,-1,6688,0.8951854066985646
CAID3 Disorder-PDB,AUCpred-profile,DED,calibrated,1,5,0,
CAID3 Disorder-PDB,AUCpred-profile,DED,calibrated,6,10,270,0.5148148148148148
CAID3 Disorder-PDB,AUCpred-profile,DED,calibrated,11,15,955,0.587434554973822
CAID3 Disorder-PDB,AUCpred-profile,DED,calibrated,16,20,843,0.5456702253855279
CAID3 Disorder-PDB,AUCpred-profile,DED,calibrated,21,30,1280,0.721875
CAID3 Disorder-PDB,AUCpred-profile,DED,calibrated,31,50,1872,0.6495726495726496
CAID3 Disorder-PDB,AUCpred-profile,DED,calibrated,51,100,3671,0.7910651048760555
CAID3 Disorder-PDB,AUCpred-profile,DED,calibrated,101,200,6723,0.6889781347612673
CAID3 Disorder-PDB,AUCpred-profile,DED,calibrated,201,-1,6688,0.7105263157894737
CAID3 Disorder-PDB,AUCpred-no-profile,DED,calibrated,1,5,0,
CAID3 Disorder-PDB,AUCpred-no-profile,DED,calibrated,6,10,270,0.44814814814814813
CAID3 Disorder-PDB,AUCpred-no-profile,DED,calibrated,11,15,955,0.5769633507853403
CAID3 Disorder-PDB,AUCpred-no-profile,DED,calibrated,16,20,843,0.5539739027283511
CAID3 Disorder-PDB,AUCpred-no-profile,DED,calibrated,21,30,1280,0.690625
CAID3 Disorder-PDB,AUCpred-no-profile,DED,calibrated,31,50,1872,0.6698717948717948
CAID3 Disorder-PDB,AUCpred-no-profile,DED,calibrated,51,100,3671,0.7314083356033778
CAID3 Disorder-PDB,AUCpred-no-profile,DED,calibrated,101,200,6723,0.6803510337646884
CAID3 Disorder-PDB,AUCpred-no-profile,DED,calibrated,201,-1,6688,0.7015550239234449
CAID3 Disorder-PDB,DisoPred,DED,calibrated,1,5,0,
CAID3 Disorder-PDB,DisoPred,DED,calibrated,6,10,270,0.2962962962962963
CAID3 Disorder-PDB,DisoPred,DED,calibrated,11,15,955,0.393717277486911
CAID3 Disorder-PDB,DisoPred,DED,calibrated,16,20,843,0.5005931198102017
CAID3 Disorder-PDB,DisoPred,DED,calibrated,21,30,1280,0.6640625
CAID3 Disorder-PDB,DisoPred,DED,calibrated,31,50,1872,0.6004273504273504
CAID3 Disorder-PDB,DisoPred,DED,calibrated,51,100,3671,0.7687278670661944
CAID3 Disorder-PDB,DisoPred,DED,calibrated,101,200,6723,0.747434181169121
CAID3 Disorder-PDB,DisoPred,DED,calibrated,201,-1,6688,0.8898026315789473
CAID3 Disorder-PDB,DisPredict2,DED,calibrated,1,5,0,
CAID3 Disorder-PDB,DisPredict2,DED,calibrated,6,10,270,0.44074074074074077
CAID3 Disorder-PDB,DisPredict2,DED,calibrated,11,15,955,0.4806282722513089
CAID3 Disorder-PDB,DisPredict2,DED,calibrated,16,20,843,0.5065243179122183
CAID3 Disorder-PDB,DisPredict2,DED,calibrated,21,30,1280,0.47109375
CAID3 Disorder-PDB,DisPredict2,DED,calibrated,31,50,1872,0.594017094017094
CAID3 Disorder-PDB,DisPredict2,DED,calibrated,51,100,3671,0.5260147098883138
CAID3 Disorder-PDB,DisPredict2,DED,calibrated,101,200,6723,0.6009222073479101
CAID3 Disorder-PDB,DisPredict2,DED,calibrated,201,-1,6688,0.6818181818181818
CAID3 Disorder-PDB,DisPredict3,DED,calibrated,1,5,0,
CAID3 Disorder-PDB,DisPredict3,DED,calibrated,6,10,270,0.5296296296296297
CAID3 Disorder-PDB,DisPredict3,DED,calibrated,11,15,955,0.5476439790575917
CAID3 Disorder-PDB,DisPredict3,DED,calibrated,16,20,843,0.6180308422301305
CAID3 Disorder-PDB,DisPredict3,DED,calibrated,21,30,1280,0.7046875
CAID3 Disorder-PDB,DisPredict3,DED,calibrated,31,50,1872,0.6891025641025641
CAID3 Disorder-PDB,DisPredict3,DED,calibrated,51,100,3671,0.7450286025606102
CAID3 Disorder-PDB,DisPredict3,DED,calibrated,101,200,6723,0.7504090435817343
CAID3 Disorder-PDB,DisPredict3,DED,calibrated,201,-1,6688,0.8407595693779905
CAID3 Disorder-PDB,IDP-Fusion,DED,calibrated,1,5,0,
CAID3 Disorder-PDB,IDP-Fusion,DED,calibrated,6,10,270,0.5074074074074074
CAID3 Disorder-PDB,IDP-Fusion,DED,calibrated,11,15,955,0.5350785340314136
CAID3 Disorder-PDB,IDP-Fusion,DED,calibrated,16,20,843,0.5682087781731909
CAID3 Disorder-PDB,IDP-Fusion,DED,calibrated,21,30,1280,0.7203125
CAID3 Disorder-PDB,IDP-Fusion,DED,calibrated,31,50,1872,0.655448717948718
CAID3 Disorder-PDB,IDP-Fusion,DED,calibrated,51,100,3671,0.7709071097793517
CAID3 Disorder-PDB,IDP-Fusion,DED,calibrated,101,200,6723,0.8087163468689573
CAID3 Disorder-PDB,IDP-Fusion,DED,calibrated,201,-1,6688,0.7945574162679426
CAID3 Disorder-PDB,rawMSA-disorder,DED,calibrated,1,5,0,
CAID3 Disorder-PDB,rawMSA-disorder,DED,calibrated,6,10,270,0.6518518518518519
CAID3 Disorder-PDB,rawMSA-disorder,DED,calibrated,11,15,955,0.6387434554973822
CAID3 Disorder-PDB,rawMSA-disorder,DED,calibrated,16,20,843,0.6263345195729537
CAID3 Disorder-PDB,rawMSA-disorder,DED,calibrated,21,30,1280,0.81953125
CAID3 Disorder-PDB,rawMSA-disorder,DED,calibrated,31,50,1872,0.6917735042735043
CAID3 Disorder-PDB,rawMSA-disorder,DED,calibrated,51,100,3671,0.813947153364206
CAID3 Disorder-PDB,rawMSA-disorder,DED,calibrated,101,200,6723,0.810650007437156
CAID3 Disorder-PDB,rawMSA-disorder,DED,calibrated,201,-1,6688,0.7914174641148325
CAID3 Disorder-PDB,Metapredict-v1,DED,calibrated,1,5,0,
CAID3 Disorder-PDB,Metapredict-v1,DED,calibrated,6,10,270,0.42962962962962964
CAID3 Disorder-PDB,Metapredict-v1,DED,calibrated,11,15,955,0.49109947643979057
CAID3 Disorder-PDB,Metapredict-v1,DED,calibrated,16,20,843,0.4400948991696323
CAID3 Disorder-PDB,Metapredict-v1,DED,calibrated,21,30,1280,0.61171875
CAID3 Disorder-PDB,Metapredict-v1,DED,calibrated,31,50,1872,0.5587606837606838
CAID3 Disorder-PDB,Metapredict-v1,DED,calibrated,51,100,3671,0.6845546172704985
CAID3 Disorder-PDB,Metapredict-v1,DED,calibrated,101,200,6723,0.6586345381526104
CAID3 Disorder-PDB,Metapredict-v1,DED,calibrated,201,-1,6688,0.7425239234449761
CAID3 Disorder-PDB,Metapredict-v2,DED,calibrated,1,5,0,
CAID3 Disorder-PDB,Metapredict-v2,DED,calibrated,6,10,270,0.34074074074074073
CAID3 Disorder-PDB,Metapredict-v2,DED,calibrated,11,15,955,0.49214659685863876
CAID3 Disorder-PDB,Metapredict-v2,DED,calibrated,16,20,843,0.5231316725978647
CAID3 Disorder-PDB,Metapredict-v2,DED,calibrated,21,30,1280,0.6390625
CAID3 Disorder-PDB,Metapredict-v2,DED,calibrated,31,50,1872,0.5998931623931624
CAID3 Disorder-PDB,Metapredict-v2,DED,calibrated,51,100,3671,0.7692726777444838
CAID3 Disorder-PDB,Metapredict-v2,DED,calibrated,101,200,6723,0.7825375576379593
CAID3 Disorder-PDB,Metapredict-v2,DED,calibrated,201,-1,6688,0.8724581339712919
CAID3 Disorder-PDB,Metapredict-v3,DED,calibrated,1,5,0,
CAID3 Disorder-PDB,Metapredict-v3,DED,calibrated,6,10,270,0.15555555555555556
CAID3 Disorder-PDB,Metapredict-v3,DED,calibrated,11,15,955,0.35706806282722514
CAID3 Disorder-PDB,Metapredict-v3,DED,calibrated,16,20,843,0.33570581257413995
CAID3 Disorder-PDB,Metapredict-v3,DED,calibrated,21,30,1280,0.55703125
CAID3 Disorder-PDB,Metapredict-v3,DED,calibrated,31,50,1872,0.5229700854700855
CAID3 Disorder-PDB,Metapredict-v3,DED,calibrated,51,100,3671,0.8174884227730863
CAID3 Disorder-PDB,Metapredict-v3,DED,calibrated,101,200,6723,0.8160047597798602
CAID3 Disorder-PDB,Metapredict-v3,DED,calibrated,201,-1,6688,0.8942882775119617
CAID3 Disorder-PDB,DisoMine,DED,calibrated,1,5,0,
CAID3 Disorder-PDB,DisoMine,DED,calibrated,6,10,270,0.3888888888888889
CAID3 Disorder-PDB,DisoMine,DED,calibrated,11,15,955,0.47958115183246075
CAID3 Disorder-PDB,DisoMine,DED,calibrated,16,20,843,0.4578884934756821
CAID3 Disorder-PDB,DisoMine,DED,calibrated,21,30,1280,0.671875
CAID3 Disorder-PDB,DisoMine,DED,calibrated,31,50,1872,0.4230769230769231
CAID3 Disorder-PDB,DisoMine,DED,calibrated,51,100,3671,0.6668482702260964
CAID3 Disorder-PDB,DisoMine,DED,calibrated,101,200,6723,0.6327532351628737
CAID3 Disorder-PDB,DisoMine,DED,calibrated,201,-1,6688,0.8148923444976076
CAID3 Disorder-PDB,PUNCH2,DED,calibrated,1,5,0,
CAID3 Disorder-PDB,PUNCH2,DED,calibrated,6,10,270,0.46296296296296297
CAID3 Disorder-PDB,PUNCH2,DED,calibrated,11,15,955,0.48586387434554973
CAID3 Disorder-PDB,PUNCH2,DED,calibrated,16,20,843,0.6014234875444839
CAID3 Disorder-PDB,PUNCH2,DED,calibrated,21,30,1280,0.65546875
CAID3 Disorder-PDB,PUNCH2,DED,calibrated,31,50,1872,0.6351495726495726
CAID3 Disorder-PDB,PUNCH2,DED,calibrated,51,100,3671,0.8272950149822936
CAID3 Disorder-PDB,PUNCH2,DED,calibrated,101,200,6723,0.8453071545441023
CAID3 Disorder-PDB,PUNCH2,DED,calibrated,201,-1,6688,0.9469198564593302
CAID3 Disorder-PDB,PUNCH2-Light,DED,calibrated,1,5,0,
CAID3 Disorder-PDB,PUNCH2-Light,DED,calibrated,6,10,270,0.362962962962963
CAID3 Disorder-PDB,PUNCH2-Light,DED,calibrated,11,15,955,0.4418848167539267
CAID3 Disorder-PDB,PUNCH2-Light,DED,calibrated,16,20,843,0.5539739027283511
CAID3 Disorder-PDB,PUNCH2-Light,DED,calibrated,21,30,1280,0.6140625
CAID3 Disorder-PDB,PUNCH2-Light,DED,calibrated,31,50,1872,0.5950854700854701
CAID3 Disorder-PDB,PUNCH2-Light,DED,calibrated,51,100,3671,0.7864342141105966
CAID3 Disorder-PDB,PUNCH2-Light,DED,calibrated,101,200,6723,0.8298378699985126
CAID3 Disorder-PDB,PUNCH2-Light,DED,calibrated,201,-1,6688,0.9424342105263158
CAID3 Disorder-PDB,DisorderUnetLM,DED,calibrated,1,5,0,
CAID3 Disorder-PDB,DisorderUnetLM,DED,calibrated,6,10,270,0.6407407407407407
CAID3 Disorder-PDB,DisorderUnetLM,DED,calibrated,11,15,955,0.7382198952879581
CAID3 Disorder-PDB,DisorderUnetLM,DED,calibrated,16,20,843,0.708185053380783
CAID3 Disorder-PDB,DisorderUnetLM,DED,calibrated,21,30,1280,0.8421875
CAID3 Disorder-PDB,DisorderUnetLM,DED,calibrated,31,50,1872,0.8087606837606838
CAID3 Disorder-PDB,DisorderUnetLM,DED,calibrated,51,100,3671,0.8610732770362299
CAID3 Disorder-PDB,DisorderUnetLM,DED,calibrated,101,200,6723,0.8380187416331994
CAID3 Disorder-PDB,DisorderUnetLM,DED,calibrated,201,-1,6688,0.965011961722488
CAID3 Disorder-PDB,LMDisorder,DED,calibrated,1,5,0,
CAID3 Disorder-PDB,LMDisorder,DED,calibrated,6,10,270,0.4703703703703704
CAID3 Disorder-PDB,LMDisorder,DED,calibrated,11,15,955,0.5047120418848168
CAID3 Disorder-PDB,LMDisorder,DED,calibrated,16,20,843,0.5456702253855279
CAID3 Disorder-PDB,LMDisorder,DED,calibrated,21,30,1280,0.68359375
CAID3 Disorder-PDB,LMDisorder,DED,calibrated,31,50,1872,0.6335470085470085
CAID3 Disorder-PDB,LMDisorder,DED,calibrated,51,100,3671,0.7959684009806592
CAID3 Disorder-PDB,LMDisorder,DED,calibrated,101,200,6723,0.8461996132678864
CAID3 Disorder-PDB,LMDisorder,DED,calibrated,201,-1,6688,0.9448265550239234
CAID3 Disorder-PDB,ESMDisPred-1,DED,calibrated,1,5,0,
CAID3 Disorder-PDB,ESMDisPred-1,DED,calibrated,6,10,270,0.5555555555555556
CAID3 Disorder-PDB,ESMDisPred-1,DED,calibrated,11,15,955,0.5842931937172775
CAID3 Disorder-PDB,ESMDisPred-1,DED,calibrated,16,20,843,0.6832740213523132
CAID3 Disorder-PDB,ESMDisPred-1,DED,calibrated,21,30,1280,0.71796875
CAID3 Disorder-PDB,ESMDisPred-1,DED,calibrated,31,50,1872,0.6960470085470085
CAID3 Disorder-PDB,ESMDisPred-1,DED,calibrated,51,100,3671,0.817760828112231
CAID3 Disorder-PDB,ESMDisPred-1,DED,calibrated,101,200,6723,0.8110962367990481
CAID3 Disorder-PDB,ESMDisPred-1,DED,calibrated,201,-1,6688,0.8569078947368421
CAID3 Disorder-PDB,ESMDisPred-2,DED,calibrated,1,5,0,
CAID3 Disorder-PDB,ESMDisPred-2,DED,calibrated,6,10,270,0.5259259259259259
CAID3 Disorder-PDB,ESMDisPred-2,DED,calibrated,11,15,955,0.562303664921466
CAID3 Disorder-PDB,ESMDisPred-2,DED,calibrated,16,20,843,0.6773428232502966
CAID3 Disorder-PDB,ESMDisPred-2,DED,calibrated,21,30,1280,0.72578125
CAID3 Disorder-PDB,ESMDisPred-2,DED,calibrated,31,50,1872,0.6741452991452992
CAID3 Disorder-PDB,ESMDisPred-2,DED,calibrated,51,100,3671,0.7981476436938164
CAID3 Disorder-PDB,ESMDisPred-2,DED,calibrated,101,200,6723,0.8042540532500372
CAID3 Disorder-PDB,ESMDisPred-2,DED,calibrated,201,-1,6688,0.8415071770334929
CAID3 Disorder-PDB,UdonPred-DisProt,DED,calibrated,1,5,0,
CAID3 Disorder-PDB,UdonPred-DisProt,DED,calibrated,6,10,270,0.5925925925925926
CAID3 Disorder-PDB,UdonPred-DisProt,DED,calibrated,11,15,955,0.5884816753926702
CAID3 Disorder-PDB,UdonPred-DisProt,DED,calibrated,16,20,843,0.6227758007117438
CAID3 Disorder-PDB,UdonPred-DisProt,DED,calibrated,21,30,1280,0.678125
CAID3 Disorder-PDB,UdonPred-DisProt,DED,calibrated,31,50,1872,0.6351495726495726
CAID3 Disorder-PDB,UdonPred-DisProt,DED,calibrated,51,100,3671,0.7858894034323073
CAID3 Disorder-PDB,UdonPred-DisProt,DED,calibrated,101,200,6723,0.737022162724974
CAID3 Disorder-PDB,UdonPred-DisProt,DED,calibrated,201,-1,6688,0.7698863636363636
CAID3 Disorder-PDB,UdonPred-combined,DED,calibrated,1,5,0,
CAID3 Disorder-PDB,UdonPred-combined,DED,calibrated,6,10,270,0.5259259259259259
CAID3 Disorder-PDB,UdonPred-combined,DED,calibrated,11,15,955,0.5214659685863874
CAID3 Disorder-PDB,UdonPred-combined,DED,calibrated,16,20,843,0.5990510083036773
CAID3 Disorder-PDB,UdonPred-combined,DED,calibrated,21,30,1280,0.71796875
CAID3 Disorder-PDB,UdonPred-combined,DED,calibrated,31,50,1872,0.6923076923076923
CAID3 Disorder-PDB,UdonPred-combined,DED,calibrated,51,100,3671,0.8422773086352493
CAID3 Disorder-PDB,UdonPred-combined,DED,calibrated,101,200,6723,0.8426297783727502
CAID3 Disorder-PDB,UdonPred-combined,DED,calibrated,201,-1,6688,0.8848684210526315
CAID3 Disorder-PDB,DARUMA-beta,DED,calibrated,1,5,0,
CAID3 Disorder-PDB,DARUMA-beta,DED,calibrated,6,10,270,0.32222222222222224
CAID3 Disorder-PDB,DARUMA-beta,DED,calibrated,11,15,955,0.4261780104712042
CAID3 Disorder-PDB,DARUMA-beta,DED,calibrated,16,20,843,0.4626334519572954
CAID3 Disorder-PDB,DARUMA-beta,DED,calibrated,21,30,1280,0.62109375
CAID3 Disorder-PDB,DARUMA-beta,DED,calibrated,31,50,1872,0.5673076923076923
CAID3 Disorder-PDB,DARUMA-beta,DED,calibrated,51,100,3671,0.7101607191500954
CAID3 Disorder-PDB,DARUMA-beta,DED,calibrated,101,200,6723,0.7486241261341663
CAID3 Disorder-PDB,DARUMA-beta,DED,calibrated,201,-1,6688,0.8328349282296651
CAID3 Disorder-PDB,DisoFLAG-IDR,DED,calibrated,1,5,0,
CAID3 Disorder-PDB,DisoFLAG-IDR,DED,calibrated,6,10,270,0.5037037037037037
CAID3 Disorder-PDB,DisoFLAG-IDR,DED,calibrated,11,15,955,0.5968586387434555
CAID3 Disorder-PDB,DisoFLAG-IDR,DED,calibrated,16,20,843,0.5824436536180309
CAID3 Disorder-PDB,DisoFLAG-IDR,DED,calibrated,21,30,1280,0.775
CAID3 Disorder-PDB,DisoFLAG-IDR,DED,calibrated,31,50,1872,0.6762820512820513
CAID3 Disorder-PDB,DisoFLAG-IDR,DED,calibrated,51,100,3671,0.8272950149822936
CAID3 Disorder-PDB,DisoFLAG-IDR,DED,calibrated,101,200,6723,0.8047002826119292
CAID3 Disorder-PDB,DisoFLAG-IDR,DED,calibrated,201,-1,6688,0.8764952153110048
CAID3 Disorder-PDB,s2D-2,DED,calibrated,1,5,0,
CAID3 Disorder-PDB,s2D-2,DED,calibrated,6,10,270,0.6666666666666666
CAID3 Disorder-PDB,s2D-2,DED,calibrated,11,15,955,0.6994764397905759
CAID3 Disorder-PDB,s2D-2,DED,calibrated,16,20,843,0.6761565836298933
CAID3 Disorder-PDB,s2D-2,DED,calibrated,21,30,1280,0.6546875
CAID3 Disorder-PDB,s2D-2,DED,calibrated,31,50,1872,0.593482905982906
CAID3 Disorder-PDB,s2D-2,DED,calibrated,51,100,3671,0.7044402070280578
CAID3 Disorder-PDB,s2D-2,DED,calibrated,101,200,6723,0.6694927859586494
CAID3 Disorder-PDB,s2D-2,DED,calibrated,201,-1,6688,0.6605861244019139
CAID3 Disorder-NOX,AlphaFold-pLDDT,AF,calibrated,1,5,0,
CAID3 Disorder-NOX,AlphaFold-pLDDT,AF,calibrated,6,10,60,0.6333333333333333
CAID3 Disorder-NOX,AlphaFold-pLDDT,AF,calibrated,11,15,314,0.6464968152866242
CAID3 Disorder-NOX,AlphaFold-pLDDT,AF,calibrated,16,20,349,0.5959885386819485
CAID3 Disorder-NOX,AlphaFold-pLDDT,AF,calibrated,21,30,647,0.714064914992272
CAID3 Disorder-NOX,AlphaFold-pLDDT,AF,calibrated,31,50,1017,0.6991150442477876
CAID3 Disorder-NOX,AlphaFold-pLDDT,AF,calibrated,51,100,2701,0.8556090336912254
CAID3 Disorder-NOX,AlphaFold-pLDDT,AF,calibrated,101,200,6096,0.8508858267716536
CAID3 Disorder-NOX,AlphaFold-pLDDT,AF,calibrated,201,-1,6688,0.8609449760765551
CAID3 Disorder-NOX,AlphaFold-rsa,AF,calibrated,1,5,0,
CAID3 Disorder-NOX,AlphaFold-rsa,AF,calibrated,6,10,60,0.45
CAID3 Disorder-NOX,AlphaFold-rsa,AF,calibrated,11,15,314,0.5063694267515924
CAID3 Disorder-NOX,AlphaFold-rsa,AF,calibrated,16,20,349,0.5329512893982808
CAID3 Disorder-NOX,AlphaFold-rsa,AF,calibrated,21,30,647,0.6800618238021638
CAID3 Disorder-NOX,AlphaFold-rsa,AF,calibrated,31,50,1017,0.7315634218289085
CAID3 Disorder-NOX,AlphaFold-rsa,AF,calibrated,51,100,2701,0.8593113661606813
CAID3 Disorder-NOX,AlphaFold-rsa,AF,calibrated,101,200,6096,0.8361220472440944
CAID3 Disorder-NOX,AlphaFold-rsa,AF,calibrated,201,-1,6688,0.9222488038277512
CAID3 Disorder-NOX,AlphaFold3-pLDDT,AF,calibrated,1,5,0,
CAID3 Disorder-NOX,AlphaFold3-pLDDT,AF,calibrated,6,10,60,0.7666666666666667
CAID3 Disorder-NOX,AlphaFold3-pLDDT,AF,calibrated,11,15,314,0.7101910828025477
CAID3 Disorder-NOX,AlphaFold3-pLDDT,AF,calibrated,16,20,349,0.6762177650429799
CAID3 Disorder-NOX,AlphaFold3-pLDDT,AF,calibrated,21,30,647,0.7789799072642968
CAID3 Disorder-NOX,AlphaFold3-pLDDT,AF,calibrated,31,50,1017,0.7138643067846607
CAID3 Disorder-NOX,AlphaFold3-pLDDT,AF,calibrated,51,100,2701,0.8718992965568308
CAID3 Disorder-NOX,AlphaFold3-pLDDT,AF,calibrated,101,200,6096,0.854002624671916
CAID3 Disorder-NOX,AlphaFold3-pLDDT,AF,calibrated,201,-1,6688,0.8817284688995215
CAID3 Disorder-NOX,AlphaFold3-rsa,AF,calibrated,1,5,0,
CAID3 Disorder-NOX,AlphaFold3-rsa,AF,calibrated,6,10,60,0.7
CAID3 Disorder-NOX,AlphaFold3-rsa,AF,calibrated,11,15,314,0.6815286624203821
CAID3 Disorder-NOX,AlphaFold3-rsa,AF,calibrated,16,20,349,0.6303724928366762
CAID3 Disorder-NOX,AlphaFold3-rsa,AF,calibrated,21,30,647,0.8531684698608965
CAID3 Disorder-NOX,AlphaFold3-rsa,AF,calibrated,31,50,1017,0.8525073746312685
CAID3 Disorder-NOX,AlphaFold3-rsa,AF,calibrated,51,100,2701,0.9437245464642725
CAID3 Disorder-NOX,AlphaFold3-rsa,AF,calibrated,101,200,6096,0.901246719160105
CAID3 Disorder-NOX,AlphaFold3-rsa,AF,calibrated,201,-1,6688,0.9691985645933014
CAID3 Disorder-NOX,AIUPred,DED,calibrated,1,5,0,
CAID3 Disorder-NOX,AIUPred,DED,calibrated,6,10,60,0.25
CAID3 Disorder-NOX,AIUPred,DED,calibrated,11,15,314,0.5095541401273885
CAID3 Disorder-NOX,AIUPred,DED,calibrated,16,20,349,0.40974212034383956
CAID3 Disorder-NOX,AIUPred,DED,calibrated,21,30,647,0.5409582689335394
CAID3 Disorder-NOX,AIUPred,DED,calibrated,31,50,1017,0.584070796460177
CAID3 Disorder-NOX,AIUPred,DED,calibrated,51,100,2701,0.7389855609033691
CAID3 Disorder-NOX,AIUPred,DED,calibrated,101,200,6096,0.718996062992126
CAID3 Disorder-NOX,AIUPred,DED,calibrated,201,-1,6688,0.774072966507177
CAID3 Disorder-NOX,AIUPred-2-disorder,DED,calibrated,1,5,0,
CAID3 Disorder-NOX,AIUPred-2-disorder,DED,calibrated,6,10,60,0.26666666666666666
CAID3 Disorder-NOX,AIUPred-2-disorder,DED,calibrated,11,15,314,0.4713375796178344
CAID3 Disorder-NOX,AIUPred-2-disorder,DED,calibrated,16,20,349,0.498567335243553
CAID3 Disorder-NOX,AIUPred-2-disorder,DED,calibrated,21,30,647,0.5826893353941267
CAID3 Disorder-NOX,AIUPred-2-disorder,DED,calibrated,31,50,1017,0.7177974434611603
CAID3 Disorder-NOX,AIUPred-2-disorder,DED,calibrated,51,100,2701,0.8382080710847835
CAID3 Disorder-NOX,AIUPred-2-disorder,DED,calibrated,101,200,6096,0.8121719160104987
CAID3 Disorder-NOX,AIUPred-2-disorder,DED,calibrated,201,-1,6688,0.84688995215311
CAID3 Disorder-NOX,IUPred3,DED,calibrated,1,5,0,
CAID3 Disorder-NOX,IUPred3,DED,calibrated,6,10,60,0.16666666666666666
CAID3 Disorder-NOX,IUPred3,DED,calibrated,11,15,314,0.4394904458598726
CAID3 Disorder-NOX,IUPred3,DED,calibrated,16,20,349,0.4326647564469914
CAID3 Disorder-NOX,IUPred3,DED,calibrated,21,30,647,0.5054095826893354
CAID3 Disorder-NOX,IUPred3,DED,calibrated,31,50,1017,0.6509341199606686
CAID3 Disorder-NOX,IUPred3,DED,calibrated,51,100,2701,0.6812291743798593
CAID3 Disorder-NOX,IUPred3,DED,calibrated,101,200,6096,0.6837270341207349
CAID3 Disorder-NOX,IUPred3,DED,calibrated,201,-1,6688,0.7906698564593302
CAID3 Disorder-NOX,ESpritz-D,DED,calibrated,1,5,0,
CAID3 Disorder-NOX,ESpritz-D,DED,calibrated,6,10,60,0.16666666666666666
CAID3 Disorder-NOX,ESpritz-D,DED,calibrated,11,15,314,0.6114649681528662
CAID3 Disorder-NOX,ESpritz-D,DED,calibrated,16,20,349,0.4670487106017192
CAID3 Disorder-NOX,ESpritz-D,DED,calibrated,21,30,647,0.6275115919629057
CAID3 Disorder-NOX,ESpritz-D,DED,calibrated,31,50,1017,0.47099311701081614
CAID3 Disorder-NOX,ESpritz-D,DED,calibrated,51,100,2701,0.6978896704924102
CAID3 Disorder-NOX,ESpritz-D,DED,calibrated,101,200,6096,0.6133530183727034
CAID3 Disorder-NOX,ESpritz-D,DED,calibrated,201,-1,6688,0.7914174641148325
CAID3 Disorder-NOX,ESpritz-N,DED,calibrated,1,5,0,
CAID3 Disorder-NOX,ESpritz-N,DED,calibrated,6,10,60,0.36666666666666664
CAID3 Disorder-NOX,ESpritz-N,DED,calibrated,11,15,314,0.5445859872611465
CAID3 Disorder-NOX,ESpritz-N,DED,calibrated,16,20,349,0.36103151862464183
CAID3 Disorder-NOX,ESpritz-N,DED,calibrated,21,30,647,0.5193199381761978
CAID3 Disorder-NOX,ESpritz-N,DED,calibrated,31,50,1017,0.5417895771878073
CAID3 Disorder-NOX,ESpritz-N,DED,calibrated,51,100,2701,0.6438356164383562
CAID3 Disorder-NOX,ESpritz-N,DED,calibrated,101,200,6096,0.5894028871391076
CAID3 Disorder-NOX,ESpritz-N,DED,calibrated,201,-1,6688,0.6824162679425837
CAID3 Disorder-NOX,ESpritz-X,DED,calibrated,1,5,0,
CAID3 Disorder-NOX,ESpritz-X,DED,calibrated,6,10,60,0.38333333333333336
CAID3 Disorder-NOX,ESpritz-X,DED,calibrated,11,15,314,0.6560509554140127
CAID3 Disorder-NOX,ESpritz-X,DED,calibrated,16,20,349,0.4040114613180516
CAID3 Disorder-NOX,ESpritz-X,DED,calibrated,21,30,647,0.6615146831530139
CAID3 Disorder-NOX,ESpritz-X,DED,calibrated,31,50,1017,0.5850540806293019
CAID3 Disorder-NOX,ESpritz-X,DED,calibrated,51,100,2701,0.7130692336171788
CAID3 Disorder-NOX,ESpritz-X,DED,calibrated,101,200,6096,0.6085958005249343
CAID3 Disorder-NOX,ESpritz-X,DED,calibrated,201,-1,6688,0.6969198564593302
CAID3 Disorder-NOX,MobiDB-lite,DED,calibrated,1,5,0,
CAID3 Disorder-NOX,MobiDB-lite,DED,calibrated,6,10,60,0.4
CAID3 Disorder-NOX,MobiDB-lite,DED,calibrated,11,15,314,0.6273885350318471
CAID3 Disorder-NOX,MobiDB-lite,DED,calibrated,16,20,349,0.45272206303724927
CAID3 Disorder-NOX,MobiDB-lite,DED,calibrated,21,30,647,0.6182380216383307
CAID3 Disorder-NOX,MobiDB-lite,DED,calibrated,31,50,1017,0.6578171091445427
CAID3 Disorder-NOX,MobiDB-lite,DED,calibrated,51,100,2701,0.7215845982969271
CAID3 Disorder-NOX,MobiDB-lite,DED,calibrated,101,200,6096,0.6537073490813649
CAID3 Disorder-NOX,MobiDB-lite,DED,calibrated,201,-1,6688,0.7458133971291866
CAID3 Disorder-NOX,flDPnn,DED,calibrated,1,5,0,
CAID3 Disorder-NOX,flDPnn,DED,calibrated,6,10,60,0.5
CAID3 Disorder-NOX,flDPnn,DED,calibrated,11,15,314,0.6624203821656051
CAID3 Disorder-NOX,flDPnn,DED,calibrated,16,20,349,0.667621776504298
CAID3 Disorder-NOX,flDPnn,DED,calibrated,21,30,647,0.6893353941267388
CAID3 Disorder-NOX,flDPnn,DED,calibrated,31,50,1017,0.7649950835791544
CAID3 Disorder-NOX,flDPnn,DED,calibrated,51,100,2701,0.7982228804146613
CAID3 Disorder-NOX,flDPnn,DED,calibrated,101,200,6096,0.7665682414698163
CAID3 Disorder-NOX,flDPnn,DED,calibrated,201,-1,6688,0.7357954545454546
CAID3 Disorder-NOX,flDPnn2,DED,calibrated,1,5,0,
CAID3 Disorder-NOX,flDPnn2,DED,calibrated,6,10,60,0.5
CAID3 Disorder-NOX,flDPnn2,DED,calibrated,11,15,314,0.5732484076433121
CAID3 Disorder-NOX,flDPnn2,DED,calibrated,16,20,349,0.5873925501432665
CAID3 Disorder-NOX,flDPnn2,DED,calibrated,21,30,647,0.7047913446676971
CAID3 Disorder-NOX,flDPnn2,DED,calibrated,31,50,1017,0.7551622418879056
CAID3 Disorder-NOX,flDPnn2,DED,calibrated,51,100,2701,0.762680488707886
CAID3 Disorder-NOX,flDPnn2,DED,calibrated,101,200,6096,0.7536089238845144
CAID3 Disorder-NOX,flDPnn2,DED,calibrated,201,-1,6688,0.7177033492822966
CAID3 Disorder-NOX,flDPnn3a,DED,calibrated,1,5,0,
CAID3 Disorder-NOX,flDPnn3a,DED,calibrated,6,10,60,0.5
CAID3 Disorder-NOX,flDPnn3a,DED,calibrated,11,15,314,0.7484076433121019
CAID3 Disorder-NOX,flDPnn3a,DED,calibrated,16,20,349,0.7220630372492837
CAID3 Disorder-NOX,flDPnn3a,DED,calibrated,21,30,647,0.8547140649149922
CAID3 Disorder-NOX,flDPnn3a,DED,calibrated,31,50,1017,0.8416912487708947
CAID3 Disorder-NOX,flDPnn3a,DED,calibrated,51,100,2701,0.892632358385783
CAID3 Disorder-NOX,flDPnn3a,DED,calibrated,101,200,6096,0.8669619422572179
CAID3 Disorder-NOX,flDPnn3a,DED,calibrated,201,-1,6688,0.8847188995215312
CAID3 Disorder-NOX,flDPnn3b,DED,calibrated,1,5,0,
CAID3 Disorder-NOX,flDPnn3b,DED,calibrated,6,10,60,0.5833333333333334
CAID3 Disorder-NOX,flDPnn3b,DED,calibrated,11,15,314,0.6719745222929936
CAID3 Disorder-NOX,flDPnn3b,DED,calibrated,16,20,349,0.7020057306590258
CAID3 Disorder-NOX,flDPnn3b,DED,calibrated,21,30,647,0.7573415765069552
CAID3 Disorder-NOX,flDPnn3b,DED,calibrated,31,50,1017,0.7246804326450345
CAID3 Disorder-NOX,flDPnn3b,DED,calibrated,51,100,2701,0.8419104035542392
CAID3 Disorder-NOX,flDPnn3b,DED,calibrated,101,200,6096,0.7668963254593176
CAID3 Disorder-NOX,flDPnn3b,DED,calibrated,201,-1,6688,0.7784090909090909
CAID3 Disorder-NOX,DISOPRED3-diso,DED,calibrated,1,5,0,
CAID3 Disorder-NOX,DISOPRED3-diso,DED,calibrated,6,10,60,0.3333333333333333
CAID3 Disorder-NOX,DISOPRED3-diso,DED,calibrated,11,15,314,0.4171974522292994
CAID3 Disorder-NOX,DISOPRED3-diso,DED,calibrated,16,20,349,0.45558739255014324
CAID3 Disorder-NOX,DISOPRED3-diso,DED,calibrated,21,30,647,0.5873261205564142
CAID3 Disorder-NOX,DISOPRED3-diso,DED,calibrated,31,50,1017,0.647984267453294
CAID3 Disorder-NOX,DISOPRED3-diso,DED,calibrated,51,100,2701,0.7586079229914846
CAID3 Disorder-NOX,DISOPRED3-diso,DED,calibrated,101,200,6096,0.7162073490813649
CAID3 Disorder-NOX,DISOPRED3-diso,DED,calibrated,201,-1,6688,0.8456937799043063
CAID3 Disorder-NOX,SETH-0,DED,calibrated,1,5,0,
CAID3 Disorder-NOX,SETH-0,DED,calibrated,6,10,60,0.6
CAID3 Disorder-NOX,SETH-0,DED,calibrated,11,15,314,0.6305732484076433
CAID3 Disorder-NOX,SETH-0,DED,calibrated,16,20,349,0.5759312320916905
CAID3 Disorder-NOX,SETH-0,DED,calibrated,21,30,647,0.7712519319938176
CAID3 Disorder-NOX,SETH-0,DED,calibrated,31,50,1017,0.6814159292035398
CAID3 Disorder-NOX,SETH-0,DED,calibrated,51,100,2701,0.8781932617549056
CAID3 Disorder-NOX,SETH-0,DED,calibrated,101,200,6096,0.8674540682414699
CAID3 Disorder-NOX,SETH-0,DED,calibrated,201,-1,6688,0.9008672248803827
CAID3 Disorder-NOX,SETH-1,DED,calibrated,1,5,0,
CAID3 Disorder-NOX,SETH-1,DED,calibrated,6,10,60,0.6833333333333333
CAID3 Disorder-NOX,SETH-1,DED,calibrated,11,15,314,0.6751592356687898
CAID3 Disorder-NOX,SETH-1,DED,calibrated,16,20,349,0.5816618911174785
CAID3 Disorder-NOX,SETH-1,DED,calibrated,21,30,647,0.7465224111282844
CAID3 Disorder-NOX,SETH-1,DED,calibrated,31,50,1017,0.6774827925270404
CAID3 Disorder-NOX,SETH-1,DED,calibrated,51,100,2701,0.872639763050722
CAID3 Disorder-NOX,SETH-1,DED,calibrated,101,200,6096,0.8351377952755905
CAID3 Disorder-NOX,SETH-1,DED,calibrated,201,-1,6688,0.8628887559808612
CAID3 Disorder-NOX,VSL2,DED,calibrated,1,5,0,
CAID3 Disorder-NOX,VSL2,DED,calibrated,6,10,60,0.45
CAID3 Disorder-NOX,VSL2,DED,calibrated,11,15,314,0.5668789808917197
CAID3 Disorder-NOX,VSL2,DED,calibrated,16,20,349,0.4871060171919771
CAID3 Disorder-NOX,VSL2,DED,calibrated,21,30,647,0.6676970633693973
CAID3 Disorder-NOX,VSL2,DED,calibrated,31,50,1017,0.6686332350049164
CAID3 Disorder-NOX,VSL2,DED,calibrated,51,100,2701,0.8422806368011847
CAID3 Disorder-NOX,VSL2,DED,calibrated,101,200,6096,0.7496719160104987
CAID3 Disorder-NOX,VSL2,DED,calibrated,201,-1,6688,0.7975478468899522
CAID3 Disorder-NOX,SPOT-Disorder,DED,calibrated,1,5,0,
CAID3 Disorder-NOX,SPOT-Disorder,DED,calibrated,6,10,60,0.35
CAID3 Disorder-NOX,SPOT-Disorder,DED,calibrated,11,15,314,0.5668789808917197
CAID3 Disorder-NOX,SPOT-Disorder,DED,calibrated,16,20,349,0.5128939828080229
CAID3 Disorder-NOX,SPOT-Disorder,DED,calibrated,21,30,647,0.5811437403400309
CAID3 Disorder-NOX,SPOT-Disorder,DED,calibrated,31,50,1017,0.6529006882989183
CAID3 Disorder-NOX,SPOT-Disorder,DED,calibrated,51,100,2701,0.801925212884117
CAID3 Disorder-NOX,SPOT-Disorder,DED,calibrated,101,200,6096,0.8316929133858267
CAID3 Disorder-NOX,SPOT-Disorder,DED,calibrated,201,-1,6688,0.791267942583732
CAID3 Disorder-NOX,SPOT-Disorder2,DED,calibrated,1,5,0,
CAID3 Disorder-NOX,SPOT-Disorder2,DED,calibrated,6,10,60,0.25
CAID3 Disorder-NOX,SPOT-Disorder2,DED,calibrated,11,15,314,0.47770700636942676
CAID3 Disorder-NOX,SPOT-Disorder2,DED,calibrated,16,20,349,0.5300859598853869
CAID3 Disorder-NOX,SPOT-Disorder2,DED,calibrated,21,30,647,0.6506955177743431
CAID3 Disorder-NOX,SPOT-Disorder2,DED,calibrated,31,50,1017,0.671583087512291
CAID3 Disorder-NOX,SPOT-Disorder2,DED,calibrated,51,100,2701,0.7900777489818586
CAID3 Disorder-NOX,SPOT-Disorder2,DED,calibrated,101,200,6096,0.8571194225721784
CAID3 Disorder-NOX,SPOT-Disorder2,DED,calibrated,201,-1,6688,0.8912978468899522
CAID3 Disorder-NOX,SPOT-Disorder-Single,DED,calibrated,1,5,0,
CAID3 Disorder-NOX,SPOT-Disorder-Single,DED,calibrated,6,10,60,0.4166666666666667
CAID3 Disorder-NOX,SPOT-Disorder-Single,DED,calibrated,11,15,314,0.6178343949044586
CAID3 Disorder-NOX,SPOT-Disorder-Single,DED,calibrated,16,20,349,0.5558739255014327
CAID3 Disorder-NOX,SPOT-Disorder-Single,DED,calibrated,21,30,647,0.6769706336939721
CAID3 Disorder-NOX,SPOT-Disorder-Single,DED,calibrated,31,50,1017,0.6460176991150443
CAID3 Disorder-NOX,SPOT-Disorder-Single,DED,calibrated,51,100,2701,0.7748981858570899
CAID3 Disorder-NOX,SPOT-Disorder-Single,DED,calibrated,101,200,6096,0.7309711286089239
CAID3 Disorder-NOX,SPOT-Disorder-Single,DED,calibrated,201,-1,6688,0.7857356459330144
CAID3 Disorder-NOX,DisEMBL-dis465,DED,calibrated,1,5,0,
CAID3 Disorder-NOX,DisEMBL-dis465,DED,calibrated,6,10,60,0.65
CAID3 Disorder-NOX,DisEMBL-dis465,DED,calibrated,11,15,314,0.6847133757961783
CAID3 Disorder-NOX,DisEMBL-dis465,DED,calibrated,16,20,349,0.5702005730659025
CAID3 Disorder-NOX,DisEMBL-dis465,DED,calibrated,21,30,647,0.6553323029366306
CAID3 Disorder-NOX,DisEMBL-dis465,DED,calibrated,31,50,1017,0.6637168141592921
CAID3 Disorder-NOX,DisEMBL-dis465,DED,calibrated,51,100,2701,0.696408737504628
CAID3 Disorder-NOX,DisEMBL-dis465,DED,calibrated,101,200,6096,0.6445209973753281
CAID3 Disorder-NOX,DisEMBL-dis465,DED,calibrated,201,-1,6688,0.6821172248803827
CAID3 Disorder-NOX,DisEMBL-disHL,DED,calibrated,1,5,0,
CAID3 Disorder-NOX,DisEMBL-disHL,DED,calibrated,6,10,60,0.25
CAID3 Disorder-NOX,DisEMBL-disHL,DED,calibrated,11,15,314,0.5382165605095541
CAID3 Disorder-NOX,DisEMBL-disHL,DED,calibrated,16,20,349,0.2979942693409742
CAID3 Disorder-NOX,DisEMBL-disHL,DED,calibrated,21,30,647,0.47295208655332305
CAID3 Disorder-NOX,DisEMBL-disHL,DED,calibrated,31,50,1017,0.4808259587020649
CAID3 Disorder-NOX,DisEMBL-disHL,DED,calibrated,51,100,2701,0.3746760459089226
CAID3 Disorder-NOX,DisEMBL-disHL,DED,calibrated,101,200,6096,0.30282152230971127
CAID3 Disorder-NOX,DisEMBL-disHL,DED,calibrated,201,-1,6688,0.32954545454545453
CAID3 Disorder-NOX,IsUnstruct,DED,calibrated,1,5,0,
CAID3 Disorder-NOX,IsUnstruct,DED,calibrated,6,10,60,0.21666666666666667
CAID3 Disorder-NOX,IsUnstruct,DED,calibrated,11,15,314,0.6019108280254777
CAID3 Disorder-NOX,IsUnstruct,DED,calibrated,16,20,349,0.3982808022922636
CAID3 Disorder-NOX,IsUnstruct,DED,calibrated,21,30,647,0.6414219474497682
CAID3 Disorder-NOX,IsUnstruct,DED,calibrated,31,50,1017,0.6116027531956736
CAID3 Disorder-NOX,IsUnstruct,DED,calibrated,51,100,2701,0.7182524990744169
CAID3 Disorder-NOX,IsUnstruct,DED,calibrated,101,200,6096,0.6515748031496063
CAID3 Disorder-NOX,IsUnstruct,DED,calibrated,201,-1,6688,0.6961722488038278
CAID3 Disorder-NOX,RONN,DED,calibrated,1,5,0,
CAID3 Disorder-NOX,RONN,DED,calibrated,6,10,60,0.36666666666666664
CAID3 Disorder-NOX,RONN,DED,calibrated,11,15,314,0.4840764331210191
CAID3 Disorder-NOX,RONN,DED,calibrated,16,20,349,0.5472779369627507
CAID3 Disorder-NOX,RONN,DED,calibrated,21,30,647,0.652241112828439
CAID3 Disorder-NOX,RONN,DED,calibrated,31,50,1017,0.7010816125860374
CAID3 Disorder-NOX,RONN,DED,calibrated,51,100,2701,0.75564605701592
CAID3 Disorder-NOX,RONN,DED,calibrated,101,200,6096,0.7045603674540682
CAID3 Disorder-NOX,RONN,DED,calibrated,201,-1,6688,0.7651016746411483
CAID3 Disorder-NOX,PreDisorder,DED,calibrated,1,5,0,
CAID3 Disorder-NOX,PreDisorder,DED,calibrated,6,10,60,0.6
CAID3 Disorder-NOX,PreDisorder,DED,calibrated,11,15,314,0.6751592356687898
CAID3 Disorder-NOX,PreDisorder,DED,calibrated,16,20,349,0.49570200573065903
CAID3 Disorder-NOX,PreDisorder,DED,calibrated,21,30,647,0.6846986089644513
CAID3 Disorder-NOX,PreDisorder,DED,calibrated,31,50,1017,0.7187807276302851
CAID3 Disorder-NOX,PreDisorder,DED,calibrated,51,100,2701,0.7434283598667161
CAID3 Disorder-NOX,PreDisorder,DED,calibrated,101,200,6096,0.6925853018372703
CAID3 Disorder-NOX,PreDisorder,DED,calibrated,201,-1,6688,0.7136662679425837
CAID3 Disorder-NOX,OPAL,DED,calibrated,1,5,0,
CAID3 Disorder-NOX,OPAL,DED,calibrated,6,10,60,0.5
CAID3 Disorder-NOX,OPAL,DED,calibrated,11,15,314,0.7356687898089171
CAID3 Disorder-NOX,OPAL,DED,calibrated,16,20,349,0.7048710601719198
CAID3 Disorder-NOX,OPAL,DED,calibrated,21,30,647,0.9149922720247295
CAID3 Disorder-NOX,OPAL,DED,calibrated,31,50,1017,0.6470009832841691
CAID3 Disorder-NOX,OPAL,DED,calibrated,51,100,2701,0.8078489448352462
CAID3 Disorder-NOX,OPAL,DED,calibrated,101,200,6096,0.6112204724409449
CAID3 Disorder-NOX,OPAL,DED,calibrated,201,-1,6688,0.6371112440191388
CAID3 Disorder-NOX,pyHCA,DED,calibrated,1,5,0,
CAID3 Disorder-NOX,pyHCA,DED,calibrated,6,10,60,0.35
CAID3 Disorder-NOX,pyHCA,DED,calibrated,11,15,314,0.4713375796178344
CAID3 Disorder-NOX,pyHCA,DED,calibrated,16,20,349,0.3467048710601719
CAID3 Disorder-NOX,pyHCA,DED,calibrated,21,30,647,0.5517774343122102
CAID3 Disorder-NOX,pyHCA,DED,calibrated,31,50,1017,0.6371681415929203
CAID3 Disorder-NOX,pyHCA,DED,calibrated,51,100,2701,0.701592002961866
CAID3 Disorder-NOX,pyHCA,DED,calibrated,101,200,6096,0.6830708661417323
CAID3 Disorder-NOX,pyHCA,DED,calibrated,201,-1,6688,0.7060406698564593
CAID3 Disorder-NOX,DeepIDP-2L,DED,calibrated,1,5,0,
CAID3 Disorder-NOX,DeepIDP-2L,DED,calibrated,6,10,60,0.5
CAID3 Disorder-NOX,DeepIDP-2L,DED,calibrated,11,15,314,0.5191082802547771
CAID3 Disorder-NOX,DeepIDP-2L,DED,calibrated,16,20,349,0.4498567335243553
CAID3 Disorder-NOX,DeepIDP-2L,DED,calibrated,21,30,647,0.6120556414219475
CAID3 Disorder-NOX,DeepIDP-2L,DED,calibrated,31,50,1017,0.6076696165191741
CAID3 Disorder-NOX,DeepIDP-2L,DED,calibrated,51,100,2701,0.7004813032210292
CAID3 Disorder-NOX,DeepIDP-2L,DED,calibrated,101,200,6096,0.77001312335958
CAID3 Disorder-NOX,DeepIDP-2L,DED,calibrated,201,-1,6688,0.7171052631578947
CAID3 Disorder-NOX,PredIDR-long,DED,calibrated,1,5,0,
CAID3 Disorder-NOX,PredIDR-long,DED,calibrated,6,10,60,0.6
CAID3 Disorder-NOX,PredIDR-long,DED,calibrated,11,15,314,0.6910828025477707
CAID3 Disorder-NOX,PredIDR-long,DED,calibrated,16,20,349,0.6991404011461319
CAID3 Disorder-NOX,PredIDR-long,DED,calibrated,21,30,647,0.8361669242658424
CAID3 Disorder-NOX,PredIDR-long,DED,calibrated,31,50,1017,0.8623402163225172
CAID3 Disorder-NOX,PredIDR-long,DED,calibrated,51,100,2701,0.8911514253980007
CAID3 Disorder-NOX,PredIDR-long,DED,calibrated,101,200,6096,0.9086286089238845
CAID3 Disorder-NOX,PredIDR-long,DED,calibrated,201,-1,6688,0.9262858851674641
CAID3 Disorder-NOX,PredIDR-short,DED,calibrated,1,5,0,
CAID3 Disorder-NOX,PredIDR-short,DED,calibrated,6,10,60,0.7833333333333333
CAID3 Disorder-NOX,PredIDR-short,DED,calibrated,11,15,314,0.7643312101910829
CAID3 Disorder-NOX,PredIDR-short,DED,calibrated,16,20,349,0.6762177650429799
CAID3 Disorder-NOX,PredIDR-short,DED,calibrated,21,30,647,0.8191653786707882
CAID3 Disorder-NOX,PredIDR-short,DED,calibrated,31,50,1017,0.8446411012782694
CAID3 Disorder-NOX,PredIDR-short,DED,calibrated,51,100,2701,0.8855979266938171
CAID3 Disorder-NOX,PredIDR-short,DED,calibrated,101,200,6096,0.8984580052493438
CAID3 Disorder-NOX,PredIDR-short,DED,calibrated,201,-1,6688,0.9101375598086124
CAID3 Disorder-NOX,PredIDR2-Prof-Art,DED,calibrated,1,5,0,
CAID3 Disorder-NOX,PredIDR2-Prof-Art,DED,calibrated,6,10,60,0.16666666666666666
CAID3 Disorder-NOX,PredIDR2-Prof-Art,DED,calibrated,11,15,314,0.22611464968152867
CAID3 Disorder-NOX,PredIDR2-Prof-Art,DED,calibrated,16,20,349,0.3237822349570201
CAID3 Disorder-NOX,PredIDR2-Prof-Art,DED,calibrated,21,30,647,0.40030911901081917
CAID3 Disorder-NOX,PredIDR2-Prof-Art,DED,calibrated,31,50,1017,0.6106194690265486
CAID3 Disorder-NOX,PredIDR2-Prof-Art,DED,calibrated,51,100,2701,0.7267678637541651
CAID3 Disorder-NOX,PredIDR2-Prof-Art,DED,calibrated,101,200,6096,0.7936351706036745
CAID3 Disorder-NOX,PredIDR2-Prof-Art,DED,calibrated,201,-1,6688,0.8065191387559809
CAID3 Disorder-NOX,PredIDR2-Seq-Art,DED,calibrated,1,5,0,
CAID3 Disorder-NOX,PredIDR2-Seq-Art,DED,calibrated,6,10,60,0.16666666666666666
CAID3 Disorder-NOX,PredIDR2-Seq-Art,DED,calibrated,11,15,314,0.2611464968152866
CAID3 Disorder-NOX,PredIDR2-Seq-Art,DED,calibrated,16,20,349,0.3839541547277937
CAID3 Disorder-NOX,PredIDR2-Seq-Art,DED,calibrated,21,30,647,0.508500772797527
CAID3 Disorder-NOX,PredIDR2-Seq-Art,DED,calibrated,31,50,1017,0.6784660766961652
CAID3 Disorder-NOX,PredIDR2-Seq-Art,DED,calibrated,51,100,2701,0.7904479822288042
CAID3 Disorder-NOX,PredIDR2-Seq-Art,DED,calibrated,101,200,6096,0.8218503937007874
CAID3 Disorder-NOX,PredIDR2-Seq-Art,DED,calibrated,201,-1,6688,0.8276016746411483
CAID3 Disorder-NOX,AUCpred-profile,DED,calibrated,1,5,0,
CAID3 Disorder-NOX,AUCpred-profile,DED,calibrated,6,10,60,0.65
CAID3 Disorder-NOX,AUCpred-profile,DED,calibrated,11,15,314,0.6401273885350318
CAID3 Disorder-NOX,AUCpred-profile,DED,calibrated,16,20,349,0.6475644699140402
CAID3 Disorder-NOX,AUCpred-profile,DED,calibrated,21,30,647,0.839258114374034
CAID3 Disorder-NOX,AUCpred-profile,DED,calibrated,31,50,1017,0.8918387413962635
CAID3 Disorder-NOX,AUCpred-profile,DED,calibrated,51,100,2701,0.9148463532025176
CAID3 Disorder-NOX,AUCpred-profile,DED,calibrated,101,200,6096,0.7872375328083989
CAID3 Disorder-NOX,AUCpred-profile,DED,calibrated,201,-1,6688,0.8026315789473685
CAID3 Disorder-NOX,AUCpred-no-profile,DED,calibrated,1,5,0,
CAID3 Disorder-NOX,AUCpred-no-profile,DED,calibrated,6,10,60,0.4666666666666667
CAID3 Disorder-NOX,AUCpred-no-profile,DED,calibrated,11,15,314,0.6401273885350318
CAID3 Disorder-NOX,AUCpred-no-profile,DED,calibrated,16,20,349,0.6160458452722063
CAID3 Disorder-NOX,AUCpred-no-profile,DED,calibrated,21,30,647,0.723338485316847
CAID3 Disorder-NOX,AUCpred-no-profile,DED,calibrated,31,50,1017,0.7561455260570304
CAID3 Disorder-NOX,AUCpred-no-profile,DED,calibrated,51,100,2701,0.8056275453535727
CAID3 Disorder-NOX,AUCpred-no-profile,DED,calibrated,101,200,6096,0.7024278215223098
CAID3 Disorder-NOX,AUCpred-no-profile,DED,calibrated,201,-1,6688,0.7020035885167464
CAID3 Disorder-NOX,DisoPred,DED,calibrated,1,5,0,
CAID3 Disorder-NOX,DisoPred,DED,calibrated,6,10,60,0.3333333333333333
CAID3 Disorder-NOX,DisoPred,DED,calibrated,11,15,314,0.37579617834394907
CAID3 Disorder-NOX,DisoPred,DED,calibrated,16,20,349,0.5472779369627507
CAID3 Disorder-NOX,DisoPred,DED,calibrated,21,30,647,0.723338485316847
CAID3 Disorder-NOX,DisoPred,DED,calibrated,31,50,1017,0.6912487708947886
CAID3 Disorder-NOX,DisoPred,DED,calibrated,51,100,2701,0.8426508700481303
CAID3 Disorder-NOX,DisoPred,DED,calibrated,101,200,6096,0.7778871391076115
CAID3 Disorder-NOX,DisoPred,DED,calibrated,201,-1,6688,0.8898026315789473
CAID3 Disorder-NOX,DisPredict2,DED,calibrated,1,5,0,
CAID3 Disorder-NOX,DisPredict2,DED,calibrated,6,10,60,0.55
CAID3 Disorder-NOX,DisPredict2,DED,calibrated,11,15,314,0.6878980891719745
CAID3 Disorder-NOX,DisPredict2,DED,calibrated,16,20,349,0.6303724928366762
CAID3 Disorder-NOX,DisPredict2,DED,calibrated,21,30,647,0.5765069551777434
CAID3 Disorder-NOX,DisPredict2,DED,calibrated,31,50,1017,0.6735496558505408
CAID3 Disorder-NOX,DisPredict2,DED,calibrated,51,100,2701,0.6364309514994446
CAID3 Disorder-NOX,DisPredict2,DED,calibrated,101,200,6096,0.6719160104986877
CAID3 Disorder-NOX,DisPredict2,DED,calibrated,201,-1,6688,0.7664473684210527
CAID3 Disorder-NOX,DisPredict3,DED,calibrated,1,5,0,
CAID3 Disorder-NOX,DisPredict3,DED,calibrated,6,10,60,0.5333333333333333
CAID3 Disorder-NOX,DisPredict3,DED,calibrated,11,15,314,0.6369426751592356
CAID3 Disorder-NOX,DisPredict3,DED,calibrated,16,20,349,0.6934097421203438
CAID3 Disorder-NOX,DisPredict3,DED,calibrated,21,30,647,0.6893353941267388
CAID3 Disorder-NOX,DisPredict3,DED,calibrated,31,50,1017,0.767944936086529
CAID3 Disorder-NOX,DisPredict3,DED,calibrated,51,100,2701,0.7963717141799334
CAID3 Disorder-NOX,DisPredict3,DED,calibrated,101,200,6096,0.7721456692913385
CAID3 Disorder-NOX,DisPredict3,DED,calibrated,201,-1,6688,0.8362739234449761
CAID3 Disorder-NOX,IDP-Fusion,DED,calibrated,1,5,0,
CAID3 Disorder-NOX,IDP-Fusion,DED,calibrated,6,10,60,0.4666666666666667
CAID3 Disorder-NOX,IDP-Fusion,DED,calibrated,11,15,314,0.6050955414012739
CAID3 Disorder-NOX,IDP-Fusion,DED,calibrated,16,20,349,0.5186246418338109
CAID3 Disorder-NOX,IDP-Fusion,DED,calibrated,21,30,647,0.6800618238021638
CAID3 Disorder-NOX,IDP-Fusion,DED,calibrated,31,50,1017,0.7177974434611603
CAID3 Disorder-NOX,IDP-Fusion,DED,calibrated,51,100,2701,0.7815623843021103
CAID3 Disorder-NOX,IDP-Fusion,DED,calibrated,101,200,6096,0.7892060367454068
CAID3 Disorder-NOX,IDP-Fusion,DED,calibrated,201,-1,6688,0.7713815789473685
CAID3 Disorder-NOX,rawMSA-disorder,DED,calibrated,1,5,0,
CAID3 Disorder-NOX,rawMSA-disorder,DED,calibrated,6,10,60,0.5
CAID3 Disorder-NOX,rawMSA-disorder,DED,calibrated,11,15,314,0.6464968152866242
CAID3 Disorder-NOX,rawMSA-disorder,DED,calibrated,16,20,349,0.6303724928366762
CAID3 Disorder-NOX,rawMSA-disorder,DED,calibrated,21,30,647,0.732612055641422
CAID3 Disorder-NOX,rawMSA-disorder,DED,calibrated,31,50,1017,0.7974434611602753
CAID3 Disorder-NOX,rawMSA-disorder,DED,calibrated,51,100,2701,0.8637541651240281
CAID3 Disorder-NOX,rawMSA-disorder,DED,calibrated,101,200,6096,0.848261154855643
CAID3 Disorder-NOX,rawMSA-disorder,DED,calibrated,201,-1,6688,0.7914174641148325
CAID3 Disorder-NOX,Metapredict-v1,DED,calibrated,1,5,0,
CAID3 Disorder-NOX,Metapredict-v1,DED,calibrated,6,10,60,0.4
CAID3 Disorder-NOX,Metapredict-v1,DED,calibrated,11,15,314,0.6273885350318471
CAID3 Disorder-NOX,Metapredict-v1,DED,calibrated,16,20,349,0.4699140401146132
CAID3 Disorder-NOX,Metapredict-v1,DED,calibrated,21,30,647,0.6367851622874807
CAID3 Disorder-NOX,Metapredict-v1,DED,calibrated,31,50,1017,0.6676499508357916
CAID3 Disorder-NOX,Metapredict-v1,DED,calibrated,51,100,2701,0.7449092928544984
CAID3 Disorder-NOX,Metapredict-v1,DED,calibrated,101,200,6096,0.6740485564304461
CAID3 Disorder-NOX,Metapredict-v1,DED,calibrated,201,-1,6688,0.739683014354067
CAID3 Disorder-NOX,Metapredict-v2,DED,calibrated,1,5,0,
CAID3 Disorder-NOX,Metapredict-v2,DED,calibrated,6,10,60,0.4666666666666667
CAID3 Disorder-NOX,Metapredict-v2,DED,calibrated,11,15,314,0.5700636942675159
CAID3 Disorder-NOX,Metapredict-v2,DED,calibrated,16,20,349,0.5988538681948424
CAID3 Disorder-NOX,Metapredict-v2,DED,calibrated,21,30,647,0.6970633693972179
CAID3 Disorder-NOX,Metapredict-v2,DED,calibrated,31,50,1017,0.6991150442477876
CAID3 Disorder-NOX,Metapredict-v2,DED,calibrated,51,100,2701,0.8337652721214365
CAID3 Disorder-NOX,Metapredict-v2,DED,calibrated,101,200,6096,0.8151246719160105
CAID3 Disorder-NOX,Metapredict-v2,DED,calibrated,201,-1,6688,0.8769437799043063
CAID3 Disorder-NOX,Metapredict-v3,DED,calibrated,1,5,0,
CAID3 Disorder-NOX,Metapredict-v3,DED,calibrated,6,10,60,0.16666666666666666
CAID3 Disorder-NOX,Metapredict-v3,DED,calibrated,11,15,314,0.4394904458598726
CAID3 Disorder-NOX,Metapredict-v3,DED,calibrated,16,20,349,0.3982808022922636
CAID3 Disorder-NOX,Metapredict-v3,DED,calibrated,21,30,647,0.5455950540958269
CAID3 Disorder-NOX,Metapredict-v3,DED,calibrated,31,50,1017,0.5939036381514258
CAID3 Disorder-NOX,Metapredict-v3,DED,calibrated,51,100,2701,0.8730099962976675
CAID3 Disorder-NOX,Metapredict-v3,DED,calibrated,101,200,6096,0.8464566929133859
CAID3 Disorder-NOX,Metapredict-v3,DED,calibrated,201,-1,6688,0.8877093301435407
CAID3 Disorder-NOX,DisoMine,DED,calibrated,1,5,0,
CAID3 Disorder-NOX,DisoMine,DED,calibrated,6,10,60,0.4166666666666667
CAID3 Disorder-NOX,DisoMine,DED,calibrated,11,15,314,0.6942675159235668
CAID3 Disorder-NOX,DisoMine,DED,calibrated,16,20,349,0.6131805157593123
CAID3 Disorder-NOX,DisoMine,DED,calibrated,21,30,647,0.6738794435857806
CAID3 Disorder-NOX,DisoMine,DED,calibrated,31,50,1017,0.5014749262536873
CAID3 Disorder-NOX,DisoMine,DED,calibrated,51,100,2701,0.716401332839689
CAID3 Disorder-NOX,DisoMine,DED,calibrated,101,200,6096,0.6642060367454068
CAID3 Disorder-NOX,DisoMine,DED,calibrated,201,-1,6688,0.8166866028708134
CAID3 Disorder-NOX,PUNCH2,DED,calibrated,1,5,0,
CAID3 Disorder-NOX,PUNCH2,DED,calibrated,6,10,60,0.31666666666666665
CAID3 Disorder-NOX,PUNCH2,DED,calibrated,11,15,314,0.5095541401273885
CAID3 Disorder-NOX,PUNCH2,DED,calibrated,16,20,349,0.4899713467048711
CAID3 Disorder-NOX,PUNCH2,DED,calibrated,21,30,647,0.6105100463678517
CAID3 Disorder-NOX,PUNCH2,DED,calibrated,31,50,1017,0.6971484759095379
CAID3 Disorder-NOX,PUNCH2,DED,calibrated,51,100,2701,0.8470936690114772
CAID3 Disorder-NOX,PUNCH2,DED,calibrated,101,200,6096,0.8631889763779528
CAID3 Disorder-NOX,PUNCH2,DED,calibrated,201,-1,6688,0.9413875598086124
CAID3 Disorder-NOX,PUNCH2-Light,DED,calibrated,1,5,0,
CAID3 Disorder-NOX,PUNCH2-Light,DED,calibrated,6,10,60,0.23333333333333334
CAID3 Disorder-NOX,PUNCH2-Light,DED,calibrated,11,15,314,0.4713375796178344
CAID3 Disorder-NOX,PUNCH2-Light,DED,calibrated,16,20,349,0.48424068767908307
CAID3 Disorder-NOX,PUNCH2-Light,DED,calibrated,21,30,647,0.5749613601236476
CAID3 Disorder-NOX,PUNCH2-Light,DED,calibrated,31,50,1017,0.6784660766961652
CAID3 Disorder-NOX,PUNCH2-Light,DED,calibrated,51,100,2701,0.8130322102924843
CAID3 Disorder-NOX,PUNCH2-Light,DED,calibrated,101,200,6096,0.8471128608923885
CAID3 Disorder-NOX,PUNCH2-Light,DED,calibrated,201,-1,6688,0.9363038277511961
CAID3 Disorder-NOX,DisorderUnetLM,DED,calibrated,1,5,0,
CAID3 Disorder-NOX,DisorderUnetLM,DED,calibrated,6,10,60,0.48333333333333334
CAID3 Disorder-NOX,DisorderUnetLM,DED,calibrated,11,15,314,0.7420382165605095
CAID3 Disorder-NOX,DisorderUnetLM,DED,calibrated,16,20,349,0.6590257879656161
CAID3 Disorder-NOX,DisorderUnetLM,DED,calibrated,21,30,647,0.8825347758887172
CAID3 Disorder-NOX,DisorderUnetLM,DED,calibrated,31,50,1017,0.823992133726647
CAID3 Disorder-NOX,DisorderUnetLM,DED,calibrated,51,100,2701,0.9100333209922251
CAID3 Disorder-NOX,DisorderUnetLM,DED,calibrated,101,200,6096,0.8682742782152231
CAID3 Disorder-NOX,DisorderUnetLM,DED,calibrated,201,-1,6688,0.9605263157894737
CAID3 Disorder-NOX,LMDisorder,DED,calibrated,1,5,0,
CAID3 Disorder-NOX,LMDisorder,DED,calibrated,6,10,60,0.36666666666666664
CAID3 Disorder-NOX,LMDisorder,DED,calibrated,11,15,314,0.5414012738853503
CAID3 Disorder-NOX,LMDisorder,DED,calibrated,16,20,349,0.5100286532951289
CAID3 Disorder-NOX,LMDisorder,DED,calibrated,21,30,647,0.7187017001545595
CAID3 Disorder-NOX,LMDisorder,DED,calibrated,31,50,1017,0.7266470009832842
CAID3 Disorder-NOX,LMDisorder,DED,calibrated,51,100,2701,0.8548685671973343
CAID3 Disorder-NOX,LMDisorder,DED,calibrated,101,200,6096,0.8827099737532809
CAID3 Disorder-NOX,LMDisorder,DED,calibrated,201,-1,6688,0.9439294258373205
CAID3 Disorder-NOX,ESMDisPred-1,DED,calibrated,1,5,0,
CAID3 Disorder-NOX,ESMDisPred-1,DED,calibrated,6,10,60,0.5
CAID3 Disorder-NOX,ESMDisPred-1,DED,calibrated,11,15,314,0.5955414012738853
CAID3 Disorder-NOX,ESMDisPred-1,DED,calibrated,16,20,349,0.6790830945558739
CAID3 Disorder-NOX,ESMDisPred-1,DED,calibrated,21,30,647,0.6970633693972179
CAID3 Disorder-NOX,ESMDisPred-1,DED,calibrated,31,50,1017,0.8190757128810227
CAID3 Disorder-NOX,ESMDisPred-1,DED,calibrated,51,100,2701,0.8804146612365791
CAID3 Disorder-NOX,ESMDisPred-1,DED,calibrated,101,200,6096,0.8576115485564304
CAID3 Disorder-NOX,ESMDisPred-1,DED,calibrated,201,-1,6688,0.8682715311004785
CAID3 Disorder-NOX,ESMDisPred-2,DED,calibrated,1,5,0,
CAID3 Disorder-NOX,ESMDisPred-2,DED,calibrated,6,10,60,0.5
CAID3 Disorder-NOX,ESMDisPred-2,DED,calibrated,11,15,314,0.5732484076433121
CAID3 Disorder-NOX,ESMDisPred-2,DED,calibrated,16,20,349,0.6905444126074498
CAID3 Disorder-NOX,ESMDisPred-2,DED,calibrated,21,30,647,0.6630602782071098
CAID3 Disorder-NOX,ESMDisPred-2,DED,calibrated,31,50,1017,0.7531956735496559
CAID3 Disorder-NOX,ESMDisPred-2,DED,calibrated,51,100,2701,0.8378378378378378
CAID3 Disorder-NOX,ESMDisPred-2,DED,calibrated,101,200,6096,0.8305446194225722
CAID3 Disorder-NOX,ESMDisPred-2,DED,calibrated,201,-1,6688,0.8154904306220095
CAID3 Disorder-NOX,UdonPred-DisProt,DED,calibrated,1,5,0,
CAID3 Disorder-NOX,UdonPred-DisProt,DED,calibrated,6,10,60,0.6666666666666666
CAID3 Disorder-NOX,UdonPred-DisProt,DED,calibrated,11,15,314,0.6528662420382165
CAID3 Disorder-NOX,UdonPred-DisProt,DED,calibrated,16,20,349,0.6160458452722063
CAID3 Disorder-NOX,UdonPred-DisProt,DED,calibrated,21,30,647,0.6908809891808346
CAID3 Disorder-NOX,UdonPred-DisProt,DED,calibrated,31,50,1017,0.7020648967551623
CAID3 Disorder-NOX,UdonPred-DisProt,DED,calibrated,51,100,2701,0.8300629396519807
CAID3 Disorder-NOX,UdonPred-DisProt,DED,calibrated,101,200,6096,0.7660761154855643
CAID3 Disorder-NOX,UdonPred-DisProt,DED,calibrated,201,-1,6688,0.774671052631579
CAID3 Disorder-NOX,UdonPred-combined,DED,calibrated,1,5,0,
CAID3 Disorder-NOX,UdonPred-combined,DED,calibrated,6,10,60,0.5333333333333333
CAID3 Disorder-NOX,UdonPred-combined,DED,calibrated,11,15,314,0.5987261146496815
CAID3 Disorder-NOX,UdonPred-combined,DED,calibrated,16,20,349,0.6246418338108882
CAID3 Disorder-NOX,UdonPred-combined,DED,calibrated,21,30,647,0.7310664605873262
CAID3 Disorder-NOX,UdonPred-combined,DED,calibrated,31,50,1017,0.7807276302851525
CAID3 Disorder-NOX,UdonPred-combined,DED,calibrated,51,100,2701,0.8911514253980007
CAID3 Disorder-NOX,UdonPred-combined,DED,calibrated,101,200,6096,0.8625328083989501
CAID3 Disorder-NOX,UdonPred-combined,DED,calibrated,201,-1,6688,0.8640849282296651
CAID3 Disorder-NOX,DARUMA-beta,DED,calibrated,1,5,0,
CAID3 Disorder-NOX,DARUMA-beta,DED,calibrated,6,10,60,0.26666666666666666
CAID3 Disorder-NOX,DARUMA-beta,DED,calibrated,11,15,314,0.5063694267515924
CAID3 Disorder-NOX,DARUMA-beta,DED,calibrated,16,20,349,0.6074498567335244
CAID3 Disorder-NOX,DARUMA-beta,DED,calibrated,21,30,647,0.6476043276661515
CAID3 Disorder-NOX,DARUMA-beta,DED,calibrated,31,50,1017,0.6253687315634219
CAID3 Disorder-NOX,DARUMA-beta,DED,calibrated,51,100,2701,0.7845242502776749
CAID3 Disorder-NOX,DARUMA-beta,DED,calibrated,101,200,6096,0.770997375328084
CAID3 Disorder-NOX,DARUMA-beta,DED,calibrated,201,-1,6688,0.8305921052631579
CAID3 Disorder-NOX,DisoFLAG-IDR,DED,calibrated,1,5,0,
CAID3 Disorder-NOX,DisoFLAG-IDR,DED,calibrated,6,10,60,0.3333333333333333
CAID3 Disorder-NOX,DisoFLAG-IDR,DED,calibrated,11,15,314,0.6305732484076433
CAID3 Disorder-NOX,DisoFLAG-IDR,DED,calibrated,16,20,349,0.5730659025787965
CAID3 Disorder-NOX,DisoFLAG-IDR,DED,calibrated,21,30,647,0.8145285935085008
CAID3 Disorder-NOX,DisoFLAG-IDR,DED,calibrated,31,50,1017,0.7246804326450345
CAID3 Disorder-NOX,DisoFLAG-IDR,DED,calibrated,51,100,2701,0.8430211032950758
CAID3 Disorder-NOX,DisoFLAG-IDR,DED,calibrated,101,200,6096,0.7995406824146981
CAID3 Disorder-NOX,DisoFLAG-IDR,DED,calibrated,201,-1,6688,0.8389653110047847
CAID3 Disorder-NOX,s2D-2,DED,calibrated,1,5,0,
CAID3 Disorder-NOX,s2D-2,DED,calibrated,6,10,60,0.7
CAID3 Disorder-NOX,s2D-2,DED,calibrated,11,15,314,0.7866242038216561
CAID3 Disorder-NOX,s2D-2,DED,calibrated,16,20,349,0.6848137535816619
CAID3 Disorder-NOX,s2D-2,DED,calibrated,21,30,647,0.740340030911901
CAID3 Disorder-NOX,s2D-2,DED,calibrated,31,50,1017,0.7030481809242871
CAID3 Disorder-NOX,s2D-2,DED,calibrated,51,100,2701,0.789707515734913
CAID3 Disorder-NOX,s2D-2,DED,calibrated,101,200,6096,0.7360564304461942
CAID3 Disorder-NOX,s2D-2,DED,calibrated,201,-1,6688,0.7200956937799043
