dataset,method,kind,operating_point,min_overlap,stratum,n_regions,detection_rate
CAID2 Disorder-PDB,AlphaFold-disorder,AF,literal,0.25,short_lt20,118,0.5338983050847458
CAID2 Disorder-PDB,AlphaFold-disorder,AF,literal,0.25,mid_20_30,64,0.640625
CAID2 Disorder-PDB,AlphaFold-disorder,AF,literal,0.25,long_gt30,153,0.7647058823529411
CAID2 Disorder-PDB,AlphaFold-disorder,AF,literal,0.5,short_lt20,118,0.4322033898305085
CAID2 Disorder-PDB,AlphaFold-disorder,AF,literal,0.5,mid_20_30,64,0.5
CAID2 Disorder-PDB,AlphaFold-disorder,AF,literal,0.5,long_gt30,153,0.6013071895424836
CAID2 Disorder-PDB,AlphaFold-disorder,AF,literal,0.75,short_lt20,118,0.23728813559322035
CAID2 Disorder-PDB,AlphaFold-disorder,AF,literal,0.75,mid_20_30,64,0.34375
CAID2 Disorder-PDB,AlphaFold-disorder,AF,literal,0.75,long_gt30,153,0.43790849673202614
CAID2 Disorder-PDB,AlphaFold-disorder,AF,calibrated,0.25,short_lt20,118,0.7372881355932204
CAID2 Disorder-PDB,AlphaFold-disorder,AF,calibrated,0.25,mid_20_30,64,0.796875
CAID2 Disorder-PDB,AlphaFold-disorder,AF,calibrated,0.25,long_gt30,153,0.869281045751634
CAID2 Disorder-PDB,AlphaFold-disorder,AF,calibrated,0.5,short_lt20,118,0.6610169491525424
CAID2 Disorder-PDB,AlphaFold-disorder,AF,calibrated,0.5,mid_20_30,64,0.71875
CAID2 Disorder-PDB,AlphaFold-disorder,AF,calibrated,0.5,long_gt30,153,0.7973856209150327
CAID2 Disorder-PDB,AlphaFold-disorder,AF,calibrated,0.75,short_lt20,118,0.576271186440678
CAID2 Disorder-PDB,AlphaFold-disorder,AF,calibrated,0.75,mid_20_30,64,0.625
CAID2 Disorder-PDB,AlphaFold-disorder,AF,calibrated,0.75,long_gt30,153,0.6405228758169934
CAID2 Disorder-PDB,AlphaFold-rsa,AF,literal,0.25,short_lt20,118,0.635593220338983
CAID2 Disorder-PDB,AlphaFold-rsa,AF,literal,0.25,mid_20_30,64,0.78125
CAID2 Disorder-PDB,AlphaFold-rsa,AF,literal,0.25,long_gt30,153,0.9281045751633987
CAID2 Disorder-PDB,AlphaFold-rsa,AF,literal,0.5,short_lt20,118,0.6101694915254238
CAID2 Disorder-PDB,AlphaFold-rsa,AF,literal,0.5,mid_20_30,64,0.765625
CAID2 Disorder-PDB,AlphaFold-rsa,AF,literal,0.5,long_gt30,153,0.8758169934640523
CAID2 Disorder-PDB,AlphaFold-rsa,AF,literal,0.75,short_lt20,118,0.5508474576271186
CAID2 Disorder-PDB,AlphaFold-rsa,AF,literal,0.75,mid_20_30,64,0.671875
CAID2 Disorder-PDB,AlphaFold-rsa,AF,literal,0.75,long_gt30,153,0.8104575163398693
CAID2 Disorder-PDB,AlphaFold-rsa,AF,calibrated,0.25,short_lt20,118,0.5932203389830508
CAID2 Disorder-PDB,AlphaFold-rsa,AF,calibrated,0.25,mid_20_30,64,0.765625
CAID2 Disorder-PDB,AlphaFold-rsa,AF,calibrated,0.25,long_gt30,153,0.9215686274509803
CAID2 Disorder-PDB,AlphaFold-rsa,AF,calibrated,0.5,short_lt20,118,0.559322033898305
CAID2 Disorder-PDB,AlphaFold-rsa,AF,calibrated,0.5,mid_20_30,64,0.734375
CAID2 Disorder-PDB,AlphaFold-rsa,AF,calibrated,0.5,long_gt30,153,0.8627450980392157
CAID2 Disorder-PDB,AlphaFold-rsa,AF,calibrated,0.75,short_lt20,118,0.5169491525423728
CAID2 Disorder-PDB,AlphaFold-rsa,AF,calibrated,0.75,mid_20_30,64,0.625
CAID2 Disorder-PDB,AlphaFold-rsa,AF,calibrated,0.75,long_gt30,153,0.7777777777777778
CAID2 Disorder-PDB,AIUPred,DED,literal,0.25,short_lt20,118,0.6186440677966102
CAID2 Disorder-PDB,AIUPred,DED,literal,0.25,mid_20_30,64,0.65625
CAID2 Disorder-PDB,AIUPred,DED,literal,0.25,long_gt30,153,0.9084967320261438
CAID2 Disorder-PDB,AIUPred,DED,literal,0.5,short_lt20,118,0.5677966101694916
CAID2 Disorder-PDB,AIUPred,DED,literal,0.5,mid_20_30,64,0.625
CAID2 Disorder-PDB,AIUPred,DED,literal,0.5,long_gt30,153,0.8235294117647058
CAID2 Disorder-PDB,AIUPred,DED,literal,0.75,short_lt20,118,0.5084745762711864
CAID2 Disorder-PDB,AIUPred,DED,literal,0.75,mid_20_30,64,0.515625
CAID2 Disorder-PDB,AIUPred,DED,literal,0.75,long_gt30,153,0.7058823529411765
CAID2 Disorder-PDB,AIUPred,DED,calibrated,0.25,short_lt20,118,0.3898305084745763
CAID2 Disorder-PDB,AIUPred,DED,calibrated,0.25,mid_20_30,64,0.484375
CAID2 Disorder-PDB,AIUPred,DED,calibrated,0.25,long_gt30,153,0.7647058823529411
CAID2 Disorder-PDB,AIUPred,DED,calibrated,0.5,short_lt20,118,0.3474576271186441
CAID2 Disorder-PDB,AIUPred,DED,calibrated,0.5,mid_20_30,64,0.390625
CAID2 Disorder-PDB,AIUPred,DED,calibrated,0.5,long_gt30,153,0.6405228758169934
CAID2 Disorder-PDB,AIUPred,DED,calibrated,0.75,short_lt20,118,0.2711864406779661
CAID2 Disorder-PDB,AIUPred,DED,calibrated,0.75,mid_20_30,64,0.3125
CAID2 Disorder-PDB,AIUPred,DED,calibrated,0.75,long_gt30,153,0.5555555555555556
CAID2 Disorder-PDB,IUPred3,DED,literal,0.25,short_lt20,118,0.5423728813559322
CAID2 Disorder-PDB,IUPred3,DED,literal,0.25,mid_20_30,64,0.53125
CAID2 Disorder-PDB,IUPred3,DED,literal,0.25,long_gt30,153,0.7516339869281046
CAID2 Disorder-PDB,IUPred3,DED,literal,0.5,short_lt20,118,0.423728813559322
CAID2 Disorder-PDB,IUPred3,DED,literal,0.5,mid_20_30,64,0.40625
CAID2 Disorder-PDB,IUPred3,DED,literal,0.5,long_gt30,153,0.6078431372549019
CAID2 Disorder-PDB,IUPred3,DED,literal,0.75,short_lt20,118,0.2627118644067797
CAID2 Disorder-PDB,IUPred3,DED,literal,0.75,mid_20_30,64,0.25
CAID2 Disorder-PDB,IUPred3,DED,literal,0.75,long_gt30,153,0.45751633986928103
CAID2 Disorder-PDB,IUPred3,DED,calibrated,0.25,short_lt20,118,0.5338983050847458
CAID2 Disorder-PDB,IUPred3,DED,calibrated,0.25,mid_20_30,64,0.53125
CAID2 Disorder-PDB,IUPred3,DED,calibrated,0.25,long_gt30,153,0.7320261437908496
CAID2 Disorder-PDB,IUPred3,DED,calibrated,0.5,short_lt20,118,0.3983050847457627
CAID2 Disorder-PDB,IUPred3,DED,calibrated,0.5,mid_20_30,64,0.390625
CAID2 Disorder-PDB,IUPred3,DED,calibrated,0.5,long_gt30,153,0.5947712418300654
CAID2 Disorder-PDB,IUPred3,DED,calibrated,0.75,short_lt20,118,0.2542372881355932
CAID2 Disorder-PDB,IUPred3,DED,calibrated,0.75,mid_20_30,64,0.21875
CAID2 Disorder-PDB,IUPred3,DED,calibrated,0.75,long_gt30,153,0.4444444444444444
CAID2 Disorder-PDB,ESpritz-D,DED,literal,0.25,short_lt20,118,0.1016949152542373
CAID2 Disorder-PDB,ESpritz-D,DED,literal,0.25,mid_20_30,64,0.078125
CAID2 Disorder-PDB,ESpritz-D,DED,literal,0.25,long_gt30,153,0.42483660130718953
CAID2 Disorder-PDB,ESpritz-D,DED,literal,0.5,short_lt20,118,0.09322033898305085
CAID2 Disorder-PDB,ESpritz-D,DED,literal,0.5,mid_20_30,64,0.0625
CAID2 Disorder-PDB,ESpritz-D,DED,literal,0.5,long_gt30,153,0.3202614379084967
CAID2 Disorder-PDB,ESpritz-D,DED,literal,0.75,short_lt20,118,0.09322033898305085
CAID2 Disorder-PDB,ESpritz-D,DED,literal,0.75,mid_20_30,64,0.0625
CAID2 Disorder-PDB,ESpritz-D,DED,literal,0.75,long_gt30,153,0.22875816993464052
CAID2 Disorder-PDB,ESpritz-D,DED,calibrated,0.25,short_lt20,118,0.4067796610169492
CAID2 Disorder-PDB,ESpritz-D,DED,calibrated,0.25,mid_20_30,64,0.515625
CAID2 Disorder-PDB,ESpritz-D,DED,calibrated,0.25,long_gt30,153,0.7843137254901961
CAID2 Disorder-PDB,ESpritz-D,DED,calibrated,0.5,short_lt20,118,0.3728813559322034
CAID2 Disorder-PDB,ESpritz-D,DED,calibrated,0.5,mid_20_30,64,0.5
CAID2 Disorder-PDB,ESpritz-D,DED,calibrated,0.5,long_gt30,153,0.7516339869281046
CAID2 Disorder-PDB,ESpritz-D,DED,calibrated,0.75,short_lt20,118,0.3644067796610169
CAID2 Disorder-PDB,ESpritz-D,DED,calibrated,0.75,mid_20_30,64,0.453125
CAID2 Disorder-PDB,ESpritz-D,DED,calibrated,0.75,long_gt30,153,0.6993464052287581
CAID2 Disorder-PDB,ESpritz-N,DED,literal,0.25,short_lt20,118,0.5254237288135594
CAID2 Disorder-PDB,ESpritz-N,DED,literal,0.25,mid_20_30,64,0.546875
CAID2 Disorder-PDB,ESpritz-N,DED,literal,0.25,long_gt30,153,0.7189542483660131
CAID2 Disorder-PDB,ESpritz-N,DED,literal,0.5,short_lt20,118,0.4322033898305085
CAID2 Disorder-PDB,ESpritz-N,DED,literal,0.5,mid_20_30,64,0.390625
CAID2 Disorder-PDB,ESpritz-N,DED,literal,0.5,long_gt30,153,0.48366013071895425
CAID2 Disorder-PDB,ESpritz-N,DED,literal,0.75,short_lt20,118,0.3305084745762712
CAID2 Disorder-PDB,ESpritz-N,DED,literal,0.75,mid_20_30,64,0.234375
CAID2 Disorder-PDB,ESpritz-N,DED,literal,0.75,long_gt30,153,0.2549019607843137
CAID2 Disorder-PDB,ESpritz-N,DED,calibrated,0.25,short_lt20,118,0.6440677966101694
CAID2 Disorder-PDB,ESpritz-N,DED,calibrated,0.25,mid_20_30,64,0.640625
CAID2 Disorder-PDB,ESpritz-N,DED,calibrated,0.25,long_gt30,153,0.8366013071895425
CAID2 Disorder-PDB,ESpritz-N,DED,calibrated,0.5,short_lt20,118,0.5338983050847458
CAID2 Disorder-PDB,ESpritz-N,DED,calibrated,0.5,mid_20_30,64,0.46875
CAID2 Disorder-PDB,ESpritz-N,DED,calibrated,0.5,long_gt30,153,0.6209150326797386
CAID2 Disorder-PDB,ESpritz-N,DED,calibrated,0.75,short_lt20,118,0.4067796610169492
CAID2 Disorder-PDB,ESpritz-N,DED,calibrated,0.75,mid_20_30,64,0.40625
CAID2 Disorder-PDB,ESpritz-N,DED,calibrated,0.75,long_gt30,153,0.4117647058823529
CAID2 Disorder-PDB,ESpritz-X,DED,literal,0.25,short_lt20,118,0.1694915254237288
CAID2 Disorder-PDB,ESpritz-X,DED,literal,0.25,mid_20_30,64,0.203125
CAID2 Disorder-PDB,ESpritz-X,DED,literal,0.25,long_gt30,153,0.32679738562091504
CAID2 Disorder-PDB,ESpritz-X,DED,literal,0.5,short_lt20,118,0.1440677966101695
CAID2 Disorder-PDB,ESpritz-X,DED,literal,0.5,mid_20_30,64,0.15625
CAID2 Disorder-PDB,ESpritz-X,DED,literal,0.5,long_gt30,153,0.20261437908496732
CAID2 Disorder-PDB,ESpritz-X,DED,literal,0.75,short_lt20,118,0.09322033898305085
CAID2 Disorder-PDB,ESpritz-X,DED,literal,0.75,mid_20_30,64,0.09375
CAID2 Disorder-PDB,ESpritz-X,DED,literal,0.75,long_gt30,153,0.13071895424836602
CAID2 Disorder-PDB,ESpritz-X,DED,calibrated,0.25,short_lt20,118,0.6016949152542372
CAID2 Disorder-PDB,ESpritz-X,DED,calibrated,0.25,mid_20_30,64,0.671875
CAID2 Disorder-PDB,ESpritz-X,DED,calibrated,0.25,long_gt30,153,0.8104575163398693
CAID2 Disorder-PDB,ESpritz-X,DED,calibrated,0.5,short_lt20,118,0.5254237288135594
CAID2 Disorder-PDB,ESpritz-X,DED,calibrated,0.5,mid_20_30,64,0.578125
CAID2 Disorder-PDB,ESpritz-X,DED,calibrated,0.5,long_gt30,153,0.6862745098039216
CAID2 Disorder-PDB,ESpritz-X,DED,calibrated,0.75,short_lt20,118,0.4661016949152542
CAID2 Disorder-PDB,ESpritz-X,DED,calibrated,0.75,mid_20_30,64,0.4375
CAID2 Disorder-PDB,ESpritz-X,DED,calibrated,0.75,long_gt30,153,0.49673202614379086
CAID2 Disorder-PDB,MobiDB-lite,DED,literal,0.25,short_lt20,118,0.5169491525423728
CAID2 Disorder-PDB,MobiDB-lite,DED,literal,0.25,mid_20_30,64,0.484375
CAID2 Disorder-PDB,MobiDB-lite,DED,literal,0.25,long_gt30,153,0.6666666666666666
CAID2 Disorder-PDB,MobiDB-lite,DED,literal,0.5,short_lt20,118,0.3559322033898305
CAID2 Disorder-PDB,MobiDB-lite,DED,literal,0.5,mid_20_30,64,0.359375
CAID2 Disorder-PDB,MobiDB-lite,DED,literal,0.5,long_gt30,153,0.47058823529411764
CAID2 Disorder-PDB,MobiDB-lite,DED,literal,0.75,short_lt20,118,0.22033898305084745
CAID2 Disorder-PDB,MobiDB-lite,DED,literal,0.75,mid_20_30,64,0.203125
CAID2 Disorder-PDB,MobiDB-lite,DED,literal,0.75,long_gt30,153,0.24836601307189543
CAID2 Disorder-PDB,MobiDB-lite,DED,calibrated,0.25,short_lt20,118,0.6864406779661016
CAID2 Disorder-PDB,MobiDB-lite,DED,calibrated,0.25,mid_20_30,64,0.671875
CAID2 Disorder-PDB,MobiDB-lite,DED,calibrated,0.25,long_gt30,153,0.8366013071895425
CAID2 Disorder-PDB,MobiDB-lite,DED,calibrated,0.5,short_lt20,118,0.6016949152542372
CAID2 Disorder-PDB,MobiDB-lite,DED,calibrated,0.5,mid_20_30,64,0.578125
CAID2 Disorder-PDB,MobiDB-lite,DED,calibrated,0.5,long_gt30,153,0.6862745098039216
CAID2 Disorder-PDB,MobiDB-lite,DED,calibrated,0.75,short_lt20,118,0.3983050847457627
CAID2 Disorder-PDB,MobiDB-lite,DED,calibrated,0.75,mid_20_30,64,0.359375
CAID2 Disorder-PDB,MobiDB-lite,DED,calibrated,0.75,long_gt30,153,0.49673202614379086
CAID2 Disorder-PDB,flDPnn,DED,literal,0.25,short_lt20,118,0.15254237288135594
CAID2 Disorder-PDB,flDPnn,DED,literal,0.25,mid_20_30,64,0.171875
CAID2 Disorder-PDB,flDPnn,DED,literal,0.25,long_gt30,153,0.33986928104575165
CAID2 Disorder-PDB,flDPnn,DED,literal,0.5,short_lt20,118,0.1271186440677966
CAID2 Disorder-PDB,flDPnn,DED,literal,0.5,mid_20_30,64,0.125
CAID2 Disorder-PDB,flDPnn,DED,literal,0.5,long_gt30,153,0.2222222222222222
CAID2 Disorder-PDB,flDPnn,DED,literal,0.75,short_lt20,118,0.07627118644067797
CAID2 Disorder-PDB,flDPnn,DED,literal,0.75,mid_20_30,64,0.078125
CAID2 Disorder-PDB,flDPnn,DED,literal,0.75,long_gt30,153,0.17647058823529413
CAID2 Disorder-PDB,flDPnn,DED,calibrated,0.25,short_lt20,118,0.6949152542372882
CAID2 Disorder-PDB,flDPnn,DED,calibrated,0.25,mid_20_30,64,0.78125
CAID2 Disorder-PDB,flDPnn,DED,calibrated,0.25,long_gt30,153,0.8496732026143791
CAID2 Disorder-PDB,flDPnn,DED,calibrated,0.5,short_lt20,118,0.6016949152542372
CAID2 Disorder-PDB,flDPnn,DED,calibrated,0.5,mid_20_30,64,0.640625
CAID2 Disorder-PDB,flDPnn,DED,calibrated,0.5,long_gt30,153,0.7320261437908496
CAID2 Disorder-PDB,flDPnn,DED,calibrated,0.75,short_lt20,118,0.4067796610169492
CAID2 Disorder-PDB,flDPnn,DED,calibrated,0.75,mid_20_30,64,0.46875
CAID2 Disorder-PDB,flDPnn,DED,calibrated,0.75,long_gt30,153,0.5751633986928104
CAID2 Disorder-PDB,flDPnn2,DED,literal,0.25,short_lt20,118,0.15254237288135594
CAID2 Disorder-PDB,flDPnn2,DED,literal,0.25,mid_20_30,64,0.25
CAID2 Disorder-PDB,flDPnn2,DED,literal,0.25,long_gt30,153,0.35947712418300654
CAID2 Disorder-PDB,flDPnn2,DED,literal,0.5,short_lt20,118,0.11864406779661017
CAID2 Disorder-PDB,flDPnn2,DED,literal,0.5,mid_20_30,64,0.1875
CAID2 Disorder-PDB,flDPnn2,DED,literal,0.5,long_gt30,153,0.29411764705882354
CAID2 Disorder-PDB,flDPnn2,DED,literal,0.75,short_lt20,118,0.09322033898305085
CAID2 Disorder-PDB,flDPnn2,DED,literal,0.75,mid_20_30,64,0.078125
CAID2 Disorder-PDB,flDPnn2,DED,literal,0.75,long_gt30,153,0.20915032679738563
CAID2 Disorder-PDB,flDPnn2,DED,calibrated,0.25,short_lt20,118,0.6101694915254238
CAID2 Disorder-PDB,flDPnn2,DED,calibrated,0.25,mid_20_30,64,0.734375
CAID2 Disorder-PDB,flDPnn2,DED,calibrated,0.25,long_gt30,153,0.8496732026143791
CAID2 Disorder-PDB,flDPnn2,DED,calibrated,0.5,short_lt20,118,0.5423728813559322
CAID2 Disorder-PDB,flDPnn2,DED,calibrated,0.5,mid_20_30,64,0.609375
CAID2 Disorder-PDB,flDPnn2,DED,calibrated,0.5,long_gt30,153,0.7712418300653595
CAID2 Disorder-PDB,flDPnn2,DED,calibrated,0.75,short_lt20,118,0.4322033898305085
CAID2 Disorder-PDB,flDPnn2,DED,calibrated,0.75,mid_20_30,64,0.453125
CAID2 Disorder-PDB,flDPnn2,DED,calibrated,0.75,long_gt30,153,0.6535947712418301
CAID2 Disorder-PDB,DISOPRED3-diso,DED,literal,0.25,short_lt20,118,0.5677966101694916
CAID2 Disorder-PDB,DISOPRED3-diso,DED,literal,0.25,mid_20_30,64,0.65625
CAID2 Disorder-PDB,DISOPRED3-diso,DED,literal,0.25,long_gt30,153,0.803921568627451
CAID2 Disorder-PDB,DISOPRED3-diso,DED,literal,0.5,short_lt20,118,0.4830508474576271
CAID2 Disorder-PDB,DISOPRED3-diso,DED,literal,0.5,mid_20_30,64,0.59375
CAID2 Disorder-PDB,DISOPRED3-diso,DED,literal,0.5,long_gt30,153,0.673202614379085
CAID2 Disorder-PDB,DISOPRED3-diso,DED,literal,0.75,short_lt20,118,0.3728813559322034
CAID2 Disorder-PDB,DISOPRED3-diso,DED,literal,0.75,mid_20_30,64,0.4375
CAID2 Disorder-PDB,DISOPRED3-diso,DED,literal,0.75,long_gt30,153,0.49019607843137253
CAID2 Disorder-PDB,DISOPRED3-diso,DED,calibrated,0.25,short_lt20,118,0.6101694915254238
CAID2 Disorder-PDB,DISOPRED3-diso,DED,calibrated,0.25,mid_20_30,64,0.703125
CAID2 Disorder-PDB,DISOPRED3-diso,DED,calibrated,0.25,long_gt30,153,0.8300653594771242
CAID2 Disorder-PDB,DISOPRED3-diso,DED,calibrated,0.5,short_lt20,118,0.5338983050847458
CAID2 Disorder-PDB,DISOPRED3-diso,DED,calibrated,0.5,mid_20_30,64,0.625
CAID2 Disorder-PDB,DISOPRED3-diso,DED,calibrated,0.5,long_gt30,153,0.7124183006535948
CAID2 Disorder-PDB,DISOPRED3-diso,DED,calibrated,0.75,short_lt20,118,0.4322033898305085
CAID2 Disorder-PDB,DISOPRED3-diso,DED,calibrated,0.75,mid_20_30,64,0.515625
CAID2 Disorder-PDB,DISOPRED3-diso,DED,calibrated,0.75,long_gt30,153,0.5620915032679739
CAID2 Disorder-PDB,SETH-0,DED,literal,0.25,short_lt20,118,0.4915254237288136
CAID2 Disorder-PDB,SETH-0,DED,literal,0.25,mid_20_30,64,0.625
CAID2 Disorder-PDB,SETH-0,DED,literal,0.25,long_gt30,153,0.8366013071895425
CAID2 Disorder-PDB,SETH-0,DED,literal,0.5,short_lt20,118,0.3898305084745763
CAID2 Disorder-PDB,SETH-0,DED,literal,0.5,mid_20_30,64,0.5
CAID2 Disorder-PDB,SETH-0,DED,literal,0.5,long_gt30,153,0.6928104575163399
CAID2 Disorder-PDB,SETH-0,DED,literal,0.75,short_lt20,118,0.2542372881355932
CAID2 Disorder-PDB,SETH-0,DED,literal,0.75,mid_20_30,64,0.375
CAID2 Disorder-PDB,SETH-0,DED,literal,0.75,long_gt30,153,0.5686274509803921
CAID2 Disorder-PDB,SETH-0,DED,calibrated,0.25,short_lt20,118,0.6864406779661016
CAID2 Disorder-PDB,SETH-0,DED,calibrated,0.25,mid_20_30,64,0.734375
CAID2 Disorder-PDB,SETH-0,DED,calibrated,0.25,long_gt30,153,0.8888888888888888
CAID2 Disorder-PDB,SETH-0,DED,calibrated,0.5,short_lt20,118,0.5932203389830508
CAID2 Disorder-PDB,SETH-0,DED,calibrated,0.5,mid_20_30,64,0.625
CAID2 Disorder-PDB,SETH-0,DED,calibrated,0.5,long_gt30,153,0.8235294117647058
CAID2 Disorder-PDB,SETH-0,DED,calibrated,0.75,short_lt20,118,0.4152542372881356
CAID2 Disorder-PDB,SETH-0,DED,calibrated,0.75,mid_20_30,64,0.53125
CAID2 Disorder-PDB,SETH-0,DED,calibrated,0.75,long_gt30,153,0.6928104575163399
CAID2 Disorder-PDB,SETH-1,DED,literal,0.25,short_lt20,118,0.652542372881356
CAID2 Disorder-PDB,SETH-1,DED,literal,0.25,mid_20_30,64,0.703125
CAID2 Disorder-PDB,SETH-1,DED,literal,0.25,long_gt30,153,0.8562091503267973
CAID2 Disorder-PDB,SETH-1,DED,literal,0.5,short_lt20,118,0.5084745762711864
CAID2 Disorder-PDB,SETH-1,DED,literal,0.5,mid_20_30,64,0.546875
CAID2 Disorder-PDB,SETH-1,DED,literal,0.5,long_gt30,153,0.7450980392156863
CAID2 Disorder-PDB,SETH-1,DED,literal,0.75,short_lt20,118,0.3474576271186441
CAID2 Disorder-PDB,SETH-1,DED,literal,0.75,mid_20_30,64,0.375
CAID2 Disorder-PDB,SETH-1,DED,literal,0.75,long_gt30,153,0.5686274509803921
CAID2 Disorder-PDB,SETH-1,DED,calibrated,0.25,short_lt20,118,0.7372881355932204
CAID2 Disorder-PDB,SETH-1,DED,calibrated,0.25,mid_20_30,64,0.78125
CAID2 Disorder-PDB,SETH-1,DED,calibrated,0.25,long_gt30,153,0.8888888888888888
CAID2 Disorder-PDB,SETH-1,DED,calibrated,0.5,short_lt20,118,0.6271186440677966
CAID2 Disorder-PDB,SETH-1,DED,calibrated,0.5,mid_20_30,64,0.6875
CAID2 Disorder-PDB,SETH-1,DED,calibrated,0.5,long_gt30,153,0.8104575163398693
CAID2 Disorder-PDB,SETH-1,DED,calibrated,0.75,short_lt20,118,0.4152542372881356
CAID2 Disorder-PDB,SETH-1,DED,calibrated,0.75,mid_20_30,64,0.484375
CAID2 Disorder-PDB,SETH-1,DED,calibrated,0.75,long_gt30,153,0.6666666666666666
CAID2 Disorder-PDB,VSL2,DED,literal,0.25,short_lt20,118,0.8305084745762712
CAID2 Disorder-PDB,VSL2,DED,literal,0.25,mid_20_30,64,0.859375
CAID2 Disorder-PDB,VSL2,DED,literal,0.25,long_gt30,153,0.9411764705882353
CAID2 Disorder-PDB,VSL2,DED,literal,0.5,short_lt20,118,0.788135593220339
CAID2 Disorder-PDB,VSL2,DED,literal,0.5,mid_20_30,64,0.71875
CAID2 Disorder-PDB,VSL2,DED,literal,0.5,long_gt30,153,0.8562091503267973
CAID2 Disorder-PDB,VSL2,DED,literal,0.75,short_lt20,118,0.6186440677966102
CAID2 Disorder-PDB,VSL2,DED,literal,0.75,mid_20_30,64,0.625
CAID2 Disorder-PDB,VSL2,DED,literal,0.75,long_gt30,153,0.7254901960784313
CAID2 Disorder-PDB,VSL2,DED,calibrated,0.25,short_lt20,118,0.6186440677966102
CAID2 Disorder-PDB,VSL2,DED,calibrated,0.25,mid_20_30,64,0.65625
CAID2 Disorder-PDB,VSL2,DED,calibrated,0.25,long_gt30,153,0.8562091503267973
CAID2 Disorder-PDB,VSL2,DED,calibrated,0.5,short_lt20,118,0.5
CAID2 Disorder-PDB,VSL2,DED,calibrated,0.5,mid_20_30,64,0.546875
CAID2 Disorder-PDB,VSL2,DED,calibrated,0.5,long_gt30,153,0.7320261437908496
CAID2 Disorder-PDB,VSL2,DED,calibrated,0.75,short_lt20,118,0.3305084745762712
CAID2 Disorder-PDB,VSL2,DED,calibrated,0.75,mid_20_30,64,0.40625
CAID2 Disorder-PDB,VSL2,DED,calibrated,0.75,long_gt30,153,0.5424836601307189
CAID2 Disorder-PDB,SPOT-Disorder,DED,literal,0.25,short_lt20,118,0.5423728813559322
CAID2 Disorder-PDB,SPOT-Disorder,DED,literal,0.25,mid_20_30,64,0.671875
CAID2 Disorder-PDB,SPOT-Disorder,DED,literal,0.25,long_gt30,153,0.8758169934640523
CAID2 Disorder-PDB,SPOT-Disorder,DED,literal,0.5,short_lt20,118,0.4745762711864407
CAID2 Disorder-PDB,SPOT-Disorder,DED,literal,0.5,mid_20_30,64,0.609375
CAID2 Disorder-PDB,SPOT-Disorder,DED,literal,0.5,long_gt30,153,0.7647058823529411
CAID2 Disorder-PDB,SPOT-Disorder,DED,literal,0.75,short_lt20,118,0.3644067796610169
CAID2 Disorder-PDB,SPOT-Disorder,DED,literal,0.75,mid_20_30,64,0.53125
CAID2 Disorder-PDB,SPOT-Disorder,DED,literal,0.75,long_gt30,153,0.6535947712418301
CAID2 Disorder-PDB,SPOT-Disorder,DED,calibrated,0.25,short_lt20,118,0.6101694915254238
CAID2 Disorder-PDB,SPOT-Disorder,DED,calibrated,0.25,mid_20_30,64,0.71875
CAID2 Disorder-PDB,SPOT-Disorder,DED,calibrated,0.25,long_gt30,153,0.8823529411764706
CAID2 Disorder-PDB,SPOT-Disorder,DED,calibrated,0.5,short_lt20,118,0.5847457627118644
CAID2 Disorder-PDB,SPOT-Disorder,DED,calibrated,0.5,mid_20_30,64,0.671875
CAID2 Disorder-PDB,SPOT-Disorder,DED,calibrated,0.5,long_gt30,153,0.7973856209150327
CAID2 Disorder-PDB,SPOT-Disorder,DED,calibrated,0.75,short_lt20,118,0.4915254237288136
CAID2 Disorder-PDB,SPOT-Disorder,DED,calibrated,0.75,mid_20_30,64,0.578125
CAID2 Disorder-PDB,SPOT-Disorder,DED,calibrated,0.75,long_gt30,153,0.7124183006535948
CAID2 Disorder-PDB,SPOT-Disorder2,DED,literal,0.25,short_lt20,118,0.576271186440678
CAID2 Disorder-PDB,SPOT-Disorder2,DED,literal,0.25,mid_20_30,64,0.65625
CAID2 Disorder-PDB,SPOT-Disorder2,DED,literal,0.25,long_gt30,153,0.8366013071895425
CAID2 Disorder-PDB,SPOT-Disorder2,DED,literal,0.5,short_lt20,118,0.5338983050847458
CAID2 Disorder-PDB,SPOT-Disorder2,DED,literal,0.5,mid_20_30,64,0.5625
CAID2 Disorder-PDB,SPOT-Disorder2,DED,literal,0.5,long_gt30,153,0.7320261437908496
CAID2 Disorder-PDB,SPOT-Disorder2,DED,literal,0.75,short_lt20,118,0.3389830508474576
CAID2 Disorder-PDB,SPOT-Disorder2,DED,literal,0.75,mid_20_30,64,0.5
CAID2 Disorder-PDB,SPOT-Disorder2,DED,literal,0.75,long_gt30,153,0.6143790849673203
CAID2 Disorder-PDB,SPOT-Disorder2,DED,calibrated,0.25,short_lt20,118,0.6610169491525424
CAID2 Disorder-PDB,SPOT-Disorder2,DED,calibrated,0.25,mid_20_30,64,0.75
CAID2 Disorder-PDB,SPOT-Disorder2,DED,calibrated,0.25,long_gt30,153,0.8431372549019608
CAID2 Disorder-PDB,SPOT-Disorder2,DED,calibrated,0.5,short_lt20,118,0.5932203389830508
CAID2 Disorder-PDB,SPOT-Disorder2,DED,calibrated,0.5,mid_20_30,64,0.625
CAID2 Disorder-PDB,SPOT-Disorder2,DED,calibrated,0.5,long_gt30,153,0.7777777777777778
CAID2 Disorder-PDB,SPOT-Disorder2,DED,calibrated,0.75,short_lt20,118,0.4322033898305085
CAID2 Disorder-PDB,SPOT-Disorder2,DED,calibrated,0.75,mid_20_30,64,0.546875
CAID2 Disorder-PDB,SPOT-Disorder2,DED,calibrated,0.75,long_gt30,153,0.673202614379085
CAID2 Disorder-PDB,SPOT-Disorder-Single,DED,literal,0.25,short_lt20,118,0.3050847457627119
CAID2 Disorder-PDB,SPOT-Disorder-Single,DED,literal,0.25,mid_20_30,64,0.328125
CAID2 Disorder-PDB,SPOT-Disorder-Single,DED,literal,0.25,long_gt30,153,0.6470588235294118
CAID2 Disorder-PDB,SPOT-Disorder-Single,DED,literal,0.5,short_lt20,118,0.2542372881355932
CAID2 Disorder-PDB,SPOT-Disorder-Single,DED,literal,0.5,mid_20_30,64,0.234375
CAID2 Disorder-PDB,SPOT-Disorder-Single,DED,literal,0.5,long_gt30,153,0.5359477124183006
CAID2 Disorder-PDB,SPOT-Disorder-Single,DED,literal,0.75,short_lt20,118,0.16101694915254236
CAID2 Disorder-PDB,SPOT-Disorder-Single,DED,literal,0.75,mid_20_30,64,0.171875
CAID2 Disorder-PDB,SPOT-Disorder-Single,DED,literal,0.75,long_gt30,153,0.35947712418300654
CAID2 Disorder-PDB,SPOT-Disorder-Single,DED,calibrated,0.25,short_lt20,118,0.559322033898305
CAID2 Disorder-PDB,SPOT-Disorder-Single,DED,calibrated,0.25,mid_20_30,64,0.625
CAID2 Disorder-PDB,SPOT-Disorder-Single,DED,calibrated,0.25,long_gt30,153,0.8235294117647058
CAID2 Disorder-PDB,SPOT-Disorder-Single,DED,calibrated,0.5,short_lt20,118,0.4745762711864407
CAID2 Disorder-PDB,SPOT-Disorder-Single,DED,calibrated,0.5,mid_20_30,64,0.53125
CAID2 Disorder-PDB,SPOT-Disorder-Single,DED,calibrated,0.5,long_gt30,153,0.6928104575163399
CAID2 Disorder-PDB,SPOT-Disorder-Single,DED,calibrated,0.75,short_lt20,118,0.3983050847457627
CAID2 Disorder-PDB,SPOT-Disorder-Single,DED,calibrated,0.75,mid_20_30,64,0.46875
CAID2 Disorder-PDB,SPOT-Disorder-Single,DED,calibrated,0.75,long_gt30,153,0.6013071895424836
CAID2 Disorder-PDB,DisEMBL-dis465,DED,literal,0.25,short_lt20,118,0.576271186440678
CAID2 Disorder-PDB,DisEMBL-dis465,DED,literal,0.25,mid_20_30,64,0.59375
CAID2 Disorder-PDB,DisEMBL-dis465,DED,literal,0.25,long_gt30,153,0.6928104575163399
CAID2 Disorder-PDB,DisEMBL-dis465,DED,literal,0.5,short_lt20,118,0.423728813559322
CAID2 Disorder-PDB,DisEMBL-dis465,DED,literal,0.5,mid_20_30,64,0.296875
CAID2 Disorder-PDB,DisEMBL-dis465,DED,literal,0.5,long_gt30,153,0.28104575163398693
CAID2 Disorder-PDB,DisEMBL-dis465,DED,literal,0.75,short_lt20,118,0.2288135593220339
CAID2 Disorder-PDB,DisEMBL-dis465,DED,literal,0.75,mid_20_30,64,0.203125
CAID2 Disorder-PDB,DisEMBL-dis465,DED,literal,0.75,long_gt30,153,0.11764705882352941
CAID2 Disorder-PDB,DisEMBL-dis465,DED,calibrated,0.25,short_lt20,118,0.7542372881355932
CAID2 Disorder-PDB,DisEMBL-dis465,DED,calibrated,0.25,mid_20_30,64,0.796875
CAID2 Disorder-PDB,DisEMBL-dis465,DED,calibrated,0.25,long_gt30,153,0.869281045751634
CAID2 Disorder-PDB,DisEMBL-dis465,DED,calibrated,0.5,short_lt20,118,0.635593220338983
CAID2 Disorder-PDB,DisEMBL-dis465,DED,calibrated,0.5,mid_20_30,64,0.515625
CAID2 Disorder-PDB,DisEMBL-dis465,DED,calibrated,0.5,long_gt30,153,0.6013071895424836
CAID2 Disorder-PDB,DisEMBL-dis465,DED,calibrated,0.75,short_lt20,118,0.3813559322033898
CAID2 Disorder-PDB,DisEMBL-dis465,DED,calibrated,0.75,mid_20_30,64,0.328125
CAID2 Disorder-PDB,DisEMBL-dis465,DED,calibrated,0.75,long_gt30,153,0.23529411764705882
CAID2 Disorder-PDB,DisEMBL-disHL,DED,literal,0.25,short_lt20,118,0.0
CAID2 Disorder-PDB,DisEMBL-disHL,DED,literal,0.25,mid_20_30,64,0.0
CAID2 Disorder-PDB,DisEMBL-disHL,DED,literal,0.25,long_gt30,153,0.0
CAID2 Disorder-PDB,DisEMBL-disHL,DED,literal,0.5,short_lt20,118,0.0
CAID2 Disorder-PDB,DisEMBL-disHL,DED,literal,0.5,mid_20_30,64,0.0
CAID2 Disorder-PDB,DisEMBL-disHL,DED,literal,0.5,long_gt30,153,0.0
CAID2 Disorder-PDB,DisEMBL-disHL,DED,literal,0.75,short_lt20,118,0.0
CAID2 Disorder-PDB,DisEMBL-disHL,DED,literal,0.75,mid_20_30,64,0.0
CAID2 Disorder-PDB,DisEMBL-disHL,DED,literal,0.75,long_gt30,153,0.0
CAID2 Disorder-PDB,DisEMBL-disHL,DED,calibrated,0.25,short_lt20,118,0.9576271186440678
CAID2 Disorder-PDB,DisEMBL-disHL,DED,calibrated,0.25,mid_20_30,64,0.953125
CAID2 Disorder-PDB,DisEMBL-disHL,DED,calibrated,0.25,long_gt30,153,0.9281045751633987
CAID2 Disorder-PDB,DisEMBL-disHL,DED,calibrated,0.5,short_lt20,118,0.8813559322033898
CAID2 Disorder-PDB,DisEMBL-disHL,DED,calibrated,0.5,mid_20_30,64,0.78125
CAID2 Disorder-PDB,DisEMBL-disHL,DED,calibrated,0.5,long_gt30,153,0.7777777777777778
CAID2 Disorder-PDB,DisEMBL-disHL,DED,calibrated,0.75,short_lt20,118,0.7033898305084746
CAID2 Disorder-PDB,DisEMBL-disHL,DED,calibrated,0.75,mid_20_30,64,0.546875
CAID2 Disorder-PDB,DisEMBL-disHL,DED,calibrated,0.75,long_gt30,153,0.41830065359477125
CAID2 Disorder-PDB,IsUnstruct,DED,literal,0.25,short_lt20,118,0.7203389830508474
CAID2 Disorder-PDB,IsUnstruct,DED,literal,0.25,mid_20_30,64,0.78125
CAID2 Disorder-PDB,IsUnstruct,DED,literal,0.25,long_gt30,153,0.9019607843137255
CAID2 Disorder-PDB,IsUnstruct,DED,literal,0.5,short_lt20,118,0.6779661016949152
CAID2 Disorder-PDB,IsUnstruct,DED,literal,0.5,mid_20_30,64,0.640625
CAID2 Disorder-PDB,IsUnstruct,DED,literal,0.5,long_gt30,153,0.7908496732026143
CAID2 Disorder-PDB,IsUnstruct,DED,literal,0.75,short_lt20,118,0.5508474576271186
CAID2 Disorder-PDB,IsUnstruct,DED,literal,0.75,mid_20_30,64,0.5625
CAID2 Disorder-PDB,IsUnstruct,DED,literal,0.75,long_gt30,153,0.6209150326797386
CAID2 Disorder-PDB,IsUnstruct,DED,calibrated,0.25,short_lt20,118,0.6271186440677966
CAID2 Disorder-PDB,IsUnstruct,DED,calibrated,0.25,mid_20_30,64,0.671875
CAID2 Disorder-PDB,IsUnstruct,DED,calibrated,0.25,long_gt30,153,0.8562091503267973
CAID2 Disorder-PDB,IsUnstruct,DED,calibrated,0.5,short_lt20,118,0.5677966101694916
CAID2 Disorder-PDB,IsUnstruct,DED,calibrated,0.5,mid_20_30,64,0.5625
CAID2 Disorder-PDB,IsUnstruct,DED,calibrated,0.5,long_gt30,153,0.7189542483660131
CAID2 Disorder-PDB,IsUnstruct,DED,calibrated,0.75,short_lt20,118,0.4406779661016949
CAID2 Disorder-PDB,IsUnstruct,DED,calibrated,0.75,mid_20_30,64,0.453125
CAID2 Disorder-PDB,IsUnstruct,DED,calibrated,0.75,long_gt30,153,0.5359477124183006
CAID2 Disorder-PDB,RONN,DED,literal,0.25,short_lt20,118,0.711864406779661
CAID2 Disorder-PDB,RONN,DED,literal,0.25,mid_20_30,64,0.765625
CAID2 Disorder-PDB,RONN,DED,literal,0.25,long_gt30,153,0.9150326797385621
CAID2 Disorder-PDB,RONN,DED,literal,0.5,short_lt20,118,0.6694915254237288
CAID2 Disorder-PDB,RONN,DED,literal,0.5,mid_20_30,64,0.75
CAID2 Disorder-PDB,RONN,DED,literal,0.5,long_gt30,153,0.7973856209150327
CAID2 Disorder-PDB,RONN,DED,literal,0.75,short_lt20,118,0.5847457627118644
CAID2 Disorder-PDB,RONN,DED,literal,0.75,mid_20_30,64,0.59375
CAID2 Disorder-PDB,RONN,DED,literal,0.75,long_gt30,153,0.5620915032679739
CAID2 Disorder-PDB,RONN,DED,calibrated,0.25,short_lt20,118,0.5847457627118644
CAID2 Disorder-PDB,RONN,DED,calibrated,0.25,mid_20_30,64,0.6875
CAID2 Disorder-PDB,RONN,DED,calibrated,0.25,long_gt30,153,0.8300653594771242
CAID2 Disorder-PDB,RONN,DED,calibrated,0.5,short_lt20,118,0.4915254237288136
CAID2 Disorder-PDB,RONN,DED,calibrated,0.5,mid_20_30,64,0.625
CAID2 Disorder-PDB,RONN,DED,calibrated,0.5,long_gt30,153,0.6405228758169934
CAID2 Disorder-PDB,RONN,DED,calibrated,0.75,short_lt20,118,0.3728813559322034
CAID2 Disorder-PDB,RONN,DED,calibrated,0.75,mid_20_30,64,0.4375
CAID2 Disorder-PDB,RONN,DED,calibrated,0.75,long_gt30,153,0.41830065359477125
CAID2 Disorder-PDB,PreDisorder,DED,literal,0.25,short_lt20,118,0.8813559322033898
CAID2 Disorder-PDB,PreDisorder,DED,literal,0.25,mid_20_30,64,0.890625
CAID2 Disorder-PDB,PreDisorder,DED,literal,0.25,long_gt30,153,0.9411764705882353
CAID2 Disorder-PDB,PreDisorder,DED,literal,0.5,short_lt20,118,0.788135593220339
CAID2 Disorder-PDB,PreDisorder,DED,literal,0.5,mid_20_30,64,0.84375
CAID2 Disorder-PDB,PreDisorder,DED,literal,0.5,long_gt30,153,0.8823529411764706
CAID2 Disorder-PDB,PreDisorder,DED,literal,0.75,short_lt20,118,0.6610169491525424
CAID2 Disorder-PDB,PreDisorder,DED,literal,0.75,mid_20_30,64,0.75
CAID2 Disorder-PDB,PreDisorder,DED,literal,0.75,long_gt30,153,0.6862745098039216
CAID2 Disorder-PDB,PreDisorder,DED,calibrated,0.25,short_lt20,118,0.652542372881356
CAID2 Disorder-PDB,PreDisorder,DED,calibrated,0.25,mid_20_30,64,0.75
CAID2 Disorder-PDB,PreDisorder,DED,calibrated,0.25,long_gt30,153,0.8562091503267973
CAID2 Disorder-PDB,PreDisorder,DED,calibrated,0.5,short_lt20,118,0.5932203389830508
CAID2 Disorder-PDB,PreDisorder,DED,calibrated,0.5,mid_20_30,64,0.65625
CAID2 Disorder-PDB,PreDisorder,DED,calibrated,0.5,long_gt30,153,0.6535947712418301
CAID2 Disorder-PDB,PreDisorder,DED,calibrated,0.75,short_lt20,118,0.5
CAID2 Disorder-PDB,PreDisorder,DED,calibrated,0.75,mid_20_30,64,0.5
CAID2 Disorder-PDB,PreDisorder,DED,calibrated,0.75,long_gt30,153,0.46405228758169936
CAID2 Disorder-PDB,OPAL,DED,literal,0.25,short_lt20,118,0.7542372881355932
CAID2 Disorder-PDB,OPAL,DED,literal,0.25,mid_20_30,64,0.875
CAID2 Disorder-PDB,OPAL,DED,literal,0.25,long_gt30,153,0.9411764705882353
CAID2 Disorder-PDB,OPAL,DED,literal,0.5,short_lt20,118,0.6949152542372882
CAID2 Disorder-PDB,OPAL,DED,literal,0.5,mid_20_30,64,0.84375
CAID2 Disorder-PDB,OPAL,DED,literal,0.5,long_gt30,153,0.8431372549019608
CAID2 Disorder-PDB,OPAL,DED,literal,0.75,short_lt20,118,0.6610169491525424
CAID2 Disorder-PDB,OPAL,DED,literal,0.75,mid_20_30,64,0.75
CAID2 Disorder-PDB,OPAL,DED,literal,0.75,long_gt30,153,0.7254901960784313
CAID2 Disorder-PDB,OPAL,DED,calibrated,0.25,short_lt20,118,0.7542372881355932
CAID2 Disorder-PDB,OPAL,DED,calibrated,0.25,mid_20_30,64,0.875
CAID2 Disorder-PDB,OPAL,DED,calibrated,0.25,long_gt30,153,0.9411764705882353
CAID2 Disorder-PDB,OPAL,DED,calibrated,0.5,short_lt20,118,0.6949152542372882
CAID2 Disorder-PDB,OPAL,DED,calibrated,0.5,mid_20_30,64,0.84375
CAID2 Disorder-PDB,OPAL,DED,calibrated,0.5,long_gt30,153,0.8366013071895425
CAID2 Disorder-PDB,OPAL,DED,calibrated,0.75,short_lt20,118,0.6610169491525424
CAID2 Disorder-PDB,OPAL,DED,calibrated,0.75,mid_20_30,64,0.75
CAID2 Disorder-PDB,OPAL,DED,calibrated,0.75,long_gt30,153,0.7189542483660131
CAID2 Disorder-PDB,pyHCA,DED,literal,0.25,short_lt20,118,0.09322033898305085
CAID2 Disorder-PDB,pyHCA,DED,literal,0.25,mid_20_30,64,0.15625
CAID2 Disorder-PDB,pyHCA,DED,literal,0.25,long_gt30,153,0.40522875816993464
CAID2 Disorder-PDB,pyHCA,DED,literal,0.5,short_lt20,118,0.059322033898305086
CAID2 Disorder-PDB,pyHCA,DED,literal,0.5,mid_20_30,64,0.09375
CAID2 Disorder-PDB,pyHCA,DED,literal,0.5,long_gt30,153,0.24836601307189543
CAID2 Disorder-PDB,pyHCA,DED,literal,0.75,short_lt20,118,0.0423728813559322
CAID2 Disorder-PDB,pyHCA,DED,literal,0.75,mid_20_30,64,0.015625
CAID2 Disorder-PDB,pyHCA,DED,literal,0.75,long_gt30,153,0.1503267973856209
CAID2 Disorder-PDB,pyHCA,DED,calibrated,0.25,short_lt20,118,0.4915254237288136
CAID2 Disorder-PDB,pyHCA,DED,calibrated,0.25,mid_20_30,64,0.578125
CAID2 Disorder-PDB,pyHCA,DED,calibrated,0.25,long_gt30,153,0.7647058823529411
CAID2 Disorder-PDB,pyHCA,DED,calibrated,0.5,short_lt20,118,0.4152542372881356
CAID2 Disorder-PDB,pyHCA,DED,calibrated,0.5,mid_20_30,64,0.515625
CAID2 Disorder-PDB,pyHCA,DED,calibrated,0.5,long_gt30,153,0.6862745098039216
CAID2 Disorder-PDB,pyHCA,DED,calibrated,0.75,short_lt20,118,0.3305084745762712
CAID2 Disorder-PDB,pyHCA,DED,calibrated,0.75,mid_20_30,64,0.375
CAID2 Disorder-PDB,pyHCA,DED,calibrated,0.75,long_gt30,153,0.5098039215686274
CAID2 Disorder-PDB,DeepIDP-2L,DED,literal,0.25,short_lt20,118,0.5423728813559322
CAID2 Disorder-PDB,DeepIDP-2L,DED,literal,0.25,mid_20_30,64,0.65625
CAID2 Disorder-PDB,DeepIDP-2L,DED,literal,0.25,long_gt30,153,0.8366013071895425
CAID2 Disorder-PDB,DeepIDP-2L,DED,literal,0.5,short_lt20,118,0.4491525423728814
CAID2 Disorder-PDB,DeepIDP-2L,DED,literal,0.5,mid_20_30,64,0.5625
CAID2 Disorder-PDB,DeepIDP-2L,DED,literal,0.5,long_gt30,153,0.7581699346405228
CAID2 Disorder-PDB,DeepIDP-2L,DED,literal,0.75,short_lt20,118,0.3644067796610169
CAID2 Disorder-PDB,DeepIDP-2L,DED,literal,0.75,mid_20_30,64,0.421875
CAID2 Disorder-PDB,DeepIDP-2L,DED,literal,0.75,long_gt30,153,0.6209150326797386
CAID2 Disorder-PDB,DeepIDP-2L,DED,calibrated,0.25,short_lt20,118,0.6016949152542372
CAID2 Disorder-PDB,DeepIDP-2L,DED,calibrated,0.25,mid_20_30,64,0.71875
CAID2 Disorder-PDB,DeepIDP-2L,DED,calibrated,0.25,long_gt30,153,0.8758169934640523
CAID2 Disorder-PDB,DeepIDP-2L,DED,calibrated,0.5,short_lt20,118,0.5084745762711864
CAID2 Disorder-PDB,DeepIDP-2L,DED,calibrated,0.5,mid_20_30,64,0.625
CAID2 Disorder-PDB,DeepIDP-2L,DED,calibrated,0.5,long_gt30,153,0.7973856209150327
CAID2 Disorder-PDB,DeepIDP-2L,DED,calibrated,0.75,short_lt20,118,0.423728813559322
CAID2 Disorder-PDB,DeepIDP-2L,DED,calibrated,0.75,mid_20_30,64,0.53125
CAID2 Disorder-PDB,DeepIDP-2L,DED,calibrated,0.75,long_gt30,153,0.6797385620915033
CAID2 Disorder-PDB,PredIDR-long,DED,literal,0.25,short_lt20,118,0.7372881355932204
CAID2 Disorder-PDB,PredIDR-long,DED,literal,0.25,mid_20_30,64,0.84375
CAID2 Disorder-PDB,PredIDR-long,DED,literal,0.25,long_gt30,153,0.9150326797385621
CAID2 Disorder-PDB,PredIDR-long,DED,literal,0.5,short_lt20,118,0.7033898305084746
CAID2 Disorder-PDB,PredIDR-long,DED,literal,0.5,mid_20_30,64,0.75
CAID2 Disorder-PDB,PredIDR-long,DED,literal,0.5,long_gt30,153,0.8366013071895425
CAID2 Disorder-PDB,PredIDR-long,DED,literal,0.75,short_lt20,118,0.6271186440677966
CAID2 Disorder-PDB,PredIDR-long,DED,literal,0.75,mid_20_30,64,0.703125
CAID2 Disorder-PDB,PredIDR-long,DED,literal,0.75,long_gt30,153,0.7647058823529411
CAID2 Disorder-PDB,PredIDR-long,DED,calibrated,0.25,short_lt20,118,0.6949152542372882
CAID2 Disorder-PDB,PredIDR-long,DED,calibrated,0.25,mid_20_30,64,0.828125
CAID2 Disorder-PDB,PredIDR-long,DED,calibrated,0.25,long_gt30,153,0.8954248366013072
CAID2 Disorder-PDB,PredIDR-long,DED,calibrated,0.5,short_lt20,118,0.635593220338983
CAID2 Disorder-PDB,PredIDR-long,DED,calibrated,0.5,mid_20_30,64,0.734375
CAID2 Disorder-PDB,PredIDR-long,DED,calibrated,0.5,long_gt30,153,0.803921568627451
CAID2 Disorder-PDB,PredIDR-long,DED,calibrated,0.75,short_lt20,118,0.5508474576271186
CAID2 Disorder-PDB,PredIDR-long,DED,calibrated,0.75,mid_20_30,64,0.65625
CAID2 Disorder-PDB,PredIDR-long,DED,calibrated,0.75,long_gt30,153,0.7254901960784313
CAID2 Disorder-PDB,PredIDR-short,DED,literal,0.25,short_lt20,118,0.8220338983050848
CAID2 Disorder-PDB,PredIDR-short,DED,literal,0.25,mid_20_30,64,0.859375
CAID2 Disorder-PDB,PredIDR-short,DED,literal,0.25,long_gt30,153,0.934640522875817
CAID2 Disorder-PDB,PredIDR-short,DED,literal,0.5,short_lt20,118,0.7966101694915254
CAID2 Disorder-PDB,PredIDR-short,DED,literal,0.5,mid_20_30,64,0.796875
CAID2 Disorder-PDB,PredIDR-short,DED,literal,0.5,long_gt30,153,0.8431372549019608
CAID2 Disorder-PDB,PredIDR-short,DED,literal,0.75,short_lt20,118,0.6694915254237288
CAID2 Disorder-PDB,PredIDR-short,DED,literal,0.75,mid_20_30,64,0.734375
CAID2 Disorder-PDB,PredIDR-short,DED,literal,0.75,long_gt30,153,0.7450980392156863
CAID2 Disorder-PDB,PredIDR-short,DED,calibrated,0.25,short_lt20,118,0.7711864406779662
CAID2 Disorder-PDB,PredIDR-short,DED,calibrated,0.25,mid_20_30,64,0.828125
CAID2 Disorder-PDB,PredIDR-short,DED,calibrated,0.25,long_gt30,153,0.8954248366013072
CAID2 Disorder-PDB,PredIDR-short,DED,calibrated,0.5,short_lt20,118,0.7033898305084746
CAID2 Disorder-PDB,PredIDR-short,DED,calibrated,0.5,mid_20_30,64,0.71875
CAID2 Disorder-PDB,PredIDR-short,DED,calibrated,0.5,long_gt30,153,0.7843137254901961
CAID2 Disorder-PDB,PredIDR-short,DED,calibrated,0.75,short_lt20,118,0.5932203389830508
CAID2 Disorder-PDB,PredIDR-short,DED,calibrated,0.75,mid_20_30,64,0.65625
CAID2 Disorder-PDB,PredIDR-short,DED,calibrated,0.75,long_gt30,153,0.6666666666666666
CAID2 Disorder-PDB,AUCpred-profile,DED,literal,0.25,short_lt20,118,0.6101694915254238
CAID2 Disorder-PDB,AUCpred-profile,DED,literal,0.25,mid_20_30,64,0.703125
CAID2 Disorder-PDB,AUCpred-profile,DED,literal,0.25,long_gt30,153,0.8300653594771242
CAID2 Disorder-PDB,AUCpred-profile,DED,literal,0.5,short_lt20,118,0.5677966101694916
CAID2 Disorder-PDB,AUCpred-profile,DED,literal,0.5,mid_20_30,64,0.625
CAID2 Disorder-PDB,AUCpred-profile,DED,literal,0.5,long_gt30,153,0.7058823529411765
CAID2 Disorder-PDB,AUCpred-profile,DED,literal,0.75,short_lt20,118,0.4745762711864407
CAID2 Disorder-PDB,AUCpred-profile,DED,literal,0.75,mid_20_30,64,0.5
CAID2 Disorder-PDB,AUCpred-profile,DED,literal,0.75,long_gt30,153,0.5882352941176471
CAID2 Disorder-PDB,AUCpred-profile,DED,calibrated,0.25,short_lt20,118,0.6694915254237288
CAID2 Disorder-PDB,AUCpred-profile,DED,calibrated,0.25,mid_20_30,64,0.765625
CAID2 Disorder-PDB,AUCpred-profile,DED,calibrated,0.25,long_gt30,153,0.869281045751634
CAID2 Disorder-PDB,AUCpred-profile,DED,calibrated,0.5,short_lt20,118,0.6440677966101694
CAID2 Disorder-PDB,AUCpred-profile,DED,calibrated,0.5,mid_20_30,64,0.640625
CAID2 Disorder-PDB,AUCpred-profile,DED,calibrated,0.5,long_gt30,153,0.7516339869281046
CAID2 Disorder-PDB,AUCpred-profile,DED,calibrated,0.75,short_lt20,118,0.5847457627118644
CAID2 Disorder-PDB,AUCpred-profile,DED,calibrated,0.75,mid_20_30,64,0.609375
CAID2 Disorder-PDB,AUCpred-profile,DED,calibrated,0.75,long_gt30,153,0.6601307189542484
CAID2 Disorder-PDB,AUCpred-no-profile,DED,literal,0.25,short_lt20,118,0.4830508474576271
CAID2 Disorder-PDB,AUCpred-no-profile,DED,literal,0.25,mid_20_30,64,0.46875
CAID2 Disorder-PDB,AUCpred-no-profile,DED,literal,0.25,long_gt30,153,0.7124183006535948
CAID2 Disorder-PDB,AUCpred-no-profile,DED,literal,0.5,short_lt20,118,0.4406779661016949
CAID2 Disorder-PDB,AUCpred-no-profile,DED,literal,0.5,mid_20_30,64,0.40625
CAID2 Disorder-PDB,AUCpred-no-profile,DED,literal,0.5,long_gt30,153,0.5751633986928104
CAID2 Disorder-PDB,AUCpred-no-profile,DED,literal,0.75,short_lt20,118,0.3305084745762712
CAID2 Disorder-PDB,AUCpred-no-profile,DED,literal,0.75,mid_20_30,64,0.34375
CAID2 Disorder-PDB,AUCpred-no-profile,DED,literal,0.75,long_gt30,153,0.40522875816993464
CAID2 Disorder-PDB,AUCpred-no-profile,DED,calibrated,0.25,short_lt20,118,0.6694915254237288
CAID2 Disorder-PDB,AUCpred-no-profile,DED,calibrated,0.25,mid_20_30,64,0.828125
CAID2 Disorder-PDB,AUCpred-no-profile,DED,calibrated,0.25,long_gt30,153,0.8300653594771242
CAID2 Disorder-PDB,AUCpred-no-profile,DED,calibrated,0.5,short_lt20,118,0.6016949152542372
CAID2 Disorder-PDB,AUCpred-no-profile,DED,calibrated,0.5,mid_20_30,64,0.578125
CAID2 Disorder-PDB,AUCpred-no-profile,DED,calibrated,0.5,long_gt30,153,0.7124183006535948
CAID2 Disorder-PDB,AUCpred-no-profile,DED,calibrated,0.75,short_lt20,118,0.5423728813559322
CAID2 Disorder-PDB,AUCpred-no-profile,DED,calibrated,0.75,mid_20_30,64,0.453125
CAID2 Disorder-PDB,AUCpred-no-profile,DED,calibrated,0.75,long_gt30,153,0.5490196078431373
CAID2 Disorder-PDB,DisoPred,DED,literal,0.25,short_lt20,118,0.2796610169491525
CAID2 Disorder-PDB,DisoPred,DED,literal,0.25,mid_20_30,64,0.484375
CAID2 Disorder-PDB,DisoPred,DED,literal,0.25,long_gt30,153,0.7647058823529411
CAID2 Disorder-PDB,DisoPred,DED,literal,0.5,short_lt20,118,0.2288135593220339
CAID2 Disorder-PDB,DisoPred,DED,literal,0.5,mid_20_30,64,0.421875
CAID2 Disorder-PDB,DisoPred,DED,literal,0.5,long_gt30,153,0.6928104575163399
CAID2 Disorder-PDB,DisoPred,DED,literal,0.75,short_lt20,118,0.19491525423728814
CAID2 Disorder-PDB,DisoPred,DED,literal,0.75,mid_20_30,64,0.328125
CAID2 Disorder-PDB,DisoPred,DED,literal,0.75,long_gt30,153,0.5228758169934641
CAID2 Disorder-PDB,DisoPred,DED,calibrated,0.25,short_lt20,118,0.3474576271186441
CAID2 Disorder-PDB,DisoPred,DED,calibrated,0.25,mid_20_30,64,0.546875
CAID2 Disorder-PDB,DisoPred,DED,calibrated,0.25,long_gt30,153,0.803921568627451
CAID2 Disorder-PDB,DisoPred,DED,calibrated,0.5,short_lt20,118,0.3050847457627119
CAID2 Disorder-PDB,DisoPred,DED,calibrated,0.5,mid_20_30,64,0.484375
CAID2 Disorder-PDB,DisoPred,DED,calibrated,0.5,long_gt30,153,0.7450980392156863
CAID2 Disorder-PDB,DisoPred,DED,calibrated,0.75,short_lt20,118,0.2542372881355932
CAID2 Disorder-PDB,DisoPred,DED,calibrated,0.75,mid_20_30,64,0.4375
CAID2 Disorder-PDB,DisoPred,DED,calibrated,0.75,long_gt30,153,0.6143790849673203
CAID2 Disorder-PDB,Dispredict2,DED,literal,0.25,short_lt20,118,0.4152542372881356
CAID2 Disorder-PDB,Dispredict2,DED,literal,0.25,mid_20_30,64,0.34375
CAID2 Disorder-PDB,Dispredict2,DED,literal,0.25,long_gt30,153,0.4444444444444444
CAID2 Disorder-PDB,Dispredict2,DED,literal,0.5,short_lt20,118,0.3135593220338983
CAID2 Disorder-PDB,Dispredict2,DED,literal,0.5,mid_20_30,64,0.25
CAID2 Disorder-PDB,Dispredict2,DED,literal,0.5,long_gt30,153,0.2875816993464052
CAID2 Disorder-PDB,Dispredict2,DED,literal,0.75,short_lt20,118,0.16101694915254236
CAID2 Disorder-PDB,Dispredict2,DED,literal,0.75,mid_20_30,64,0.171875
CAID2 Disorder-PDB,Dispredict2,DED,literal,0.75,long_gt30,153,0.16339869281045752
CAID2 Disorder-PDB,Dispredict2,DED,calibrated,0.25,short_lt20,118,0.6016949152542372
CAID2 Disorder-PDB,Dispredict2,DED,calibrated,0.25,mid_20_30,64,0.5625
CAID2 Disorder-PDB,Dispredict2,DED,calibrated,0.25,long_gt30,153,0.6535947712418301
CAID2 Disorder-PDB,Dispredict2,DED,calibrated,0.5,short_lt20,118,0.5169491525423728
CAID2 Disorder-PDB,Dispredict2,DED,calibrated,0.5,mid_20_30,64,0.46875
CAID2 Disorder-PDB,Dispredict2,DED,calibrated,0.5,long_gt30,153,0.47058823529411764
CAID2 Disorder-PDB,Dispredict2,DED,calibrated,0.75,short_lt20,118,0.3559322033898305
CAID2 Disorder-PDB,Dispredict2,DED,calibrated,0.75,mid_20_30,64,0.34375
CAID2 Disorder-PDB,Dispredict2,DED,calibrated,0.75,long_gt30,153,0.3333333333333333
CAID2 Disorder-PDB,Dispredict3,DED,literal,0.25,short_lt20,118,0.19491525423728814
CAID2 Disorder-PDB,Dispredict3,DED,literal,0.25,mid_20_30,64,0.296875
CAID2 Disorder-PDB,Dispredict3,DED,literal,0.25,long_gt30,153,0.41830065359477125
CAID2 Disorder-PDB,Dispredict3,DED,literal,0.5,short_lt20,118,0.1440677966101695
CAID2 Disorder-PDB,Dispredict3,DED,literal,0.5,mid_20_30,64,0.1875
CAID2 Disorder-PDB,Dispredict3,DED,literal,0.5,long_gt30,153,0.32679738562091504
CAID2 Disorder-PDB,Dispredict3,DED,literal,0.75,short_lt20,118,0.1016949152542373
CAID2 Disorder-PDB,Dispredict3,DED,literal,0.75,mid_20_30,64,0.15625
CAID2 Disorder-PDB,Dispredict3,DED,literal,0.75,long_gt30,153,0.23529411764705882
CAID2 Disorder-PDB,Dispredict3,DED,calibrated,0.25,short_lt20,118,0.7288135593220338
CAID2 Disorder-PDB,Dispredict3,DED,calibrated,0.25,mid_20_30,64,0.78125
CAID2 Disorder-PDB,Dispredict3,DED,calibrated,0.25,long_gt30,153,0.8758169934640523
CAID2 Disorder-PDB,Dispredict3,DED,calibrated,0.5,short_lt20,118,0.6440677966101694
CAID2 Disorder-PDB,Dispredict3,DED,calibrated,0.5,mid_20_30,64,0.703125
CAID2 Disorder-PDB,Dispredict3,DED,calibrated,0.5,long_gt30,153,0.7843137254901961
CAID2 Disorder-PDB,Dispredict3,DED,calibrated,0.75,short_lt20,118,0.5
CAID2 Disorder-PDB,Dispredict3,DED,calibrated,0.75,mid_20_30,64,0.515625
CAID2 Disorder-PDB,Dispredict3,DED,calibrated,0.75,long_gt30,153,0.6666666666666666
CAID2 Disorder-PDB,IDP-Fusion,DED,literal,0.25,short_lt20,118,0.5847457627118644
CAID2 Disorder-PDB,IDP-Fusion,DED,literal,0.25,mid_20_30,64,0.734375
CAID2 Disorder-PDB,IDP-Fusion,DED,literal,0.25,long_gt30,153,0.869281045751634
CAID2 Disorder-PDB,IDP-Fusion,DED,literal,0.5,short_lt20,118,0.5338983050847458
CAID2 Disorder-PDB,IDP-Fusion,DED,literal,0.5,mid_20_30,64,0.6875
CAID2 Disorder-PDB,IDP-Fusion,DED,literal,0.5,long_gt30,153,0.8169934640522876
CAID2 Disorder-PDB,IDP-Fusion,DED,literal,0.75,short_lt20,118,0.4491525423728814
CAID2 Disorder-PDB,IDP-Fusion,DED,literal,0.75,mid_20_30,64,0.546875
CAID2 Disorder-PDB,IDP-Fusion,DED,literal,0.75,long_gt30,153,0.7450980392156863
CAID2 Disorder-PDB,IDP-Fusion,DED,calibrated,0.25,short_lt20,118,0.5847457627118644
CAID2 Disorder-PDB,IDP-Fusion,DED,calibrated,0.25,mid_20_30,64,0.703125
CAID2 Disorder-PDB,IDP-Fusion,DED,calibrated,0.25,long_gt30,153,0.8562091503267973
CAID2 Disorder-PDB,IDP-Fusion,DED,calibrated,0.5,short_lt20,118,0.5
CAID2 Disorder-PDB,IDP-Fusion,DED,calibrated,0.5,mid_20_30,64,0.609375
CAID2 Disorder-PDB,IDP-Fusion,DED,calibrated,0.5,long_gt30,153,0.803921568627451
CAID2 Disorder-PDB,IDP-Fusion,DED,calibrated,0.75,short_lt20,118,0.423728813559322
CAID2 Disorder-PDB,IDP-Fusion,DED,calibrated,0.75,mid_20_30,64,0.484375
CAID2 Disorder-PDB,IDP-Fusion,DED,calibrated,0.75,long_gt30,153,0.738562091503268
CAID2 Disorder-PDB,rawMSA,DED,literal,0.25,short_lt20,118,0.4915254237288136
CAID2 Disorder-PDB,rawMSA,DED,literal,0.25,mid_20_30,64,0.53125
CAID2 Disorder-PDB,rawMSA,DED,literal,0.25,long_gt30,153,0.7843137254901961
CAID2 Disorder-PDB,rawMSA,DED,literal,0.5,short_lt20,118,0.4491525423728814
CAID2 Disorder-PDB,rawMSA,DED,literal,0.5,mid_20_30,64,0.421875
CAID2 Disorder-PDB,rawMSA,DED,literal,0.5,long_gt30,153,0.6862745098039216
CAID2 Disorder-PDB,rawMSA,DED,literal,0.75,short_lt20,118,0.3644067796610169
CAID2 Disorder-PDB,rawMSA,DED,literal,0.75,mid_20_30,64,0.34375
CAID2 Disorder-PDB,rawMSA,DED,literal,0.75,long_gt30,153,0.6078431372549019
CAID2 Disorder-PDB,rawMSA,DED,calibrated,0.25,short_lt20,118,0.5338983050847458
CAID2 Disorder-PDB,rawMSA,DED,calibrated,0.25,mid_20_30,64,0.546875
CAID2 Disorder-PDB,rawMSA,DED,calibrated,0.25,long_gt30,153,0.8235294117647058
CAID2 Disorder-PDB,rawMSA,DED,calibrated,0.5,short_lt20,118,0.4745762711864407
CAID2 Disorder-PDB,rawMSA,DED,calibrated,0.5,mid_20_30,64,0.515625
CAID2 Disorder-PDB,rawMSA,DED,calibrated,0.5,long_gt30,153,0.7058823529411765
CAID2 Disorder-PDB,rawMSA,DED,calibrated,0.75,short_lt20,118,0.423728813559322
CAID2 Disorder-PDB,rawMSA,DED,calibrated,0.75,mid_20_30,64,0.375
CAID2 Disorder-PDB,rawMSA,DED,calibrated,0.75,long_gt30,153,0.6143790849673203
CAID2 Disorder-PDB,metapredict,DED,literal,0.25,short_lt20,118,0.5508474576271186
CAID2 Disorder-PDB,metapredict,DED,literal,0.25,mid_20_30,64,0.65625
CAID2 Disorder-PDB,metapredict,DED,literal,0.25,long_gt30,153,0.8300653594771242
CAID2 Disorder-PDB,metapredict,DED,literal,0.5,short_lt20,118,0.4661016949152542
CAID2 Disorder-PDB,metapredict,DED,literal,0.5,mid_20_30,64,0.59375
CAID2 Disorder-PDB,metapredict,DED,literal,0.5,long_gt30,153,0.7581699346405228
CAID2 Disorder-PDB,metapredict,DED,literal,0.75,short_lt20,118,0.3728813559322034
CAID2 Disorder-PDB,metapredict,DED,literal,0.75,mid_20_30,64,0.453125
CAID2 Disorder-PDB,metapredict,DED,literal,0.75,long_gt30,153,0.6666666666666666
CAID2 Disorder-PDB,metapredict,DED,calibrated,0.25,short_lt20,118,0.5423728813559322
CAID2 Disorder-PDB,metapredict,DED,calibrated,0.25,mid_20_30,64,0.65625
CAID2 Disorder-PDB,metapredict,DED,calibrated,0.25,long_gt30,153,0.8300653594771242
CAID2 Disorder-PDB,metapredict,DED,calibrated,0.5,short_lt20,118,0.4661016949152542
CAID2 Disorder-PDB,metapredict,DED,calibrated,0.5,mid_20_30,64,0.59375
CAID2 Disorder-PDB,metapredict,DED,calibrated,0.5,long_gt30,153,0.7516339869281046
CAID2 Disorder-PDB,metapredict,DED,calibrated,0.75,short_lt20,118,0.3728813559322034
CAID2 Disorder-PDB,metapredict,DED,calibrated,0.75,mid_20_30,64,0.453125
CAID2 Disorder-PDB,metapredict,DED,calibrated,0.75,long_gt30,153,0.6666666666666666
CAID2 Disorder-PDB,disomine,DED,literal,0.25,short_lt20,118,0.15254237288135594
CAID2 Disorder-PDB,disomine,DED,literal,0.25,mid_20_30,64,0.28125
CAID2 Disorder-PDB,disomine,DED,literal,0.25,long_gt30,153,0.49019607843137253
CAID2 Disorder-PDB,disomine,DED,literal,0.5,short_lt20,118,0.13559322033898305
CAID2 Disorder-PDB,disomine,DED,literal,0.5,mid_20_30,64,0.25
CAID2 Disorder-PDB,disomine,DED,literal,0.5,long_gt30,153,0.35294117647058826
CAID2 Disorder-PDB,disomine,DED,literal,0.75,short_lt20,118,0.11016949152542373
CAID2 Disorder-PDB,disomine,DED,literal,0.75,mid_20_30,64,0.171875
CAID2 Disorder-PDB,disomine,DED,literal,0.75,long_gt30,153,0.29411764705882354
CAID2 Disorder-PDB,disomine,DED,calibrated,0.25,short_lt20,118,0.3983050847457627
CAID2 Disorder-PDB,disomine,DED,calibrated,0.25,mid_20_30,64,0.625
CAID2 Disorder-PDB,disomine,DED,calibrated,0.25,long_gt30,153,0.7647058823529411
CAID2 Disorder-PDB,disomine,DED,calibrated,0.5,short_lt20,118,0.3559322033898305
CAID2 Disorder-PDB,disomine,DED,calibrated,0.5,mid_20_30,64,0.53125
CAID2 Disorder-PDB,disomine,DED,calibrated,0.5,long_gt30,153,0.6666666666666666
CAID2 Disorder-PDB,disomine,DED,calibrated,0.75,short_lt20,118,0.2711864406779661
CAID2 Disorder-PDB,disomine,DED,calibrated,0.75,mid_20_30,64,0.453125
CAID2 Disorder-PDB,disomine,DED,calibrated,0.75,long_gt30,153,0.5751633986928104
CAID2 Disorder-PDB,s2D,DED,literal,0.25,short_lt20,118,0.8983050847457628
CAID2 Disorder-PDB,s2D,DED,literal,0.25,mid_20_30,64,0.90625
CAID2 Disorder-PDB,s2D,DED,literal,0.25,long_gt30,153,0.9477124183006536
CAID2 Disorder-PDB,s2D,DED,literal,0.5,short_lt20,118,0.788135593220339
CAID2 Disorder-PDB,s2D,DED,literal,0.5,mid_20_30,64,0.78125
CAID2 Disorder-PDB,s2D,DED,literal,0.5,long_gt30,153,0.8431372549019608
CAID2 Disorder-PDB,s2D,DED,literal,0.75,short_lt20,118,0.5508474576271186
CAID2 Disorder-PDB,s2D,DED,literal,0.75,mid_20_30,64,0.59375
CAID2 Disorder-PDB,s2D,DED,literal,0.75,long_gt30,153,0.5816993464052288
CAID2 Disorder-PDB,s2D,DED,calibrated,0.25,short_lt20,118,0.8389830508474576
CAID2 Disorder-PDB,s2D,DED,calibrated,0.25,mid_20_30,64,0.859375
CAID2 Disorder-PDB,s2D,DED,calibrated,0.25,long_gt30,153,0.9215686274509803
CAID2 Disorder-PDB,s2D,DED,calibrated,0.5,short_lt20,118,0.6440677966101694
CAID2 Disorder-PDB,s2D,DED,calibrated,0.5,mid_20_30,64,0.703125
CAID2 Disorder-PDB,s2D,DED,calibrated,0.5,long_gt30,153,0.7124183006535948
CAID2 Disorder-PDB,s2D,DED,calibrated,0.75,short_lt20,118,0.4661016949152542
CAID2 Disorder-PDB,s2D,DED,calibrated,0.75,mid_20_30,64,0.4375
CAID2 Disorder-PDB,s2D,DED,calibrated,0.75,long_gt30,153,0.46405228758169936
CAID2 Disorder-NOX,AlphaFold-disorder,AF,literal,0.25,short_lt20,31,0.5806451612903226
CAID2 Disorder-NOX,AlphaFold-disorder,AF,literal,0.25,mid_20_30,26,0.6923076923076923
CAID2 Disorder-NOX,AlphaFold-disorder,AF,literal,0.25,long_gt30,117,0.7350427350427351
CAID2 Disorder-NOX,AlphaFold-disorder,AF,literal,0.5,short_lt20,31,0.5483870967741935
CAID2 Disorder-NOX,AlphaFold-disorder,AF,literal,0.5,mid_20_30,26,0.5
CAID2 Disorder-NOX,AlphaFold-disorder,AF,literal,0.5,long_gt30,117,0.5470085470085471
CAID2 Disorder-NOX,AlphaFold-disorder,AF,literal,0.75,short_lt20,31,0.22580645161290322
CAID2 Disorder-NOX,AlphaFold-disorder,AF,literal,0.75,mid_20_30,26,0.2692307692307692
CAID2 Disorder-NOX,AlphaFold-disorder,AF,literal,0.75,long_gt30,117,0.37606837606837606
CAID2 Disorder-NOX,AlphaFold-disorder,AF,calibrated,0.25,short_lt20,31,0.8709677419354839
CAID2 Disorder-NOX,AlphaFold-disorder,AF,calibrated,0.25,mid_20_30,26,0.8076923076923077
CAID2 Disorder-NOX,AlphaFold-disorder,AF,calibrated,0.25,long_gt30,117,0.9316239316239316
CAID2 Disorder-NOX,AlphaFold-disorder,AF,calibrated,0.5,short_lt20,31,0.8064516129032258
CAID2 Disorder-NOX,AlphaFold-disorder,AF,calibrated,0.5,mid_20_30,26,0.7692307692307693
CAID2 Disorder-NOX,AlphaFold-disorder,AF,calibrated,0.5,long_gt30,117,0.8632478632478633
CAID2 Disorder-NOX,AlphaFold-disorder,AF,calibrated,0.75,short_lt20,31,0.7741935483870968
CAID2 Disorder-NOX,AlphaFold-disorder,AF,calibrated,0.75,mid_20_30,26,0.6538461538461539
CAID2 Disorder-NOX,AlphaFold-disorder,AF,calibrated,0.75,long_gt30,117,0.7008547008547008
CAID2 Disorder-NOX,AlphaFold-rsa,AF,literal,0.25,short_lt20,31,0.8064516129032258
CAID2 Disorder-NOX,AlphaFold-rsa,AF,literal,0.25,mid_20_30,26,0.7692307692307693
CAID2 Disorder-NOX,AlphaFold-rsa,AF,literal,0.25,long_gt30,117,0.9401709401709402
CAID2 Disorder-NOX,AlphaFold-rsa,AF,literal,0.5,short_lt20,31,0.7741935483870968
CAID2 Disorder-NOX,AlphaFold-rsa,AF,literal,0.5,mid_20_30,26,0.7307692307692307
CAID2 Disorder-NOX,AlphaFold-rsa,AF,literal,0.5,long_gt30,117,0.8717948717948718
CAID2 Disorder-NOX,AlphaFold-rsa,AF,literal,0.75,short_lt20,31,0.6774193548387096
CAID2 Disorder-NOX,AlphaFold-rsa,AF,literal,0.75,mid_20_30,26,0.6538461538461539
CAID2 Disorder-NOX,AlphaFold-rsa,AF,literal,0.75,long_gt30,117,0.8034188034188035
CAID2 Disorder-NOX,AlphaFold-rsa,AF,calibrated,0.25,short_lt20,31,0.6774193548387096
CAID2 Disorder-NOX,AlphaFold-rsa,AF,calibrated,0.25,mid_20_30,26,0.7307692307692307
CAID2 Disorder-NOX,AlphaFold-rsa,AF,calibrated,0.25,long_gt30,117,0.8888888888888888
CAID2 Disorder-NOX,AlphaFold-rsa,AF,calibrated,0.5,short_lt20,31,0.6451612903225806
CAID2 Disorder-NOX,AlphaFold-rsa,AF,calibrated,0.5,mid_20_30,26,0.6538461538461539
CAID2 Disorder-NOX,AlphaFold-rsa,AF,calibrated,0.5,long_gt30,117,0.8376068376068376
CAID2 Disorder-NOX,AlphaFold-rsa,AF,calibrated,0.75,short_lt20,31,0.5806451612903226
CAID2 Disorder-NOX,AlphaFold-rsa,AF,calibrated,0.75,mid_20_30,26,0.5
CAID2 Disorder-NOX,AlphaFold-rsa,AF,calibrated,0.75,long_gt30,117,0.7264957264957265
CAID2 Disorder-NOX,AIUPred,DED,literal,0.25,short_lt20,31,0.7096774193548387
CAID2 Disorder-NOX,AIUPred,DED,literal,0.25,mid_20_30,26,0.6538461538461539
CAID2 Disorder-NOX,AIUPred,DED,literal,0.25,long_gt30,117,0.9487179487179487
CAID2 Disorder-NOX,AIUPred,DED,literal,0.5,short_lt20,31,0.6774193548387096
CAID2 Disorder-NOX,AIUPred,DED,literal,0.5,mid_20_30,26,0.5769230769230769
CAID2 Disorder-NOX,AIUPred,DED,literal,0.5,long_gt30,117,0.8717948717948718
CAID2 Disorder-NOX,AIUPred,DED,literal,0.75,short_lt20,31,0.6129032258064516
CAID2 Disorder-NOX,AIUPred,DED,literal,0.75,mid_20_30,26,0.46153846153846156
CAID2 Disorder-NOX,AIUPred,DED,literal,0.75,long_gt30,117,0.7435897435897436
CAID2 Disorder-NOX,AIUPred,DED,calibrated,0.25,short_lt20,31,0.41935483870967744
CAID2 Disorder-NOX,AIUPred,DED,calibrated,0.25,mid_20_30,26,0.5
CAID2 Disorder-NOX,AIUPred,DED,calibrated,0.25,long_gt30,117,0.8376068376068376
CAID2 Disorder-NOX,AIUPred,DED,calibrated,0.5,short_lt20,31,0.3870967741935484
CAID2 Disorder-NOX,AIUPred,DED,calibrated,0.5,mid_20_30,26,0.38461538461538464
CAID2 Disorder-NOX,AIUPred,DED,calibrated,0.5,long_gt30,117,0.6837606837606838
CAID2 Disorder-NOX,AIUPred,DED,calibrated,0.75,short_lt20,31,0.3225806451612903
CAID2 Disorder-NOX,AIUPred,DED,calibrated,0.75,mid_20_30,26,0.34615384615384615
CAID2 Disorder-NOX,AIUPred,DED,calibrated,0.75,long_gt30,117,0.5982905982905983
CAID2 Disorder-NOX,IUPred3,DED,literal,0.25,short_lt20,31,0.6129032258064516
CAID2 Disorder-NOX,IUPred3,DED,literal,0.25,mid_20_30,26,0.5769230769230769
CAID2 Disorder-NOX,IUPred3,DED,literal,0.25,long_gt30,117,0.8034188034188035
CAID2 Disorder-NOX,IUPred3,DED,literal,0.5,short_lt20,31,0.5161290322580645
CAID2 Disorder-NOX,IUPred3,DED,literal,0.5,mid_20_30,26,0.38461538461538464
CAID2 Disorder-NOX,IUPred3,DED,literal,0.5,long_gt30,117,0.6666666666666666
CAID2 Disorder-NOX,IUPred3,DED,literal,0.75,short_lt20,31,0.2903225806451613
CAID2 Disorder-NOX,IUPred3,DED,literal,0.75,mid_20_30,26,0.23076923076923078
CAID2 Disorder-NOX,IUPred3,DED,literal,0.75,long_gt30,117,0.49572649572649574
CAID2 Disorder-NOX,IUPred3,DED,calibrated,0.25,short_lt20,31,0.5806451612903226
CAID2 Disorder-NOX,IUPred3,DED,calibrated,0.25,mid_20_30,26,0.5769230769230769
CAID2 Disorder-NOX,IUPred3,DED,calibrated,0.25,long_gt30,117,0.7777777777777778
CAID2 Disorder-NOX,IUPred3,DED,calibrated,0.5,short_lt20,31,0.4838709677419355
CAID2 Disorder-NOX,IUPred3,DED,calibrated,0.5,mid_20_30,26,0.38461538461538464
CAID2 Disorder-NOX,IUPred3,DED,calibrated,0.5,long_gt30,117,0.6581196581196581
CAID2 Disorder-NOX,IUPred3,DED,calibrated,0.75,short_lt20,31,0.2903225806451613
CAID2 Disorder-NOX,IUPred3,DED,calibrated,0.75,mid_20_30,26,0.23076923076923078
CAID2 Disorder-NOX,IUPred3,DED,calibrated,0.75,long_gt30,117,0.47863247863247865
CAID2 Disorder-NOX,ESpritz-D,DED,literal,0.25,short_lt20,31,0.1935483870967742
CAID2 Disorder-NOX,ESpritz-D,DED,literal,0.25,mid_20_30,26,0.15384615384615385
CAID2 Disorder-NOX,ESpritz-D,DED,literal,0.25,long_gt30,117,0.47863247863247865
CAID2 Disorder-NOX,ESpritz-D,DED,literal,0.5,short_lt20,31,0.1935483870967742
CAID2 Disorder-NOX,ESpritz-D,DED,literal,0.5,mid_20_30,26,0.11538461538461539
CAID2 Disorder-NOX,ESpritz-D,DED,literal,0.5,long_gt30,117,0.358974358974359
CAID2 Disorder-NOX,ESpritz-D,DED,literal,0.75,short_lt20,31,0.1935483870967742
CAID2 Disorder-NOX,ESpritz-D,DED,literal,0.75,mid_20_30,26,0.11538461538461539
CAID2 Disorder-NOX,ESpritz-D,DED,literal,0.75,long_gt30,117,0.26495726495726496
CAID2 Disorder-NOX,ESpritz-D,DED,calibrated,0.25,short_lt20,31,0.5806451612903226
CAID2 Disorder-NOX,ESpritz-D,DED,calibrated,0.25,mid_20_30,26,0.6153846153846154
CAID2 Disorder-NOX,ESpritz-D,DED,calibrated,0.25,long_gt30,117,0.8717948717948718
CAID2 Disorder-NOX,ESpritz-D,DED,calibrated,0.5,short_lt20,31,0.5806451612903226
CAID2 Disorder-NOX,ESpritz-D,DED,calibrated,0.5,mid_20_30,26,0.5769230769230769
CAID2 Disorder-NOX,ESpritz-D,DED,calibrated,0.5,long_gt30,117,0.8376068376068376
CAID2 Disorder-NOX,ESpritz-D,DED,calibrated,0.75,short_lt20,31,0.5806451612903226
CAID2 Disorder-NOX,ESpritz-D,DED,calibrated,0.75,mid_20_30,26,0.5384615384615384
CAID2 Disorder-NOX,ESpritz-D,DED,calibrated,0.75,long_gt30,117,0.7948717948717948
CAID2 Disorder-NOX,ESpritz-N,DED,literal,0.25,short_lt20,31,0.5483870967741935
CAID2 Disorder-NOX,ESpritz-N,DED,literal,0.25,mid_20_30,26,0.6923076923076923
CAID2 Disorder-NOX,ESpritz-N,DED,literal,0.25,long_gt30,117,0.7435897435897436
CAID2 Disorder-NOX,ESpritz-N,DED,literal,0.5,short_lt20,31,0.4838709677419355
CAID2 Disorder-NOX,ESpritz-N,DED,literal,0.5,mid_20_30,26,0.5384615384615384
CAID2 Disorder-NOX,ESpritz-N,DED,literal,0.5,long_gt30,117,0.48717948717948717
CAID2 Disorder-NOX,ESpritz-N,DED,literal,0.75,short_lt20,31,0.3548387096774194
CAID2 Disorder-NOX,ESpritz-N,DED,literal,0.75,mid_20_30,26,0.3076923076923077
CAID2 Disorder-NOX,ESpritz-N,DED,literal,0.75,long_gt30,117,0.21367521367521367
CAID2 Disorder-NOX,ESpritz-N,DED,calibrated,0.25,short_lt20,31,0.8064516129032258
CAID2 Disorder-NOX,ESpritz-N,DED,calibrated,0.25,mid_20_30,26,0.8076923076923077
CAID2 Disorder-NOX,ESpritz-N,DED,calibrated,0.25,long_gt30,117,0.9230769230769231
CAID2 Disorder-NOX,ESpritz-N,DED,calibrated,0.5,short_lt20,31,0.7096774193548387
CAID2 Disorder-NOX,ESpritz-N,DED,calibrated,0.5,mid_20_30,26,0.6923076923076923
CAID2 Disorder-NOX,ESpritz-N,DED,calibrated,0.5,long_gt30,117,0.8034188034188035
CAID2 Disorder-NOX,ESpritz-N,DED,calibrated,0.75,short_lt20,31,0.5806451612903226
CAID2 Disorder-NOX,ESpritz-N,DED,calibrated,0.75,mid_20_30,26,0.6153846153846154
CAID2 Disorder-NOX,ESpritz-N,DED,calibrated,0.75,long_gt30,117,0.5811965811965812
CAID2 Disorder-NOX,ESpritz-X,DED,literal,0.25,short_lt20,31,0.1935483870967742
CAID2 Disorder-NOX,ESpritz-X,DED,literal,0.25,mid_20_30,26,0.23076923076923078
CAID2 Disorder-NOX,ESpritz-X,DED,literal,0.25,long_gt30,117,0.3333333333333333
CAID2 Disorder-NOX,ESpritz-X,DED,literal,0.5,short_lt20,31,0.16129032258064516
CAID2 Disorder-NOX,ESpritz-X,DED,literal,0.5,mid_20_30,26,0.11538461538461539
CAID2 Disorder-NOX,ESpritz-X,DED,literal,0.5,long_gt30,117,0.18803418803418803
CAID2 Disorder-NOX,ESpritz-X,DED,literal,0.75,short_lt20,31,0.12903225806451613
CAID2 Disorder-NOX,ESpritz-X,DED,literal,0.75,mid_20_30,26,0.038461538461538464
CAID2 Disorder-NOX,ESpritz-X,DED,literal,0.75,long_gt30,117,0.10256410256410256
CAID2 Disorder-NOX,ESpritz-X,DED,calibrated,0.25,short_lt20,31,0.6774193548387096
CAID2 Disorder-NOX,ESpritz-X,DED,calibrated,0.25,mid_20_30,26,0.7307692307692307
CAID2 Disorder-NOX,ESpritz-X,DED,calibrated,0.25,long_gt30,117,0.8632478632478633
CAID2 Disorder-NOX,ESpritz-X,DED,calibrated,0.5,short_lt20,31,0.5483870967741935
CAID2 Disorder-NOX,ESpritz-X,DED,calibrated,0.5,mid_20_30,26,0.7307692307692307
CAID2 Disorder-NOX,ESpritz-X,DED,calibrated,0.5,long_gt30,117,0.7094017094017094
CAID2 Disorder-NOX,ESpritz-X,DED,calibrated,0.75,short_lt20,31,0.45161290322580644
CAID2 Disorder-NOX,ESpritz-X,DED,calibrated,0.75,mid_20_30,26,0.5769230769230769
CAID2 Disorder-NOX,ESpritz-X,DED,calibrated,0.75,long_gt30,117,0.48717948717948717
CAID2 Disorder-NOX,MobiDB-lite,DED,literal,0.25,short_lt20,31,0.6129032258064516
CAID2 Disorder-NOX,MobiDB-lite,DED,literal,0.25,mid_20_30,26,0.5769230769230769
CAID2 Disorder-NOX,MobiDB-lite,DED,literal,0.25,long_gt30,117,0.7094017094017094
CAID2 Disorder-NOX,MobiDB-lite,DED,literal,0.5,short_lt20,31,0.2903225806451613
CAID2 Disorder-NOX,MobiDB-lite,DED,literal,0.5,mid_20_30,26,0.4230769230769231
CAID2 Disorder-NOX,MobiDB-lite,DED,literal,0.5,long_gt30,117,0.49572649572649574
CAID2 Disorder-NOX,MobiDB-lite,DED,literal,0.75,short_lt20,31,0.25806451612903225
CAID2 Disorder-NOX,MobiDB-lite,DED,literal,0.75,mid_20_30,26,0.3076923076923077
CAID2 Disorder-NOX,MobiDB-lite,DED,literal,0.75,long_gt30,117,0.24786324786324787
CAID2 Disorder-NOX,MobiDB-lite,DED,calibrated,0.25,short_lt20,31,0.7741935483870968
CAID2 Disorder-NOX,MobiDB-lite,DED,calibrated,0.25,mid_20_30,26,0.8076923076923077
CAID2 Disorder-NOX,MobiDB-lite,DED,calibrated,0.25,long_gt30,117,0.8803418803418803
CAID2 Disorder-NOX,MobiDB-lite,DED,calibrated,0.5,short_lt20,31,0.6451612903225806
CAID2 Disorder-NOX,MobiDB-lite,DED,calibrated,0.5,mid_20_30,26,0.6538461538461539
CAID2 Disorder-NOX,MobiDB-lite,DED,calibrated,0.5,long_gt30,117,0.717948717948718
CAID2 Disorder-NOX,MobiDB-lite,DED,calibrated,0.75,short_lt20,31,0.3870967741935484
CAID2 Disorder-NOX,MobiDB-lite,DED,calibrated,0.75,mid_20_30,26,0.38461538461538464
CAID2 Disorder-NOX,MobiDB-lite,DED,calibrated,0.75,long_gt30,117,0.5128205128205128
CAID2 Disorder-NOX,flDPnn,DED,literal,0.25,short_lt20,31,0.25806451612903225
CAID2 Disorder-NOX,flDPnn,DED,literal,0.25,mid_20_30,26,0.23076923076923078
CAID2 Disorder-NOX,flDPnn,DED,literal,0.25,long_gt30,117,0.4017094017094017
CAID2 Disorder-NOX,flDPnn,DED,literal,0.5,short_lt20,31,0.1935483870967742
CAID2 Disorder-NOX,flDPnn,DED,literal,0.5,mid_20_30,26,0.19230769230769232
CAID2 Disorder-NOX,flDPnn,DED,literal,0.5,long_gt30,117,0.2564102564102564
CAID2 Disorder-NOX,flDPnn,DED,literal,0.75,short_lt20,31,0.12903225806451613
CAID2 Disorder-NOX,flDPnn,DED,literal,0.75,mid_20_30,26,0.11538461538461539
CAID2 Disorder-NOX,flDPnn,DED,literal,0.75,long_gt30,117,0.19658119658119658
CAID2 Disorder-NOX,flDPnn,DED,calibrated,0.25,short_lt20,31,0.8709677419354839
CAID2 Disorder-NOX,flDPnn,DED,calibrated,0.25,mid_20_30,26,0.9230769230769231
CAID2 Disorder-NOX,flDPnn,DED,calibrated,0.25,long_gt30,117,0.9572649572649573
CAID2 Disorder-NOX,flDPnn,DED,calibrated,0.5,short_lt20,31,0.8387096774193549
CAID2 Disorder-NOX,flDPnn,DED,calibrated,0.5,mid_20_30,26,0.8846153846153846
CAID2 Disorder-NOX,flDPnn,DED,calibrated,0.5,long_gt30,117,0.8632478632478633
CAID2 Disorder-NOX,flDPnn,DED,calibrated,0.75,short_lt20,31,0.7741935483870968
CAID2 Disorder-NOX,flDPnn,DED,calibrated,0.75,mid_20_30,26,0.7307692307692307
CAID2 Disorder-NOX,flDPnn,DED,calibrated,0.75,long_gt30,117,0.7008547008547008
CAID2 Disorder-NOX,flDPnn2,DED,literal,0.25,short_lt20,31,0.3225806451612903
CAID2 Disorder-NOX,flDPnn2,DED,literal,0.25,mid_20_30,26,0.2692307692307692
CAID2 Disorder-NOX,flDPnn2,DED,literal,0.25,long_gt30,117,0.39316239316239315
CAID2 Disorder-NOX,flDPnn2,DED,literal,0.5,short_lt20,31,0.25806451612903225
CAID2 Disorder-NOX,flDPnn2,DED,literal,0.5,mid_20_30,26,0.15384615384615385
CAID2 Disorder-NOX,flDPnn2,DED,literal,0.5,long_gt30,117,0.29914529914529914
CAID2 Disorder-NOX,flDPnn2,DED,literal,0.75,short_lt20,31,0.16129032258064516
CAID2 Disorder-NOX,flDPnn2,DED,literal,0.75,mid_20_30,26,0.07692307692307693
CAID2 Disorder-NOX,flDPnn2,DED,literal,0.75,long_gt30,117,0.2222222222222222
CAID2 Disorder-NOX,flDPnn2,DED,calibrated,0.25,short_lt20,31,0.7741935483870968
CAID2 Disorder-NOX,flDPnn2,DED,calibrated,0.25,mid_20_30,26,0.7692307692307693
CAID2 Disorder-NOX,flDPnn2,DED,calibrated,0.25,long_gt30,117,0.8888888888888888
CAID2 Disorder-NOX,flDPnn2,DED,calibrated,0.5,short_lt20,31,0.6774193548387096
CAID2 Disorder-NOX,flDPnn2,DED,calibrated,0.5,mid_20_30,26,0.6538461538461539
CAID2 Disorder-NOX,flDPnn2,DED,calibrated,0.5,long_gt30,117,0.8034188034188035
CAID2 Disorder-NOX,flDPnn2,DED,calibrated,0.75,short_lt20,31,0.5483870967741935
CAID2 Disorder-NOX,flDPnn2,DED,calibrated,0.75,mid_20_30,26,0.5
CAID2 Disorder-NOX,flDPnn2,DED,calibrated,0.75,long_gt30,117,0.6581196581196581
CAID2 Disorder-NOX,DISOPRED3-diso,DED,literal,0.25,short_lt20,31,0.5483870967741935
CAID2 Disorder-NOX,DISOPRED3-diso,DED,literal,0.25,mid_20_30,26,0.6923076923076923
CAID2 Disorder-NOX,DISOPRED3-diso,DED,literal,0.25,long_gt30,117,0.7948717948717948
CAID2 Disorder-NOX,DISOPRED3-diso,DED,literal,0.5,short_lt20,31,0.41935483870967744
CAID2 Disorder-NOX,DISOPRED3-diso,DED,literal,0.5,mid_20_30,26,0.6153846153846154
CAID2 Disorder-NOX,DISOPRED3-diso,DED,literal,0.5,long_gt30,117,0.6581196581196581
CAID2 Disorder-NOX,DISOPRED3-diso,DED,literal,0.75,short_lt20,31,0.22580645161290322
CAID2 Disorder-NOX,DISOPRED3-diso,DED,literal,0.75,mid_20_30,26,0.46153846153846156
CAID2 Disorder-NOX,DISOPRED3-diso,DED,literal,0.75,long_gt30,117,0.48717948717948717
CAID2 Disorder-NOX,DISOPRED3-diso,DED,calibrated,0.25,short_lt20,31,0.6451612903225806
CAID2 Disorder-NOX,DISOPRED3-diso,DED,calibrated,0.25,mid_20_30,26,0.7307692307692307
CAID2 Disorder-NOX,DISOPRED3-diso,DED,calibrated,0.25,long_gt30,117,0.8461538461538461
CAID2 Disorder-NOX,DISOPRED3-diso,DED,calibrated,0.5,short_lt20,31,0.5806451612903226
CAID2 Disorder-NOX,DISOPRED3-diso,DED,calibrated,0.5,mid_20_30,26,0.6923076923076923
CAID2 Disorder-NOX,DISOPRED3-diso,DED,calibrated,0.5,long_gt30,117,0.717948717948718
CAID2 Disorder-NOX,DISOPRED3-diso,DED,calibrated,0.75,short_lt20,31,0.45161290322580644
CAID2 Disorder-NOX,DISOPRED3-diso,DED,calibrated,0.75,mid_20_30,26,0.6538461538461539
CAID2 Disorder-NOX,DISOPRED3-diso,DED,calibrated,0.75,long_gt30,117,0.5555555555555556
CAID2 Disorder-NOX,SETH-0,DED,literal,0.25,short_lt20,31,0.5806451612903226
CAID2 Disorder-NOX,SETH-0,DED,literal,0.25,mid_20_30,26,0.6153846153846154
CAID2 Disorder-NOX,SETH-0,DED,literal,0.25,long_gt30,117,0.8376068376068376
CAID2 Disorder-NOX,SETH-0,DED,literal,0.5,short_lt20,31,0.41935483870967744
CAID2 Disorder-NOX,SETH-0,DED,literal,0.5,mid_20_30,26,0.5384615384615384
CAID2 Disorder-NOX,SETH-0,DED,literal,0.5,long_gt30,117,0.6837606837606838
CAID2 Disorder-NOX,SETH-0,DED,literal,0.75,short_lt20,31,0.1935483870967742
CAID2 Disorder-NOX,SETH-0,DED,literal,0.75,mid_20_30,26,0.34615384615384615
CAID2 Disorder-NOX,SETH-0,DED,literal,0.75,long_gt30,117,0.5470085470085471
CAID2 Disorder-NOX,SETH-0,DED,calibrated,0.25,short_lt20,31,0.8709677419354839
CAID2 Disorder-NOX,SETH-0,DED,calibrated,0.25,mid_20_30,26,0.8846153846153846
CAID2 Disorder-NOX,SETH-0,DED,calibrated,0.25,long_gt30,117,0.905982905982906
CAID2 Disorder-NOX,SETH-0,DED,calibrated,0.5,short_lt20,31,0.8387096774193549
CAID2 Disorder-NOX,SETH-0,DED,calibrated,0.5,mid_20_30,26,0.6923076923076923
CAID2 Disorder-NOX,SETH-0,DED,calibrated,0.5,long_gt30,117,0.8461538461538461
CAID2 Disorder-NOX,SETH-0,DED,calibrated,0.75,short_lt20,31,0.7419354838709677
CAID2 Disorder-NOX,SETH-0,DED,calibrated,0.75,mid_20_30,26,0.6538461538461539
CAID2 Disorder-NOX,SETH-0,DED,calibrated,0.75,long_gt30,117,0.7692307692307693
CAID2 Disorder-NOX,SETH-1,DED,literal,0.25,short_lt20,31,0.7096774193548387
CAID2 Disorder-NOX,SETH-1,DED,literal,0.25,mid_20_30,26,0.6923076923076923
CAID2 Disorder-NOX,SETH-1,DED,literal,0.25,long_gt30,117,0.8461538461538461
CAID2 Disorder-NOX,SETH-1,DED,literal,0.5,short_lt20,31,0.4838709677419355
CAID2 Disorder-NOX,SETH-1,DED,literal,0.5,mid_20_30,26,0.5384615384615384
CAID2 Disorder-NOX,SETH-1,DED,literal,0.5,long_gt30,117,0.7350427350427351
CAID2 Disorder-NOX,SETH-1,DED,literal,0.75,short_lt20,31,0.25806451612903225
CAID2 Disorder-NOX,SETH-1,DED,literal,0.75,mid_20_30,26,0.38461538461538464
CAID2 Disorder-NOX,SETH-1,DED,literal,0.75,long_gt30,117,0.5555555555555556
CAID2 Disorder-NOX,SETH-1,DED,calibrated,0.25,short_lt20,31,0.8709677419354839
CAID2 Disorder-NOX,SETH-1,DED,calibrated,0.25,mid_20_30,26,0.8076923076923077
CAID2 Disorder-NOX,SETH-1,DED,calibrated,0.25,long_gt30,117,0.905982905982906
CAID2 Disorder-NOX,SETH-1,DED,calibrated,0.5,short_lt20,31,0.7741935483870968
CAID2 Disorder-NOX,SETH-1,DED,calibrated,0.5,mid_20_30,26,0.7692307692307693
CAID2 Disorder-NOX,SETH-1,DED,calibrated,0.5,long_gt30,117,0.8290598290598291
CAID2 Disorder-NOX,SETH-1,DED,calibrated,0.75,short_lt20,31,0.6129032258064516
CAID2 Disorder-NOX,SETH-1,DED,calibrated,0.75,mid_20_30,26,0.5384615384615384
CAID2 Disorder-NOX,SETH-1,DED,calibrated,0.75,long_gt30,117,0.7094017094017094
CAID2 Disorder-NOX,VSL2,DED,literal,0.25,short_lt20,31,0.967741935483871
CAID2 Disorder-NOX,VSL2,DED,literal,0.25,mid_20_30,26,0.9615384615384616
CAID2 Disorder-NOX,VSL2,DED,literal,0.25,long_gt30,117,0.9401709401709402
CAID2 Disorder-NOX,VSL2,DED,literal,0.5,short_lt20,31,0.8709677419354839
CAID2 Disorder-NOX,VSL2,DED,literal,0.5,mid_20_30,26,0.8076923076923077
CAID2 Disorder-NOX,VSL2,DED,literal,0.5,long_gt30,117,0.8547008547008547
CAID2 Disorder-NOX,VSL2,DED,literal,0.75,short_lt20,31,0.6774193548387096
CAID2 Disorder-NOX,VSL2,DED,literal,0.75,mid_20_30,26,0.7307692307692307
CAID2 Disorder-NOX,VSL2,DED,literal,0.75,long_gt30,117,0.7264957264957265
CAID2 Disorder-NOX,VSL2,DED,calibrated,0.25,short_lt20,31,0.7741935483870968
CAID2 Disorder-NOX,VSL2,DED,calibrated,0.25,mid_20_30,26,0.8461538461538461
CAID2 Disorder-NOX,VSL2,DED,calibrated,0.25,long_gt30,117,0.8717948717948718
CAID2 Disorder-NOX,VSL2,DED,calibrated,0.5,short_lt20,31,0.6129032258064516
CAID2 Disorder-NOX,VSL2,DED,calibrated,0.5,mid_20_30,26,0.6538461538461539
CAID2 Disorder-NOX,VSL2,DED,calibrated,0.5,long_gt30,117,0.8034188034188035
CAID2 Disorder-NOX,VSL2,DED,calibrated,0.75,short_lt20,31,0.5483870967741935
CAID2 Disorder-NOX,VSL2,DED,calibrated,0.75,mid_20_30,26,0.5
CAID2 Disorder-NOX,VSL2,DED,calibrated,0.75,long_gt30,117,0.6410256410256411
CAID2 Disorder-NOX,SPOT-Disorder,DED,literal,0.25,short_lt20,31,0.6451612903225806
CAID2 Disorder-NOX,SPOT-Disorder,DED,literal,0.25,mid_20_30,26,0.7692307692307693
CAID2 Disorder-NOX,SPOT-Disorder,DED,literal,0.25,long_gt30,117,0.8888888888888888
CAID2 Disorder-NOX,SPOT-Disorder,DED,literal,0.5,short_lt20,31,0.5161290322580645
CAID2 Disorder-NOX,SPOT-Disorder,DED,literal,0.5,mid_20_30,26,0.6538461538461539
CAID2 Disorder-NOX,SPOT-Disorder,DED,literal,0.5,long_gt30,117,0.7863247863247863
CAID2 Disorder-NOX,SPOT-Disorder,DED,literal,0.75,short_lt20,31,0.3870967741935484
CAID2 Disorder-NOX,SPOT-Disorder,DED,literal,0.75,mid_20_30,26,0.5769230769230769
CAID2 Disorder-NOX,SPOT-Disorder,DED,literal,0.75,long_gt30,117,0.6666666666666666
CAID2 Disorder-NOX,SPOT-Disorder,DED,calibrated,0.25,short_lt20,31,0.7096774193548387
CAID2 Disorder-NOX,SPOT-Disorder,DED,calibrated,0.25,mid_20_30,26,0.7692307692307693
CAID2 Disorder-NOX,SPOT-Disorder,DED,calibrated,0.25,long_gt30,117,0.8888888888888888
CAID2 Disorder-NOX,SPOT-Disorder,DED,calibrated,0.5,short_lt20,31,0.6451612903225806
CAID2 Disorder-NOX,SPOT-Disorder,DED,calibrated,0.5,mid_20_30,26,0.7692307692307693
CAID2 Disorder-NOX,SPOT-Disorder,DED,calibrated,0.5,long_gt30,117,0.7948717948717948
CAID2 Disorder-NOX,SPOT-Disorder,DED,calibrated,0.75,short_lt20,31,0.45161290322580644
CAID2 Disorder-NOX,SPOT-Disorder,DED,calibrated,0.75,mid_20_30,26,0.5769230769230769
CAID2 Disorder-NOX,SPOT-Disorder,DED,calibrated,0.75,long_gt30,117,0.7094017094017094
CAID2 Disorder-NOX,SPOT-Disorder2,DED,literal,0.25,short_lt20,31,0.7096774193548387
CAID2 Disorder-NOX,SPOT-Disorder2,DED,literal,0.25,mid_20_30,26,0.7307692307692307
CAID2 Disorder-NOX,SPOT-Disorder2,DED,literal,0.25,long_gt30,117,0.8547008547008547
CAID2 Disorder-NOX,SPOT-Disorder2,DED,literal,0.5,short_lt20,31,0.6129032258064516
CAID2 Disorder-NOX,SPOT-Disorder2,DED,literal,0.5,mid_20_30,26,0.6538461538461539
CAID2 Disorder-NOX,SPOT-Disorder2,DED,literal,0.5,long_gt30,117,0.7435897435897436
CAID2 Disorder-NOX,SPOT-Disorder2,DED,literal,0.75,short_lt20,31,0.3548387096774194
CAID2 Disorder-NOX,SPOT-Disorder2,DED,literal,0.75,mid_20_30,26,0.5384615384615384
CAID2 Disorder-NOX,SPOT-Disorder2,DED,literal,0.75,long_gt30,117,0.6153846153846154
CAID2 Disorder-NOX,SPOT-Disorder2,DED,calibrated,0.25,short_lt20,31,0.8387096774193549
CAID2 Disorder-NOX,SPOT-Disorder2,DED,calibrated,0.25,mid_20_30,26,0.7692307692307693
CAID2 Disorder-NOX,SPOT-Disorder2,DED,calibrated,0.25,long_gt30,117,0.8803418803418803
CAID2 Disorder-NOX,SPOT-Disorder2,DED,calibrated,0.5,short_lt20,31,0.7741935483870968
CAID2 Disorder-NOX,SPOT-Disorder2,DED,calibrated,0.5,mid_20_30,26,0.6923076923076923
CAID2 Disorder-NOX,SPOT-Disorder2,DED,calibrated,0.5,long_gt30,117,0.811965811965812
CAID2 Disorder-NOX,SPOT-Disorder2,DED,calibrated,0.75,short_lt20,31,0.5806451612903226
CAID2 Disorder-NOX,SPOT-Disorder2,DED,calibrated,0.75,mid_20_30,26,0.5384615384615384
CAID2 Disorder-NOX,SPOT-Disorder2,DED,calibrated,0.75,long_gt30,117,0.717948717948718
CAID2 Disorder-NOX,SPOT-Disorder-Single,DED,literal,0.25,short_lt20,31,0.25806451612903225
CAID2 Disorder-NOX,SPOT-Disorder-Single,DED,literal,0.25,mid_20_30,26,0.4230769230769231
CAID2 Disorder-NOX,SPOT-Disorder-Single,DED,literal,0.25,long_gt30,117,0.6837606837606838
CAID2 Disorder-NOX,SPOT-Disorder-Single,DED,literal,0.5,short_lt20,31,0.25806451612903225
CAID2 Disorder-NOX,SPOT-Disorder-Single,DED,literal,0.5,mid_20_30,26,0.2692307692307692
CAID2 Disorder-NOX,SPOT-Disorder-Single,DED,literal,0.5,long_gt30,117,0.5470085470085471
CAID2 Disorder-NOX,SPOT-Disorder-Single,DED,literal,0.75,short_lt20,31,0.12903225806451613
CAID2 Disorder-NOX,SPOT-Disorder-Single,DED,literal,0.75,mid_20_30,26,0.23076923076923078
CAID2 Disorder-NOX,SPOT-Disorder-Single,DED,literal,0.75,long_gt30,117,0.3504273504273504
CAID2 Disorder-NOX,SPOT-Disorder-Single,DED,calibrated,0.25,short_lt20,31,0.7419354838709677
CAID2 Disorder-NOX,SPOT-Disorder-Single,DED,calibrated,0.25,mid_20_30,26,0.8076923076923077
CAID2 Disorder-NOX,SPOT-Disorder-Single,DED,calibrated,0.25,long_gt30,117,0.8803418803418803
CAID2 Disorder-NOX,SPOT-Disorder-Single,DED,calibrated,0.5,short_lt20,31,0.5806451612903226
CAID2 Disorder-NOX,SPOT-Disorder-Single,DED,calibrated,0.5,mid_20_30,26,0.6923076923076923
CAID2 Disorder-NOX,SPOT-Disorder-Single,DED,calibrated,0.5,long_gt30,117,0.7692307692307693
CAID2 Disorder-NOX,SPOT-Disorder-Single,DED,calibrated,0.75,short_lt20,31,0.41935483870967744
CAID2 Disorder-NOX,SPOT-Disorder-Single,DED,calibrated,0.75,mid_20_30,26,0.6153846153846154
CAID2 Disorder-NOX,SPOT-Disorder-Single,DED,calibrated,0.75,long_gt30,117,0.6495726495726496
CAID2 Disorder-NOX,DisEMBL-dis465,DED,literal,0.25,short_lt20,31,0.5806451612903226
CAID2 Disorder-NOX,DisEMBL-dis465,DED,literal,0.25,mid_20_30,26,0.6538461538461539
CAID2 Disorder-NOX,DisEMBL-dis465,DED,literal,0.25,long_gt30,117,0.7094017094017094
CAID2 Disorder-NOX,DisEMBL-dis465,DED,literal,0.5,short_lt20,31,0.41935483870967744
CAID2 Disorder-NOX,DisEMBL-dis465,DED,literal,0.5,mid_20_30,26,0.38461538461538464
CAID2 Disorder-NOX,DisEMBL-dis465,DED,literal,0.5,long_gt30,117,0.27350427350427353
CAID2 Disorder-NOX,DisEMBL-dis465,DED,literal,0.75,short_lt20,31,0.22580645161290322
CAID2 Disorder-NOX,DisEMBL-dis465,DED,literal,0.75,mid_20_30,26,0.19230769230769232
CAID2 Disorder-NOX,DisEMBL-dis465,DED,literal,0.75,long_gt30,117,0.10256410256410256
CAID2 Disorder-NOX,DisEMBL-dis465,DED,calibrated,0.25,short_lt20,31,0.8064516129032258
CAID2 Disorder-NOX,DisEMBL-dis465,DED,calibrated,0.25,mid_20_30,26,0.8846153846153846
CAID2 Disorder-NOX,DisEMBL-dis465,DED,calibrated,0.25,long_gt30,117,0.9401709401709402
CAID2 Disorder-NOX,DisEMBL-dis465,DED,calibrated,0.5,short_lt20,31,0.7096774193548387
CAID2 Disorder-NOX,DisEMBL-dis465,DED,calibrated,0.5,mid_20_30,26,0.7307692307692307
CAID2 Disorder-NOX,DisEMBL-dis465,DED,calibrated,0.5,long_gt30,117,0.7521367521367521
CAID2 Disorder-NOX,DisEMBL-dis465,DED,calibrated,0.75,short_lt20,31,0.5483870967741935
CAID2 Disorder-NOX,DisEMBL-dis465,DED,calibrated,0.75,mid_20_30,26,0.4230769230769231
CAID2 Disorder-NOX,DisEMBL-dis465,DED,calibrated,0.75,long_gt30,117,0.3333333333333333
CAID2 Disorder-NOX,DisEMBL-disHL,DED,literal,0.25,short_lt20,31,0.0
CAID2 Disorder-NOX,DisEMBL-disHL,DED,literal,0.25,mid_20_30,26,0.0
CAID2 Disorder-NOX,DisEMBL-disHL,DED,literal,0.25,long_gt30,117,0.0
CAID2 Disorder-NOX,DisEMBL-disHL,DED,literal,0.5,short_lt20,31,0.0
CAID2 Disorder-NOX,DisEMBL-disHL,DED,literal,0.5,mid_20_30,26,0.0
CAID2 Disorder-NOX,DisEMBL-disHL,DED,literal,0.5,long_gt30,117,0.0
CAID2 Disorder-NOX,DisEMBL-disHL,DED,literal,0.75,short_lt20,31,0.0
CAID2 Disorder-NOX,DisEMBL-disHL,DED,literal,0.75,mid_20_30,26,0.0
CAID2 Disorder-NOX,DisEMBL-disHL,DED,literal,0.75,long_gt30,117,0.0
CAID2 Disorder-NOX,DisEMBL-disHL,DED,calibrated,0.25,short_lt20,31,0.967741935483871
CAID2 Disorder-NOX,DisEMBL-disHL,DED,calibrated,0.25,mid_20_30,26,0.9615384615384616
CAID2 Disorder-NOX,DisEMBL-disHL,DED,calibrated,0.25,long_gt30,117,0.9829059829059829
CAID2 Disorder-NOX,DisEMBL-disHL,DED,calibrated,0.5,short_lt20,31,0.967741935483871
CAID2 Disorder-NOX,DisEMBL-disHL,DED,calibrated,0.5,mid_20_30,26,0.9230769230769231
CAID2 Disorder-NOX,DisEMBL-disHL,DED,calibrated,0.5,long_gt30,117,0.8974358974358975
CAID2 Disorder-NOX,DisEMBL-disHL,DED,calibrated,0.75,short_lt20,31,0.8709677419354839
CAID2 Disorder-NOX,DisEMBL-disHL,DED,calibrated,0.75,mid_20_30,26,0.8076923076923077
CAID2 Disorder-NOX,DisEMBL-disHL,DED,calibrated,0.75,long_gt30,117,0.5897435897435898
CAID2 Disorder-NOX,IsUnstruct,DED,literal,0.25,short_lt20,31,0.8064516129032258
CAID2 Disorder-NOX,IsUnstruct,DED,literal,0.25,mid_20_30,26,0.9615384615384616
CAID2 Disorder-NOX,IsUnstruct,DED,literal,0.25,long_gt30,117,0.9230769230769231
CAID2 Disorder-NOX,IsUnstruct,DED,literal,0.5,short_lt20,31,0.7419354838709677
CAID2 Disorder-NOX,IsUnstruct,DED,literal,0.5,mid_20_30,26,0.8076923076923077
CAID2 Disorder-NOX,IsUnstruct,DED,literal,0.5,long_gt30,117,0.7948717948717948
CAID2 Disorder-NOX,IsUnstruct,DED,literal,0.75,short_lt20,31,0.6774193548387096
CAID2 Disorder-NOX,IsUnstruct,DED,literal,0.75,mid_20_30,26,0.6538461538461539
CAID2 Disorder-NOX,IsUnstruct,DED,literal,0.75,long_gt30,117,0.5982905982905983
CAID2 Disorder-NOX,IsUnstruct,DED,calibrated,0.25,short_lt20,31,0.7741935483870968
CAID2 Disorder-NOX,IsUnstruct,DED,calibrated,0.25,mid_20_30,26,0.9230769230769231
CAID2 Disorder-NOX,IsUnstruct,DED,calibrated,0.25,long_gt30,117,0.9145299145299145
CAID2 Disorder-NOX,IsUnstruct,DED,calibrated,0.5,short_lt20,31,0.7096774193548387
CAID2 Disorder-NOX,IsUnstruct,DED,calibrated,0.5,mid_20_30,26,0.7692307692307693
CAID2 Disorder-NOX,IsUnstruct,DED,calibrated,0.5,long_gt30,117,0.7435897435897436
CAID2 Disorder-NOX,IsUnstruct,DED,calibrated,0.75,short_lt20,31,0.5806451612903226
CAID2 Disorder-NOX,IsUnstruct,DED,calibrated,0.75,mid_20_30,26,0.5384615384615384
CAID2 Disorder-NOX,IsUnstruct,DED,calibrated,0.75,long_gt30,117,0.5726495726495726
CAID2 Disorder-NOX,RONN,DED,literal,0.25,short_lt20,31,0.8709677419354839
CAID2 Disorder-NOX,RONN,DED,literal,0.25,mid_20_30,26,0.8461538461538461
CAID2 Disorder-NOX,RONN,DED,literal,0.25,long_gt30,117,0.9230769230769231
CAID2 Disorder-NOX,RONN,DED,literal,0.5,short_lt20,31,0.7741935483870968
CAID2 Disorder-NOX,RONN,DED,literal,0.5,mid_20_30,26,0.8076923076923077
CAID2 Disorder-NOX,RONN,DED,literal,0.5,long_gt30,117,0.811965811965812
CAID2 Disorder-NOX,RONN,DED,literal,0.75,short_lt20,31,0.6451612903225806
CAID2 Disorder-NOX,RONN,DED,literal,0.75,mid_20_30,26,0.6153846153846154
CAID2 Disorder-NOX,RONN,DED,literal,0.75,long_gt30,117,0.5641025641025641
CAID2 Disorder-NOX,RONN,DED,calibrated,0.25,short_lt20,31,0.8387096774193549
CAID2 Disorder-NOX,RONN,DED,calibrated,0.25,mid_20_30,26,0.8076923076923077
CAID2 Disorder-NOX,RONN,DED,calibrated,0.25,long_gt30,117,0.9230769230769231
CAID2 Disorder-NOX,RONN,DED,calibrated,0.5,short_lt20,31,0.7419354838709677
CAID2 Disorder-NOX,RONN,DED,calibrated,0.5,mid_20_30,26,0.7692307692307693
CAID2 Disorder-NOX,RONN,DED,calibrated,0.5,long_gt30,117,0.7521367521367521
CAID2 Disorder-NOX,RONN,DED,calibrated,0.75,short_lt20,31,0.5806451612903226
CAID2 Disorder-NOX,RONN,DED,calibrated,0.75,mid_20_30,26,0.6153846153846154
CAID2 Disorder-NOX,RONN,DED,calibrated,0.75,long_gt30,117,0.5470085470085471
CAID2 Disorder-NOX,PreDisorder,DED,literal,0.25,short_lt20,31,0.967741935483871
CAID2 Disorder-NOX,PreDisorder,DED,literal,0.25,mid_20_30,26,1.0
CAID2 Disorder-NOX,PreDisorder,DED,literal,0.25,long_gt30,117,0.9401709401709402
CAID2 Disorder-NOX,PreDisorder,DED,literal,0.5,short_lt20,31,0.8387096774193549
CAID2 Disorder-NOX,PreDisorder,DED,literal,0.5,mid_20_30,26,1.0
CAID2 Disorder-NOX,PreDisorder,DED,literal,0.5,long_gt30,117,0.8888888888888888
CAID2 Disorder-NOX,PreDisorder,DED,literal,0.75,short_lt20,31,0.7419354838709677
CAID2 Disorder-NOX,PreDisorder,DED,literal,0.75,mid_20_30,26,0.8846153846153846
CAID2 Disorder-NOX,PreDisorder,DED,literal,0.75,long_gt30,117,0.6837606837606838
CAID2 Disorder-NOX,PreDisorder,DED,calibrated,0.25,short_lt20,31,0.8709677419354839
CAID2 Disorder-NOX,PreDisorder,DED,calibrated,0.25,mid_20_30,26,1.0
CAID2 Disorder-NOX,PreDisorder,DED,calibrated,0.25,long_gt30,117,0.9230769230769231
CAID2 Disorder-NOX,PreDisorder,DED,calibrated,0.5,short_lt20,31,0.8064516129032258
CAID2 Disorder-NOX,PreDisorder,DED,calibrated,0.5,mid_20_30,26,0.9230769230769231
CAID2 Disorder-NOX,PreDisorder,DED,calibrated,0.5,long_gt30,117,0.8205128205128205
CAID2 Disorder-NOX,PreDisorder,DED,calibrated,0.75,short_lt20,31,0.7096774193548387
CAID2 Disorder-NOX,PreDisorder,DED,calibrated,0.75,mid_20_30,26,0.8461538461538461
CAID2 Disorder-NOX,PreDisorder,DED,calibrated,0.75,long_gt30,117,0.6239316239316239
CAID2 Disorder-NOX,OPAL,DED,literal,0.25,short_lt20,31,0.8709677419354839
CAID2 Disorder-NOX,OPAL,DED,literal,0.25,mid_20_30,26,0.8846153846153846
CAID2 Disorder-NOX,OPAL,DED,literal,0.25,long_gt30,117,0.9401709401709402
CAID2 Disorder-NOX,OPAL,DED,literal,0.5,short_lt20,31,0.7741935483870968
CAID2 Disorder-NOX,OPAL,DED,literal,0.5,mid_20_30,26,0.8461538461538461
CAID2 Disorder-NOX,OPAL,DED,literal,0.5,long_gt30,117,0.8632478632478633
CAID2 Disorder-NOX,OPAL,DED,literal,0.75,short_lt20,31,0.7741935483870968
CAID2 Disorder-NOX,OPAL,DED,literal,0.75,mid_20_30,26,0.7692307692307693
CAID2 Disorder-NOX,OPAL,DED,literal,0.75,long_gt30,117,0.7350427350427351
CAID2 Disorder-NOX,OPAL,DED,calibrated,0.25,short_lt20,31,0.9032258064516129
CAID2 Disorder-NOX,OPAL,DED,calibrated,0.25,mid_20_30,26,0.8846153846153846
CAID2 Disorder-NOX,OPAL,DED,calibrated,0.25,long_gt30,117,0.9401709401709402
CAID2 Disorder-NOX,OPAL,DED,calibrated,0.5,short_lt20,31,0.7741935483870968
CAID2 Disorder-NOX,OPAL,DED,calibrated,0.5,mid_20_30,26,0.8461538461538461
CAID2 Disorder-NOX,OPAL,DED,calibrated,0.5,long_gt30,117,0.8717948717948718
CAID2 Disorder-NOX,OPAL,DED,calibrated,0.75,short_lt20,31,0.7741935483870968
CAID2 Disorder-NOX,OPAL,DED,calibrated,0.75,mid_20_30,26,0.8076923076923077
CAID2 Disorder-NOX,OPAL,DED,calibrated,0.75,long_gt30,117,0.7606837606837606
CAID2 Disorder-NOX,pyHCA,DED,literal,0.25,short_lt20,31,0.06451612903225806
CAID2 Disorder-NOX,pyHCA,DED,literal,0.25,mid_20_30,26,0.2692307692307692
CAID2 Disorder-NOX,pyHCA,DED,literal,0.25,long_gt30,117,0.4358974358974359
CAID2 Disorder-NOX,pyHCA,DED,literal,0.5,short_lt20,31,0.03225806451612903
CAID2 Disorder-NOX,pyHCA,DED,literal,0.5,mid_20_30,26,0.11538461538461539
CAID2 Disorder-NOX,pyHCA,DED,literal,0.5,long_gt30,117,0.27350427350427353
CAID2 Disorder-NOX,pyHCA,DED,literal,0.75,short_lt20,31,0.03225806451612903
CAID2 Disorder-NOX,pyHCA,DED,literal,0.75,mid_20_30,26,0.0
CAID2 Disorder-NOX,pyHCA,DED,literal,0.75,long_gt30,117,0.17094017094017094
CAID2 Disorder-NOX,pyHCA,DED,calibrated,0.25,short_lt20,31,0.6451612903225806
CAID2 Disorder-NOX,pyHCA,DED,calibrated,0.25,mid_20_30,26,0.6538461538461539
CAID2 Disorder-NOX,pyHCA,DED,calibrated,0.25,long_gt30,117,0.8461538461538461
CAID2 Disorder-NOX,pyHCA,DED,calibrated,0.5,short_lt20,31,0.5161290322580645
CAID2 Disorder-NOX,pyHCA,DED,calibrated,0.5,mid_20_30,26,0.6153846153846154
CAID2 Disorder-NOX,pyHCA,DED,calibrated,0.5,long_gt30,117,0.7606837606837606
CAID2 Disorder-NOX,pyHCA,DED,calibrated,0.75,short_lt20,31,0.41935483870967744
CAID2 Disorder-NOX,pyHCA,DED,calibrated,0.75,mid_20_30,26,0.46153846153846156
CAID2 Disorder-NOX,pyHCA,DED,calibrated,0.75,long_gt30,117,0.5897435897435898
CAID2 Disorder-NOX,DeepIDP-2L,DED,literal,0.25,short_lt20,31,0.6129032258064516
CAID2 Disorder-NOX,DeepIDP-2L,DED,literal,0.25,mid_20_30,26,0.7307692307692307
CAID2 Disorder-NOX,DeepIDP-2L,DED,literal,0.25,long_gt30,117,0.8803418803418803
CAID2 Disorder-NOX,DeepIDP-2L,DED,literal,0.5,short_lt20,31,0.5161290322580645
CAID2 Disorder-NOX,DeepIDP-2L,DED,literal,0.5,mid_20_30,26,0.6923076923076923
CAID2 Disorder-NOX,DeepIDP-2L,DED,literal,0.5,long_gt30,117,0.7777777777777778
CAID2 Disorder-NOX,DeepIDP-2L,DED,literal,0.75,short_lt20,31,0.45161290322580644
CAID2 Disorder-NOX,DeepIDP-2L,DED,literal,0.75,mid_20_30,26,0.5
CAID2 Disorder-NOX,DeepIDP-2L,DED,literal,0.75,long_gt30,117,0.6239316239316239
CAID2 Disorder-NOX,DeepIDP-2L,DED,calibrated,0.25,short_lt20,31,0.3225806451612903
CAID2 Disorder-NOX,DeepIDP-2L,DED,calibrated,0.25,mid_20_30,26,0.5769230769230769
CAID2 Disorder-NOX,DeepIDP-2L,DED,calibrated,0.25,long_gt30,117,0.7094017094017094
CAID2 Disorder-NOX,DeepIDP-2L,DED,calibrated,0.5,short_lt20,31,0.2903225806451613
CAID2 Disorder-NOX,DeepIDP-2L,DED,calibrated,0.5,mid_20_30,26,0.38461538461538464
CAID2 Disorder-NOX,DeepIDP-2L,DED,calibrated,0.5,long_gt30,117,0.5384615384615384
CAID2 Disorder-NOX,DeepIDP-2L,DED,calibrated,0.75,short_lt20,31,0.16129032258064516
CAID2 Disorder-NOX,DeepIDP-2L,DED,calibrated,0.75,mid_20_30,26,0.2692307692307692
CAID2 Disorder-NOX,DeepIDP-2L,DED,calibrated,0.75,long_gt30,117,0.41025641025641024
CAID2 Disorder-NOX,PredIDR-long,DED,literal,0.25,short_lt20,31,0.7741935483870968
CAID2 Disorder-NOX,PredIDR-long,DED,literal,0.25,mid_20_30,26,0.8846153846153846
CAID2 Disorder-NOX,PredIDR-long,DED,literal,0.25,long_gt30,117,0.9316239316239316
CAID2 Disorder-NOX,PredIDR-long,DED,literal,0.5,short_lt20,31,0.7096774193548387
CAID2 Disorder-NOX,PredIDR-long,DED,literal,0.5,mid_20_30,26,0.6923076923076923
CAID2 Disorder-NOX,PredIDR-long,DED,literal,0.5,long_gt30,117,0.8547008547008547
CAID2 Disorder-NOX,PredIDR-long,DED,literal,0.75,short_lt20,31,0.5483870967741935
CAID2 Disorder-NOX,PredIDR-long,DED,literal,0.75,mid_20_30,26,0.6538461538461539
CAID2 Disorder-NOX,PredIDR-long,DED,literal,0.75,long_gt30,117,0.7606837606837606
CAID2 Disorder-NOX,PredIDR-long,DED,calibrated,0.25,short_lt20,31,0.7741935483870968
CAID2 Disorder-NOX,PredIDR-long,DED,calibrated,0.25,mid_20_30,26,0.8461538461538461
CAID2 Disorder-NOX,PredIDR-long,DED,calibrated,0.25,long_gt30,117,0.9230769230769231
CAID2 Disorder-NOX,PredIDR-long,DED,calibrated,0.5,short_lt20,31,0.6129032258064516
CAID2 Disorder-NOX,PredIDR-long,DED,calibrated,0.5,mid_20_30,26,0.6923076923076923
CAID2 Disorder-NOX,PredIDR-long,DED,calibrated,0.5,long_gt30,117,0.8205128205128205
CAID2 Disorder-NOX,PredIDR-long,DED,calibrated,0.75,short_lt20,31,0.5161290322580645
CAID2 Disorder-NOX,PredIDR-long,DED,calibrated,0.75,mid_20_30,26,0.6538461538461539
CAID2 Disorder-NOX,PredIDR-long,DED,calibrated,0.75,long_gt30,117,0.7264957264957265
CAID2 Disorder-NOX,PredIDR-short,DED,literal,0.25,short_lt20,31,0.9032258064516129
CAID2 Disorder-NOX,PredIDR-short,DED,literal,0.25,mid_20_30,26,0.9230769230769231
CAID2 Disorder-NOX,PredIDR-short,DED,literal,0.25,long_gt30,117,0.9487179487179487
CAID2 Disorder-NOX,PredIDR-short,DED,literal,0.5,short_lt20,31,0.8387096774193549
CAID2 Disorder-NOX,PredIDR-short,DED,literal,0.5,mid_20_30,26,0.7692307692307693
CAID2 Disorder-NOX,PredIDR-short,DED,literal,0.5,long_gt30,117,0.8632478632478633
CAID2 Disorder-NOX,PredIDR-short,DED,literal,0.75,short_lt20,31,0.6129032258064516
CAID2 Disorder-NOX,PredIDR-short,DED,literal,0.75,mid_20_30,26,0.6923076923076923
CAID2 Disorder-NOX,PredIDR-short,DED,literal,0.75,long_gt30,117,0.7435897435897436
CAID2 Disorder-NOX,PredIDR-short,DED,calibrated,0.25,short_lt20,31,0.9032258064516129
CAID2 Disorder-NOX,PredIDR-short,DED,calibrated,0.25,mid_20_30,26,0.9230769230769231
CAID2 Disorder-NOX,PredIDR-short,DED,calibrated,0.25,long_gt30,117,0.9401709401709402
CAID2 Disorder-NOX,PredIDR-short,DED,calibrated,0.5,short_lt20,31,0.8387096774193549
CAID2 Disorder-NOX,PredIDR-short,DED,calibrated,0.5,mid_20_30,26,0.6923076923076923
CAID2 Disorder-NOX,PredIDR-short,DED,calibrated,0.5,long_gt30,117,0.8461538461538461
CAID2 Disorder-NOX,PredIDR-short,DED,calibrated,0.75,short_lt20,31,0.5483870967741935
CAID2 Disorder-NOX,PredIDR-short,DED,calibrated,0.75,mid_20_30,26,0.6923076923076923
CAID2 Disorder-NOX,PredIDR-short,DED,calibrated,0.75,long_gt30,117,0.7435897435897436
CAID2 Disorder-NOX,AUCpred-profile,DED,literal,0.25,short_lt20,31,0.7419354838709677
CAID2 Disorder-NOX,AUCpred-profile,DED,literal,0.25,mid_20_30,26,0.8076923076923077
CAID2 Disorder-NOX,AUCpred-profile,DED,literal,0.25,long_gt30,117,0.8461538461538461
CAID2 Disorder-NOX,AUCpred-profile,DED,literal,0.5,short_lt20,31,0.6451612903225806
CAID2 Disorder-NOX,AUCpred-profile,DED,literal,0.5,mid_20_30,26,0.7692307692307693
CAID2 Disorder-NOX,AUCpred-profile,DED,literal,0.5,long_gt30,117,0.7094017094017094
CAID2 Disorder-NOX,AUCpred-profile,DED,literal,0.75,short_lt20,31,0.4838709677419355
CAID2 Disorder-NOX,AUCpred-profile,DED,literal,0.75,mid_20_30,26,0.5769230769230769
CAID2 Disorder-NOX,AUCpred-profile,DED,literal,0.75,long_gt30,117,0.5811965811965812
CAID2 Disorder-NOX,AUCpred-profile,DED,calibrated,0.25,short_lt20,31,0.9032258064516129
CAID2 Disorder-NOX,AUCpred-profile,DED,calibrated,0.25,mid_20_30,26,0.8846153846153846
CAID2 Disorder-NOX,AUCpred-profile,DED,calibrated,0.25,long_gt30,117,0.9316239316239316
CAID2 Disorder-NOX,AUCpred-profile,DED,calibrated,0.5,short_lt20,31,0.8709677419354839
CAID2 Disorder-NOX,AUCpred-profile,DED,calibrated,0.5,mid_20_30,26,0.8461538461538461
CAID2 Disorder-NOX,AUCpred-profile,DED,calibrated,0.5,long_gt30,117,0.811965811965812
CAID2 Disorder-NOX,AUCpred-profile,DED,calibrated,0.75,short_lt20,31,0.7419354838709677
CAID2 Disorder-NOX,AUCpred-profile,DED,calibrated,0.75,mid_20_30,26,0.8076923076923077
CAID2 Disorder-NOX,AUCpred-profile,DED,calibrated,0.75,long_gt30,117,0.717948717948718
CAID2 Disorder-NOX,AUCpred-no-profile,DED,literal,0.25,short_lt20,31,0.3870967741935484
CAID2 Disorder-NOX,AUCpred-no-profile,DED,literal,0.25,mid_20_30,26,0.5384615384615384
CAID2 Disorder-NOX,AUCpred-no-profile,DED,literal,0.25,long_gt30,117,0.7521367521367521
CAID2 Disorder-NOX,AUCpred-no-profile,DED,literal,0.5,short_lt20,31,0.3225806451612903
CAID2 Disorder-NOX,AUCpred-no-profile,DED,literal,0.5,mid_20_30,26,0.5
CAID2 Disorder-NOX,AUCpred-no-profile,DED,literal,0.5,long_gt30,117,0.5897435897435898
CAID2 Disorder-NOX,AUCpred-no-profile,DED,literal,0.75,short_lt20,31,0.25806451612903225
CAID2 Disorder-NOX,AUCpred-no-profile,DED,literal,0.75,mid_20_30,26,0.38461538461538464
CAID2 Disorder-NOX,AUCpred-no-profile,DED,literal,0.75,long_gt30,117,0.37606837606837606
CAID2 Disorder-NOX,AUCpred-no-profile,DED,calibrated,0.25,short_lt20,31,0.9354838709677419
CAID2 Disorder-NOX,AUCpred-no-profile,DED,calibrated,0.25,mid_20_30,26,0.9230769230769231
CAID2 Disorder-NOX,AUCpred-no-profile,DED,calibrated,0.25,long_gt30,117,0.9487179487179487
CAID2 Disorder-NOX,AUCpred-no-profile,DED,calibrated,0.5,short_lt20,31,0.8387096774193549
CAID2 Disorder-NOX,AUCpred-no-profile,DED,calibrated,0.5,mid_20_30,26,0.9230769230769231
CAID2 Disorder-NOX,AUCpred-no-profile,DED,calibrated,0.5,long_gt30,117,0.8803418803418803
CAID2 Disorder-NOX,AUCpred-no-profile,DED,calibrated,0.75,short_lt20,31,0.7419354838709677
CAID2 Disorder-NOX,AUCpred-no-profile,DED,calibrated,0.75,mid_20_30,26,0.7307692307692307
CAID2 Disorder-NOX,AUCpred-no-profile,DED,calibrated,0.75,long_gt30,117,0.7264957264957265
CAID2 Disorder-NOX,DisoPred,DED,literal,0.25,short_lt20,31,0.4838709677419355
CAID2 Disorder-NOX,DisoPred,DED,literal,0.25,mid_20_30,26,0.5769230769230769
CAID2 Disorder-NOX,DisoPred,DED,literal,0.25,long_gt30,117,0.811965811965812
CAID2 Disorder-NOX,DisoPred,DED,literal,0.5,short_lt20,31,0.41935483870967744
CAID2 Disorder-NOX,DisoPred,DED,literal,0.5,mid_20_30,26,0.46153846153846156
CAID2 Disorder-NOX,DisoPred,DED,literal,0.5,long_gt30,117,0.7264957264957265
CAID2 Disorder-NOX,DisoPred,DED,literal,0.75,short_lt20,31,0.3548387096774194
CAID2 Disorder-NOX,DisoPred,DED,literal,0.75,mid_20_30,26,0.3076923076923077
CAID2 Disorder-NOX,DisoPred,DED,literal,0.75,long_gt30,117,0.5726495726495726
CAID2 Disorder-NOX,DisoPred,DED,calibrated,0.25,short_lt20,31,0.5161290322580645
CAID2 Disorder-NOX,DisoPred,DED,calibrated,0.25,mid_20_30,26,0.6153846153846154
CAID2 Disorder-NOX,DisoPred,DED,calibrated,0.25,long_gt30,117,0.8290598290598291
CAID2 Disorder-NOX,DisoPred,DED,calibrated,0.5,short_lt20,31,0.4838709677419355
CAID2 Disorder-NOX,DisoPred,DED,calibrated,0.5,mid_20_30,26,0.5384615384615384
CAID2 Disorder-NOX,DisoPred,DED,calibrated,0.5,long_gt30,117,0.7692307692307693
CAID2 Disorder-NOX,DisoPred,DED,calibrated,0.75,short_lt20,31,0.3870967741935484
CAID2 Disorder-NOX,DisoPred,DED,calibrated,0.75,mid_20_30,26,0.38461538461538464
CAID2 Disorder-NOX,DisoPred,DED,calibrated,0.75,long_gt30,117,0.6068376068376068
CAID2 Disorder-NOX,Dispredict2,DED,literal,0.25,short_lt20,31,0.5806451612903226
CAID2 Disorder-NOX,Dispredict2,DED,literal,0.25,mid_20_30,26,0.38461538461538464
CAID2 Disorder-NOX,Dispredict2,DED,literal,0.25,long_gt30,117,0.4444444444444444
CAID2 Disorder-NOX,Dispredict2,DED,literal,0.5,short_lt20,31,0.4838709677419355
CAID2 Disorder-NOX,Dispredict2,DED,literal,0.5,mid_20_30,26,0.3076923076923077
CAID2 Disorder-NOX,Dispredict2,DED,literal,0.5,long_gt30,117,0.3076923076923077
CAID2 Disorder-NOX,Dispredict2,DED,literal,0.75,short_lt20,31,0.22580645161290322
CAID2 Disorder-NOX,Dispredict2,DED,literal,0.75,mid_20_30,26,0.23076923076923078
CAID2 Disorder-NOX,Dispredict2,DED,literal,0.75,long_gt30,117,0.17094017094017094
CAID2 Disorder-NOX,Dispredict2,DED,calibrated,0.25,short_lt20,31,0.0
CAID2 Disorder-NOX,Dispredict2,DED,calibrated,0.25,mid_20_30,26,0.0
CAID2 Disorder-NOX,Dispredict2,DED,calibrated,0.25,long_gt30,117,0.02564102564102564
CAID2 Disorder-NOX,Dispredict2,DED,calibrated,0.5,short_lt20,31,0.0
CAID2 Disorder-NOX,Dispredict2,DED,calibrated,0.5,mid_20_30,26,0.0
CAID2 Disorder-NOX,Dispredict2,DED,calibrated,0.5,long_gt30,117,0.008547008547008548
CAID2 Disorder-NOX,Dispredict2,DED,calibrated,0.75,short_lt20,31,0.0
CAID2 Disorder-NOX,Dispredict2,DED,calibrated,0.75,mid_20_30,26,0.0
CAID2 Disorder-NOX,Dispredict2,DED,calibrated,0.75,long_gt30,117,0.008547008547008548
CAID2 Disorder-NOX,Dispredict3,DED,literal,0.25,short_lt20,31,0.3225806451612903
CAID2 Disorder-NOX,Dispredict3,DED,literal,0.25,mid_20_30,26,0.34615384615384615
CAID2 Disorder-NOX,Dispredict3,DED,literal,0.25,long_gt30,117,0.452991452991453
CAID2 Disorder-NOX,Dispredict3,DED,literal,0.5,short_lt20,31,0.2903225806451613
CAID2 Disorder-NOX,Dispredict3,DED,literal,0.5,mid_20_30,26,0.15384615384615385
CAID2 Disorder-NOX,Dispredict3,DED,literal,0.5,long_gt30,117,0.3418803418803419
CAID2 Disorder-NOX,Dispredict3,DED,literal,0.75,short_lt20,31,0.1935483870967742
CAID2 Disorder-NOX,Dispredict3,DED,literal,0.75,mid_20_30,26,0.15384615384615385
CAID2 Disorder-NOX,Dispredict3,DED,literal,0.75,long_gt30,117,0.2564102564102564
CAID2 Disorder-NOX,Dispredict3,DED,calibrated,0.25,short_lt20,31,0.8709677419354839
CAID2 Disorder-NOX,Dispredict3,DED,calibrated,0.25,mid_20_30,26,0.8846153846153846
CAID2 Disorder-NOX,Dispredict3,DED,calibrated,0.25,long_gt30,117,0.9658119658119658
CAID2 Disorder-NOX,Dispredict3,DED,calibrated,0.5,short_lt20,31,0.7741935483870968
CAID2 Disorder-NOX,Dispredict3,DED,calibrated,0.5,mid_20_30,26,0.8076923076923077
CAID2 Disorder-NOX,Dispredict3,DED,calibrated,0.5,long_gt30,117,0.8803418803418803
CAID2 Disorder-NOX,Dispredict3,DED,calibrated,0.75,short_lt20,31,0.6451612903225806
CAID2 Disorder-NOX,Dispredict3,DED,calibrated,0.75,mid_20_30,26,0.7692307692307693
CAID2 Disorder-NOX,Dispredict3,DED,calibrated,0.75,long_gt30,117,0.7692307692307693
CAID2 Disorder-NOX,IDP-Fusion,DED,literal,0.25,short_lt20,31,0.7419354838709677
CAID2 Disorder-NOX,IDP-Fusion,DED,literal,0.25,mid_20_30,26,0.8461538461538461
CAID2 Disorder-NOX,IDP-Fusion,DED,literal,0.25,long_gt30,117,0.905982905982906
CAID2 Disorder-NOX,IDP-Fusion,DED,literal,0.5,short_lt20,31,0.7096774193548387
CAID2 Disorder-NOX,IDP-Fusion,DED,literal,0.5,mid_20_30,26,0.7692307692307693
CAID2 Disorder-NOX,IDP-Fusion,DED,literal,0.5,long_gt30,117,0.8376068376068376
CAID2 Disorder-NOX,IDP-Fusion,DED,literal,0.75,short_lt20,31,0.5483870967741935
CAID2 Disorder-NOX,IDP-Fusion,DED,literal,0.75,mid_20_30,26,0.5769230769230769
CAID2 Disorder-NOX,IDP-Fusion,DED,literal,0.75,long_gt30,117,0.7521367521367521
CAID2 Disorder-NOX,IDP-Fusion,DED,calibrated,0.25,short_lt20,31,0.5483870967741935
CAID2 Disorder-NOX,IDP-Fusion,DED,calibrated,0.25,mid_20_30,26,0.6538461538461539
CAID2 Disorder-NOX,IDP-Fusion,DED,calibrated,0.25,long_gt30,117,0.8205128205128205
CAID2 Disorder-NOX,IDP-Fusion,DED,calibrated,0.5,short_lt20,31,0.45161290322580644
CAID2 Disorder-NOX,IDP-Fusion,DED,calibrated,0.5,mid_20_30,26,0.4230769230769231
CAID2 Disorder-NOX,IDP-Fusion,DED,calibrated,0.5,long_gt30,117,0.7350427350427351
CAID2 Disorder-NOX,IDP-Fusion,DED,calibrated,0.75,short_lt20,31,0.3548387096774194
CAID2 Disorder-NOX,IDP-Fusion,DED,calibrated,0.75,mid_20_30,26,0.38461538461538464
CAID2 Disorder-NOX,IDP-Fusion,DED,calibrated,0.75,long_gt30,117,0.6410256410256411
CAID2 Disorder-NOX,rawMSA,DED,literal,0.25,short_lt20,31,0.6451612903225806
CAID2 Disorder-NOX,rawMSA,DED,literal,0.25,mid_20_30,26,0.6538461538461539
CAID2 Disorder-NOX,rawMSA,DED,literal,0.25,long_gt30,117,0.811965811965812
CAID2 Disorder-NOX,rawMSA,DED,literal,0.5,short_lt20,31,0.5483870967741935
CAID2 Disorder-NOX,rawMSA,DED,literal,0.5,mid_20_30,26,0.5384615384615384
CAID2 Disorder-NOX,rawMSA,DED,literal,0.5,long_gt30,117,0.7008547008547008
CAID2 Disorder-NOX,rawMSA,DED,literal,0.75,short_lt20,31,0.41935483870967744
CAID2 Disorder-NOX,rawMSA,DED,literal,0.75,mid_20_30,26,0.38461538461538464
CAID2 Disorder-NOX,rawMSA,DED,literal,0.75,long_gt30,117,0.6068376068376068
CAID2 Disorder-NOX,rawMSA,DED,calibrated,0.25,short_lt20,31,0.4838709677419355
CAID2 Disorder-NOX,rawMSA,DED,calibrated,0.25,mid_20_30,26,0.46153846153846156
CAID2 Disorder-NOX,rawMSA,DED,calibrated,0.25,long_gt30,117,0.7692307692307693
CAID2 Disorder-NOX,rawMSA,DED,calibrated,0.5,short_lt20,31,0.45161290322580644
CAID2 Disorder-NOX,rawMSA,DED,calibrated,0.5,mid_20_30,26,0.4230769230769231
CAID2 Disorder-NOX,rawMSA,DED,calibrated,0.5,long_gt30,117,0.6495726495726496
CAID2 Disorder-NOX,rawMSA,DED,calibrated,0.75,short_lt20,31,0.2903225806451613
CAID2 Disorder-NOX,rawMSA,DED,calibrated,0.75,mid_20_30,26,0.23076923076923078
CAID2 Disorder-NOX,rawMSA,DED,calibrated,0.75,long_gt30,117,0.5470085470085471
CAID2 Disorder-NOX,metapredict,DED,literal,0.25,short_lt20,31,0.6129032258064516
CAID2 Disorder-NOX,metapredict,DED,literal,0.25,mid_20_30,26,0.7307692307692307
CAID2 Disorder-NOX,metapredict,DED,literal,0.25,long_gt30,117,0.8803418803418803
CAID2 Disorder-NOX,metapredict,DED,literal,0.5,short_lt20,31,0.5161290322580645
CAID2 Disorder-NOX,metapredict,DED,literal,0.5,mid_20_30,26,0.6153846153846154
CAID2 Disorder-NOX,metapredict,DED,literal,0.5,long_gt30,117,0.7863247863247863
CAID2 Disorder-NOX,metapredict,DED,literal,0.75,short_lt20,31,0.4838709677419355
CAID2 Disorder-NOX,metapredict,DED,literal,0.75,mid_20_30,26,0.38461538461538464
CAID2 Disorder-NOX,metapredict,DED,literal,0.75,long_gt30,117,0.7008547008547008
CAID2 Disorder-NOX,metapredict,DED,calibrated,0.25,short_lt20,31,0.6451612903225806
CAID2 Disorder-NOX,metapredict,DED,calibrated,0.25,mid_20_30,26,0.8076923076923077
CAID2 Disorder-NOX,metapredict,DED,calibrated,0.25,long_gt30,117,0.9145299145299145
CAID2 Disorder-NOX,metapredict,DED,calibrated,0.5,short_lt20,31,0.5806451612903226
CAID2 Disorder-NOX,metapredict,DED,calibrated,0.5,mid_20_30,26,0.6923076923076923
CAID2 Disorder-NOX,metapredict,DED,calibrated,0.5,long_gt30,117,0.8205128205128205
CAID2 Disorder-NOX,metapredict,DED,calibrated,0.75,short_lt20,31,0.5483870967741935
CAID2 Disorder-NOX,metapredict,DED,calibrated,0.75,mid_20_30,26,0.46153846153846156
CAID2 Disorder-NOX,metapredict,DED,calibrated,0.75,long_gt30,117,0.7008547008547008
CAID2 Disorder-NOX,disomine,DED,literal,0.25,short_lt20,31,0.1935483870967742
CAID2 Disorder-NOX,disomine,DED,literal,0.25,mid_20_30,26,0.46153846153846156
CAID2 Disorder-NOX,disomine,DED,literal,0.25,long_gt30,117,0.5213675213675214
CAID2 Disorder-NOX,disomine,DED,literal,0.5,short_lt20,31,0.1935483870967742
CAID2 Disorder-NOX,disomine,DED,literal,0.5,mid_20_30,26,0.4230769230769231
CAID2 Disorder-NOX,disomine,DED,literal,0.5,long_gt30,117,0.38461538461538464
CAID2 Disorder-NOX,disomine,DED,literal,0.75,short_lt20,31,0.12903225806451613
CAID2 Disorder-NOX,disomine,DED,literal,0.75,mid_20_30,26,0.2692307692307692
CAID2 Disorder-NOX,disomine,DED,literal,0.75,long_gt30,117,0.3247863247863248
CAID2 Disorder-NOX,disomine,DED,calibrated,0.25,short_lt20,31,0.7096774193548387
CAID2 Disorder-NOX,disomine,DED,calibrated,0.25,mid_20_30,26,0.7307692307692307
CAID2 Disorder-NOX,disomine,DED,calibrated,0.25,long_gt30,117,0.9145299145299145
CAID2 Disorder-NOX,disomine,DED,calibrated,0.5,short_lt20,31,0.6774193548387096
CAID2 Disorder-NOX,disomine,DED,calibrated,0.5,mid_20_30,26,0.7307692307692307
CAID2 Disorder-NOX,disomine,DED,calibrated,0.5,long_gt30,117,0.8888888888888888
CAID2 Disorder-NOX,disomine,DED,calibrated,0.75,short_lt20,31,0.5483870967741935
CAID2 Disorder-NOX,disomine,DED,calibrated,0.75,mid_20_30,26,0.6538461538461539
CAID2 Disorder-NOX,disomine,DED,calibrated,0.75,long_gt30,117,0.8205128205128205
CAID2 Disorder-NOX,s2D,DED,literal,0.25,short_lt20,31,0.967741935483871
CAID2 Disorder-NOX,s2D,DED,literal,0.25,mid_20_30,26,0.9230769230769231
CAID2 Disorder-NOX,s2D,DED,literal,0.25,long_gt30,117,0.9743589743589743
CAID2 Disorder-NOX,s2D,DED,literal,0.5,short_lt20,31,0.9032258064516129
CAID2 Disorder-NOX,s2D,DED,literal,0.5,mid_20_30,26,0.8461538461538461
CAID2 Disorder-NOX,s2D,DED,literal,0.5,long_gt30,117,0.8717948717948718
CAID2 Disorder-NOX,s2D,DED,literal,0.75,short_lt20,31,0.6129032258064516
CAID2 Disorder-NOX,s2D,DED,literal,0.75,mid_20_30,26,0.6923076923076923
CAID2 Disorder-NOX,s2D,DED,literal,0.75,long_gt30,117,0.5982905982905983
CAID2 Disorder-NOX,s2D,DED,calibrated,0.25,short_lt20,31,1.0
CAID2 Disorder-NOX,s2D,DED,calibrated,0.25,mid_20_30,26,0.9230769230769231
CAID2 Disorder-NOX,s2D,DED,calibrated,0.25,long_gt30,117,0.9829059829059829
CAID2 Disorder-NOX,s2D,DED,calibrated,0.5,short_lt20,31,0.9354838709677419
CAID2 Disorder-NOX,s2D,DED,calibrated,0.5,mid_20_30,26,0.8846153846153846
CAID2 Disorder-NOX,s2D,DED,calibrated,0.5,long_gt30,117,0.9401709401709402
CAID2 Disorder-NOX,s2D,DED,calibrated,0.75,short_lt20,31,0.7741935483870968
CAID2 Disorder-NOX,s2D,DED,calibrated,0.75,mid_20_30,26,0.7307692307692307
CAID2 Disorder-NOX,s2D,DED,calibrated,0.75,long_gt30,117,0.6837606837606838
CAID3 Disorder-PDB,AlphaFold-pLDDT,AF,literal,0.25,short_lt20,136,0.45588235294117646
CAID3 Disorder-PDB,AlphaFold-pLDDT,AF,literal,0.25,mid_20_30,64,0.5625
CAID3 Disorder-PDB,AlphaFold-pLDDT,AF,literal,0.25,long_gt30,172,0.7151162790697675
CAID3 Disorder-PDB,AlphaFold-pLDDT,AF,literal,0.5,short_lt20,136,0.38235294117647056
CAID3 Disorder-PDB,AlphaFold-pLDDT,AF,literal,0.5,mid_20_30,64,0.421875
CAID3 Disorder-PDB,AlphaFold-pLDDT,AF,literal,0.5,long_gt30,172,0.5523255813953488
CAID3 Disorder-PDB,AlphaFold-pLDDT,AF,literal,0.75,short_lt20,136,0.20588235294117646
CAID3 Disorder-PDB,AlphaFold-pLDDT,AF,literal,0.75,mid_20_30,64,0.25
CAID3 Disorder-PDB,AlphaFold-pLDDT,AF,literal,0.75,long_gt30,172,0.3488372093023256
CAID3 Disorder-PDB,AlphaFold-pLDDT,AF,calibrated,0.25,short_lt20,136,0.7720588235294118
CAID3 Disorder-PDB,AlphaFold-pLDDT,AF,calibrated,0.25,mid_20_30,64,0.796875
CAID3 Disorder-PDB,AlphaFold-pLDDT,AF,calibrated,0.25,long_gt30,172,0.9069767441860465
CAID3 Disorder-PDB,AlphaFold-pLDDT,AF,calibrated,0.5,short_lt20,136,0.6470588235294118
CAID3 Disorder-PDB,AlphaFold-pLDDT,AF,calibrated,0.5,mid_20_30,64,0.75
CAID3 Disorder-PDB,AlphaFold-pLDDT,AF,calibrated,0.5,long_gt30,172,0.8313953488372093
CAID3 Disorder-PDB,AlphaFold-pLDDT,AF,calibrated,0.75,short_lt20,136,0.5441176470588235
CAID3 Disorder-PDB,AlphaFold-pLDDT,AF,calibrated,0.75,mid_20_30,64,0.546875
CAID3 Disorder-PDB,AlphaFold-pLDDT,AF,calibrated,0.75,long_gt30,172,0.686046511627907
CAID3 Disorder-PDB,AlphaFold-rsa,AF,literal,0.25,short_lt20,136,0.6397058823529411
CAID3 Disorder-PDB,AlphaFold-rsa,AF,literal,0.25,mid_20_30,64,0.84375
CAID3 Disorder-PDB,AlphaFold-rsa,AF,literal,0.25,long_gt30,172,0.9011627906976745
CAID3 Disorder-PDB,AlphaFold-rsa,AF,literal,0.5,short_lt20,136,0.5808823529411765
CAID3 Disorder-PDB,AlphaFold-rsa,AF,literal,0.5,mid_20_30,64,0.765625
CAID3 Disorder-PDB,AlphaFold-rsa,AF,literal,0.5,long_gt30,172,0.8604651162790697
CAID3 Disorder-PDB,AlphaFold-rsa,AF,literal,0.75,short_lt20,136,0.5441176470588235
CAID3 Disorder-PDB,AlphaFold-rsa,AF,literal,0.75,mid_20_30,64,0.703125
CAID3 Disorder-PDB,AlphaFold-rsa,AF,literal,0.75,long_gt30,172,0.8023255813953488
CAID3 Disorder-PDB,AlphaFold-rsa,AF,calibrated,0.25,short_lt20,136,0.5514705882352942
CAID3 Disorder-PDB,AlphaFold-rsa,AF,calibrated,0.25,mid_20_30,64,0.78125
CAID3 Disorder-PDB,AlphaFold-rsa,AF,calibrated,0.25,long_gt30,172,0.877906976744186
CAID3 Disorder-PDB,AlphaFold-rsa,AF,calibrated,0.5,short_lt20,136,0.5073529411764706
CAID3 Disorder-PDB,AlphaFold-rsa,AF,calibrated,0.5,mid_20_30,64,0.71875
CAID3 Disorder-PDB,AlphaFold-rsa,AF,calibrated,0.5,long_gt30,172,0.8546511627906976
CAID3 Disorder-PDB,AlphaFold-rsa,AF,calibrated,0.75,short_lt20,136,0.4632352941176471
CAID3 Disorder-PDB,AlphaFold-rsa,AF,calibrated,0.75,mid_20_30,64,0.5625
CAID3 Disorder-PDB,AlphaFold-rsa,AF,calibrated,0.75,long_gt30,172,0.7790697674418605
CAID3 Disorder-PDB,AlphaFold3-pLDDT,AF,literal,0.25,short_lt20,136,0.36764705882352944
CAID3 Disorder-PDB,AlphaFold3-pLDDT,AF,literal,0.25,mid_20_30,64,0.578125
CAID3 Disorder-PDB,AlphaFold3-pLDDT,AF,literal,0.25,long_gt30,172,0.686046511627907
CAID3 Disorder-PDB,AlphaFold3-pLDDT,AF,literal,0.5,short_lt20,136,0.29411764705882354
CAID3 Disorder-PDB,AlphaFold3-pLDDT,AF,literal,0.5,mid_20_30,64,0.421875
CAID3 Disorder-PDB,AlphaFold3-pLDDT,AF,literal,0.5,long_gt30,172,0.5697674418604651
CAID3 Disorder-PDB,AlphaFold3-pLDDT,AF,literal,0.75,short_lt20,136,0.15441176470588236
CAID3 Disorder-PDB,AlphaFold3-pLDDT,AF,literal,0.75,mid_20_30,64,0.21875
CAID3 Disorder-PDB,AlphaFold3-pLDDT,AF,literal,0.75,long_gt30,172,0.38372093023255816
CAID3 Disorder-PDB,AlphaFold3-pLDDT,AF,calibrated,0.25,short_lt20,136,0.8529411764705882
CAID3 Disorder-PDB,AlphaFold3-pLDDT,AF,calibrated,0.25,mid_20_30,64,0.828125
CAID3 Disorder-PDB,AlphaFold3-pLDDT,AF,calibrated,0.25,long_gt30,172,0.8953488372093024
CAID3 Disorder-PDB,AlphaFold3-pLDDT,AF,calibrated,0.5,short_lt20,136,0.7941176470588235
CAID3 Disorder-PDB,AlphaFold3-pLDDT,AF,calibrated,0.5,mid_20_30,64,0.796875
CAID3 Disorder-PDB,AlphaFold3-pLDDT,AF,calibrated,0.5,long_gt30,172,0.8662790697674418
CAID3 Disorder-PDB,AlphaFold3-pLDDT,AF,calibrated,0.75,short_lt20,136,0.6397058823529411
CAID3 Disorder-PDB,AlphaFold3-pLDDT,AF,calibrated,0.75,mid_20_30,64,0.71875
CAID3 Disorder-PDB,AlphaFold3-pLDDT,AF,calibrated,0.75,long_gt30,172,0.7558139534883721
CAID3 Disorder-PDB,AlphaFold3-rsa,AF,literal,0.25,short_lt20,136,0.6176470588235294
CAID3 Disorder-PDB,AlphaFold3-rsa,AF,literal,0.25,mid_20_30,64,0.84375
CAID3 Disorder-PDB,AlphaFold3-rsa,AF,literal,0.25,long_gt30,172,0.9069767441860465
CAID3 Disorder-PDB,AlphaFold3-rsa,AF,literal,0.5,short_lt20,136,0.5808823529411765
CAID3 Disorder-PDB,AlphaFold3-rsa,AF,literal,0.5,mid_20_30,64,0.75
CAID3 Disorder-PDB,AlphaFold3-rsa,AF,literal,0.5,long_gt30,172,0.872093023255814
CAID3 Disorder-PDB,AlphaFold3-rsa,AF,literal,0.75,short_lt20,136,0.5441176470588235
CAID3 Disorder-PDB,AlphaFold3-rsa,AF,literal,0.75,mid_20_30,64,0.703125
CAID3 Disorder-PDB,AlphaFold3-rsa,AF,literal,0.75,long_gt30,172,0.813953488372093
CAID3 Disorder-PDB,AlphaFold3-rsa,AF,calibrated,0.25,short_lt20,136,0.5441176470588235
CAID3 Disorder-PDB,AlphaFold3-rsa,AF,calibrated,0.25,mid_20_30,64,0.796875
CAID3 Disorder-PDB,AlphaFold3-rsa,AF,calibrated,0.25,long_gt30,172,0.877906976744186
CAID3 Disorder-PDB,AlphaFold3-rsa,AF,calibrated,0.5,short_lt20,136,0.5294117647058824
CAID3 Disorder-PDB,AlphaFold3-rsa,AF,calibrated,0.5,mid_20_30,64,0.734375
CAID3 Disorder-PDB,AlphaFold3-rsa,AF,calibrated,0.5,long_gt30,172,0.8662790697674418
CAID3 Disorder-PDB,AlphaFold3-rsa,AF,calibrated,0.75,short_lt20,136,0.4852941176470588
CAID3 Disorder-PDB,AlphaFold3-rsa,AF,calibrated,0.75,mid_20_30,64,0.640625
CAID3 Disorder-PDB,AlphaFold3-rsa,AF,calibrated,0.75,long_gt30,172,0.7732558139534884
CAID3 Disorder-PDB,AIUPred,DED,literal,0.25,short_lt20,136,0.6102941176470589
CAID3 Disorder-PDB,AIUPred,DED,literal,0.25,mid_20_30,64,0.8125
CAID3 Disorder-PDB,AIUPred,DED,literal,0.25,long_gt30,172,0.8953488372093024
CAID3 Disorder-PDB,AIUPred,DED,literal,0.5,short_lt20,136,0.5661764705882353
CAID3 Disorder-PDB,AIUPred,DED,literal,0.5,mid_20_30,64,0.796875
CAID3 Disorder-PDB,AIUPred,DED,literal,0.5,long_gt30,172,0.8313953488372093
CAID3 Disorder-PDB,AIUPred,DED,literal,0.75,short_lt20,136,0.47794117647058826
CAID3 Disorder-PDB,AIUPred,DED,literal,0.75,mid_20_30,64,0.6875
CAID3 Disorder-PDB,AIUPred,DED,literal,0.75,long_gt30,172,0.7383720930232558
CAID3 Disorder-PDB,AIUPred,DED,calibrated,0.25,short_lt20,136,0.36764705882352944
CAID3 Disorder-PDB,AIUPred,DED,calibrated,0.25,mid_20_30,64,0.546875
CAID3 Disorder-PDB,AIUPred,DED,calibrated,0.25,long_gt30,172,0.7848837209302325
CAID3 Disorder-PDB,AIUPred,DED,calibrated,0.5,short_lt20,136,0.3088235294117647
CAID3 Disorder-PDB,AIUPred,DED,calibrated,0.5,mid_20_30,64,0.46875
CAID3 Disorder-PDB,AIUPred,DED,calibrated,0.5,long_gt30,172,0.6511627906976745
CAID3 Disorder-PDB,AIUPred,DED,calibrated,0.75,short_lt20,136,0.22058823529411764
CAID3 Disorder-PDB,AIUPred,DED,calibrated,0.75,mid_20_30,64,0.390625
CAID3 Disorder-PDB,AIUPred,DED,calibrated,0.75,long_gt30,172,0.47674418604651164
CAID3 Disorder-PDB,AIUPred-2-disorder,DED,literal,0.25,short_lt20,136,0.5367647058823529
CAID3 Disorder-PDB,AIUPred-2-disorder,DED,literal,0.25,mid_20_30,64,0.734375
CAID3 Disorder-PDB,AIUPred-2-disorder,DED,literal,0.25,long_gt30,172,0.877906976744186
CAID3 Disorder-PDB,AIUPred-2-disorder,DED,literal,0.5,short_lt20,136,0.47794117647058826
CAID3 Disorder-PDB,AIUPred-2-disorder,DED,literal,0.5,mid_20_30,64,0.65625
CAID3 Disorder-PDB,AIUPred-2-disorder,DED,literal,0.5,long_gt30,172,0.8488372093023255
CAID3 Disorder-PDB,AIUPred-2-disorder,DED,literal,0.75,short_lt20,136,0.4485294117647059
CAID3 Disorder-PDB,AIUPred-2-disorder,DED,literal,0.75,mid_20_30,64,0.578125
CAID3 Disorder-PDB,AIUPred-2-disorder,DED,literal,0.75,long_gt30,172,0.7732558139534884
CAID3 Disorder-PDB,AIUPred-2-disorder,DED,calibrated,0.25,short_lt20,136,0.41911764705882354
CAID3 Disorder-PDB,AIUPred-2-disorder,DED,calibrated,0.25,mid_20_30,64,0.640625
CAID3 Disorder-PDB,AIUPred-2-disorder,DED,calibrated,0.25,long_gt30,172,0.8313953488372093
CAID3 Disorder-PDB,AIUPred-2-disorder,DED,calibrated,0.5,short_lt20,136,0.36764705882352944
CAID3 Disorder-PDB,AIUPred-2-disorder,DED,calibrated,0.5,mid_20_30,64,0.5625
CAID3 Disorder-PDB,AIUPred-2-disorder,DED,calibrated,0.5,long_gt30,172,0.7790697674418605
CAID3 Disorder-PDB,AIUPred-2-disorder,DED,calibrated,0.75,short_lt20,136,0.3014705882352941
CAID3 Disorder-PDB,AIUPred-2-disorder,DED,calibrated,0.75,mid_20_30,64,0.46875
CAID3 Disorder-PDB,AIUPred-2-disorder,DED,calibrated,0.75,long_gt30,172,0.6686046511627907
CAID3 Disorder-PDB,IUPred3,DED,literal,0.25,short_lt20,136,0.38235294117647056
CAID3 Disorder-PDB,IUPred3,DED,literal,0.25,mid_20_30,64,0.5625
CAID3 Disorder-PDB,IUPred3,DED,literal,0.25,long_gt30,172,0.7965116279069767
CAID3 Disorder-PDB,IUPred3,DED,literal,0.5,short_lt20,136,0.3161764705882353
CAID3 Disorder-PDB,IUPred3,DED,literal,0.5,mid_20_30,64,0.453125
CAID3 Disorder-PDB,IUPred3,DED,literal,0.5,long_gt30,172,0.6337209302325582
CAID3 Disorder-PDB,IUPred3,DED,literal,0.75,short_lt20,136,0.20588235294117646
CAID3 Disorder-PDB,IUPred3,DED,literal,0.75,mid_20_30,64,0.34375
CAID3 Disorder-PDB,IUPred3,DED,literal,0.75,long_gt30,172,0.47674418604651164
CAID3 Disorder-PDB,IUPred3,DED,calibrated,0.25,short_lt20,136,0.41911764705882354
CAID3 Disorder-PDB,IUPred3,DED,calibrated,0.25,mid_20_30,64,0.609375
CAID3 Disorder-PDB,IUPred3,DED,calibrated,0.25,long_gt30,172,0.813953488372093
CAID3 Disorder-PDB,IUPred3,DED,calibrated,0.5,short_lt20,136,0.3235294117647059
CAID3 Disorder-PDB,IUPred3,DED,calibrated,0.5,mid_20_30,64,0.46875
CAID3 Disorder-PDB,IUPred3,DED,calibrated,0.5,long_gt30,172,0.6686046511627907
CAID3 Disorder-PDB,IUPred3,DED,calibrated,0.75,short_lt20,136,0.22794117647058823
CAID3 Disorder-PDB,IUPred3,DED,calibrated,0.75,mid_20_30,64,0.34375
CAID3 Disorder-PDB,IUPred3,DED,calibrated,0.75,long_gt30,172,0.5
CAID3 Disorder-PDB,ESpritz-D,DED,literal,0.25,short_lt20,136,0.1323529411764706
CAID3 Disorder-PDB,ESpritz-D,DED,literal,0.25,mid_20_30,64,0.28125
CAID3 Disorder-PDB,ESpritz-D,DED,literal,0.25,long_gt30,172,0.4476744186046512
CAID3 Disorder-PDB,ESpritz-D,DED,literal,0.5,short_lt20,136,0.11764705882352941
CAID3 Disorder-PDB,ESpritz-D,DED,literal,0.5,mid_20_30,64,0.21875
CAID3 Disorder-PDB,ESpritz-D,DED,literal,0.5,long_gt30,172,0.36046511627906974
CAID3 Disorder-PDB,ESpritz-D,DED,literal,0.75,short_lt20,136,0.11029411764705882
CAID3 Disorder-PDB,ESpritz-D,DED,literal,0.75,mid_20_30,64,0.15625
CAID3 Disorder-PDB,ESpritz-D,DED,literal,0.75,long_gt30,172,0.22093023255813954
CAID3 Disorder-PDB,ESpritz-D,DED,calibrated,0.25,short_lt20,136,0.3382352941176471
CAID3 Disorder-PDB,ESpritz-D,DED,calibrated,0.25,mid_20_30,64,0.578125
CAID3 Disorder-PDB,ESpritz-D,DED,calibrated,0.25,long_gt30,172,0.627906976744186
CAID3 Disorder-PDB,ESpritz-D,DED,calibrated,0.5,short_lt20,136,0.33088235294117646
CAID3 Disorder-PDB,ESpritz-D,DED,calibrated,0.5,mid_20_30,64,0.546875
CAID3 Disorder-PDB,ESpritz-D,DED,calibrated,0.5,long_gt30,172,0.5930232558139535
CAID3 Disorder-PDB,ESpritz-D,DED,calibrated,0.75,short_lt20,136,0.29411764705882354
CAID3 Disorder-PDB,ESpritz-D,DED,calibrated,0.75,mid_20_30,64,0.46875
CAID3 Disorder-PDB,ESpritz-D,DED,calibrated,0.75,long_gt30,172,0.5232558139534884
CAID3 Disorder-PDB,ESpritz-N,DED,literal,0.25,short_lt20,136,0.5220588235294118
CAID3 Disorder-PDB,ESpritz-N,DED,literal,0.25,mid_20_30,64,0.484375
CAID3 Disorder-PDB,ESpritz-N,DED,literal,0.25,long_gt30,172,0.7441860465116279
CAID3 Disorder-PDB,ESpritz-N,DED,literal,0.5,short_lt20,136,0.4117647058823529
CAID3 Disorder-PDB,ESpritz-N,DED,literal,0.5,mid_20_30,64,0.390625
CAID3 Disorder-PDB,ESpritz-N,DED,literal,0.5,long_gt30,172,0.5465116279069767
CAID3 Disorder-PDB,ESpritz-N,DED,literal,0.75,short_lt20,136,0.25735294117647056
CAID3 Disorder-PDB,ESpritz-N,DED,literal,0.75,mid_20_30,64,0.265625
CAID3 Disorder-PDB,ESpritz-N,DED,literal,0.75,long_gt30,172,0.313953488372093
CAID3 Disorder-PDB,ESpritz-N,DED,calibrated,0.25,short_lt20,136,0.6470588235294118
CAID3 Disorder-PDB,ESpritz-N,DED,calibrated,0.25,mid_20_30,64,0.65625
CAID3 Disorder-PDB,ESpritz-N,DED,calibrated,0.25,long_gt30,172,0.8197674418604651
CAID3 Disorder-PDB,ESpritz-N,DED,calibrated,0.5,short_lt20,136,0.5514705882352942
CAID3 Disorder-PDB,ESpritz-N,DED,calibrated,0.5,mid_20_30,64,0.546875
CAID3 Disorder-PDB,ESpritz-N,DED,calibrated,0.5,long_gt30,172,0.6918604651162791
CAID3 Disorder-PDB,ESpritz-N,DED,calibrated,0.75,short_lt20,136,0.40441176470588236
CAID3 Disorder-PDB,ESpritz-N,DED,calibrated,0.75,mid_20_30,64,0.40625
CAID3 Disorder-PDB,ESpritz-N,DED,calibrated,0.75,long_gt30,172,0.4941860465116279
CAID3 Disorder-PDB,ESpritz-X,DED,literal,0.25,short_lt20,136,0.2426470588235294
CAID3 Disorder-PDB,ESpritz-X,DED,literal,0.25,mid_20_30,64,0.296875
CAID3 Disorder-PDB,ESpritz-X,DED,literal,0.25,long_gt30,172,0.3953488372093023
CAID3 Disorder-PDB,ESpritz-X,DED,literal,0.5,short_lt20,136,0.16911764705882354
CAID3 Disorder-PDB,ESpritz-X,DED,literal,0.5,mid_20_30,64,0.1875
CAID3 Disorder-PDB,ESpritz-X,DED,literal,0.5,long_gt30,172,0.22093023255813954
CAID3 Disorder-PDB,ESpritz-X,DED,literal,0.75,short_lt20,136,0.08088235294117647
CAID3 Disorder-PDB,ESpritz-X,DED,literal,0.75,mid_20_30,64,0.09375
CAID3 Disorder-PDB,ESpritz-X,DED,literal,0.75,long_gt30,172,0.12209302325581395
CAID3 Disorder-PDB,ESpritz-X,DED,calibrated,0.25,short_lt20,136,0.5588235294117647
CAID3 Disorder-PDB,ESpritz-X,DED,calibrated,0.25,mid_20_30,64,0.71875
CAID3 Disorder-PDB,ESpritz-X,DED,calibrated,0.25,long_gt30,172,0.813953488372093
CAID3 Disorder-PDB,ESpritz-X,DED,calibrated,0.5,short_lt20,136,0.5367647058823529
CAID3 Disorder-PDB,ESpritz-X,DED,calibrated,0.5,mid_20_30,64,0.59375
CAID3 Disorder-PDB,ESpritz-X,DED,calibrated,0.5,long_gt30,172,0.6686046511627907
CAID3 Disorder-PDB,ESpritz-X,DED,calibrated,0.75,short_lt20,136,0.4338235294117647
CAID3 Disorder-PDB,ESpritz-X,DED,calibrated,0.75,mid_20_30,64,0.53125
CAID3 Disorder-PDB,ESpritz-X,DED,calibrated,0.75,long_gt30,172,0.5
CAID3 Disorder-PDB,MobiDB-lite,DED,literal,0.25,short_lt20,136,0.5
CAID3 Disorder-PDB,MobiDB-lite,DED,literal,0.25,mid_20_30,64,0.578125
CAID3 Disorder-PDB,MobiDB-lite,DED,literal,0.25,long_gt30,172,0.7616279069767442
CAID3 Disorder-PDB,MobiDB-lite,DED,literal,0.5,short_lt20,136,0.4117647058823529
CAID3 Disorder-PDB,MobiDB-lite,DED,literal,0.5,mid_20_30,64,0.5
CAID3 Disorder-PDB,MobiDB-lite,DED,literal,0.5,long_gt30,172,0.6046511627906976
CAID3 Disorder-PDB,MobiDB-lite,DED,literal,0.75,short_lt20,136,0.27941176470588236
CAID3 Disorder-PDB,MobiDB-lite,DED,literal,0.75,mid_20_30,64,0.359375
CAID3 Disorder-PDB,MobiDB-lite,DED,literal,0.75,long_gt30,172,0.36627906976744184
CAID3 Disorder-PDB,MobiDB-lite,DED,calibrated,0.25,short_lt20,136,0.5
CAID3 Disorder-PDB,MobiDB-lite,DED,calibrated,0.25,mid_20_30,64,0.578125
CAID3 Disorder-PDB,MobiDB-lite,DED,calibrated,0.25,long_gt30,172,0.7616279069767442
CAID3 Disorder-PDB,MobiDB-lite,DED,calibrated,0.5,short_lt20,136,0.4117647058823529
CAID3 Disorder-PDB,MobiDB-lite,DED,calibrated,0.5,mid_20_30,64,0.5
CAID3 Disorder-PDB,MobiDB-lite,DED,calibrated,0.5,long_gt30,172,0.6046511627906976
CAID3 Disorder-PDB,MobiDB-lite,DED,calibrated,0.75,short_lt20,136,0.27941176470588236
CAID3 Disorder-PDB,MobiDB-lite,DED,calibrated,0.75,mid_20_30,64,0.359375
CAID3 Disorder-PDB,MobiDB-lite,DED,calibrated,0.75,long_gt30,172,0.36627906976744184
CAID3 Disorder-PDB,flDPnn,DED,literal,0.25,short_lt20,136,0.2647058823529412
CAID3 Disorder-PDB,flDPnn,DED,literal,0.25,mid_20_30,64,0.390625
CAID3 Disorder-PDB,flDPnn,DED,literal,0.25,long_gt30,172,0.4476744186046512
CAID3 Disorder-PDB,flDPnn,DED,literal,0.5,short_lt20,136,0.19117647058823528
CAID3 Disorder-PDB,flDPnn,DED,literal,0.5,mid_20_30,64,0.3125
CAID3 Disorder-PDB,flDPnn,DED,literal,0.5,long_gt30,172,0.32558139534883723
CAID3 Disorder-PDB,flDPnn,DED,literal,0.75,short_lt20,136,0.125
CAID3 Disorder-PDB,flDPnn,DED,literal,0.75,mid_20_30,64,0.1875
CAID3 Disorder-PDB,flDPnn,DED,literal,0.75,long_gt30,172,0.23255813953488372
CAID3 Disorder-PDB,flDPnn,DED,calibrated,0.25,short_lt20,136,0.6617647058823529
CAID3 Disorder-PDB,flDPnn,DED,calibrated,0.25,mid_20_30,64,0.78125
CAID3 Disorder-PDB,flDPnn,DED,calibrated,0.25,long_gt30,172,0.8430232558139535
CAID3 Disorder-PDB,flDPnn,DED,calibrated,0.5,short_lt20,136,0.625
CAID3 Disorder-PDB,flDPnn,DED,calibrated,0.5,mid_20_30,64,0.625
CAID3 Disorder-PDB,flDPnn,DED,calibrated,0.5,long_gt30,172,0.7674418604651163
CAID3 Disorder-PDB,flDPnn,DED,calibrated,0.75,short_lt20,136,0.5147058823529411
CAID3 Disorder-PDB,flDPnn,DED,calibrated,0.75,mid_20_30,64,0.578125
CAID3 Disorder-PDB,flDPnn,DED,calibrated,0.75,long_gt30,172,0.627906976744186
CAID3 Disorder-PDB,flDPnn2,DED,literal,0.25,short_lt20,136,0.25
CAID3 Disorder-PDB,flDPnn2,DED,literal,0.25,mid_20_30,64,0.5
CAID3 Disorder-PDB,flDPnn2,DED,literal,0.25,long_gt30,172,0.4941860465116279
CAID3 Disorder-PDB,flDPnn2,DED,literal,0.5,short_lt20,136,0.21323529411764705
CAID3 Disorder-PDB,flDPnn2,DED,literal,0.5,mid_20_30,64,0.4375
CAID3 Disorder-PDB,flDPnn2,DED,literal,0.5,long_gt30,172,0.37790697674418605
CAID3 Disorder-PDB,flDPnn2,DED,literal,0.75,short_lt20,136,0.14705882352941177
CAID3 Disorder-PDB,flDPnn2,DED,literal,0.75,mid_20_30,64,0.34375
CAID3 Disorder-PDB,flDPnn2,DED,literal,0.75,long_gt30,172,0.25
CAID3 Disorder-PDB,flDPnn2,DED,calibrated,0.25,short_lt20,136,0.6102941176470589
CAID3 Disorder-PDB,flDPnn2,DED,calibrated,0.25,mid_20_30,64,0.78125
CAID3 Disorder-PDB,flDPnn2,DED,calibrated,0.25,long_gt30,172,0.8662790697674418
CAID3 Disorder-PDB,flDPnn2,DED,calibrated,0.5,short_lt20,136,0.5661764705882353
CAID3 Disorder-PDB,flDPnn2,DED,calibrated,0.5,mid_20_30,64,0.671875
CAID3 Disorder-PDB,flDPnn2,DED,calibrated,0.5,long_gt30,172,0.7732558139534884
CAID3 Disorder-PDB,flDPnn2,DED,calibrated,0.75,short_lt20,136,0.5
CAID3 Disorder-PDB,flDPnn2,DED,calibrated,0.75,mid_20_30,64,0.625
CAID3 Disorder-PDB,flDPnn2,DED,calibrated,0.75,long_gt30,172,0.6744186046511628
CAID3 Disorder-PDB,flDPnn3a,DED,literal,0.25,short_lt20,136,0.6838235294117647
CAID3 Disorder-PDB,flDPnn3a,DED,literal,0.25,mid_20_30,64,0.84375
CAID3 Disorder-PDB,flDPnn3a,DED,literal,0.25,long_gt30,172,0.8081395348837209
CAID3 Disorder-PDB,flDPnn3a,DED,literal,0.5,short_lt20,136,0.6470588235294118
CAID3 Disorder-PDB,flDPnn3a,DED,literal,0.5,mid_20_30,64,0.78125
CAID3 Disorder-PDB,flDPnn3a,DED,literal,0.5,long_gt30,172,0.7732558139534884
CAID3 Disorder-PDB,flDPnn3a,DED,literal,0.75,short_lt20,136,0.5367647058823529
CAID3 Disorder-PDB,flDPnn3a,DED,literal,0.75,mid_20_30,64,0.703125
CAID3 Disorder-PDB,flDPnn3a,DED,literal,0.75,long_gt30,172,0.6802325581395349
CAID3 Disorder-PDB,flDPnn3a,DED,calibrated,0.25,short_lt20,136,0.7426470588235294
CAID3 Disorder-PDB,flDPnn3a,DED,calibrated,0.25,mid_20_30,64,0.890625
CAID3 Disorder-PDB,flDPnn3a,DED,calibrated,0.25,long_gt30,172,0.8662790697674418
CAID3 Disorder-PDB,flDPnn3a,DED,calibrated,0.5,short_lt20,136,0.6985294117647058
CAID3 Disorder-PDB,flDPnn3a,DED,calibrated,0.5,mid_20_30,64,0.875
CAID3 Disorder-PDB,flDPnn3a,DED,calibrated,0.5,long_gt30,172,0.8313953488372093
CAID3 Disorder-PDB,flDPnn3a,DED,calibrated,0.75,short_lt20,136,0.6470588235294118
CAID3 Disorder-PDB,flDPnn3a,DED,calibrated,0.75,mid_20_30,64,0.828125
CAID3 Disorder-PDB,flDPnn3a,DED,calibrated,0.75,long_gt30,172,0.7848837209302325
CAID3 Disorder-PDB,flDPnn3b,DED,literal,0.25,short_lt20,136,0.125
CAID3 Disorder-PDB,flDPnn3b,DED,literal,0.25,mid_20_30,64,0.34375
CAID3 Disorder-PDB,flDPnn3b,DED,literal,0.25,long_gt30,172,0.37790697674418605
CAID3 Disorder-PDB,flDPnn3b,DED,literal,0.5,short_lt20,136,0.09558823529411764
CAID3 Disorder-PDB,flDPnn3b,DED,literal,0.5,mid_20_30,64,0.234375
CAID3 Disorder-PDB,flDPnn3b,DED,literal,0.5,long_gt30,172,0.29069767441860467
CAID3 Disorder-PDB,flDPnn3b,DED,literal,0.75,short_lt20,136,0.08088235294117647
CAID3 Disorder-PDB,flDPnn3b,DED,literal,0.75,mid_20_30,64,0.09375
CAID3 Disorder-PDB,flDPnn3b,DED,literal,0.75,long_gt30,172,0.20348837209302326
CAID3 Disorder-PDB,flDPnn3b,DED,calibrated,0.25,short_lt20,136,0.7058823529411765
CAID3 Disorder-PDB,flDPnn3b,DED,calibrated,0.25,mid_20_30,64,0.828125
CAID3 Disorder-PDB,flDPnn3b,DED,calibrated,0.25,long_gt30,172,0.8255813953488372
CAID3 Disorder-PDB,flDPnn3b,DED,calibrated,0.5,short_lt20,136,0.6102941176470589
CAID3 Disorder-PDB,flDPnn3b,DED,calibrated,0.5,mid_20_30,64,0.796875
CAID3 Disorder-PDB,flDPnn3b,DED,calibrated,0.5,long_gt30,172,0.7616279069767442
CAID3 Disorder-PDB,flDPnn3b,DED,calibrated,0.75,short_lt20,136,0.5073529411764706
CAID3 Disorder-PDB,flDPnn3b,DED,calibrated,0.75,mid_20_30,64,0.71875
CAID3 Disorder-PDB,flDPnn3b,DED,calibrated,0.75,long_gt30,172,0.6686046511627907
CAID3 Disorder-PDB,DISOPRED3-diso,DED,literal,0.25,short_lt20,136,0.47058823529411764
CAID3 Disorder-PDB,DISOPRED3-diso,DED,literal,0.25,mid_20_30,64,0.578125
CAID3 Disorder-PDB,DISOPRED3-diso,DED,literal,0.25,long_gt30,172,0.7848837209302325
CAID3 Disorder-PDB,DISOPRED3-diso,DED,literal,0.5,short_lt20,136,0.40441176470588236
CAID3 Disorder-PDB,DISOPRED3-diso,DED,literal,0.5,mid_20_30,64,0.53125
CAID3 Disorder-PDB,DISOPRED3-diso,DED,literal,0.5,long_gt30,172,0.6686046511627907
CAID3 Disorder-PDB,DISOPRED3-diso,DED,literal,0.75,short_lt20,136,0.33088235294117646
CAID3 Disorder-PDB,DISOPRED3-diso,DED,literal,0.75,mid_20_30,64,0.359375
CAID3 Disorder-PDB,DISOPRED3-diso,DED,literal,0.75,long_gt30,172,0.45930232558139533
CAID3 Disorder-PDB,DISOPRED3-diso,DED,calibrated,0.25,short_lt20,136,0.625
CAID3 Disorder-PDB,DISOPRED3-diso,DED,calibrated,0.25,mid_20_30,64,0.75
CAID3 Disorder-PDB,DISOPRED3-diso,DED,calibrated,0.25,long_gt30,172,0.8430232558139535
CAID3 Disorder-PDB,DISOPRED3-diso,DED,calibrated,0.5,short_lt20,136,0.5588235294117647
CAID3 Disorder-PDB,DISOPRED3-diso,DED,calibrated,0.5,mid_20_30,64,0.625
CAID3 Disorder-PDB,DISOPRED3-diso,DED,calibrated,0.5,long_gt30,172,0.7732558139534884
CAID3 Disorder-PDB,DISOPRED3-diso,DED,calibrated,0.75,short_lt20,136,0.4632352941176471
CAID3 Disorder-PDB,DISOPRED3-diso,DED,calibrated,0.75,mid_20_30,64,0.515625
CAID3 Disorder-PDB,DISOPRED3-diso,DED,calibrated,0.75,long_gt30,172,0.5988372093023255
CAID3 Disorder-PDB,SETH-0,DED,literal,0.25,short_lt20,136,0.5147058823529411
CAID3 Disorder-PDB,SETH-0,DED,literal,0.25,mid_20_30,64,0.625
CAID3 Disorder-PDB,SETH-0,DED,literal,0.25,long_gt30,172,0.8197674418604651
CAID3 Disorder-PDB,SETH-0,DED,literal,0.5,short_lt20,136,0.4264705882352941
CAID3 Disorder-PDB,SETH-0,DED,literal,0.5,mid_20_30,64,0.578125
CAID3 Disorder-PDB,SETH-0,DED,literal,0.5,long_gt30,172,0.686046511627907
CAID3 Disorder-PDB,SETH-0,DED,literal,0.75,short_lt20,136,0.29411764705882354
CAID3 Disorder-PDB,SETH-0,DED,literal,0.75,mid_20_30,64,0.328125
CAID3 Disorder-PDB,SETH-0,DED,literal,0.75,long_gt30,172,0.5232558139534884
CAID3 Disorder-PDB,SETH-0,DED,calibrated,0.25,short_lt20,136,0.75
CAID3 Disorder-PDB,SETH-0,DED,calibrated,0.25,mid_20_30,64,0.796875
CAID3 Disorder-PDB,SETH-0,DED,calibrated,0.25,long_gt30,172,0.877906976744186
CAID3 Disorder-PDB,SETH-0,DED,calibrated,0.5,short_lt20,136,0.6323529411764706
CAID3 Disorder-PDB,SETH-0,DED,calibrated,0.5,mid_20_30,64,0.6875
CAID3 Disorder-PDB,SETH-0,DED,calibrated,0.5,long_gt30,172,0.8081395348837209
CAID3 Disorder-PDB,SETH-0,DED,calibrated,0.75,short_lt20,136,0.4632352941176471
CAID3 Disorder-PDB,SETH-0,DED,calibrated,0.75,mid_20_30,64,0.609375
CAID3 Disorder-PDB,SETH-0,DED,calibrated,0.75,long_gt30,172,0.6976744186046512
CAID3 Disorder-PDB,SETH-1,DED,literal,0.25,short_lt20,136,0.6911764705882353
CAID3 Disorder-PDB,SETH-1,DED,literal,0.25,mid_20_30,64,0.703125
CAID3 Disorder-PDB,SETH-1,DED,literal,0.25,long_gt30,172,0.8488372093023255
CAID3 Disorder-PDB,SETH-1,DED,literal,0.5,short_lt20,136,0.5735294117647058
CAID3 Disorder-PDB,SETH-1,DED,literal,0.5,mid_20_30,64,0.59375
CAID3 Disorder-PDB,SETH-1,DED,literal,0.5,long_gt30,172,0.7558139534883721
CAID3 Disorder-PDB,SETH-1,DED,literal,0.75,short_lt20,136,0.39705882352941174
CAID3 Disorder-PDB,SETH-1,DED,literal,0.75,mid_20_30,64,0.4375
CAID3 Disorder-PDB,SETH-1,DED,literal,0.75,long_gt30,172,0.563953488372093
CAID3 Disorder-PDB,SETH-1,DED,calibrated,0.25,short_lt20,136,0.7867647058823529
CAID3 Disorder-PDB,SETH-1,DED,calibrated,0.25,mid_20_30,64,0.75
CAID3 Disorder-PDB,SETH-1,DED,calibrated,0.25,long_gt30,172,0.8488372093023255
CAID3 Disorder-PDB,SETH-1,DED,calibrated,0.5,short_lt20,136,0.6691176470588235
CAID3 Disorder-PDB,SETH-1,DED,calibrated,0.5,mid_20_30,64,0.703125
CAID3 Disorder-PDB,SETH-1,DED,calibrated,0.5,long_gt30,172,0.7965116279069767
CAID3 Disorder-PDB,SETH-1,DED,calibrated,0.75,short_lt20,136,0.49264705882352944
CAID3 Disorder-PDB,SETH-1,DED,calibrated,0.75,mid_20_30,64,0.515625
CAID3 Disorder-PDB,SETH-1,DED,calibrated,0.75,long_gt30,172,0.6453488372093024
CAID3 Disorder-PDB,VSL2,DED,literal,0.25,short_lt20,136,0.8676470588235294
CAID3 Disorder-PDB,VSL2,DED,literal,0.25,mid_20_30,64,0.875
CAID3 Disorder-PDB,VSL2,DED,literal,0.25,long_gt30,172,0.9476744186046512
CAID3 Disorder-PDB,VSL2,DED,literal,0.5,short_lt20,136,0.7279411764705882
CAID3 Disorder-PDB,VSL2,DED,literal,0.5,mid_20_30,64,0.8125
CAID3 Disorder-PDB,VSL2,DED,literal,0.5,long_gt30,172,0.9011627906976745
CAID3 Disorder-PDB,VSL2,DED,literal,0.75,short_lt20,136,0.5441176470588235
CAID3 Disorder-PDB,VSL2,DED,literal,0.75,mid_20_30,64,0.6875
CAID3 Disorder-PDB,VSL2,DED,literal,0.75,long_gt30,172,0.7383720930232558
CAID3 Disorder-PDB,VSL2,DED,calibrated,0.25,short_lt20,136,0.4852941176470588
CAID3 Disorder-PDB,VSL2,DED,calibrated,0.25,mid_20_30,64,0.59375
CAID3 Disorder-PDB,VSL2,DED,calibrated,0.25,long_gt30,172,0.8372093023255814
CAID3 Disorder-PDB,VSL2,DED,calibrated,0.5,short_lt20,136,0.3382352941176471
CAID3 Disorder-PDB,VSL2,DED,calibrated,0.5,mid_20_30,64,0.453125
CAID3 Disorder-PDB,VSL2,DED,calibrated,0.5,long_gt30,172,0.7209302325581395
CAID3 Disorder-PDB,VSL2,DED,calibrated,0.75,short_lt20,136,0.22794117647058823
CAID3 Disorder-PDB,VSL2,DED,calibrated,0.75,mid_20_30,64,0.328125
CAID3 Disorder-PDB,VSL2,DED,calibrated,0.75,long_gt30,172,0.5290697674418605
CAID3 Disorder-PDB,SPOT-Disorder,DED,literal,0.25,short_lt20,136,0.5588235294117647
CAID3 Disorder-PDB,SPOT-Disorder,DED,literal,0.25,mid_20_30,64,0.671875
CAID3 Disorder-PDB,SPOT-Disorder,DED,literal,0.25,long_gt30,172,0.8197674418604651
CAID3 Disorder-PDB,SPOT-Disorder,DED,literal,0.5,short_lt20,136,0.5147058823529411
CAID3 Disorder-PDB,SPOT-Disorder,DED,literal,0.5,mid_20_30,64,0.609375
CAID3 Disorder-PDB,SPOT-Disorder,DED,literal,0.5,long_gt30,172,0.7325581395348837
CAID3 Disorder-PDB,SPOT-Disorder,DED,literal,0.75,short_lt20,136,0.4117647058823529
CAID3 Disorder-PDB,SPOT-Disorder,DED,literal,0.75,mid_20_30,64,0.484375
CAID3 Disorder-PDB,SPOT-Disorder,DED,literal,0.75,long_gt30,172,0.5988372093023255
CAID3 Disorder-PDB,SPOT-Disorder,DED,calibrated,0.25,short_lt20,136,0.5955882352941176
CAID3 Disorder-PDB,SPOT-Disorder,DED,calibrated,0.25,mid_20_30,64,0.671875
CAID3 Disorder-PDB,SPOT-Disorder,DED,calibrated,0.25,long_gt30,172,0.8372093023255814
CAID3 Disorder-PDB,SPOT-Disorder,DED,calibrated,0.5,short_lt20,136,0.5514705882352942
CAID3 Disorder-PDB,SPOT-Disorder,DED,calibrated,0.5,mid_20_30,64,0.625
CAID3 Disorder-PDB,SPOT-Disorder,DED,calibrated,0.5,long_gt30,172,0.7732558139534884
CAID3 Disorder-PDB,SPOT-Disorder,DED,calibrated,0.75,short_lt20,136,0.4632352941176471
CAID3 Disorder-PDB,SPOT-Disorder,DED,calibrated,0.75,mid_20_30,64,0.5625
CAID3 Disorder-PDB,SPOT-Disorder,DED,calibrated,0.75,long_gt30,172,0.6511627906976745
CAID3 Disorder-PDB,SPOT-Disorder2,DED,literal,0.25,short_lt20,136,0.5808823529411765
CAID3 Disorder-PDB,SPOT-Disorder2,DED,literal,0.25,mid_20_30,64,0.75
CAID3 Disorder-PDB,SPOT-Disorder2,DED,literal,0.25,long_gt30,172,0.8255813953488372
CAID3 Disorder-PDB,SPOT-Disorder2,DED,literal,0.5,short_lt20,136,0.5073529411764706
CAID3 Disorder-PDB,SPOT-Disorder2,DED,literal,0.5,mid_20_30,64,0.640625
CAID3 Disorder-PDB,SPOT-Disorder2,DED,literal,0.5,long_gt30,172,0.7790697674418605
CAID3 Disorder-PDB,SPOT-Disorder2,DED,literal,0.75,short_lt20,136,0.35294117647058826
CAID3 Disorder-PDB,SPOT-Disorder2,DED,literal,0.75,mid_20_30,64,0.453125
CAID3 Disorder-PDB,SPOT-Disorder2,DED,literal,0.75,long_gt30,172,0.627906976744186
CAID3 Disorder-PDB,SPOT-Disorder2,DED,calibrated,0.25,short_lt20,136,0.6911764705882353
CAID3 Disorder-PDB,SPOT-Disorder2,DED,calibrated,0.25,mid_20_30,64,0.765625
CAID3 Disorder-PDB,SPOT-Disorder2,DED,calibrated,0.25,long_gt30,172,0.872093023255814
CAID3 Disorder-PDB,SPOT-Disorder2,DED,calibrated,0.5,short_lt20,136,0.5955882352941176
CAID3 Disorder-PDB,SPOT-Disorder2,DED,calibrated,0.5,mid_20_30,64,0.71875
CAID3 Disorder-PDB,SPOT-Disorder2,DED,calibrated,0.5,long_gt30,172,0.8313953488372093
CAID3 Disorder-PDB,SPOT-Disorder2,DED,calibrated,0.75,short_lt20,136,0.4632352941176471
CAID3 Disorder-PDB,SPOT-Disorder2,DED,calibrated,0.75,mid_20_30,64,0.59375
CAID3 Disorder-PDB,SPOT-Disorder2,DED,calibrated,0.75,long_gt30,172,0.7151162790697675
CAID3 Disorder-PDB,SPOT-Disorder-Single,DED,literal,0.25,short_lt20,136,0.33088235294117646
CAID3 Disorder-PDB,SPOT-Disorder-Single,DED,literal,0.25,mid_20_30,64,0.421875
CAID3 Disorder-PDB,SPOT-Disorder-Single,DED,literal,0.25,long_gt30,172,0.6511627906976745
CAID3 Disorder-PDB,SPOT-Disorder-Single,DED,literal,0.5,short_lt20,136,0.27941176470588236
CAID3 Disorder-PDB,SPOT-Disorder-Single,DED,literal,0.5,mid_20_30,64,0.375
CAID3 Disorder-PDB,SPOT-Disorder-Single,DED,literal,0.5,long_gt30,172,0.5232558139534884
CAID3 Disorder-PDB,SPOT-Disorder-Single,DED,literal,0.75,short_lt20,136,0.21323529411764705
CAID3 Disorder-PDB,SPOT-Disorder-Single,DED,literal,0.75,mid_20_30,64,0.265625
CAID3 Disorder-PDB,SPOT-Disorder-Single,DED,literal,0.75,long_gt30,172,0.37209302325581395
CAID3 Disorder-PDB,SPOT-Disorder-Single,DED,calibrated,0.25,short_lt20,136,0.5735294117647058
CAID3 Disorder-PDB,SPOT-Disorder-Single,DED,calibrated,0.25,mid_20_30,64,0.734375
CAID3 Disorder-PDB,SPOT-Disorder-Single,DED,calibrated,0.25,long_gt30,172,0.8197674418604651
CAID3 Disorder-PDB,SPOT-Disorder-Single,DED,calibrated,0.5,short_lt20,136,0.5220588235294118
CAID3 Disorder-PDB,SPOT-Disorder-Single,DED,calibrated,0.5,mid_20_30,64,0.6875
CAID3 Disorder-PDB,SPOT-Disorder-Single,DED,calibrated,0.5,long_gt30,172,0.7616279069767442
CAID3 Disorder-PDB,SPOT-Disorder-Single,DED,calibrated,0.75,short_lt20,136,0.4485294117647059
CAID3 Disorder-PDB,SPOT-Disorder-Single,DED,calibrated,0.75,mid_20_30,64,0.5625
CAID3 Disorder-PDB,SPOT-Disorder-Single,DED,calibrated,0.75,long_gt30,172,0.5872093023255814
CAID3 Disorder-PDB,DisEMBL-dis465,DED,literal,0.25,short_lt20,136,0.5367647058823529
CAID3 Disorder-PDB,DisEMBL-dis465,DED,literal,0.25,mid_20_30,64,0.59375
CAID3 Disorder-PDB,DisEMBL-dis465,DED,literal,0.25,long_gt30,172,0.6744186046511628
CAID3 Disorder-PDB,DisEMBL-dis465,DED,literal,0.5,short_lt20,136,0.4264705882352941
CAID3 Disorder-PDB,DisEMBL-dis465,DED,literal,0.5,mid_20_30,64,0.3125
CAID3 Disorder-PDB,DisEMBL-dis465,DED,literal,0.5,long_gt30,172,0.31976744186046513
CAID3 Disorder-PDB,DisEMBL-dis465,DED,literal,0.75,short_lt20,136,0.2426470588235294
CAID3 Disorder-PDB,DisEMBL-dis465,DED,literal,0.75,mid_20_30,64,0.171875
CAID3 Disorder-PDB,DisEMBL-dis465,DED,literal,0.75,long_gt30,172,0.12209302325581395
CAID3 Disorder-PDB,DisEMBL-dis465,DED,calibrated,0.25,short_lt20,136,0.6764705882352942
CAID3 Disorder-PDB,DisEMBL-dis465,DED,calibrated,0.25,mid_20_30,64,0.71875
CAID3 Disorder-PDB,DisEMBL-dis465,DED,calibrated,0.25,long_gt30,172,0.7848837209302325
CAID3 Disorder-PDB,DisEMBL-dis465,DED,calibrated,0.5,short_lt20,136,0.5294117647058824
CAID3 Disorder-PDB,DisEMBL-dis465,DED,calibrated,0.5,mid_20_30,64,0.546875
CAID3 Disorder-PDB,DisEMBL-dis465,DED,calibrated,0.5,long_gt30,172,0.5813953488372093
CAID3 Disorder-PDB,DisEMBL-dis465,DED,calibrated,0.75,short_lt20,136,0.3602941176470588
CAID3 Disorder-PDB,DisEMBL-dis465,DED,calibrated,0.75,mid_20_30,64,0.25
CAID3 Disorder-PDB,DisEMBL-dis465,DED,calibrated,0.75,long_gt30,172,0.21511627906976744
CAID3 Disorder-PDB,DisEMBL-disHL,DED,literal,0.25,short_lt20,136,0.0
CAID3 Disorder-PDB,DisEMBL-disHL,DED,literal,0.25,mid_20_30,64,0.0
CAID3 Disorder-PDB,DisEMBL-disHL,DED,literal,0.25,long_gt30,172,0.0
CAID3 Disorder-PDB,DisEMBL-disHL,DED,literal,0.5,short_lt20,136,0.0
CAID3 Disorder-PDB,DisEMBL-disHL,DED,literal,0.5,mid_20_30,64,0.0
CAID3 Disorder-PDB,DisEMBL-disHL,DED,literal,0.5,long_gt30,172,0.0
CAID3 Disorder-PDB,DisEMBL-disHL,DED,literal,0.75,short_lt20,136,0.0
CAID3 Disorder-PDB,DisEMBL-disHL,DED,literal,0.75,mid_20_30,64,0.0
CAID3 Disorder-PDB,DisEMBL-disHL,DED,literal,0.75,long_gt30,172,0.0
CAID3 Disorder-PDB,DisEMBL-disHL,DED,calibrated,0.25,short_lt20,136,0.47794117647058826
CAID3 Disorder-PDB,DisEMBL-disHL,DED,calibrated,0.25,mid_20_30,64,0.71875
CAID3 Disorder-PDB,DisEMBL-disHL,DED,calibrated,0.25,long_gt30,172,0.5465116279069767
CAID3 Disorder-PDB,DisEMBL-disHL,DED,calibrated,0.5,short_lt20,136,0.38235294117647056
CAID3 Disorder-PDB,DisEMBL-disHL,DED,calibrated,0.5,mid_20_30,64,0.40625
CAID3 Disorder-PDB,DisEMBL-disHL,DED,calibrated,0.5,long_gt30,172,0.28488372093023256
CAID3 Disorder-PDB,DisEMBL-disHL,DED,calibrated,0.75,short_lt20,136,0.27205882352941174
CAID3 Disorder-PDB,DisEMBL-disHL,DED,calibrated,0.75,mid_20_30,64,0.1875
CAID3 Disorder-PDB,DisEMBL-disHL,DED,calibrated,0.75,long_gt30,172,0.0755813953488372
CAID3 Disorder-PDB,IsUnstruct,DED,literal,0.25,short_lt20,136,0.6838235294117647
CAID3 Disorder-PDB,IsUnstruct,DED,literal,0.25,mid_20_30,64,0.84375
CAID3 Disorder-PDB,IsUnstruct,DED,literal,0.25,long_gt30,172,0.877906976744186
CAID3 Disorder-PDB,IsUnstruct,DED,literal,0.5,short_lt20,136,0.6102941176470589
CAID3 Disorder-PDB,IsUnstruct,DED,literal,0.5,mid_20_30,64,0.75
CAID3 Disorder-PDB,IsUnstruct,DED,literal,0.5,long_gt30,172,0.7906976744186046
CAID3 Disorder-PDB,IsUnstruct,DED,literal,0.75,short_lt20,136,0.5073529411764706
CAID3 Disorder-PDB,IsUnstruct,DED,literal,0.75,mid_20_30,64,0.71875
CAID3 Disorder-PDB,IsUnstruct,DED,literal,0.75,long_gt30,172,0.6395348837209303
CAID3 Disorder-PDB,IsUnstruct,DED,calibrated,0.25,short_lt20,136,0.5294117647058824
CAID3 Disorder-PDB,IsUnstruct,DED,calibrated,0.25,mid_20_30,64,0.703125
CAID3 Disorder-PDB,IsUnstruct,DED,calibrated,0.25,long_gt30,172,0.8197674418604651
CAID3 Disorder-PDB,IsUnstruct,DED,calibrated,0.5,short_lt20,136,0.49264705882352944
CAID3 Disorder-PDB,IsUnstruct,DED,calibrated,0.5,mid_20_30,64,0.65625
CAID3 Disorder-PDB,IsUnstruct,DED,calibrated,0.5,long_gt30,172,0.6686046511627907
CAID3 Disorder-PDB,IsUnstruct,DED,calibrated,0.75,short_lt20,136,0.39705882352941174
CAID3 Disorder-PDB,IsUnstruct,DED,calibrated,0.75,mid_20_30,64,0.46875
CAID3 Disorder-PDB,IsUnstruct,DED,calibrated,0.75,long_gt30,172,0.4941860465116279
CAID3 Disorder-PDB,RONN,DED,literal,0.25,short_lt20,136,0.6470588235294118
CAID3 Disorder-PDB,RONN,DED,literal,0.25,mid_20_30,64,0.75
CAID3 Disorder-PDB,RONN,DED,literal,0.25,long_gt30,172,0.9302325581395349
CAID3 Disorder-PDB,RONN,DED,literal,0.5,short_lt20,136,0.5588235294117647
CAID3 Disorder-PDB,RONN,DED,literal,0.5,mid_20_30,64,0.71875
CAID3 Disorder-PDB,RONN,DED,literal,0.5,long_gt30,172,0.8081395348837209
CAID3 Disorder-PDB,RONN,DED,literal,0.75,short_lt20,136,0.4117647058823529
CAID3 Disorder-PDB,RONN,DED,literal,0.75,mid_20_30,64,0.640625
CAID3 Disorder-PDB,RONN,DED,literal,0.75,long_gt30,172,0.5988372093023255
CAID3 Disorder-PDB,RONN,DED,calibrated,0.25,short_lt20,136,0.49264705882352944
CAID3 Disorder-PDB,RONN,DED,calibrated,0.25,mid_20_30,64,0.671875
CAID3 Disorder-PDB,RONN,DED,calibrated,0.25,long_gt30,172,0.8313953488372093
CAID3 Disorder-PDB,RONN,DED,calibrated,0.5,short_lt20,136,0.4117647058823529
CAID3 Disorder-PDB,RONN,DED,calibrated,0.5,mid_20_30,64,0.59375
CAID3 Disorder-PDB,RONN,DED,calibrated,0.5,long_gt30,172,0.686046511627907
CAID3 Disorder-PDB,RONN,DED,calibrated,0.75,short_lt20,136,0.3235294117647059
CAID3 Disorder-PDB,RONN,DED,calibrated,0.75,mid_20_30,64,0.421875
CAID3 Disorder-PDB,RONN,DED,calibrated,0.75,long_gt30,172,0.436046511627907
CAID3 Disorder-PDB,PreDisorder,DED,literal,0.25,short_lt20,136,0.8602941176470589
CAID3 Disorder-PDB,PreDisorder,DED,literal,0.25,mid_20_30,64,0.859375
CAID3 Disorder-PDB,PreDisorder,DED,literal,0.25,long_gt30,172,0.9302325581395349
CAID3 Disorder-PDB,PreDisorder,DED,literal,0.5,short_lt20,136,0.8014705882352942
CAID3 Disorder-PDB,PreDisorder,DED,literal,0.5,mid_20_30,64,0.765625
CAID3 Disorder-PDB,PreDisorder,DED,literal,0.5,long_gt30,172,0.8895348837209303
CAID3 Disorder-PDB,PreDisorder,DED,literal,0.75,short_lt20,136,0.7058823529411765
CAID3 Disorder-PDB,PreDisorder,DED,literal,0.75,mid_20_30,64,0.703125
CAID3 Disorder-PDB,PreDisorder,DED,literal,0.75,long_gt30,172,0.7383720930232558
CAID3 Disorder-PDB,PreDisorder,DED,calibrated,0.25,short_lt20,136,0.6838235294117647
CAID3 Disorder-PDB,PreDisorder,DED,calibrated,0.25,mid_20_30,64,0.71875
CAID3 Disorder-PDB,PreDisorder,DED,calibrated,0.25,long_gt30,172,0.8255813953488372
CAID3 Disorder-PDB,PreDisorder,DED,calibrated,0.5,short_lt20,136,0.6176470588235294
CAID3 Disorder-PDB,PreDisorder,DED,calibrated,0.5,mid_20_30,64,0.625
CAID3 Disorder-PDB,PreDisorder,DED,calibrated,0.5,long_gt30,172,0.7267441860465116
CAID3 Disorder-PDB,PreDisorder,DED,calibrated,0.75,short_lt20,136,0.5220588235294118
CAID3 Disorder-PDB,PreDisorder,DED,calibrated,0.75,mid_20_30,64,0.53125
CAID3 Disorder-PDB,PreDisorder,DED,calibrated,0.75,long_gt30,172,0.5174418604651163
CAID3 Disorder-PDB,OPAL,DED,literal,0.25,short_lt20,136,0.8602941176470589
CAID3 Disorder-PDB,OPAL,DED,literal,0.25,mid_20_30,64,0.953125
CAID3 Disorder-PDB,OPAL,DED,literal,0.25,long_gt30,172,0.9476744186046512
CAID3 Disorder-PDB,OPAL,DED,literal,0.5,short_lt20,136,0.8235294117647058
CAID3 Disorder-PDB,OPAL,DED,literal,0.5,mid_20_30,64,0.953125
CAID3 Disorder-PDB,OPAL,DED,literal,0.5,long_gt30,172,0.9011627906976745
CAID3 Disorder-PDB,OPAL,DED,literal,0.75,short_lt20,136,0.7573529411764706
CAID3 Disorder-PDB,OPAL,DED,literal,0.75,mid_20_30,64,0.90625
CAID3 Disorder-PDB,OPAL,DED,literal,0.75,long_gt30,172,0.7965116279069767
CAID3 Disorder-PDB,OPAL,DED,calibrated,0.25,short_lt20,136,0.6397058823529411
CAID3 Disorder-PDB,OPAL,DED,calibrated,0.25,mid_20_30,64,0.890625
CAID3 Disorder-PDB,OPAL,DED,calibrated,0.25,long_gt30,172,0.8255813953488372
CAID3 Disorder-PDB,OPAL,DED,calibrated,0.5,short_lt20,136,0.6323529411764706
CAID3 Disorder-PDB,OPAL,DED,calibrated,0.5,mid_20_30,64,0.859375
CAID3 Disorder-PDB,OPAL,DED,calibrated,0.5,long_gt30,172,0.7034883720930233
CAID3 Disorder-PDB,OPAL,DED,calibrated,0.75,short_lt20,136,0.6102941176470589
CAID3 Disorder-PDB,OPAL,DED,calibrated,0.75,mid_20_30,64,0.765625
CAID3 Disorder-PDB,OPAL,DED,calibrated,0.75,long_gt30,172,0.5058139534883721
CAID3 Disorder-PDB,pyHCA,DED,literal,0.25,short_lt20,136,0.22794117647058823
CAID3 Disorder-PDB,pyHCA,DED,literal,0.25,mid_20_30,64,0.328125
CAID3 Disorder-PDB,pyHCA,DED,literal,0.25,long_gt30,172,0.5348837209302325
CAID3 Disorder-PDB,pyHCA,DED,literal,0.5,short_lt20,136,0.14705882352941177
CAID3 Disorder-PDB,pyHCA,DED,literal,0.5,mid_20_30,64,0.28125
CAID3 Disorder-PDB,pyHCA,DED,literal,0.5,long_gt30,172,0.31976744186046513
CAID3 Disorder-PDB,pyHCA,DED,literal,0.75,short_lt20,136,0.08823529411764706
CAID3 Disorder-PDB,pyHCA,DED,literal,0.75,mid_20_30,64,0.15625
CAID3 Disorder-PDB,pyHCA,DED,literal,0.75,long_gt30,172,0.18604651162790697
CAID3 Disorder-PDB,pyHCA,DED,calibrated,0.25,short_lt20,136,0.4117647058823529
CAID3 Disorder-PDB,pyHCA,DED,calibrated,0.25,mid_20_30,64,0.609375
CAID3 Disorder-PDB,pyHCA,DED,calibrated,0.25,long_gt30,172,0.7732558139534884
CAID3 Disorder-PDB,pyHCA,DED,calibrated,0.5,short_lt20,136,0.3161764705882353
CAID3 Disorder-PDB,pyHCA,DED,calibrated,0.5,mid_20_30,64,0.53125
CAID3 Disorder-PDB,pyHCA,DED,calibrated,0.5,long_gt30,172,0.6686046511627907
CAID3 Disorder-PDB,pyHCA,DED,calibrated,0.75,short_lt20,136,0.22058823529411764
CAID3 Disorder-PDB,pyHCA,DED,calibrated,0.75,mid_20_30,64,0.40625
CAID3 Disorder-PDB,pyHCA,DED,calibrated,0.75,long_gt30,172,0.5058139534883721
CAID3 Disorder-PDB,DeepIDP-2L,DED,literal,0.25,short_lt20,136,0.625
CAID3 Disorder-PDB,DeepIDP-2L,DED,literal,0.25,mid_20_30,64,0.703125
CAID3 Disorder-PDB,DeepIDP-2L,DED,literal,0.25,long_gt30,172,0.8081395348837209
CAID3 Disorder-PDB,DeepIDP-2L,DED,literal,0.5,short_lt20,136,0.5367647058823529
CAID3 Disorder-PDB,DeepIDP-2L,DED,literal,0.5,mid_20_30,64,0.59375
CAID3 Disorder-PDB,DeepIDP-2L,DED,literal,0.5,long_gt30,172,0.7034883720930233
CAID3 Disorder-PDB,DeepIDP-2L,DED,literal,0.75,short_lt20,136,0.4411764705882353
CAID3 Disorder-PDB,DeepIDP-2L,DED,literal,0.75,mid_20_30,64,0.578125
CAID3 Disorder-PDB,DeepIDP-2L,DED,literal,0.75,long_gt30,172,0.6046511627906976
CAID3 Disorder-PDB,DeepIDP-2L,DED,calibrated,0.25,short_lt20,136,0.5514705882352942
CAID3 Disorder-PDB,DeepIDP-2L,DED,calibrated,0.25,mid_20_30,64,0.671875
CAID3 Disorder-PDB,DeepIDP-2L,DED,calibrated,0.25,long_gt30,172,0.7616279069767442
CAID3 Disorder-PDB,DeepIDP-2L,DED,calibrated,0.5,short_lt20,136,0.5147058823529411
CAID3 Disorder-PDB,DeepIDP-2L,DED,calibrated,0.5,mid_20_30,64,0.59375
CAID3 Disorder-PDB,DeepIDP-2L,DED,calibrated,0.5,long_gt30,172,0.6976744186046512
CAID3 Disorder-PDB,DeepIDP-2L,DED,calibrated,0.75,short_lt20,136,0.4117647058823529
CAID3 Disorder-PDB,DeepIDP-2L,DED,calibrated,0.75,mid_20_30,64,0.5
CAID3 Disorder-PDB,DeepIDP-2L,DED,calibrated,0.75,long_gt30,172,0.563953488372093
CAID3 Disorder-PDB,PredIDR-long,DED,literal,0.25,short_lt20,136,0.6985294117647058
CAID3 Disorder-PDB,PredIDR-long,DED,literal,0.25,mid_20_30,64,0.859375
CAID3 Disorder-PDB,PredIDR-long,DED,literal,0.25,long_gt30,172,0.9302325581395349
CAID3 Disorder-PDB,PredIDR-long,DED,literal,0.5,short_lt20,136,0.6470588235294118
CAID3 Disorder-PDB,PredIDR-long,DED,literal,0.5,mid_20_30,64,0.8125
CAID3 Disorder-PDB,PredIDR-long,DED,literal,0.5,long_gt30,172,0.8430232558139535
CAID3 Disorder-PDB,PredIDR-long,DED,literal,0.75,short_lt20,136,0.5735294117647058
CAID3 Disorder-PDB,PredIDR-long,DED,literal,0.75,mid_20_30,64,0.765625
CAID3 Disorder-PDB,PredIDR-long,DED,literal,0.75,long_gt30,172,0.7790697674418605
CAID3 Disorder-PDB,PredIDR-long,DED,calibrated,0.25,short_lt20,136,0.6617647058823529
CAID3 Disorder-PDB,PredIDR-long,DED,calibrated,0.25,mid_20_30,64,0.84375
CAID3 Disorder-PDB,PredIDR-long,DED,calibrated,0.25,long_gt30,172,0.9069767441860465
CAID3 Disorder-PDB,PredIDR-long,DED,calibrated,0.5,short_lt20,136,0.6176470588235294
CAID3 Disorder-PDB,PredIDR-long,DED,calibrated,0.5,mid_20_30,64,0.796875
CAID3 Disorder-PDB,PredIDR-long,DED,calibrated,0.5,long_gt30,172,0.8255813953488372
CAID3 Disorder-PDB,PredIDR-long,DED,calibrated,0.75,short_lt20,136,0.5294117647058824
CAID3 Disorder-PDB,PredIDR-long,DED,calibrated,0.75,mid_20_30,64,0.703125
CAID3 Disorder-PDB,PredIDR-long,DED,calibrated,0.75,long_gt30,172,0.7674418604651163
CAID3 Disorder-PDB,PredIDR-short,DED,literal,0.25,short_lt20,136,0.8602941176470589
CAID3 Disorder-PDB,PredIDR-short,DED,literal,0.25,mid_20_30,64,0.90625
CAID3 Disorder-PDB,PredIDR-short,DED,literal,0.25,long_gt30,172,0.9476744186046512
CAID3 Disorder-PDB,PredIDR-short,DED,literal,0.5,short_lt20,136,0.7720588235294118
CAID3 Disorder-PDB,PredIDR-short,DED,literal,0.5,mid_20_30,64,0.828125
CAID3 Disorder-PDB,PredIDR-short,DED,literal,0.5,long_gt30,172,0.8546511627906976
CAID3 Disorder-PDB,PredIDR-short,DED,literal,0.75,short_lt20,136,0.625
CAID3 Disorder-PDB,PredIDR-short,DED,literal,0.75,mid_20_30,64,0.71875
CAID3 Disorder-PDB,PredIDR-short,DED,literal,0.75,long_gt30,172,0.7674418604651163
CAID3 Disorder-PDB,PredIDR-short,DED,calibrated,0.25,short_lt20,136,0.8235294117647058
CAID3 Disorder-PDB,PredIDR-short,DED,calibrated,0.25,mid_20_30,64,0.875
CAID3 Disorder-PDB,PredIDR-short,DED,calibrated,0.25,long_gt30,172,0.9302325581395349
CAID3 Disorder-PDB,PredIDR-short,DED,calibrated,0.5,short_lt20,136,0.7426470588235294
CAID3 Disorder-PDB,PredIDR-short,DED,calibrated,0.5,mid_20_30,64,0.796875
CAID3 Disorder-PDB,PredIDR-short,DED,calibrated,0.5,long_gt30,172,0.8313953488372093
CAID3 Disorder-PDB,PredIDR-short,DED,calibrated,0.75,short_lt20,136,0.5808823529411765
CAID3 Disorder-PDB,PredIDR-short,DED,calibrated,0.75,mid_20_30,64,0.703125
CAID3 Disorder-PDB,PredIDR-short,DED,calibrated,0.75,long_gt30,172,0.7558139534883721
CAID3 Disorder-PDB,PredIDR2-Prof-Art,DED,literal,0.25,short_lt20,136,0.6617647058823529
CAID3 Disorder-PDB,PredIDR2-Prof-Art,DED,literal,0.25,mid_20_30,64,0.890625
CAID3 Disorder-PDB,PredIDR2-Prof-Art,DED,literal,0.25,long_gt30,172,0.9244186046511628
CAID3 Disorder-PDB,PredIDR2-Prof-Art,DED,literal,0.5,short_lt20,136,0.6397058823529411
CAID3 Disorder-PDB,PredIDR2-Prof-Art,DED,literal,0.5,mid_20_30,64,0.84375
CAID3 Disorder-PDB,PredIDR2-Prof-Art,DED,literal,0.5,long_gt30,172,0.8662790697674418
CAID3 Disorder-PDB,PredIDR2-Prof-Art,DED,literal,0.75,short_lt20,136,0.5661764705882353
CAID3 Disorder-PDB,PredIDR2-Prof-Art,DED,literal,0.75,mid_20_30,64,0.734375
CAID3 Disorder-PDB,PredIDR2-Prof-Art,DED,literal,0.75,long_gt30,172,0.8313953488372093
CAID3 Disorder-PDB,PredIDR2-Prof-Art,DED,calibrated,0.25,short_lt20,136,0.6176470588235294
CAID3 Disorder-PDB,PredIDR2-Prof-Art,DED,calibrated,0.25,mid_20_30,64,0.828125
CAID3 Disorder-PDB,PredIDR2-Prof-Art,DED,calibrated,0.25,long_gt30,172,0.9011627906976745
CAID3 Disorder-PDB,PredIDR2-Prof-Art,DED,calibrated,0.5,short_lt20,136,0.6029411764705882
CAID3 Disorder-PDB,PredIDR2-Prof-Art,DED,calibrated,0.5,mid_20_30,64,0.828125
CAID3 Disorder-PDB,PredIDR2-Prof-Art,DED,calibrated,0.5,long_gt30,172,0.8604651162790697
CAID3 Disorder-PDB,PredIDR2-Prof-Art,DED,calibrated,0.75,short_lt20,136,0.5
CAID3 Disorder-PDB,PredIDR2-Prof-Art,DED,calibrated,0.75,mid_20_30,64,0.703125
CAID3 Disorder-PDB,PredIDR2-Prof-Art,DED,calibrated,0.75,long_gt30,172,0.813953488372093
CAID3 Disorder-PDB,PredIDR2-Seq-Art,DED,literal,0.25,short_lt20,136,0.6397058823529411
CAID3 Disorder-PDB,PredIDR2-Seq-Art,DED,literal,0.25,mid_20_30,64,0.8125
CAID3 Disorder-PDB,PredIDR2-Seq-Art,DED,literal,0.25,long_gt30,172,0.9244186046511628
CAID3 Disorder-PDB,PredIDR2-Seq-Art,DED,literal,0.5,short_lt20,136,0.6176470588235294
CAID3 Disorder-PDB,PredIDR2-Seq-Art,DED,literal,0.5,mid_20_30,64,0.78125
CAID3 Disorder-PDB,PredIDR2-Seq-Art,DED,literal,0.5,long_gt30,172,0.8895348837209303
CAID3 Disorder-PDB,PredIDR2-Seq-Art,DED,literal,0.75,short_lt20,136,0.5735294117647058
CAID3 Disorder-PDB,PredIDR2-Seq-Art,DED,literal,0.75,mid_20_30,64,0.671875
CAID3 Disorder-PDB,PredIDR2-Seq-Art,DED,literal,0.75,long_gt30,172,0.8372093023255814
CAID3 Disorder-PDB,PredIDR2-Seq-Art,DED,calibrated,0.25,short_lt20,136,0.5882352941176471
CAID3 Disorder-PDB,PredIDR2-Seq-Art,DED,calibrated,0.25,mid_20_30,64,0.78125
CAID3 Disorder-PDB,PredIDR2-Seq-Art,DED,calibrated,0.25,long_gt30,172,0.9011627906976745
CAID3 Disorder-PDB,PredIDR2-Seq-Art,DED,calibrated,0.5,short_lt20,136,0.5441176470588235
CAID3 Disorder-PDB,PredIDR2-Seq-Art,DED,calibrated,0.5,mid_20_30,64,0.734375
CAID3 Disorder-PDB,PredIDR2-Seq-Art,DED,calibrated,0.5,long_gt30,172,0.8604651162790697
CAID3 Disorder-PDB,PredIDR2-Seq-Art,DED,calibrated,0.75,short_lt20,136,0.39705882352941174
CAID3 Disorder-PDB,PredIDR2-Seq-Art,DED,calibrated,0.75,mid_20_30,64,0.625
CAID3 Disorder-PDB,PredIDR2-Seq-Art,DED,calibrated,0.75,long_gt30,172,0.813953488372093
CAID3 Disorder-PDB,AUCpred-profile,DED,literal,0.25,short_lt20,136,0.6102941176470589
CAID3 Disorder-PDB,AUCpred-profile,DED,literal,0.25,mid_20_30,64,0.6875
CAID3 Disorder-PDB,AUCpred-profile,DED,literal,0.25,long_gt30,172,0.7965116279069767
CAID3 Disorder-PDB,AUCpred-profile,DED,literal,0.5,short_lt20,136,0.5588235294117647
CAID3 Disorder-PDB,AUCpred-profile,DED,literal,0.5,mid_20_30,64,0.640625
CAID3 Disorder-PDB,AUCpred-profile,DED,literal,0.5,long_gt30,172,0.7267441860465116
CAID3 Disorder-PDB,AUCpred-profile,DED,literal,0.75,short_lt20,136,0.47794117647058826
CAID3 Disorder-PDB,AUCpred-profile,DED,literal,0.75,mid_20_30,64,0.609375
CAID3 Disorder-PDB,AUCpred-profile,DED,literal,0.75,long_gt30,172,0.5755813953488372
CAID3 Disorder-PDB,AUCpred-profile,DED,calibrated,0.25,short_lt20,136,0.6544117647058824
CAID3 Disorder-PDB,AUCpred-profile,DED,calibrated,0.25,mid_20_30,64,0.71875
CAID3 Disorder-PDB,AUCpred-profile,DED,calibrated,0.25,long_gt30,172,0.813953488372093
CAID3 Disorder-PDB,AUCpred-profile,DED,calibrated,0.5,short_lt20,136,0.5882352941176471
CAID3 Disorder-PDB,AUCpred-profile,DED,calibrated,0.5,mid_20_30,64,0.65625
CAID3 Disorder-PDB,AUCpred-profile,DED,calibrated,0.5,long_gt30,172,0.75
CAID3 Disorder-PDB,AUCpred-profile,DED,calibrated,0.75,short_lt20,136,0.5294117647058824
CAID3 Disorder-PDB,AUCpred-profile,DED,calibrated,0.75,mid_20_30,64,0.640625
CAID3 Disorder-PDB,AUCpred-profile,DED,calibrated,0.75,long_gt30,172,0.6395348837209303
CAID3 Disorder-PDB,AUCpred-no-profile,DED,literal,0.25,short_lt20,136,0.47794117647058826
CAID3 Disorder-PDB,AUCpred-no-profile,DED,literal,0.25,mid_20_30,64,0.609375
CAID3 Disorder-PDB,AUCpred-no-profile,DED,literal,0.25,long_gt30,172,0.7441860465116279
CAID3 Disorder-PDB,AUCpred-no-profile,DED,literal,0.5,short_lt20,136,0.4485294117647059
CAID3 Disorder-PDB,AUCpred-no-profile,DED,literal,0.5,mid_20_30,64,0.53125
CAID3 Disorder-PDB,AUCpred-no-profile,DED,literal,0.5,long_gt30,172,0.6104651162790697
CAID3 Disorder-PDB,AUCpred-no-profile,DED,literal,0.75,short_lt20,136,0.38235294117647056
CAID3 Disorder-PDB,AUCpred-no-profile,DED,literal,0.75,mid_20_30,64,0.421875
CAID3 Disorder-PDB,AUCpred-no-profile,DED,literal,0.75,long_gt30,172,0.4127906976744186
CAID3 Disorder-PDB,AUCpred-no-profile,DED,calibrated,0.25,short_lt20,136,0.6029411764705882
CAID3 Disorder-PDB,AUCpred-no-profile,DED,calibrated,0.25,mid_20_30,64,0.734375
CAID3 Disorder-PDB,AUCpred-no-profile,DED,calibrated,0.25,long_gt30,172,0.8430232558139535
CAID3 Disorder-PDB,AUCpred-no-profile,DED,calibrated,0.5,short_lt20,136,0.5735294117647058
CAID3 Disorder-PDB,AUCpred-no-profile,DED,calibrated,0.5,mid_20_30,64,0.640625
CAID3 Disorder-PDB,AUCpred-no-profile,DED,calibrated,0.5,long_gt30,172,0.7383720930232558
CAID3 Disorder-PDB,AUCpred-no-profile,DED,calibrated,0.75,short_lt20,136,0.5147058823529411
CAID3 Disorder-PDB,AUCpred-no-profile,DED,calibrated,0.75,mid_20_30,64,0.5625
CAID3 Disorder-PDB,AUCpred-no-profile,DED,calibrated,0.75,long_gt30,172,0.563953488372093
CAID3 Disorder-PDB,DisoPred,DED,literal,0.25,short_lt20,136,0.36764705882352944
CAID3 Disorder-PDB,DisoPred,DED,literal,0.25,mid_20_30,64,0.640625
CAID3 Disorder-PDB,DisoPred,DED,literal,0.25,long_gt30,172,0.7906976744186046
CAID3 Disorder-PDB,DisoPred,DED,literal,0.5,short_lt20,136,0.3088235294117647
CAID3 Disorder-PDB,DisoPred,DED,literal,0.5,mid_20_30,64,0.578125
CAID3 Disorder-PDB,DisoPred,DED,literal,0.5,long_gt30,172,0.7093023255813954
CAID3 Disorder-PDB,DisoPred,DED,literal,0.75,short_lt20,136,0.25
CAID3 Disorder-PDB,DisoPred,DED,literal,0.75,mid_20_30,64,0.484375
CAID3 Disorder-PDB,DisoPred,DED,literal,0.75,long_gt30,172,0.5348837209302325
CAID3 Disorder-PDB,DisoPred,DED,calibrated,0.25,short_lt20,136,0.45588235294117646
CAID3 Disorder-PDB,DisoPred,DED,calibrated,0.25,mid_20_30,64,0.671875
CAID3 Disorder-PDB,DisoPred,DED,calibrated,0.25,long_gt30,172,0.8313953488372093
CAID3 Disorder-PDB,DisoPred,DED,calibrated,0.5,short_lt20,136,0.39705882352941174
CAID3 Disorder-PDB,DisoPred,DED,calibrated,0.5,mid_20_30,64,0.65625
CAID3 Disorder-PDB,DisoPred,DED,calibrated,0.5,long_gt30,172,0.7674418604651163
CAID3 Disorder-PDB,DisoPred,DED,calibrated,0.75,short_lt20,136,0.34558823529411764
CAID3 Disorder-PDB,DisoPred,DED,calibrated,0.75,mid_20_30,64,0.609375
CAID3 Disorder-PDB,DisoPred,DED,calibrated,0.75,long_gt30,172,0.6337209302325582
CAID3 Disorder-PDB,DisPredict2,DED,literal,0.25,short_lt20,136,0.45588235294117646
CAID3 Disorder-PDB,DisPredict2,DED,literal,0.25,mid_20_30,64,0.515625
CAID3 Disorder-PDB,DisPredict2,DED,literal,0.25,long_gt30,172,0.622093023255814
CAID3 Disorder-PDB,DisPredict2,DED,literal,0.5,short_lt20,136,0.39705882352941174
CAID3 Disorder-PDB,DisPredict2,DED,literal,0.5,mid_20_30,64,0.34375
CAID3 Disorder-PDB,DisPredict2,DED,literal,0.5,long_gt30,172,0.47093023255813954
CAID3 Disorder-PDB,DisPredict2,DED,literal,0.75,short_lt20,136,0.27205882352941174
CAID3 Disorder-PDB,DisPredict2,DED,literal,0.75,mid_20_30,64,0.21875
CAID3 Disorder-PDB,DisPredict2,DED,literal,0.75,long_gt30,172,0.29651162790697677
CAID3 Disorder-PDB,DisPredict2,DED,calibrated,0.25,short_lt20,136,0.5514705882352942
CAID3 Disorder-PDB,DisPredict2,DED,calibrated,0.25,mid_20_30,64,0.671875
CAID3 Disorder-PDB,DisPredict2,DED,calibrated,0.25,long_gt30,172,0.7441860465116279
CAID3 Disorder-PDB,DisPredict2,DED,calibrated,0.5,short_lt20,136,0.49264705882352944
CAID3 Disorder-PDB,DisPredict2,DED,calibrated,0.5,mid_20_30,64,0.484375
CAID3 Disorder-PDB,DisPredict2,DED,calibrated,0.5,long_gt30,172,0.5872093023255814
CAID3 Disorder-PDB,DisPredict2,DED,calibrated,0.75,short_lt20,136,0.41911764705882354
CAID3 Disorder-PDB,DisPredict2,DED,calibrated,0.75,mid_20_30,64,0.328125
CAID3 Disorder-PDB,DisPredict2,DED,calibrated,0.75,long_gt30,172,0.4127906976744186
CAID3 Disorder-PDB,DisPredict3,DED,literal,0.25,short_lt20,136,0.38235294117647056
CAID3 Disorder-PDB,DisPredict3,DED,literal,0.25,mid_20_30,64,0.4375
CAID3 Disorder-PDB,DisPredict3,DED,literal,0.25,long_gt30,172,0.5872093023255814
CAID3 Disorder-PDB,DisPredict3,DED,literal,0.5,short_lt20,136,0.2867647058823529
CAID3 Disorder-PDB,DisPredict3,DED,literal,0.5,mid_20_30,64,0.375
CAID3 Disorder-PDB,DisPredict3,DED,literal,0.5,long_gt30,172,0.45348837209302323
CAID3 Disorder-PDB,DisPredict3,DED,literal,0.75,short_lt20,136,0.21323529411764705
CAID3 Disorder-PDB,DisPredict3,DED,literal,0.75,mid_20_30,64,0.265625
CAID3 Disorder-PDB,DisPredict3,DED,literal,0.75,long_gt30,172,0.3313953488372093
CAID3 Disorder-PDB,DisPredict3,DED,calibrated,0.25,short_lt20,136,0.6470588235294118
CAID3 Disorder-PDB,DisPredict3,DED,calibrated,0.25,mid_20_30,64,0.78125
CAID3 Disorder-PDB,DisPredict3,DED,calibrated,0.25,long_gt30,172,0.8488372093023255
CAID3 Disorder-PDB,DisPredict3,DED,calibrated,0.5,short_lt20,136,0.5808823529411765
CAID3 Disorder-PDB,DisPredict3,DED,calibrated,0.5,mid_20_30,64,0.71875
CAID3 Disorder-PDB,DisPredict3,DED,calibrated,0.5,long_gt30,172,0.7906976744186046
CAID3 Disorder-PDB,DisPredict3,DED,calibrated,0.75,short_lt20,136,0.4852941176470588
CAID3 Disorder-PDB,DisPredict3,DED,calibrated,0.75,mid_20_30,64,0.578125
CAID3 Disorder-PDB,DisPredict3,DED,calibrated,0.75,long_gt30,172,0.6511627906976745
CAID3 Disorder-PDB,IDP-Fusion,DED,literal,0.25,short_lt20,136,0.6397058823529411
CAID3 Disorder-PDB,IDP-Fusion,DED,literal,0.25,mid_20_30,64,0.78125
CAID3 Disorder-PDB,IDP-Fusion,DED,literal,0.25,long_gt30,172,0.8546511627906976
CAID3 Disorder-PDB,IDP-Fusion,DED,literal,0.5,short_lt20,136,0.5808823529411765
CAID3 Disorder-PDB,IDP-Fusion,DED,literal,0.5,mid_20_30,64,0.71875
CAID3 Disorder-PDB,IDP-Fusion,DED,literal,0.5,long_gt30,172,0.8197674418604651
CAID3 Disorder-PDB,IDP-Fusion,DED,literal,0.75,short_lt20,136,0.5367647058823529
CAID3 Disorder-PDB,IDP-Fusion,DED,literal,0.75,mid_20_30,64,0.640625
CAID3 Disorder-PDB,IDP-Fusion,DED,literal,0.75,long_gt30,172,0.7209302325581395
CAID3 Disorder-PDB,IDP-Fusion,DED,calibrated,0.25,short_lt20,136,0.625
CAID3 Disorder-PDB,IDP-Fusion,DED,calibrated,0.25,mid_20_30,64,0.75
CAID3 Disorder-PDB,IDP-Fusion,DED,calibrated,0.25,long_gt30,172,0.8546511627906976
CAID3 Disorder-PDB,IDP-Fusion,DED,calibrated,0.5,short_lt20,136,0.5661764705882353
CAID3 Disorder-PDB,IDP-Fusion,DED,calibrated,0.5,mid_20_30,64,0.671875
CAID3 Disorder-PDB,IDP-Fusion,DED,calibrated,0.5,long_gt30,172,0.7732558139534884
CAID3 Disorder-PDB,IDP-Fusion,DED,calibrated,0.75,short_lt20,136,0.4852941176470588
CAID3 Disorder-PDB,IDP-Fusion,DED,calibrated,0.75,mid_20_30,64,0.609375
CAID3 Disorder-PDB,IDP-Fusion,DED,calibrated,0.75,long_gt30,172,0.7034883720930233
CAID3 Disorder-PDB,rawMSA-disorder,DED,literal,0.25,short_lt20,136,0.3235294117647059
CAID3 Disorder-PDB,rawMSA-disorder,DED,literal,0.25,mid_20_30,64,0.46875
CAID3 Disorder-PDB,rawMSA-disorder,DED,literal,0.25,long_gt30,172,0.48255813953488375
CAID3 Disorder-PDB,rawMSA-disorder,DED,literal,0.5,short_lt20,136,0.2867647058823529
CAID3 Disorder-PDB,rawMSA-disorder,DED,literal,0.5,mid_20_30,64,0.390625
CAID3 Disorder-PDB,rawMSA-disorder,DED,literal,0.5,long_gt30,172,0.4186046511627907
CAID3 Disorder-PDB,rawMSA-disorder,DED,literal,0.75,short_lt20,136,0.18382352941176472
CAID3 Disorder-PDB,rawMSA-disorder,DED,literal,0.75,mid_20_30,64,0.203125
CAID3 Disorder-PDB,rawMSA-disorder,DED,literal,0.75,long_gt30,172,0.3313953488372093
CAID3 Disorder-PDB,rawMSA-disorder,DED,calibrated,0.25,short_lt20,136,0.7058823529411765
CAID3 Disorder-PDB,rawMSA-disorder,DED,calibrated,0.25,mid_20_30,64,0.8125
CAID3 Disorder-PDB,rawMSA-disorder,DED,calibrated,0.25,long_gt30,172,0.8430232558139535
CAID3 Disorder-PDB,rawMSA-disorder,DED,calibrated,0.5,short_lt20,136,0.6544117647058824
CAID3 Disorder-PDB,rawMSA-disorder,DED,calibrated,0.5,mid_20_30,64,0.8125
CAID3 Disorder-PDB,rawMSA-disorder,DED,calibrated,0.5,long_gt30,172,0.7965116279069767
CAID3 Disorder-PDB,rawMSA-disorder,DED,calibrated,0.75,short_lt20,136,0.5661764705882353
CAID3 Disorder-PDB,rawMSA-disorder,DED,calibrated,0.75,mid_20_30,64,0.78125
CAID3 Disorder-PDB,rawMSA-disorder,DED,calibrated,0.75,long_gt30,172,0.7616279069767442
CAID3 Disorder-PDB,Metapredict-v1,DED,literal,0.25,short_lt20,136,0.4264705882352941
CAID3 Disorder-PDB,Metapredict-v1,DED,literal,0.25,mid_20_30,64,0.53125
CAID3 Disorder-PDB,Metapredict-v1,DED,literal,0.25,long_gt30,172,0.6569767441860465
CAID3 Disorder-PDB,Metapredict-v1,DED,literal,0.5,short_lt20,136,0.35294117647058826
CAID3 Disorder-PDB,Metapredict-v1,DED,literal,0.5,mid_20_30,64,0.40625
CAID3 Disorder-PDB,Metapredict-v1,DED,literal,0.5,long_gt30,172,0.5348837209302325
CAID3 Disorder-PDB,Metapredict-v1,DED,literal,0.75,short_lt20,136,0.22058823529411764
CAID3 Disorder-PDB,Metapredict-v1,DED,literal,0.75,mid_20_30,64,0.171875
CAID3 Disorder-PDB,Metapredict-v1,DED,literal,0.75,long_gt30,172,0.29651162790697677
CAID3 Disorder-PDB,Metapredict-v1,DED,calibrated,0.25,short_lt20,136,0.5514705882352942
CAID3 Disorder-PDB,Metapredict-v1,DED,calibrated,0.25,mid_20_30,64,0.640625
CAID3 Disorder-PDB,Metapredict-v1,DED,calibrated,0.25,long_gt30,172,0.8081395348837209
CAID3 Disorder-PDB,Metapredict-v1,DED,calibrated,0.5,short_lt20,136,0.49264705882352944
CAID3 Disorder-PDB,Metapredict-v1,DED,calibrated,0.5,mid_20_30,64,0.5625
CAID3 Disorder-PDB,Metapredict-v1,DED,calibrated,0.5,long_gt30,172,0.6802325581395349
CAID3 Disorder-PDB,Metapredict-v1,DED,calibrated,0.75,short_lt20,136,0.40441176470588236
CAID3 Disorder-PDB,Metapredict-v1,DED,calibrated,0.75,mid_20_30,64,0.515625
CAID3 Disorder-PDB,Metapredict-v1,DED,calibrated,0.75,long_gt30,172,0.5174418604651163
CAID3 Disorder-PDB,Metapredict-v2,DED,literal,0.25,short_lt20,136,0.5
CAID3 Disorder-PDB,Metapredict-v2,DED,literal,0.25,mid_20_30,64,0.71875
CAID3 Disorder-PDB,Metapredict-v2,DED,literal,0.25,long_gt30,172,0.8372093023255814
CAID3 Disorder-PDB,Metapredict-v2,DED,literal,0.5,short_lt20,136,0.4485294117647059
CAID3 Disorder-PDB,Metapredict-v2,DED,literal,0.5,mid_20_30,64,0.625
CAID3 Disorder-PDB,Metapredict-v2,DED,literal,0.5,long_gt30,172,0.7558139534883721
CAID3 Disorder-PDB,Metapredict-v2,DED,literal,0.75,short_lt20,136,0.34558823529411764
CAID3 Disorder-PDB,Metapredict-v2,DED,literal,0.75,mid_20_30,64,0.46875
CAID3 Disorder-PDB,Metapredict-v2,DED,literal,0.75,long_gt30,172,0.6337209302325582
CAID3 Disorder-PDB,Metapredict-v2,DED,calibrated,0.25,short_lt20,136,0.5441176470588235
CAID3 Disorder-PDB,Metapredict-v2,DED,calibrated,0.25,mid_20_30,64,0.71875
CAID3 Disorder-PDB,Metapredict-v2,DED,calibrated,0.25,long_gt30,172,0.8430232558139535
CAID3 Disorder-PDB,Metapredict-v2,DED,calibrated,0.5,short_lt20,136,0.4852941176470588
CAID3 Disorder-PDB,Metapredict-v2,DED,calibrated,0.5,mid_20_30,64,0.671875
CAID3 Disorder-PDB,Metapredict-v2,DED,calibrated,0.5,long_gt30,172,0.7848837209302325
CAID3 Disorder-PDB,Metapredict-v2,DED,calibrated,0.75,short_lt20,136,0.41911764705882354
CAID3 Disorder-PDB,Metapredict-v2,DED,calibrated,0.75,mid_20_30,64,0.53125
CAID3 Disorder-PDB,Metapredict-v2,DED,calibrated,0.75,long_gt30,172,0.6627906976744186
CAID3 Disorder-PDB,Metapredict-v3,DED,literal,0.25,short_lt20,136,0.40441176470588236
CAID3 Disorder-PDB,Metapredict-v3,DED,literal,0.25,mid_20_30,64,0.546875
CAID3 Disorder-PDB,Metapredict-v3,DED,literal,0.25,long_gt30,172,0.8430232558139535
CAID3 Disorder-PDB,Metapredict-v3,DED,literal,0.5,short_lt20,136,0.35294117647058826
CAID3 Disorder-PDB,Metapredict-v3,DED,literal,0.5,mid_20_30,64,0.515625
CAID3 Disorder-PDB,Metapredict-v3,DED,literal,0.5,long_gt30,172,0.7848837209302325
CAID3 Disorder-PDB,Metapredict-v3,DED,literal,0.75,short_lt20,136,0.3014705882352941
CAID3 Disorder-PDB,Metapredict-v3,DED,literal,0.75,mid_20_30,64,0.4375
CAID3 Disorder-PDB,Metapredict-v3,DED,literal,0.75,long_gt30,172,0.686046511627907
CAID3 Disorder-PDB,Metapredict-v3,DED,calibrated,0.25,short_lt20,136,0.39705882352941174
CAID3 Disorder-PDB,Metapredict-v3,DED,calibrated,0.25,mid_20_30,64,0.546875
CAID3 Disorder-PDB,Metapredict-v3,DED,calibrated,0.25,long_gt30,172,0.8430232558139535
CAID3 Disorder-PDB,Metapredict-v3,DED,calibrated,0.5,short_lt20,136,0.3382352941176471
CAID3 Disorder-PDB,Metapredict-v3,DED,calibrated,0.5,mid_20_30,64,0.515625
CAID3 Disorder-PDB,Metapredict-v3,DED,calibrated,0.5,long_gt30,172,0.7848837209302325
CAID3 Disorder-PDB,Metapredict-v3,DED,calibrated,0.75,short_lt20,136,0.29411764705882354
CAID3 Disorder-PDB,Metapredict-v3,DED,calibrated,0.75,mid_20_30,64,0.421875
CAID3 Disorder-PDB,Metapredict-v3,DED,calibrated,0.75,long_gt30,172,0.686046511627907
CAID3 Disorder-PDB,DisoMine,DED,literal,0.25,short_lt20,136,0.27205882352941174
CAID3 Disorder-PDB,DisoMine,DED,literal,0.25,mid_20_30,64,0.5
CAID3 Disorder-PDB,DisoMine,DED,literal,0.25,long_gt30,172,0.47674418604651164
CAID3 Disorder-PDB,DisoMine,DED,literal,0.5,short_lt20,136,0.22794117647058823
CAID3 Disorder-PDB,DisoMine,DED,literal,0.5,mid_20_30,64,0.40625
CAID3 Disorder-PDB,DisoMine,DED,literal,0.5,long_gt30,172,0.3546511627906977
CAID3 Disorder-PDB,DisoMine,DED,literal,0.75,short_lt20,136,0.17647058823529413
CAID3 Disorder-PDB,DisoMine,DED,literal,0.75,mid_20_30,64,0.21875
CAID3 Disorder-PDB,DisoMine,DED,literal,0.75,long_gt30,172,0.27325581395348836
CAID3 Disorder-PDB,DisoMine,DED,calibrated,0.25,short_lt20,136,0.5294117647058824
CAID3 Disorder-PDB,DisoMine,DED,calibrated,0.25,mid_20_30,64,0.703125
CAID3 Disorder-PDB,DisoMine,DED,calibrated,0.25,long_gt30,172,0.7151162790697675
CAID3 Disorder-PDB,DisoMine,DED,calibrated,0.5,short_lt20,136,0.47794117647058826
CAID3 Disorder-PDB,DisoMine,DED,calibrated,0.5,mid_20_30,64,0.625
CAID3 Disorder-PDB,DisoMine,DED,calibrated,0.5,long_gt30,172,0.6569767441860465
CAID3 Disorder-PDB,DisoMine,DED,calibrated,0.75,short_lt20,136,0.39705882352941174
CAID3 Disorder-PDB,DisoMine,DED,calibrated,0.75,mid_20_30,64,0.546875
CAID3 Disorder-PDB,DisoMine,DED,calibrated,0.75,long_gt30,172,0.5232558139534884
CAID3 Disorder-PDB,PUNCH2,DED,literal,0.25,short_lt20,136,0.5441176470588235
CAID3 Disorder-PDB,PUNCH2,DED,literal,0.25,mid_20_30,64,0.671875
CAID3 Disorder-PDB,PUNCH2,DED,literal,0.25,long_gt30,172,0.8430232558139535
CAID3 Disorder-PDB,PUNCH2,DED,literal,0.5,short_lt20,136,0.4632352941176471
CAID3 Disorder-PDB,PUNCH2,DED,literal,0.5,mid_20_30,64,0.625
CAID3 Disorder-PDB,PUNCH2,DED,literal,0.5,long_gt30,172,0.7965116279069767
CAID3 Disorder-PDB,PUNCH2,DED,literal,0.75,short_lt20,136,0.3088235294117647
CAID3 Disorder-PDB,PUNCH2,DED,literal,0.75,mid_20_30,64,0.453125
CAID3 Disorder-PDB,PUNCH2,DED,literal,0.75,long_gt30,172,0.6918604651162791
CAID3 Disorder-PDB,PUNCH2,DED,calibrated,0.25,short_lt20,136,0.625
CAID3 Disorder-PDB,PUNCH2,DED,calibrated,0.25,mid_20_30,64,0.71875
CAID3 Disorder-PDB,PUNCH2,DED,calibrated,0.25,long_gt30,172,0.8604651162790697
CAID3 Disorder-PDB,PUNCH2,DED,calibrated,0.5,short_lt20,136,0.5588235294117647
CAID3 Disorder-PDB,PUNCH2,DED,calibrated,0.5,mid_20_30,64,0.671875
CAID3 Disorder-PDB,PUNCH2,DED,calibrated,0.5,long_gt30,172,0.8255813953488372
CAID3 Disorder-PDB,PUNCH2,DED,calibrated,0.75,short_lt20,136,0.45588235294117646
CAID3 Disorder-PDB,PUNCH2,DED,calibrated,0.75,mid_20_30,64,0.578125
CAID3 Disorder-PDB,PUNCH2,DED,calibrated,0.75,long_gt30,172,0.75
CAID3 Disorder-PDB,PUNCH2-Light,DED,literal,0.25,short_lt20,136,0.5073529411764706
CAID3 Disorder-PDB,PUNCH2-Light,DED,literal,0.25,mid_20_30,64,0.65625
CAID3 Disorder-PDB,PUNCH2-Light,DED,literal,0.25,long_gt30,172,0.8372093023255814
CAID3 Disorder-PDB,PUNCH2-Light,DED,literal,0.5,short_lt20,136,0.4338235294117647
CAID3 Disorder-PDB,PUNCH2-Light,DED,literal,0.5,mid_20_30,64,0.609375
CAID3 Disorder-PDB,PUNCH2-Light,DED,literal,0.5,long_gt30,172,0.7848837209302325
CAID3 Disorder-PDB,PUNCH2-Light,DED,literal,0.75,short_lt20,136,0.3014705882352941
CAID3 Disorder-PDB,PUNCH2-Light,DED,literal,0.75,mid_20_30,64,0.453125
CAID3 Disorder-PDB,PUNCH2-Light,DED,literal,0.75,long_gt30,172,0.686046511627907
CAID3 Disorder-PDB,PUNCH2-Light,DED,calibrated,0.25,short_lt20,136,0.5808823529411765
CAID3 Disorder-PDB,PUNCH2-Light,DED,calibrated,0.25,mid_20_30,64,0.6875
CAID3 Disorder-PDB,PUNCH2-Light,DED,calibrated,0.25,long_gt30,172,0.8546511627906976
CAID3 Disorder-PDB,PUNCH2-Light,DED,calibrated,0.5,short_lt20,136,0.49264705882352944
CAID3 Disorder-PDB,PUNCH2-Light,DED,calibrated,0.5,mid_20_30,64,0.640625
CAID3 Disorder-PDB,PUNCH2-Light,DED,calibrated,0.5,long_gt30,172,0.8023255813953488
CAID3 Disorder-PDB,PUNCH2-Light,DED,calibrated,0.75,short_lt20,136,0.3602941176470588
CAID3 Disorder-PDB,PUNCH2-Light,DED,calibrated,0.75,mid_20_30,64,0.46875
CAID3 Disorder-PDB,PUNCH2-Light,DED,calibrated,0.75,long_gt30,172,0.7151162790697675
CAID3 Disorder-PDB,DisorderUnetLM,DED,literal,0.25,short_lt20,136,0.5955882352941176
CAID3 Disorder-PDB,DisorderUnetLM,DED,literal,0.25,mid_20_30,64,0.625
CAID3 Disorder-PDB,DisorderUnetLM,DED,literal,0.25,long_gt30,172,0.7383720930232558
CAID3 Disorder-PDB,DisorderUnetLM,DED,literal,0.5,short_lt20,136,0.5220588235294118
CAID3 Disorder-PDB,DisorderUnetLM,DED,literal,0.5,mid_20_30,64,0.59375
CAID3 Disorder-PDB,DisorderUnetLM,DED,literal,0.5,long_gt30,172,0.6569767441860465
CAID3 Disorder-PDB,DisorderUnetLM,DED,literal,0.75,short_lt20,136,0.40441176470588236
CAID3 Disorder-PDB,DisorderUnetLM,DED,literal,0.75,mid_20_30,64,0.4375
CAID3 Disorder-PDB,DisorderUnetLM,DED,literal,0.75,long_gt30,172,0.5348837209302325
CAID3 Disorder-PDB,DisorderUnetLM,DED,calibrated,0.25,short_lt20,136,0.8088235294117647
CAID3 Disorder-PDB,DisorderUnetLM,DED,calibrated,0.25,mid_20_30,64,0.859375
CAID3 Disorder-PDB,DisorderUnetLM,DED,calibrated,0.25,long_gt30,172,0.9069767441860465
CAID3 Disorder-PDB,DisorderUnetLM,DED,calibrated,0.5,short_lt20,136,0.7573529411764706
CAID3 Disorder-PDB,DisorderUnetLM,DED,calibrated,0.5,mid_20_30,64,0.8125
CAID3 Disorder-PDB,DisorderUnetLM,DED,calibrated,0.5,long_gt30,172,0.872093023255814
CAID3 Disorder-PDB,DisorderUnetLM,DED,calibrated,0.75,short_lt20,136,0.6617647058823529
CAID3 Disorder-PDB,DisorderUnetLM,DED,calibrated,0.75,mid_20_30,64,0.765625
CAID3 Disorder-PDB,DisorderUnetLM,DED,calibrated,0.75,long_gt30,172,0.8372093023255814
CAID3 Disorder-PDB,LMDisorder,DED,literal,0.25,short_lt20,136,0.7941176470588235
CAID3 Disorder-PDB,LMDisorder,DED,literal,0.25,mid_20_30,64,0.796875
CAID3 Disorder-PDB,LMDisorder,DED,literal,0.25,long_gt30,172,0.9186046511627907
CAID3 Disorder-PDB,LMDisorder,DED,literal,0.5,short_lt20,136,0.6691176470588235
CAID3 Disorder-PDB,LMDisorder,DED,literal,0.5,mid_20_30,64,0.75
CAID3 Disorder-PDB,LMDisorder,DED,literal,0.5,long_gt30,172,0.8604651162790697
CAID3 Disorder-PDB,LMDisorder,DED,literal,0.75,short_lt20,136,0.5882352941176471
CAID3 Disorder-PDB,LMDisorder,DED,literal,0.75,mid_20_30,64,0.6875
CAID3 Disorder-PDB,LMDisorder,DED,literal,0.75,long_gt30,172,0.7848837209302325
CAID3 Disorder-PDB,LMDisorder,DED,calibrated,0.25,short_lt20,136,0.6544117647058824
CAID3 Disorder-PDB,LMDisorder,DED,calibrated,0.25,mid_20_30,64,0.71875
CAID3 Disorder-PDB,LMDisorder,DED,calibrated,0.25,long_gt30,172,0.8953488372093024
CAID3 Disorder-PDB,LMDisorder,DED,calibrated,0.5,short_lt20,136,0.5514705882352942
CAID3 Disorder-PDB,LMDisorder,DED,calibrated,0.5,mid_20_30,64,0.6875
CAID3 Disorder-PDB,LMDisorder,DED,calibrated,0.5,long_gt30,172,0.8197674418604651
CAID3 Disorder-PDB,LMDisorder,DED,calibrated,0.75,short_lt20,136,0.4264705882352941
CAID3 Disorder-PDB,LMDisorder,DED,calibrated,0.75,mid_20_30,64,0.53125
CAID3 Disorder-PDB,LMDisorder,DED,calibrated,0.75,long_gt30,172,0.7267441860465116
CAID3 Disorder-PDB,ESMDisPred-1,DED,literal,0.25,short_lt20,136,0.2867647058823529
CAID3 Disorder-PDB,ESMDisPred-1,DED,literal,0.25,mid_20_30,64,0.453125
CAID3 Disorder-PDB,ESMDisPred-1,DED,literal,0.25,long_gt30,172,0.4941860465116279
CAID3 Disorder-PDB,ESMDisPred-1,DED,literal,0.5,short_lt20,136,0.22058823529411764
CAID3 Disorder-PDB,ESMDisPred-1,DED,literal,0.5,mid_20_30,64,0.390625
CAID3 Disorder-PDB,ESMDisPred-1,DED,literal,0.5,long_gt30,172,0.4186046511627907
CAID3 Disorder-PDB,ESMDisPred-1,DED,literal,0.75,short_lt20,136,0.17647058823529413
CAID3 Disorder-PDB,ESMDisPred-1,DED,literal,0.75,mid_20_30,64,0.296875
CAID3 Disorder-PDB,ESMDisPred-1,DED,literal,0.75,long_gt30,172,0.31976744186046513
CAID3 Disorder-PDB,ESMDisPred-1,DED,calibrated,0.25,short_lt20,136,0.6838235294117647
CAID3 Disorder-PDB,ESMDisPred-1,DED,calibrated,0.25,mid_20_30,64,0.75
CAID3 Disorder-PDB,ESMDisPred-1,DED,calibrated,0.25,long_gt30,172,0.8662790697674418
CAID3 Disorder-PDB,ESMDisPred-1,DED,calibrated,0.5,short_lt20,136,0.6397058823529411
CAID3 Disorder-PDB,ESMDisPred-1,DED,calibrated,0.5,mid_20_30,64,0.75
CAID3 Disorder-PDB,ESMDisPred-1,DED,calibrated,0.5,long_gt30,172,0.8197674418604651
CAID3 Disorder-PDB,ESMDisPred-1,DED,calibrated,0.75,short_lt20,136,0.5441176470588235
CAID3 Disorder-PDB,ESMDisPred-1,DED,calibrated,0.75,mid_20_30,64,0.640625
CAID3 Disorder-PDB,ESMDisPred-1,DED,calibrated,0.75,long_gt30,172,0.7151162790697675
CAID3 Disorder-PDB,ESMDisPred-2,DED,literal,0.25,short_lt20,136,0.33088235294117646
CAID3 Disorder-PDB,ESMDisPred-2,DED,literal,0.25,mid_20_30,64,0.4375
CAID3 Disorder-PDB,ESMDisPred-2,DED,literal,0.25,long_gt30,172,0.5
CAID3 Disorder-PDB,ESMDisPred-2,DED,literal,0.5,short_lt20,136,0.25
CAID3 Disorder-PDB,ESMDisPred-2,DED,literal,0.5,mid_20_30,64,0.34375
CAID3 Disorder-PDB,ESMDisPred-2,DED,literal,0.5,long_gt30,172,0.43023255813953487
CAID3 Disorder-PDB,ESMDisPred-2,DED,literal,0.75,short_lt20,136,0.16176470588235295
CAID3 Disorder-PDB,ESMDisPred-2,DED,literal,0.75,mid_20_30,64,0.265625
CAID3 Disorder-PDB,ESMDisPred-2,DED,literal,0.75,long_gt30,172,0.3372093023255814
CAID3 Disorder-PDB,ESMDisPred-2,DED,calibrated,0.25,short_lt20,136,0.6544117647058824
CAID3 Disorder-PDB,ESMDisPred-2,DED,calibrated,0.25,mid_20_30,64,0.765625
CAID3 Disorder-PDB,ESMDisPred-2,DED,calibrated,0.25,long_gt30,172,0.8604651162790697
CAID3 Disorder-PDB,ESMDisPred-2,DED,calibrated,0.5,short_lt20,136,0.5955882352941176
CAID3 Disorder-PDB,ESMDisPred-2,DED,calibrated,0.5,mid_20_30,64,0.71875
CAID3 Disorder-PDB,ESMDisPred-2,DED,calibrated,0.5,long_gt30,172,0.7965116279069767
CAID3 Disorder-PDB,ESMDisPred-2,DED,calibrated,0.75,short_lt20,136,0.5514705882352942
CAID3 Disorder-PDB,ESMDisPred-2,DED,calibrated,0.75,mid_20_30,64,0.640625
CAID3 Disorder-PDB,ESMDisPred-2,DED,calibrated,0.75,long_gt30,172,0.7151162790697675
CAID3 Disorder-PDB,UdonPred-DisProt,DED,literal,0.25,short_lt20,136,0.5735294117647058
CAID3 Disorder-PDB,UdonPred-DisProt,DED,literal,0.25,mid_20_30,64,0.65625
CAID3 Disorder-PDB,UdonPred-DisProt,DED,literal,0.25,long_gt30,172,0.813953488372093
CAID3 Disorder-PDB,UdonPred-DisProt,DED,literal,0.5,short_lt20,136,0.34558823529411764
CAID3 Disorder-PDB,UdonPred-DisProt,DED,literal,0.5,mid_20_30,64,0.375
CAID3 Disorder-PDB,UdonPred-DisProt,DED,literal,0.5,long_gt30,172,0.5232558139534884
CAID3 Disorder-PDB,UdonPred-DisProt,DED,literal,0.75,short_lt20,136,0.11029411764705882
CAID3 Disorder-PDB,UdonPred-DisProt,DED,literal,0.75,mid_20_30,64,0.203125
CAID3 Disorder-PDB,UdonPred-DisProt,DED,literal,0.75,long_gt30,172,0.2558139534883721
CAID3 Disorder-PDB,UdonPred-DisProt,DED,calibrated,0.25,short_lt20,136,0.8529411764705882
CAID3 Disorder-PDB,UdonPred-DisProt,DED,calibrated,0.25,mid_20_30,64,0.890625
CAID3 Disorder-PDB,UdonPred-DisProt,DED,calibrated,0.25,long_gt30,172,0.9186046511627907
CAID3 Disorder-PDB,UdonPred-DisProt,DED,calibrated,0.5,short_lt20,136,0.6470588235294118
CAID3 Disorder-PDB,UdonPred-DisProt,DED,calibrated,0.5,mid_20_30,64,0.75
CAID3 Disorder-PDB,UdonPred-DisProt,DED,calibrated,0.5,long_gt30,172,0.8255813953488372
CAID3 Disorder-PDB,UdonPred-DisProt,DED,calibrated,0.75,short_lt20,136,0.4338235294117647
CAID3 Disorder-PDB,UdonPred-DisProt,DED,calibrated,0.75,mid_20_30,64,0.390625
CAID3 Disorder-PDB,UdonPred-DisProt,DED,calibrated,0.75,long_gt30,172,0.5930232558139535
CAID3 Disorder-PDB,UdonPred-combined,DED,literal,0.25,short_lt20,136,0.6029411764705882
CAID3 Disorder-PDB,UdonPred-combined,DED,literal,0.25,mid_20_30,64,0.828125
CAID3 Disorder-PDB,UdonPred-combined,DED,literal,0.25,long_gt30,172,0.8895348837209303
CAID3 Disorder-PDB,UdonPred-combined,DED,literal,0.5,short_lt20,136,0.47794117647058826
CAID3 Disorder-PDB,UdonPred-combined,DED,literal,0.5,mid_20_30,64,0.625
CAID3 Disorder-PDB,UdonPred-combined,DED,literal,0.5,long_gt30,172,0.7848837209302325
CAID3 Disorder-PDB,UdonPred-combined,DED,literal,0.75,short_lt20,136,0.3161764705882353
CAID3 Disorder-PDB,UdonPred-combined,DED,literal,0.75,mid_20_30,64,0.4375
CAID3 Disorder-PDB,UdonPred-combined,DED,literal,0.75,long_gt30,172,0.6453488372093024
CAID3 Disorder-PDB,UdonPred-combined,DED,calibrated,0.25,short_lt20,136,0.7132352941176471
CAID3 Disorder-PDB,UdonPred-combined,DED,calibrated,0.25,mid_20_30,64,0.859375
CAID3 Disorder-PDB,UdonPred-combined,DED,calibrated,0.25,long_gt30,172,0.9069767441860465
CAID3 Disorder-PDB,UdonPred-combined,DED,calibrated,0.5,short_lt20,136,0.5882352941176471
CAID3 Disorder-PDB,UdonPred-combined,DED,calibrated,0.5,mid_20_30,64,0.703125
CAID3 Disorder-PDB,UdonPred-combined,DED,calibrated,0.5,long_gt30,172,0.8662790697674418
CAID3 Disorder-PDB,UdonPred-combined,DED,calibrated,0.75,short_lt20,136,0.4338235294117647
CAID3 Disorder-PDB,UdonPred-combined,DED,calibrated,0.75,mid_20_30,64,0.5
CAID3 Disorder-PDB,UdonPred-combined,DED,calibrated,0.75,long_gt30,172,0.7558139534883721
CAID3 Disorder-PDB,DARUMA-beta,DED,literal,0.25,short_lt20,136,0.47794117647058826
CAID3 Disorder-PDB,DARUMA-beta,DED,literal,0.25,mid_20_30,64,0.625
CAID3 Disorder-PDB,DARUMA-beta,DED,literal,0.25,long_gt30,172,0.8023255813953488
CAID3 Disorder-PDB,DARUMA-beta,DED,literal,0.5,short_lt20,136,0.3897058823529412
CAID3 Disorder-PDB,DARUMA-beta,DED,literal,0.5,mid_20_30,64,0.5625
CAID3 Disorder-PDB,DARUMA-beta,DED,literal,0.5,long_gt30,172,0.6976744186046512
CAID3 Disorder-PDB,DARUMA-beta,DED,literal,0.75,short_lt20,136,0.29411764705882354
CAID3 Disorder-PDB,DARUMA-beta,DED,literal,0.75,mid_20_30,64,0.4375
CAID3 Disorder-PDB,DARUMA-beta,DED,literal,0.75,long_gt30,172,0.5581395348837209
CAID3 Disorder-PDB,DARUMA-beta,DED,calibrated,0.25,short_lt20,136,0.5220588235294118
CAID3 Disorder-PDB,DARUMA-beta,DED,calibrated,0.25,mid_20_30,64,0.65625
CAID3 Disorder-PDB,DARUMA-beta,DED,calibrated,0.25,long_gt30,172,0.8197674418604651
CAID3 Disorder-PDB,DARUMA-beta,DED,calibrated,0.5,short_lt20,136,0.45588235294117646
CAID3 Disorder-PDB,DARUMA-beta,DED,calibrated,0.5,mid_20_30,64,0.5625
CAID3 Disorder-PDB,DARUMA-beta,DED,calibrated,0.5,long_gt30,172,0.7267441860465116
CAID3 Disorder-PDB,DARUMA-beta,DED,calibrated,0.75,short_lt20,136,0.3382352941176471
CAID3 Disorder-PDB,DARUMA-beta,DED,calibrated,0.75,mid_20_30,64,0.5
CAID3 Disorder-PDB,DARUMA-beta,DED,calibrated,0.75,long_gt30,172,0.5872093023255814
CAID3 Disorder-PDB,DisoFLAG-IDR,DED,literal,0.25,short_lt20,136,0.4485294117647059
CAID3 Disorder-PDB,DisoFLAG-IDR,DED,literal,0.25,mid_20_30,64,0.609375
CAID3 Disorder-PDB,DisoFLAG-IDR,DED,literal,0.25,long_gt30,172,0.7383720930232558
CAID3 Disorder-PDB,DisoFLAG-IDR,DED,literal,0.5,short_lt20,136,0.3897058823529412
CAID3 Disorder-PDB,DisoFLAG-IDR,DED,literal,0.5,mid_20_30,64,0.5625
CAID3 Disorder-PDB,DisoFLAG-IDR,DED,literal,0.5,long_gt30,172,0.6569767441860465
CAID3 Disorder-PDB,DisoFLAG-IDR,DED,literal,0.75,short_lt20,136,0.3088235294117647
CAID3 Disorder-PDB,DisoFLAG-IDR,DED,literal,0.75,mid_20_30,64,0.453125
CAID3 Disorder-PDB,DisoFLAG-IDR,DED,literal,0.75,long_gt30,172,0.5465116279069767
CAID3 Disorder-PDB,DisoFLAG-IDR,DED,calibrated,0.25,short_lt20,136,0.6397058823529411
CAID3 Disorder-PDB,DisoFLAG-IDR,DED,calibrated,0.25,mid_20_30,64,0.796875
CAID3 Disorder-PDB,DisoFLAG-IDR,DED,calibrated,0.25,long_gt30,172,0.872093023255814
CAID3 Disorder-PDB,DisoFLAG-IDR,DED,calibrated,0.5,short_lt20,136,0.5882352941176471
CAID3 Disorder-PDB,DisoFLAG-IDR,DED,calibrated,0.5,mid_20_30,64,0.734375
CAID3 Disorder-PDB,DisoFLAG-IDR,DED,calibrated,0.5,long_gt30,172,0.8197674418604651
CAID3 Disorder-PDB,DisoFLAG-IDR,DED,calibrated,0.75,short_lt20,136,0.5441176470588235
CAID3 Disorder-PDB,DisoFLAG-IDR,DED,calibrated,0.75,mid_20_30,64,0.65625
CAID3 Disorder-PDB,DisoFLAG-IDR,DED,calibrated,0.75,long_gt30,172,0.7325581395348837
CAID3 Disorder-PDB,s2D-2,DED,literal,0.25,short_lt20,136,0.9264705882352942
CAID3 Disorder-PDB,s2D-2,DED,literal,0.25,mid_20_30,64,0.953125
CAID3 Disorder-PDB,s2D-2,DED,literal,0.25,long_gt30,172,0.9244186046511628
CAID3 Disorder-PDB,s2D-2,DED,literal,0.5,short_lt20,136,0.8235294117647058
CAID3 Disorder-PDB,s2D-2,DED,literal,0.5,mid_20_30,64,0.8125
CAID3 Disorder-PDB,s2D-2,DED,literal,0.5,long_gt30,172,0.8081395348837209
CAID3 Disorder-PDB,s2D-2,DED,literal,0.75,short_lt20,136,0.6617647058823529
CAID3 Disorder-PDB,s2D-2,DED,literal,0.75,mid_20_30,64,0.546875
CAID3 Disorder-PDB,s2D-2,DED,literal,0.75,long_gt30,172,0.5523255813953488
CAID3 Disorder-PDB,s2D-2,DED,calibrated,0.25,short_lt20,136,0.875
CAID3 Disorder-PDB,s2D-2,DED,calibrated,0.25,mid_20_30,64,0.875
CAID3 Disorder-PDB,s2D-2,DED,calibrated,0.25,long_gt30,172,0.8953488372093024
CAID3 Disorder-PDB,s2D-2,DED,calibrated,0.5,short_lt20,136,0.7647058823529411
CAID3 Disorder-PDB,s2D-2,DED,calibrated,0.5,mid_20_30,64,0.703125
CAID3 Disorder-PDB,s2D-2,DED,calibrated,0.5,long_gt30,172,0.7151162790697675
CAID3 Disorder-PDB,s2D-2,DED,calibrated,0.75,short_lt20,136,0.5220588235294118
CAID3 Disorder-PDB,s2D-2,DED,calibrated,0.75,mid_20_30,64,0.5
CAID3 Disorder-PDB,s2D-2,DED,calibrated,0.75,long_gt30,172,0.45930232558139533
CAID3 Disorder-NOX,AlphaFold-pLDDT,AF,literal,0.25,short_lt20,44,0.3181818181818182
CAID3 Disorder-NOX,AlphaFold-pLDDT,AF,literal,0.25,mid_20_30,32,0.625
CAID3 Disorder-NOX,AlphaFold-pLDDT,AF,literal,0.25,long_gt30,131,0.7938931297709924
CAID3 Disorder-NOX,AlphaFold-pLDDT,AF,literal,0.5,short_lt20,44,0.29545454545454547
CAID3 Disorder-NOX,AlphaFold-pLDDT,AF,literal,0.5,mid_20_30,32,0.46875
CAID3 Disorder-NOX,AlphaFold-pLDDT,AF,literal,0.5,long_gt30,131,0.6030534351145038
CAID3 Disorder-NOX,AlphaFold-pLDDT,AF,literal,0.75,short_lt20,44,0.1590909090909091
CAID3 Disorder-NOX,AlphaFold-pLDDT,AF,literal,0.75,mid_20_30,32,0.25
CAID3 Disorder-NOX,AlphaFold-pLDDT,AF,literal,0.75,long_gt30,131,0.3816793893129771
CAID3 Disorder-NOX,AlphaFold-pLDDT,AF,calibrated,0.25,short_lt20,44,0.75
CAID3 Disorder-NOX,AlphaFold-pLDDT,AF,calibrated,0.25,mid_20_30,32,0.84375
CAID3 Disorder-NOX,AlphaFold-pLDDT,AF,calibrated,0.25,long_gt30,131,0.9389312977099237
CAID3 Disorder-NOX,AlphaFold-pLDDT,AF,calibrated,0.5,short_lt20,44,0.5909090909090909
CAID3 Disorder-NOX,AlphaFold-pLDDT,AF,calibrated,0.5,mid_20_30,32,0.78125
CAID3 Disorder-NOX,AlphaFold-pLDDT,AF,calibrated,0.5,long_gt30,131,0.8931297709923665
CAID3 Disorder-NOX,AlphaFold-pLDDT,AF,calibrated,0.75,short_lt20,44,0.5227272727272727
CAID3 Disorder-NOX,AlphaFold-pLDDT,AF,calibrated,0.75,mid_20_30,32,0.625
CAID3 Disorder-NOX,AlphaFold-pLDDT,AF,calibrated,0.75,long_gt30,131,0.7404580152671756
CAID3 Disorder-NOX,AlphaFold-rsa,AF,literal,0.25,short_lt20,44,0.6590909090909091
CAID3 Disorder-NOX,AlphaFold-rsa,AF,literal,0.25,mid_20_30,32,0.875
CAID3 Disorder-NOX,AlphaFold-rsa,AF,literal,0.25,long_gt30,131,0.9541984732824428
CAID3 Disorder-NOX,AlphaFold-rsa,AF,literal,0.5,short_lt20,44,0.6136363636363636
CAID3 Disorder-NOX,AlphaFold-rsa,AF,literal,0.5,mid_20_30,32,0.875
CAID3 Disorder-NOX,AlphaFold-rsa,AF,literal,0.5,long_gt30,131,0.9389312977099237
CAID3 Disorder-NOX,AlphaFold-rsa,AF,literal,0.75,short_lt20,44,0.6136363636363636
CAID3 Disorder-NOX,AlphaFold-rsa,AF,literal,0.75,mid_20_30,32,0.78125
CAID3 Disorder-NOX,AlphaFold-rsa,AF,literal,0.75,long_gt30,131,0.8931297709923665
CAID3 Disorder-NOX,AlphaFold-rsa,AF,calibrated,0.25,short_lt20,44,0.5227272727272727
CAID3 Disorder-NOX,AlphaFold-rsa,AF,calibrated,0.25,mid_20_30,32,0.78125
CAID3 Disorder-NOX,AlphaFold-rsa,AF,calibrated,0.25,long_gt30,131,0.9465648854961832
CAID3 Disorder-NOX,AlphaFold-rsa,AF,calibrated,0.5,short_lt20,44,0.5227272727272727
CAID3 Disorder-NOX,AlphaFold-rsa,AF,calibrated,0.5,mid_20_30,32,0.71875
CAID3 Disorder-NOX,AlphaFold-rsa,AF,calibrated,0.5,long_gt30,131,0.8778625954198473
CAID3 Disorder-NOX,AlphaFold-rsa,AF,calibrated,0.75,short_lt20,44,0.45454545454545453
CAID3 Disorder-NOX,AlphaFold-rsa,AF,calibrated,0.75,mid_20_30,32,0.59375
CAID3 Disorder-NOX,AlphaFold-rsa,AF,calibrated,0.75,long_gt30,131,0.7862595419847328
CAID3 Disorder-NOX,AlphaFold3-pLDDT,AF,literal,0.25,short_lt20,44,0.2727272727272727
CAID3 Disorder-NOX,AlphaFold3-pLDDT,AF,literal,0.25,mid_20_30,32,0.65625
CAID3 Disorder-NOX,AlphaFold3-pLDDT,AF,literal,0.25,long_gt30,131,0.7175572519083969
CAID3 Disorder-NOX,AlphaFold3-pLDDT,AF,literal,0.5,short_lt20,44,0.22727272727272727
CAID3 Disorder-NOX,AlphaFold3-pLDDT,AF,literal,0.5,mid_20_30,32,0.53125
CAID3 Disorder-NOX,AlphaFold3-pLDDT,AF,literal,0.5,long_gt30,131,0.6183206106870229
CAID3 Disorder-NOX,AlphaFold3-pLDDT,AF,literal,0.75,short_lt20,44,0.1590909090909091
CAID3 Disorder-NOX,AlphaFold3-pLDDT,AF,literal,0.75,mid_20_30,32,0.34375
CAID3 Disorder-NOX,AlphaFold3-pLDDT,AF,literal,0.75,long_gt30,131,0.42748091603053434
CAID3 Disorder-NOX,AlphaFold3-pLDDT,AF,calibrated,0.25,short_lt20,44,0.7727272727272727
CAID3 Disorder-NOX,AlphaFold3-pLDDT,AF,calibrated,0.25,mid_20_30,32,0.84375
CAID3 Disorder-NOX,AlphaFold3-pLDDT,AF,calibrated,0.25,long_gt30,131,0.9312977099236641
CAID3 Disorder-NOX,AlphaFold3-pLDDT,AF,calibrated,0.5,short_lt20,44,0.7272727272727273
CAID3 Disorder-NOX,AlphaFold3-pLDDT,AF,calibrated,0.5,mid_20_30,32,0.84375
CAID3 Disorder-NOX,AlphaFold3-pLDDT,AF,calibrated,0.5,long_gt30,131,0.9007633587786259
CAID3 Disorder-NOX,AlphaFold3-pLDDT,AF,calibrated,0.75,short_lt20,44,0.6136363636363636
CAID3 Disorder-NOX,AlphaFold3-pLDDT,AF,calibrated,0.75,mid_20_30,32,0.78125
CAID3 Disorder-NOX,AlphaFold3-pLDDT,AF,calibrated,0.75,long_gt30,131,0.7786259541984732
CAID3 Disorder-NOX,AlphaFold3-rsa,AF,literal,0.25,short_lt20,44,0.6590909090909091
CAID3 Disorder-NOX,AlphaFold3-rsa,AF,literal,0.25,mid_20_30,32,0.90625
CAID3 Disorder-NOX,AlphaFold3-rsa,AF,literal,0.25,long_gt30,131,0.9618320610687023
CAID3 Disorder-NOX,AlphaFold3-rsa,AF,literal,0.5,short_lt20,44,0.6363636363636364
CAID3 Disorder-NOX,AlphaFold3-rsa,AF,literal,0.5,mid_20_30,32,0.875
CAID3 Disorder-NOX,AlphaFold3-rsa,AF,literal,0.5,long_gt30,131,0.9389312977099237
CAID3 Disorder-NOX,AlphaFold3-rsa,AF,literal,0.75,short_lt20,44,0.5909090909090909
CAID3 Disorder-NOX,AlphaFold3-rsa,AF,literal,0.75,mid_20_30,32,0.8125
CAID3 Disorder-NOX,AlphaFold3-rsa,AF,literal,0.75,long_gt30,131,0.8931297709923665
CAID3 Disorder-NOX,AlphaFold3-rsa,AF,calibrated,0.25,short_lt20,44,0.6590909090909091
CAID3 Disorder-NOX,AlphaFold3-rsa,AF,calibrated,0.25,mid_20_30,32,0.90625
CAID3 Disorder-NOX,AlphaFold3-rsa,AF,calibrated,0.25,long_gt30,131,0.9618320610687023
CAID3 Disorder-NOX,AlphaFold3-rsa,AF,calibrated,0.5,short_lt20,44,0.6363636363636364
CAID3 Disorder-NOX,AlphaFold3-rsa,AF,calibrated,0.5,mid_20_30,32,0.875
CAID3 Disorder-NOX,AlphaFold3-rsa,AF,calibrated,0.5,long_gt30,131,0.9389312977099237
CAID3 Disorder-NOX,AlphaFold3-rsa,AF,calibrated,0.75,short_lt20,44,0.5909090909090909
CAID3 Disorder-NOX,AlphaFold3-rsa,AF,calibrated,0.75,mid_20_30,32,0.8125
CAID3 Disorder-NOX,AlphaFold3-rsa,AF,calibrated,0.75,long_gt30,131,0.8931297709923665
CAID3 Disorder-NOX,AIUPred,DED,literal,0.25,short_lt20,44,0.6590909090909091
CAID3 Disorder-NOX,AIUPred,DED,literal,0.25,mid_20_30,32,0.8125
CAID3 Disorder-NOX,AIUPred,DED,literal,0.25,long_gt30,131,0.9236641221374046
CAID3 Disorder-NOX,AIUPred,DED,literal,0.5,short_lt20,44,0.6363636363636364
CAID3 Disorder-NOX,AIUPred,DED,literal,0.5,mid_20_30,32,0.8125
CAID3 Disorder-NOX,AIUPred,DED,literal,0.5,long_gt30,131,0.8778625954198473
CAID3 Disorder-NOX,AIUPred,DED,literal,0.75,short_lt20,44,0.5909090909090909
CAID3 Disorder-NOX,AIUPred,DED,literal,0.75,mid_20_30,32,0.71875
CAID3 Disorder-NOX,AIUPred,DED,literal,0.75,long_gt30,131,0.7709923664122137
CAID3 Disorder-NOX,AIUPred,DED,calibrated,0.25,short_lt20,44,0.5454545454545454
CAID3 Disorder-NOX,AIUPred,DED,calibrated,0.25,mid_20_30,32,0.59375
CAID3 Disorder-NOX,AIUPred,DED,calibrated,0.25,long_gt30,131,0.8854961832061069
CAID3 Disorder-NOX,AIUPred,DED,calibrated,0.5,short_lt20,44,0.5
CAID3 Disorder-NOX,AIUPred,DED,calibrated,0.5,mid_20_30,32,0.5625
CAID3 Disorder-NOX,AIUPred,DED,calibrated,0.5,long_gt30,131,0.7480916030534351
CAID3 Disorder-NOX,AIUPred,DED,calibrated,0.75,short_lt20,44,0.29545454545454547
CAID3 Disorder-NOX,AIUPred,DED,calibrated,0.75,mid_20_30,32,0.4375
CAID3 Disorder-NOX,AIUPred,DED,calibrated,0.75,long_gt30,131,0.5725190839694656
CAID3 Disorder-NOX,AIUPred-2-disorder,DED,literal,0.25,short_lt20,44,0.6818181818181818
CAID3 Disorder-NOX,AIUPred-2-disorder,DED,literal,0.25,mid_20_30,32,0.71875
CAID3 Disorder-NOX,AIUPred-2-disorder,DED,literal,0.25,long_gt30,131,0.9312977099236641
CAID3 Disorder-NOX,AIUPred-2-disorder,DED,literal,0.5,short_lt20,44,0.6590909090909091
CAID3 Disorder-NOX,AIUPred-2-disorder,DED,literal,0.5,mid_20_30,32,0.6875
CAID3 Disorder-NOX,AIUPred-2-disorder,DED,literal,0.5,long_gt30,131,0.916030534351145
CAID3 Disorder-NOX,AIUPred-2-disorder,DED,literal,0.75,short_lt20,44,0.6363636363636364
CAID3 Disorder-NOX,AIUPred-2-disorder,DED,literal,0.75,mid_20_30,32,0.59375
CAID3 Disorder-NOX,AIUPred-2-disorder,DED,literal,0.75,long_gt30,131,0.8320610687022901
CAID3 Disorder-NOX,AIUPred-2-disorder,DED,calibrated,0.25,short_lt20,44,0.5
CAID3 Disorder-NOX,AIUPred-2-disorder,DED,calibrated,0.25,mid_20_30,32,0.65625
CAID3 Disorder-NOX,AIUPred-2-disorder,DED,calibrated,0.25,long_gt30,131,0.9083969465648855
CAID3 Disorder-NOX,AIUPred-2-disorder,DED,calibrated,0.5,short_lt20,44,0.4772727272727273
CAID3 Disorder-NOX,AIUPred-2-disorder,DED,calibrated,0.5,mid_20_30,32,0.59375
CAID3 Disorder-NOX,AIUPred-2-disorder,DED,calibrated,0.5,long_gt30,131,0.8549618320610687
CAID3 Disorder-NOX,AIUPred-2-disorder,DED,calibrated,0.75,short_lt20,44,0.38636363636363635
CAID3 Disorder-NOX,AIUPred-2-disorder,DED,calibrated,0.75,mid_20_30,32,0.5
CAID3 Disorder-NOX,AIUPred-2-disorder,DED,calibrated,0.75,long_gt30,131,0.732824427480916
CAID3 Disorder-NOX,IUPred3,DED,literal,0.25,short_lt20,44,0.45454545454545453
CAID3 Disorder-NOX,IUPred3,DED,literal,0.25,mid_20_30,32,0.53125
CAID3 Disorder-NOX,IUPred3,DED,literal,0.25,long_gt30,131,0.8396946564885496
CAID3 Disorder-NOX,IUPred3,DED,literal,0.5,short_lt20,44,0.38636363636363635
CAID3 Disorder-NOX,IUPred3,DED,literal,0.5,mid_20_30,32,0.46875
CAID3 Disorder-NOX,IUPred3,DED,literal,0.5,long_gt30,131,0.6946564885496184
CAID3 Disorder-NOX,IUPred3,DED,literal,0.75,short_lt20,44,0.25
CAID3 Disorder-NOX,IUPred3,DED,literal,0.75,mid_20_30,32,0.40625
CAID3 Disorder-NOX,IUPred3,DED,literal,0.75,long_gt30,131,0.5114503816793893
CAID3 Disorder-NOX,IUPred3,DED,calibrated,0.25,short_lt20,44,0.4772727272727273
CAID3 Disorder-NOX,IUPred3,DED,calibrated,0.25,mid_20_30,32,0.5625
CAID3 Disorder-NOX,IUPred3,DED,calibrated,0.25,long_gt30,131,0.8778625954198473
CAID3 Disorder-NOX,IUPred3,DED,calibrated,0.5,short_lt20,44,0.4318181818181818
CAID3 Disorder-NOX,IUPred3,DED,calibrated,0.5,mid_20_30,32,0.5
CAID3 Disorder-NOX,IUPred3,DED,calibrated,0.5,long_gt30,131,0.7557251908396947
CAID3 Disorder-NOX,IUPred3,DED,calibrated,0.75,short_lt20,44,0.3181818181818182
CAID3 Disorder-NOX,IUPred3,DED,calibrated,0.75,mid_20_30,32,0.40625
CAID3 Disorder-NOX,IUPred3,DED,calibrated,0.75,long_gt30,131,0.5343511450381679
CAID3 Disorder-NOX,ESpritz-D,DED,literal,0.25,short_lt20,44,0.2727272727272727
CAID3 Disorder-NOX,ESpritz-D,DED,literal,0.25,mid_20_30,32,0.34375
CAID3 Disorder-NOX,ESpritz-D,DED,literal,0.25,long_gt30,131,0.4961832061068702
CAID3 Disorder-NOX,ESpritz-D,DED,literal,0.5,short_lt20,44,0.25
CAID3 Disorder-NOX,ESpritz-D,DED,literal,0.5,mid_20_30,32,0.28125
CAID3 Disorder-NOX,ESpritz-D,DED,literal,0.5,long_gt30,131,0.3969465648854962
CAID3 Disorder-NOX,ESpritz-D,DED,literal,0.75,short_lt20,44,0.22727272727272727
CAID3 Disorder-NOX,ESpritz-D,DED,literal,0.75,mid_20_30,32,0.1875
CAID3 Disorder-NOX,ESpritz-D,DED,literal,0.75,long_gt30,131,0.2366412213740458
CAID3 Disorder-NOX,ESpritz-D,DED,calibrated,0.25,short_lt20,44,0.4772727272727273
CAID3 Disorder-NOX,ESpritz-D,DED,calibrated,0.25,mid_20_30,32,0.65625
CAID3 Disorder-NOX,ESpritz-D,DED,calibrated,0.25,long_gt30,131,0.7022900763358778
CAID3 Disorder-NOX,ESpritz-D,DED,calibrated,0.5,short_lt20,44,0.4772727272727273
CAID3 Disorder-NOX,ESpritz-D,DED,calibrated,0.5,mid_20_30,32,0.625
CAID3 Disorder-NOX,ESpritz-D,DED,calibrated,0.5,long_gt30,131,0.6564885496183206
CAID3 Disorder-NOX,ESpritz-D,DED,calibrated,0.75,short_lt20,44,0.45454545454545453
CAID3 Disorder-NOX,ESpritz-D,DED,calibrated,0.75,mid_20_30,32,0.5625
CAID3 Disorder-NOX,ESpritz-D,DED,calibrated,0.75,long_gt30,131,0.5648854961832062
CAID3 Disorder-NOX,ESpritz-N,DED,literal,0.25,short_lt20,44,0.5227272727272727
CAID3 Disorder-NOX,ESpritz-N,DED,literal,0.25,mid_20_30,32,0.53125
CAID3 Disorder-NOX,ESpritz-N,DED,literal,0.25,long_gt30,131,0.7633587786259542
CAID3 Disorder-NOX,ESpritz-N,DED,literal,0.5,short_lt20,44,0.4318181818181818
CAID3 Disorder-NOX,ESpritz-N,DED,literal,0.5,mid_20_30,32,0.4375
CAID3 Disorder-NOX,ESpritz-N,DED,literal,0.5,long_gt30,131,0.5801526717557252
CAID3 Disorder-NOX,ESpritz-N,DED,literal,0.75,short_lt20,44,0.29545454545454547
CAID3 Disorder-NOX,ESpritz-N,DED,literal,0.75,mid_20_30,32,0.34375
CAID3 Disorder-NOX,ESpritz-N,DED,literal,0.75,long_gt30,131,0.3435114503816794
CAID3 Disorder-NOX,ESpritz-N,DED,calibrated,0.25,short_lt20,44,0.5909090909090909
CAID3 Disorder-NOX,ESpritz-N,DED,calibrated,0.25,mid_20_30,32,0.59375
CAID3 Disorder-NOX,ESpritz-N,DED,calibrated,0.25,long_gt30,131,0.7862595419847328
CAID3 Disorder-NOX,ESpritz-N,DED,calibrated,0.5,short_lt20,44,0.5227272727272727
CAID3 Disorder-NOX,ESpritz-N,DED,calibrated,0.5,mid_20_30,32,0.5
CAID3 Disorder-NOX,ESpritz-N,DED,calibrated,0.5,long_gt30,131,0.648854961832061
CAID3 Disorder-NOX,ESpritz-N,DED,calibrated,0.75,short_lt20,44,0.36363636363636365
CAID3 Disorder-NOX,ESpritz-N,DED,calibrated,0.75,mid_20_30,32,0.34375
CAID3 Disorder-NOX,ESpritz-N,DED,calibrated,0.75,long_gt30,131,0.45038167938931295
CAID3 Disorder-NOX,ESpritz-X,DED,literal,0.25,short_lt20,44,0.2727272727272727
CAID3 Disorder-NOX,ESpritz-X,DED,literal,0.25,mid_20_30,32,0.34375
CAID3 Disorder-NOX,ESpritz-X,DED,literal,0.25,long_gt30,131,0.42748091603053434
CAID3 Disorder-NOX,ESpritz-X,DED,literal,0.5,short_lt20,44,0.18181818181818182
CAID3 Disorder-NOX,ESpritz-X,DED,literal,0.5,mid_20_30,32,0.21875
CAID3 Disorder-NOX,ESpritz-X,DED,literal,0.5,long_gt30,131,0.2366412213740458
CAID3 Disorder-NOX,ESpritz-X,DED,literal,0.75,short_lt20,44,0.06818181818181818
CAID3 Disorder-NOX,ESpritz-X,DED,literal,0.75,mid_20_30,32,0.09375
CAID3 Disorder-NOX,ESpritz-X,DED,literal,0.75,long_gt30,131,0.1297709923664122
CAID3 Disorder-NOX,ESpritz-X,DED,calibrated,0.25,short_lt20,44,0.6136363636363636
CAID3 Disorder-NOX,ESpritz-X,DED,calibrated,0.25,mid_20_30,32,0.71875
CAID3 Disorder-NOX,ESpritz-X,DED,calibrated,0.25,long_gt30,131,0.816793893129771
CAID3 Disorder-NOX,ESpritz-X,DED,calibrated,0.5,short_lt20,44,0.5681818181818182
CAID3 Disorder-NOX,ESpritz-X,DED,calibrated,0.5,mid_20_30,32,0.59375
CAID3 Disorder-NOX,ESpritz-X,DED,calibrated,0.5,long_gt30,131,0.6717557251908397
CAID3 Disorder-NOX,ESpritz-X,DED,calibrated,0.75,short_lt20,44,0.5
CAID3 Disorder-NOX,ESpritz-X,DED,calibrated,0.75,mid_20_30,32,0.5
CAID3 Disorder-NOX,ESpritz-X,DED,calibrated,0.75,long_gt30,131,0.48091603053435117
CAID3 Disorder-NOX,MobiDB-lite,DED,literal,0.25,short_lt20,44,0.5454545454545454
CAID3 Disorder-NOX,MobiDB-lite,DED,literal,0.25,mid_20_30,32,0.59375
CAID3 Disorder-NOX,MobiDB-lite,DED,literal,0.25,long_gt30,131,0.8091603053435115
CAID3 Disorder-NOX,MobiDB-lite,DED,literal,0.5,short_lt20,44,0.4772727272727273
CAID3 Disorder-NOX,MobiDB-lite,DED,literal,0.5,mid_20_30,32,0.53125
CAID3 Disorder-NOX,MobiDB-lite,DED,literal,0.5,long_gt30,131,0.6641221374045801
CAID3 Disorder-NOX,MobiDB-lite,DED,literal,0.75,short_lt20,44,0.36363636363636365
CAID3 Disorder-NOX,MobiDB-lite,DED,literal,0.75,mid_20_30,32,0.375
CAID3 Disorder-NOX,MobiDB-lite,DED,literal,0.75,long_gt30,131,0.3893129770992366
CAID3 Disorder-NOX,MobiDB-lite,DED,calibrated,0.25,short_lt20,44,0.7045454545454546
CAID3 Disorder-NOX,MobiDB-lite,DED,calibrated,0.25,mid_20_30,32,0.71875
CAID3 Disorder-NOX,MobiDB-lite,DED,calibrated,0.25,long_gt30,131,0.8702290076335878
CAID3 Disorder-NOX,MobiDB-lite,DED,calibrated,0.5,short_lt20,44,0.5454545454545454
CAID3 Disorder-NOX,MobiDB-lite,DED,calibrated,0.5,mid_20_30,32,0.5625
CAID3 Disorder-NOX,MobiDB-lite,DED,calibrated,0.5,long_gt30,131,0.7251908396946565
CAID3 Disorder-NOX,MobiDB-lite,DED,calibrated,0.75,short_lt20,44,0.4318181818181818
CAID3 Disorder-NOX,MobiDB-lite,DED,calibrated,0.75,mid_20_30,32,0.5
CAID3 Disorder-NOX,MobiDB-lite,DED,calibrated,0.75,long_gt30,131,0.5190839694656488
CAID3 Disorder-NOX,flDPnn,DED,literal,0.25,short_lt20,44,0.4090909090909091
CAID3 Disorder-NOX,flDPnn,DED,literal,0.25,mid_20_30,32,0.5
CAID3 Disorder-NOX,flDPnn,DED,literal,0.25,long_gt30,131,0.5038167938931297
CAID3 Disorder-NOX,flDPnn,DED,literal,0.5,short_lt20,44,0.25
CAID3 Disorder-NOX,flDPnn,DED,literal,0.5,mid_20_30,32,0.375
CAID3 Disorder-NOX,flDPnn,DED,literal,0.5,long_gt30,131,0.366412213740458
CAID3 Disorder-NOX,flDPnn,DED,literal,0.75,short_lt20,44,0.20454545454545456
CAID3 Disorder-NOX,flDPnn,DED,literal,0.75,mid_20_30,32,0.25
CAID3 Disorder-NOX,flDPnn,DED,literal,0.75,long_gt30,131,0.25190839694656486
CAID3 Disorder-NOX,flDPnn,DED,calibrated,0.25,short_lt20,44,0.75
CAID3 Disorder-NOX,flDPnn,DED,calibrated,0.25,mid_20_30,32,0.78125
CAID3 Disorder-NOX,flDPnn,DED,calibrated,0.25,long_gt30,131,0.9007633587786259
CAID3 Disorder-NOX,flDPnn,DED,calibrated,0.5,short_lt20,44,0.6818181818181818
CAID3 Disorder-NOX,flDPnn,DED,calibrated,0.5,mid_20_30,32,0.65625
CAID3 Disorder-NOX,flDPnn,DED,calibrated,0.5,long_gt30,131,0.8244274809160306
CAID3 Disorder-NOX,flDPnn,DED,calibrated,0.75,short_lt20,44,0.5681818181818182
CAID3 Disorder-NOX,flDPnn,DED,calibrated,0.75,mid_20_30,32,0.59375
CAID3 Disorder-NOX,flDPnn,DED,calibrated,0.75,long_gt30,131,0.6870229007633588
CAID3 Disorder-NOX,flDPnn2,DED,literal,0.25,short_lt20,44,0.36363636363636365
CAID3 Disorder-NOX,flDPnn2,DED,literal,0.25,mid_20_30,32,0.53125
CAID3 Disorder-NOX,flDPnn2,DED,literal,0.25,long_gt30,131,0.5267175572519084
CAID3 Disorder-NOX,flDPnn2,DED,literal,0.5,short_lt20,44,0.3409090909090909
CAID3 Disorder-NOX,flDPnn2,DED,literal,0.5,mid_20_30,32,0.53125
CAID3 Disorder-NOX,flDPnn2,DED,literal,0.5,long_gt30,131,0.40458015267175573
CAID3 Disorder-NOX,flDPnn2,DED,literal,0.75,short_lt20,44,0.22727272727272727
CAID3 Disorder-NOX,flDPnn2,DED,literal,0.75,mid_20_30,32,0.4375
CAID3 Disorder-NOX,flDPnn2,DED,literal,0.75,long_gt30,131,0.25190839694656486
CAID3 Disorder-NOX,flDPnn2,DED,calibrated,0.25,short_lt20,44,0.5909090909090909
CAID3 Disorder-NOX,flDPnn2,DED,calibrated,0.25,mid_20_30,32,0.6875
CAID3 Disorder-NOX,flDPnn2,DED,calibrated,0.25,long_gt30,131,0.8778625954198473
CAID3 Disorder-NOX,flDPnn2,DED,calibrated,0.5,short_lt20,44,0.5681818181818182
CAID3 Disorder-NOX,flDPnn2,DED,calibrated,0.5,mid_20_30,32,0.6875
CAID3 Disorder-NOX,flDPnn2,DED,calibrated,0.5,long_gt30,131,0.7938931297709924
CAID3 Disorder-NOX,flDPnn2,DED,calibrated,0.75,short_lt20,44,0.5
CAID3 Disorder-NOX,flDPnn2,DED,calibrated,0.75,mid_20_30,32,0.65625
CAID3 Disorder-NOX,flDPnn2,DED,calibrated,0.75,long_gt30,131,0.6870229007633588
CAID3 Disorder-NOX,flDPnn3a,DED,literal,0.25,short_lt20,44,0.7727272727272727
CAID3 Disorder-NOX,flDPnn3a,DED,literal,0.25,mid_20_30,32,0.84375
CAID3 Disorder-NOX,flDPnn3a,DED,literal,0.25,long_gt30,131,0.8931297709923665
CAID3 Disorder-NOX,flDPnn3a,DED,literal,0.5,short_lt20,44,0.6818181818181818
CAID3 Disorder-NOX,flDPnn3a,DED,literal,0.5,mid_20_30,32,0.75
CAID3 Disorder-NOX,flDPnn3a,DED,literal,0.5,long_gt30,131,0.8473282442748091
CAID3 Disorder-NOX,flDPnn3a,DED,literal,0.75,short_lt20,44,0.6136363636363636
CAID3 Disorder-NOX,flDPnn3a,DED,literal,0.75,mid_20_30,32,0.75
CAID3 Disorder-NOX,flDPnn3a,DED,literal,0.75,long_gt30,131,0.7251908396946565
CAID3 Disorder-NOX,flDPnn3a,DED,calibrated,0.25,short_lt20,44,0.7727272727272727
CAID3 Disorder-NOX,flDPnn3a,DED,calibrated,0.25,mid_20_30,32,0.90625
CAID3 Disorder-NOX,flDPnn3a,DED,calibrated,0.25,long_gt30,131,0.9389312977099237
CAID3 Disorder-NOX,flDPnn3a,DED,calibrated,0.5,short_lt20,44,0.7272727272727273
CAID3 Disorder-NOX,flDPnn3a,DED,calibrated,0.5,mid_20_30,32,0.875
CAID3 Disorder-NOX,flDPnn3a,DED,calibrated,0.5,long_gt30,131,0.916030534351145
CAID3 Disorder-NOX,flDPnn3a,DED,calibrated,0.75,short_lt20,44,0.7045454545454546
CAID3 Disorder-NOX,flDPnn3a,DED,calibrated,0.75,mid_20_30,32,0.78125
CAID3 Disorder-NOX,flDPnn3a,DED,calibrated,0.75,long_gt30,131,0.8396946564885496
CAID3 Disorder-NOX,flDPnn3b,DED,literal,0.25,short_lt20,44,0.2727272727272727
CAID3 Disorder-NOX,flDPnn3b,DED,literal,0.25,mid_20_30,32,0.34375
CAID3 Disorder-NOX,flDPnn3b,DED,literal,0.25,long_gt30,131,0.40458015267175573
CAID3 Disorder-NOX,flDPnn3b,DED,literal,0.5,short_lt20,44,0.22727272727272727
CAID3 Disorder-NOX,flDPnn3b,DED,literal,0.5,mid_20_30,32,0.21875
CAID3 Disorder-NOX,flDPnn3b,DED,literal,0.5,long_gt30,131,0.3282442748091603
CAID3 Disorder-NOX,flDPnn3b,DED,literal,0.75,short_lt20,44,0.20454545454545456
CAID3 Disorder-NOX,flDPnn3b,DED,literal,0.75,mid_20_30,32,0.125
CAID3 Disorder-NOX,flDPnn3b,DED,literal,0.75,long_gt30,131,0.2366412213740458
CAID3 Disorder-NOX,flDPnn3b,DED,calibrated,0.25,short_lt20,44,0.75
CAID3 Disorder-NOX,flDPnn3b,DED,calibrated,0.25,mid_20_30,32,0.84375
CAID3 Disorder-NOX,flDPnn3b,DED,calibrated,0.25,long_gt30,131,0.8778625954198473
CAID3 Disorder-NOX,flDPnn3b,DED,calibrated,0.5,short_lt20,44,0.6590909090909091
CAID3 Disorder-NOX,flDPnn3b,DED,calibrated,0.5,mid_20_30,32,0.8125
CAID3 Disorder-NOX,flDPnn3b,DED,calibrated,0.5,long_gt30,131,0.8091603053435115
CAID3 Disorder-NOX,flDPnn3b,DED,calibrated,0.75,short_lt20,44,0.5909090909090909
CAID3 Disorder-NOX,flDPnn3b,DED,calibrated,0.75,mid_20_30,32,0.75
CAID3 Disorder-NOX,flDPnn3b,DED,calibrated,0.75,long_gt30,131,0.7099236641221374
CAID3 Disorder-NOX,DISOPRED3-diso,DED,literal,0.25,short_lt20,44,0.4318181818181818
CAID3 Disorder-NOX,DISOPRED3-diso,DED,literal,0.25,mid_20_30,32,0.53125
CAID3 Disorder-NOX,DISOPRED3-diso,DED,literal,0.25,long_gt30,131,0.8396946564885496
CAID3 Disorder-NOX,DISOPRED3-diso,DED,literal,0.5,short_lt20,44,0.38636363636363635
CAID3 Disorder-NOX,DISOPRED3-diso,DED,literal,0.5,mid_20_30,32,0.5
CAID3 Disorder-NOX,DISOPRED3-diso,DED,literal,0.5,long_gt30,131,0.732824427480916
CAID3 Disorder-NOX,DISOPRED3-diso,DED,literal,0.75,short_lt20,44,0.3181818181818182
CAID3 Disorder-NOX,DISOPRED3-diso,DED,literal,0.75,mid_20_30,32,0.40625
CAID3 Disorder-NOX,DISOPRED3-diso,DED,literal,0.75,long_gt30,131,0.48854961832061067
CAID3 Disorder-NOX,DISOPRED3-diso,DED,calibrated,0.25,short_lt20,44,0.5227272727272727
CAID3 Disorder-NOX,DISOPRED3-diso,DED,calibrated,0.25,mid_20_30,32,0.6875
CAID3 Disorder-NOX,DISOPRED3-diso,DED,calibrated,0.25,long_gt30,131,0.8778625954198473
CAID3 Disorder-NOX,DISOPRED3-diso,DED,calibrated,0.5,short_lt20,44,0.4318181818181818
CAID3 Disorder-NOX,DISOPRED3-diso,DED,calibrated,0.5,mid_20_30,32,0.5625
CAID3 Disorder-NOX,DISOPRED3-diso,DED,calibrated,0.5,long_gt30,131,0.816793893129771
CAID3 Disorder-NOX,DISOPRED3-diso,DED,calibrated,0.75,short_lt20,44,0.36363636363636365
CAID3 Disorder-NOX,DISOPRED3-diso,DED,calibrated,0.75,mid_20_30,32,0.46875
CAID3 Disorder-NOX,DISOPRED3-diso,DED,calibrated,0.75,long_gt30,131,0.6183206106870229
CAID3 Disorder-NOX,SETH-0,DED,literal,0.25,short_lt20,44,0.4772727272727273
CAID3 Disorder-NOX,SETH-0,DED,literal,0.25,mid_20_30,32,0.71875
CAID3 Disorder-NOX,SETH-0,DED,literal,0.25,long_gt30,131,0.9083969465648855
CAID3 Disorder-NOX,SETH-0,DED,literal,0.5,short_lt20,44,0.4090909090909091
CAID3 Disorder-NOX,SETH-0,DED,literal,0.5,mid_20_30,32,0.6875
CAID3 Disorder-NOX,SETH-0,DED,literal,0.5,long_gt30,131,0.7633587786259542
CAID3 Disorder-NOX,SETH-0,DED,literal,0.75,short_lt20,44,0.36363636363636365
CAID3 Disorder-NOX,SETH-0,DED,literal,0.75,mid_20_30,32,0.3125
CAID3 Disorder-NOX,SETH-0,DED,literal,0.75,long_gt30,131,0.5725190839694656
CAID3 Disorder-NOX,SETH-0,DED,calibrated,0.25,short_lt20,44,0.75
CAID3 Disorder-NOX,SETH-0,DED,calibrated,0.25,mid_20_30,32,0.9375
CAID3 Disorder-NOX,SETH-0,DED,calibrated,0.25,long_gt30,131,0.9465648854961832
CAID3 Disorder-NOX,SETH-0,DED,calibrated,0.5,short_lt20,44,0.5454545454545454
CAID3 Disorder-NOX,SETH-0,DED,calibrated,0.5,mid_20_30,32,0.8125
CAID3 Disorder-NOX,SETH-0,DED,calibrated,0.5,long_gt30,131,0.8931297709923665
CAID3 Disorder-NOX,SETH-0,DED,calibrated,0.75,short_lt20,44,0.45454545454545453
CAID3 Disorder-NOX,SETH-0,DED,calibrated,0.75,mid_20_30,32,0.71875
CAID3 Disorder-NOX,SETH-0,DED,calibrated,0.75,long_gt30,131,0.7938931297709924
CAID3 Disorder-NOX,SETH-1,DED,literal,0.25,short_lt20,44,0.5681818181818182
CAID3 Disorder-NOX,SETH-1,DED,literal,0.25,mid_20_30,32,0.78125
CAID3 Disorder-NOX,SETH-1,DED,literal,0.25,long_gt30,131,0.916030534351145
CAID3 Disorder-NOX,SETH-1,DED,literal,0.5,short_lt20,44,0.4772727272727273
CAID3 Disorder-NOX,SETH-1,DED,literal,0.5,mid_20_30,32,0.6875
CAID3 Disorder-NOX,SETH-1,DED,literal,0.5,long_gt30,131,0.8320610687022901
CAID3 Disorder-NOX,SETH-1,DED,literal,0.75,short_lt20,44,0.38636363636363635
CAID3 Disorder-NOX,SETH-1,DED,literal,0.75,mid_20_30,32,0.4375
CAID3 Disorder-NOX,SETH-1,DED,literal,0.75,long_gt30,131,0.6259541984732825
CAID3 Disorder-NOX,SETH-1,DED,calibrated,0.25,short_lt20,44,0.7727272727272727
CAID3 Disorder-NOX,SETH-1,DED,calibrated,0.25,mid_20_30,32,0.84375
CAID3 Disorder-NOX,SETH-1,DED,calibrated,0.25,long_gt30,131,0.9236641221374046
CAID3 Disorder-NOX,SETH-1,DED,calibrated,0.5,short_lt20,44,0.6136363636363636
CAID3 Disorder-NOX,SETH-1,DED,calibrated,0.5,mid_20_30,32,0.84375
CAID3 Disorder-NOX,SETH-1,DED,calibrated,0.5,long_gt30,131,0.8931297709923665
CAID3 Disorder-NOX,SETH-1,DED,calibrated,0.75,short_lt20,44,0.5227272727272727
CAID3 Disorder-NOX,SETH-1,DED,calibrated,0.75,mid_20_30,32,0.625
CAID3 Disorder-NOX,SETH-1,DED,calibrated,0.75,long_gt30,131,0.7709923664122137
CAID3 Disorder-NOX,VSL2,DED,literal,0.25,short_lt20,44,0.8409090909090909
CAID3 Disorder-NOX,VSL2,DED,literal,0.25,mid_20_30,32,0.84375
CAID3 Disorder-NOX,VSL2,DED,literal,0.25,long_gt30,131,0.9618320610687023
CAID3 Disorder-NOX,VSL2,DED,literal,0.5,short_lt20,44,0.6818181818181818
CAID3 Disorder-NOX,VSL2,DED,literal,0.5,mid_20_30,32,0.78125
CAID3 Disorder-NOX,VSL2,DED,literal,0.5,long_gt30,131,0.916030534351145
CAID3 Disorder-NOX,VSL2,DED,literal,0.75,short_lt20,44,0.5681818181818182
CAID3 Disorder-NOX,VSL2,DED,literal,0.75,mid_20_30,32,0.6875
CAID3 Disorder-NOX,VSL2,DED,literal,0.75,long_gt30,131,0.7633587786259542
CAID3 Disorder-NOX,VSL2,DED,calibrated,0.25,short_lt20,44,0.7045454545454546
CAID3 Disorder-NOX,VSL2,DED,calibrated,0.25,mid_20_30,32,0.75
CAID3 Disorder-NOX,VSL2,DED,calibrated,0.25,long_gt30,131,0.9007633587786259
CAID3 Disorder-NOX,VSL2,DED,calibrated,0.5,short_lt20,44,0.5227272727272727
CAID3 Disorder-NOX,VSL2,DED,calibrated,0.5,mid_20_30,32,0.65625
CAID3 Disorder-NOX,VSL2,DED,calibrated,0.5,long_gt30,131,0.8473282442748091
CAID3 Disorder-NOX,VSL2,DED,calibrated,0.75,short_lt20,44,0.4090909090909091
CAID3 Disorder-NOX,VSL2,DED,calibrated,0.75,mid_20_30,32,0.53125
CAID3 Disorder-NOX,VSL2,DED,calibrated,0.75,long_gt30,131,0.6564885496183206
CAID3 Disorder-NOX,SPOT-Disorder,DED,literal,0.25,short_lt20,44,0.5909090909090909
CAID3 Disorder-NOX,SPOT-Disorder,DED,literal,0.25,mid_20_30,32,0.6875
CAID3 Disorder-NOX,SPOT-Disorder,DED,literal,0.25,long_gt30,131,0.8854961832061069
CAID3 Disorder-NOX,SPOT-Disorder,DED,literal,0.5,short_lt20,44,0.5227272727272727
CAID3 Disorder-NOX,SPOT-Disorder,DED,literal,0.5,mid_20_30,32,0.625
CAID3 Disorder-NOX,SPOT-Disorder,DED,literal,0.5,long_gt30,131,0.8015267175572519
CAID3 Disorder-NOX,SPOT-Disorder,DED,literal,0.75,short_lt20,44,0.4318181818181818
CAID3 Disorder-NOX,SPOT-Disorder,DED,literal,0.75,mid_20_30,32,0.4375
CAID3 Disorder-NOX,SPOT-Disorder,DED,literal,0.75,long_gt30,131,0.648854961832061
CAID3 Disorder-NOX,SPOT-Disorder,DED,calibrated,0.25,short_lt20,44,0.5909090909090909
CAID3 Disorder-NOX,SPOT-Disorder,DED,calibrated,0.25,mid_20_30,32,0.6875
CAID3 Disorder-NOX,SPOT-Disorder,DED,calibrated,0.25,long_gt30,131,0.9083969465648855
CAID3 Disorder-NOX,SPOT-Disorder,DED,calibrated,0.5,short_lt20,44,0.5454545454545454
CAID3 Disorder-NOX,SPOT-Disorder,DED,calibrated,0.5,mid_20_30,32,0.625
CAID3 Disorder-NOX,SPOT-Disorder,DED,calibrated,0.5,long_gt30,131,0.8091603053435115
CAID3 Disorder-NOX,SPOT-Disorder,DED,calibrated,0.75,short_lt20,44,0.45454545454545453
CAID3 Disorder-NOX,SPOT-Disorder,DED,calibrated,0.75,mid_20_30,32,0.53125
CAID3 Disorder-NOX,SPOT-Disorder,DED,calibrated,0.75,long_gt30,131,0.6793893129770993
CAID3 Disorder-NOX,SPOT-Disorder2,DED,literal,0.25,short_lt20,44,0.5227272727272727
CAID3 Disorder-NOX,SPOT-Disorder2,DED,literal,0.25,mid_20_30,32,0.8125
CAID3 Disorder-NOX,SPOT-Disorder2,DED,literal,0.25,long_gt30,131,0.9007633587786259
CAID3 Disorder-NOX,SPOT-Disorder2,DED,literal,0.5,short_lt20,44,0.4090909090909091
CAID3 Disorder-NOX,SPOT-Disorder2,DED,literal,0.5,mid_20_30,32,0.71875
CAID3 Disorder-NOX,SPOT-Disorder2,DED,literal,0.5,long_gt30,131,0.8473282442748091
CAID3 Disorder-NOX,SPOT-Disorder2,DED,literal,0.75,short_lt20,44,0.36363636363636365
CAID3 Disorder-NOX,SPOT-Disorder2,DED,literal,0.75,mid_20_30,32,0.4375
CAID3 Disorder-NOX,SPOT-Disorder2,DED,literal,0.75,long_gt30,131,0.6870229007633588
CAID3 Disorder-NOX,SPOT-Disorder2,DED,calibrated,0.25,short_lt20,44,0.5454545454545454
CAID3 Disorder-NOX,SPOT-Disorder2,DED,calibrated,0.25,mid_20_30,32,0.8125
CAID3 Disorder-NOX,SPOT-Disorder2,DED,calibrated,0.25,long_gt30,131,0.916030534351145
CAID3 Disorder-NOX,SPOT-Disorder2,DED,calibrated,0.5,short_lt20,44,0.4318181818181818
CAID3 Disorder-NOX,SPOT-Disorder2,DED,calibrated,0.5,mid_20_30,32,0.75
CAID3 Disorder-NOX,SPOT-Disorder2,DED,calibrated,0.5,long_gt30,131,0.8625954198473282
CAID3 Disorder-NOX,SPOT-Disorder2,DED,calibrated,0.75,short_lt20,44,0.36363636363636365
CAID3 Disorder-NOX,SPOT-Disorder2,DED,calibrated,0.75,mid_20_30,32,0.4375
CAID3 Disorder-NOX,SPOT-Disorder2,DED,calibrated,0.75,long_gt30,131,0.7099236641221374
CAID3 Disorder-NOX,SPOT-Disorder-Single,DED,literal,0.25,short_lt20,44,0.38636363636363635
CAID3 Disorder-NOX,SPOT-Disorder-Single,DED,literal,0.25,mid_20_30,32,0.5
CAID3 Disorder-NOX,SPOT-Disorder-Single,DED,literal,0.25,long_gt30,131,0.732824427480916
CAID3 Disorder-NOX,SPOT-Disorder-Single,DED,literal,0.5,short_lt20,44,0.3409090909090909
CAID3 Disorder-NOX,SPOT-Disorder-Single,DED,literal,0.5,mid_20_30,32,0.46875
CAID3 Disorder-NOX,SPOT-Disorder-Single,DED,literal,0.5,long_gt30,131,0.5877862595419847
CAID3 Disorder-NOX,SPOT-Disorder-Single,DED,literal,0.75,short_lt20,44,0.2727272727272727
CAID3 Disorder-NOX,SPOT-Disorder-Single,DED,literal,0.75,mid_20_30,32,0.28125
CAID3 Disorder-NOX,SPOT-Disorder-Single,DED,literal,0.75,long_gt30,131,0.4122137404580153
CAID3 Disorder-NOX,SPOT-Disorder-Single,DED,calibrated,0.25,short_lt20,44,0.6136363636363636
CAID3 Disorder-NOX,SPOT-Disorder-Single,DED,calibrated,0.25,mid_20_30,32,0.78125
CAID3 Disorder-NOX,SPOT-Disorder-Single,DED,calibrated,0.25,long_gt30,131,0.8625954198473282
CAID3 Disorder-NOX,SPOT-Disorder-Single,DED,calibrated,0.5,short_lt20,44,0.5681818181818182
CAID3 Disorder-NOX,SPOT-Disorder-Single,DED,calibrated,0.5,mid_20_30,32,0.6875
CAID3 Disorder-NOX,SPOT-Disorder-Single,DED,calibrated,0.5,long_gt30,131,0.7938931297709924
CAID3 Disorder-NOX,SPOT-Disorder-Single,DED,calibrated,0.75,short_lt20,44,0.5
CAID3 Disorder-NOX,SPOT-Disorder-Single,DED,calibrated,0.75,mid_20_30,32,0.625
CAID3 Disorder-NOX,SPOT-Disorder-Single,DED,calibrated,0.75,long_gt30,131,0.6183206106870229
CAID3 Disorder-NOX,DisEMBL-dis465,DED,literal,0.25,short_lt20,44,0.5909090909090909
CAID3 Disorder-NOX,DisEMBL-dis465,DED,literal,0.25,mid_20_30,32,0.625
CAID3 Disorder-NOX,DisEMBL-dis465,DED,literal,0.25,long_gt30,131,0.7251908396946565
CAID3 Disorder-NOX,DisEMBL-dis465,DED,literal,0.5,short_lt20,44,0.45454545454545453
CAID3 Disorder-NOX,DisEMBL-dis465,DED,literal,0.5,mid_20_30,32,0.40625
CAID3 Disorder-NOX,DisEMBL-dis465,DED,literal,0.5,long_gt30,131,0.3816793893129771
CAID3 Disorder-NOX,DisEMBL-dis465,DED,literal,0.75,short_lt20,44,0.25
CAID3 Disorder-NOX,DisEMBL-dis465,DED,literal,0.75,mid_20_30,32,0.25
CAID3 Disorder-NOX,DisEMBL-dis465,DED,literal,0.75,long_gt30,131,0.1450381679389313
CAID3 Disorder-NOX,DisEMBL-dis465,DED,calibrated,0.25,short_lt20,44,0.7045454545454546
CAID3 Disorder-NOX,DisEMBL-dis465,DED,calibrated,0.25,mid_20_30,32,0.84375
CAID3 Disorder-NOX,DisEMBL-dis465,DED,calibrated,0.25,long_gt30,131,0.9236641221374046
CAID3 Disorder-NOX,DisEMBL-dis465,DED,calibrated,0.5,short_lt20,44,0.7045454545454546
CAID3 Disorder-NOX,DisEMBL-dis465,DED,calibrated,0.5,mid_20_30,32,0.71875
CAID3 Disorder-NOX,DisEMBL-dis465,DED,calibrated,0.5,long_gt30,131,0.7633587786259542
CAID3 Disorder-NOX,DisEMBL-dis465,DED,calibrated,0.75,short_lt20,44,0.5681818181818182
CAID3 Disorder-NOX,DisEMBL-dis465,DED,calibrated,0.75,mid_20_30,32,0.53125
CAID3 Disorder-NOX,DisEMBL-dis465,DED,calibrated,0.75,long_gt30,131,0.4351145038167939
CAID3 Disorder-NOX,DisEMBL-disHL,DED,literal,0.25,short_lt20,44,0.0
CAID3 Disorder-NOX,DisEMBL-disHL,DED,literal,0.25,mid_20_30,32,0.0
CAID3 Disorder-NOX,DisEMBL-disHL,DED,literal,0.25,long_gt30,131,0.0
CAID3 Disorder-NOX,DisEMBL-disHL,DED,literal,0.5,short_lt20,44,0.0
CAID3 Disorder-NOX,DisEMBL-disHL,DED,literal,0.5,mid_20_30,32,0.0
CAID3 Disorder-NOX,DisEMBL-disHL,DED,literal,0.5,long_gt30,131,0.0
CAID3 Disorder-NOX,DisEMBL-disHL,DED,literal,0.75,short_lt20,44,0.0
CAID3 Disorder-NOX,DisEMBL-disHL,DED,literal,0.75,mid_20_30,32,0.0
CAID3 Disorder-NOX,DisEMBL-disHL,DED,literal,0.75,long_gt30,131,0.0
CAID3 Disorder-NOX,DisEMBL-disHL,DED,calibrated,0.25,short_lt20,44,0.5454545454545454
CAID3 Disorder-NOX,DisEMBL-disHL,DED,calibrated,0.25,mid_20_30,32,0.8125
CAID3 Disorder-NOX,DisEMBL-disHL,DED,calibrated,0.25,long_gt30,131,0.5801526717557252
CAID3 Disorder-NOX,DisEMBL-disHL,DED,calibrated,0.5,short_lt20,44,0.4318181818181818
CAID3 Disorder-NOX,DisEMBL-disHL,DED,calibrated,0.5,mid_20_30,32,0.4375
CAID3 Disorder-NOX,DisEMBL-disHL,DED,calibrated,0.5,long_gt30,131,0.31297709923664124
CAID3 Disorder-NOX,DisEMBL-disHL,DED,calibrated,0.75,short_lt20,44,0.3181818181818182
CAID3 Disorder-NOX,DisEMBL-disHL,DED,calibrated,0.75,mid_20_30,32,0.1875
CAID3 Disorder-NOX,DisEMBL-disHL,DED,calibrated,0.75,long_gt30,131,0.09923664122137404
CAID3 Disorder-NOX,IsUnstruct,DED,literal,0.25,short_lt20,44,0.6818181818181818
CAID3 Disorder-NOX,IsUnstruct,DED,literal,0.25,mid_20_30,32,0.875
CAID3 Disorder-NOX,IsUnstruct,DED,literal,0.25,long_gt30,131,0.9236641221374046
CAID3 Disorder-NOX,IsUnstruct,DED,literal,0.5,short_lt20,44,0.6136363636363636
CAID3 Disorder-NOX,IsUnstruct,DED,literal,0.5,mid_20_30,32,0.78125
CAID3 Disorder-NOX,IsUnstruct,DED,literal,0.5,long_gt30,131,0.8473282442748091
CAID3 Disorder-NOX,IsUnstruct,DED,literal,0.75,short_lt20,44,0.5681818181818182
CAID3 Disorder-NOX,IsUnstruct,DED,literal,0.75,mid_20_30,32,0.71875
CAID3 Disorder-NOX,IsUnstruct,DED,literal,0.75,long_gt30,131,0.6717557251908397
CAID3 Disorder-NOX,IsUnstruct,DED,calibrated,0.25,short_lt20,44,0.5454545454545454
CAID3 Disorder-NOX,IsUnstruct,DED,calibrated,0.25,mid_20_30,32,0.71875
CAID3 Disorder-NOX,IsUnstruct,DED,calibrated,0.25,long_gt30,131,0.8702290076335878
CAID3 Disorder-NOX,IsUnstruct,DED,calibrated,0.5,short_lt20,44,0.4772727272727273
CAID3 Disorder-NOX,IsUnstruct,DED,calibrated,0.5,mid_20_30,32,0.625
CAID3 Disorder-NOX,IsUnstruct,DED,calibrated,0.5,long_gt30,131,0.7175572519083969
CAID3 Disorder-NOX,IsUnstruct,DED,calibrated,0.75,short_lt20,44,0.4318181818181818
CAID3 Disorder-NOX,IsUnstruct,DED,calibrated,0.75,mid_20_30,32,0.53125
CAID3 Disorder-NOX,IsUnstruct,DED,calibrated,0.75,long_gt30,131,0.5114503816793893
CAID3 Disorder-NOX,RONN,DED,literal,0.25,short_lt20,44,0.6363636363636364
CAID3 Disorder-NOX,RONN,DED,literal,0.25,mid_20_30,32,0.78125
CAID3 Disorder-NOX,RONN,DED,literal,0.25,long_gt30,131,0.9541984732824428
CAID3 Disorder-NOX,RONN,DED,literal,0.5,short_lt20,44,0.5454545454545454
CAID3 Disorder-NOX,RONN,DED,literal,0.5,mid_20_30,32,0.75
CAID3 Disorder-NOX,RONN,DED,literal,0.5,long_gt30,131,0.8625954198473282
CAID3 Disorder-NOX,RONN,DED,literal,0.75,short_lt20,44,0.36363636363636365
CAID3 Disorder-NOX,RONN,DED,literal,0.75,mid_20_30,32,0.625
CAID3 Disorder-NOX,RONN,DED,literal,0.75,long_gt30,131,0.6335877862595419
CAID3 Disorder-NOX,RONN,DED,calibrated,0.25,short_lt20,44,0.5681818181818182
CAID3 Disorder-NOX,RONN,DED,calibrated,0.25,mid_20_30,32,0.71875
CAID3 Disorder-NOX,RONN,DED,calibrated,0.25,long_gt30,131,0.9465648854961832
CAID3 Disorder-NOX,RONN,DED,calibrated,0.5,short_lt20,44,0.45454545454545453
CAID3 Disorder-NOX,RONN,DED,calibrated,0.5,mid_20_30,32,0.6875
CAID3 Disorder-NOX,RONN,DED,calibrated,0.5,long_gt30,131,0.8091603053435115
CAID3 Disorder-NOX,RONN,DED,calibrated,0.75,short_lt20,44,0.36363636363636365
CAID3 Disorder-NOX,RONN,DED,calibrated,0.75,mid_20_30,32,0.5625
CAID3 Disorder-NOX,RONN,DED,calibrated,0.75,long_gt30,131,0.5877862595419847
CAID3 Disorder-NOX,PreDisorder,DED,literal,0.25,short_lt20,44,0.7954545454545454
CAID3 Disorder-NOX,PreDisorder,DED,literal,0.25,mid_20_30,32,0.875
CAID3 Disorder-NOX,PreDisorder,DED,literal,0.25,long_gt30,131,0.9541984732824428
CAID3 Disorder-NOX,PreDisorder,DED,literal,0.5,short_lt20,44,0.6818181818181818
CAID3 Disorder-NOX,PreDisorder,DED,literal,0.5,mid_20_30,32,0.78125
CAID3 Disorder-NOX,PreDisorder,DED,literal,0.5,long_gt30,131,0.9083969465648855
CAID3 Disorder-NOX,PreDisorder,DED,literal,0.75,short_lt20,44,0.6363636363636364
CAID3 Disorder-NOX,PreDisorder,DED,literal,0.75,mid_20_30,32,0.71875
CAID3 Disorder-NOX,PreDisorder,DED,literal,0.75,long_gt30,131,0.7633587786259542
CAID3 Disorder-NOX,PreDisorder,DED,calibrated,0.25,short_lt20,44,0.6818181818181818
CAID3 Disorder-NOX,PreDisorder,DED,calibrated,0.25,mid_20_30,32,0.75
CAID3 Disorder-NOX,PreDisorder,DED,calibrated,0.25,long_gt30,131,0.8778625954198473
CAID3 Disorder-NOX,PreDisorder,DED,calibrated,0.5,short_lt20,44,0.5681818181818182
CAID3 Disorder-NOX,PreDisorder,DED,calibrated,0.5,mid_20_30,32,0.6875
CAID3 Disorder-NOX,PreDisorder,DED,calibrated,0.5,long_gt30,131,0.7709923664122137
CAID3 Disorder-NOX,PreDisorder,DED,calibrated,0.75,short_lt20,44,0.5227272727272727
CAID3 Disorder-NOX,PreDisorder,DED,calibrated,0.75,mid_20_30,32,0.59375
CAID3 Disorder-NOX,PreDisorder,DED,calibrated,0.75,long_gt30,131,0.5725190839694656
CAID3 Disorder-NOX,OPAL,DED,literal,0.25,short_lt20,44,0.7954545454545454
CAID3 Disorder-NOX,OPAL,DED,literal,0.25,mid_20_30,32,0.96875
CAID3 Disorder-NOX,OPAL,DED,literal,0.25,long_gt30,131,0.9618320610687023
CAID3 Disorder-NOX,OPAL,DED,literal,0.5,short_lt20,44,0.7727272727272727
CAID3 Disorder-NOX,OPAL,DED,literal,0.5,mid_20_30,32,0.96875
CAID3 Disorder-NOX,OPAL,DED,literal,0.5,long_gt30,131,0.9083969465648855
CAID3 Disorder-NOX,OPAL,DED,literal,0.75,short_lt20,44,0.7272727272727273
CAID3 Disorder-NOX,OPAL,DED,literal,0.75,mid_20_30,32,0.96875
CAID3 Disorder-NOX,OPAL,DED,literal,0.75,long_gt30,131,0.7938931297709924
CAID3 Disorder-NOX,OPAL,DED,calibrated,0.25,short_lt20,44,0.6590909090909091
CAID3 Disorder-NOX,OPAL,DED,calibrated,0.25,mid_20_30,32,0.96875
CAID3 Disorder-NOX,OPAL,DED,calibrated,0.25,long_gt30,131,0.8473282442748091
CAID3 Disorder-NOX,OPAL,DED,calibrated,0.5,short_lt20,44,0.6363636363636364
CAID3 Disorder-NOX,OPAL,DED,calibrated,0.5,mid_20_30,32,0.9375
CAID3 Disorder-NOX,OPAL,DED,calibrated,0.5,long_gt30,131,0.732824427480916
CAID3 Disorder-NOX,OPAL,DED,calibrated,0.75,short_lt20,44,0.6136363636363636
CAID3 Disorder-NOX,OPAL,DED,calibrated,0.75,mid_20_30,32,0.875
CAID3 Disorder-NOX,OPAL,DED,calibrated,0.75,long_gt30,131,0.5343511450381679
CAID3 Disorder-NOX,pyHCA,DED,literal,0.25,short_lt20,44,0.3409090909090909
CAID3 Disorder-NOX,pyHCA,DED,literal,0.25,mid_20_30,32,0.34375
CAID3 Disorder-NOX,pyHCA,DED,literal,0.25,long_gt30,131,0.5954198473282443
CAID3 Disorder-NOX,pyHCA,DED,literal,0.5,short_lt20,44,0.22727272727272727
CAID3 Disorder-NOX,pyHCA,DED,literal,0.5,mid_20_30,32,0.28125
CAID3 Disorder-NOX,pyHCA,DED,literal,0.5,long_gt30,131,0.33587786259541985
CAID3 Disorder-NOX,pyHCA,DED,literal,0.75,short_lt20,44,0.11363636363636363
CAID3 Disorder-NOX,pyHCA,DED,literal,0.75,mid_20_30,32,0.125
CAID3 Disorder-NOX,pyHCA,DED,literal,0.75,long_gt30,131,0.1984732824427481
CAID3 Disorder-NOX,pyHCA,DED,calibrated,0.25,short_lt20,44,0.5454545454545454
CAID3 Disorder-NOX,pyHCA,DED,calibrated,0.25,mid_20_30,32,0.5625
CAID3 Disorder-NOX,pyHCA,DED,calibrated,0.25,long_gt30,131,0.8473282442748091
CAID3 Disorder-NOX,pyHCA,DED,calibrated,0.5,short_lt20,44,0.4318181818181818
CAID3 Disorder-NOX,pyHCA,DED,calibrated,0.5,mid_20_30,32,0.53125
CAID3 Disorder-NOX,pyHCA,DED,calibrated,0.5,long_gt30,131,0.732824427480916
CAID3 Disorder-NOX,pyHCA,DED,calibrated,0.75,short_lt20,44,0.3181818181818182
CAID3 Disorder-NOX,pyHCA,DED,calibrated,0.75,mid_20_30,32,0.40625
CAID3 Disorder-NOX,pyHCA,DED,calibrated,0.75,long_gt30,131,0.5572519083969466
CAID3 Disorder-NOX,DeepIDP-2L,DED,literal,0.25,short_lt20,44,0.6590909090909091
CAID3 Disorder-NOX,DeepIDP-2L,DED,literal,0.25,mid_20_30,32,0.71875
CAID3 Disorder-NOX,DeepIDP-2L,DED,literal,0.25,long_gt30,131,0.8702290076335878
CAID3 Disorder-NOX,DeepIDP-2L,DED,literal,0.5,short_lt20,44,0.5909090909090909
CAID3 Disorder-NOX,DeepIDP-2L,DED,literal,0.5,mid_20_30,32,0.625
CAID3 Disorder-NOX,DeepIDP-2L,DED,literal,0.5,long_gt30,131,0.7709923664122137
CAID3 Disorder-NOX,DeepIDP-2L,DED,literal,0.75,short_lt20,44,0.45454545454545453
CAID3 Disorder-NOX,DeepIDP-2L,DED,literal,0.75,mid_20_30,32,0.625
CAID3 Disorder-NOX,DeepIDP-2L,DED,literal,0.75,long_gt30,131,0.6717557251908397
CAID3 Disorder-NOX,DeepIDP-2L,DED,calibrated,0.25,short_lt20,44,0.5909090909090909
CAID3 Disorder-NOX,DeepIDP-2L,DED,calibrated,0.25,mid_20_30,32,0.65625
CAID3 Disorder-NOX,DeepIDP-2L,DED,calibrated,0.25,long_gt30,131,0.8244274809160306
CAID3 Disorder-NOX,DeepIDP-2L,DED,calibrated,0.5,short_lt20,44,0.5227272727272727
CAID3 Disorder-NOX,DeepIDP-2L,DED,calibrated,0.5,mid_20_30,32,0.625
CAID3 Disorder-NOX,DeepIDP-2L,DED,calibrated,0.5,long_gt30,131,0.7404580152671756
CAID3 Disorder-NOX,DeepIDP-2L,DED,calibrated,0.75,short_lt20,44,0.38636363636363635
CAID3 Disorder-NOX,DeepIDP-2L,DED,calibrated,0.75,mid_20_30,32,0.53125
CAID3 Disorder-NOX,DeepIDP-2L,DED,calibrated,0.75,long_gt30,131,0.6030534351145038
CAID3 Disorder-NOX,PredIDR-long,DED,literal,0.25,short_lt20,44,0.6818181818181818
CAID3 Disorder-NOX,PredIDR-long,DED,literal,0.25,mid_20_30,32,0.875
CAID3 Disorder-NOX,PredIDR-long,DED,literal,0.25,long_gt30,131,0.9465648854961832
CAID3 Disorder-NOX,PredIDR-long,DED,literal,0.5,short_lt20,44,0.5681818181818182
CAID3 Disorder-NOX,PredIDR-long,DED,literal,0.5,mid_20_30,32,0.84375
CAID3 Disorder-NOX,PredIDR-long,DED,literal,0.5,long_gt30,131,0.8778625954198473
CAID3 Disorder-NOX,PredIDR-long,DED,literal,0.75,short_lt20,44,0.4772727272727273
CAID3 Disorder-NOX,PredIDR-long,DED,literal,0.75,mid_20_30,32,0.75
CAID3 Disorder-NOX,PredIDR-long,DED,literal,0.75,long_gt30,131,0.8091603053435115
CAID3 Disorder-NOX,PredIDR-long,DED,calibrated,0.25,short_lt20,44,0.75
CAID3 Disorder-NOX,PredIDR-long,DED,calibrated,0.25,mid_20_30,32,0.90625
CAID3 Disorder-NOX,PredIDR-long,DED,calibrated,0.25,long_gt30,131,0.9694656488549618
CAID3 Disorder-NOX,PredIDR-long,DED,calibrated,0.5,short_lt20,44,0.7045454545454546
CAID3 Disorder-NOX,PredIDR-long,DED,calibrated,0.5,mid_20_30,32,0.875
CAID3 Disorder-NOX,PredIDR-long,DED,calibrated,0.5,long_gt30,131,0.916030534351145
CAID3 Disorder-NOX,PredIDR-long,DED,calibrated,0.75,short_lt20,44,0.5454545454545454
CAID3 Disorder-NOX,PredIDR-long,DED,calibrated,0.75,mid_20_30,32,0.84375
CAID3 Disorder-NOX,PredIDR-long,DED,calibrated,0.75,long_gt30,131,0.8702290076335878
CAID3 Disorder-NOX,PredIDR-short,DED,literal,0.25,short_lt20,44,0.7954545454545454
CAID3 Disorder-NOX,PredIDR-short,DED,literal,0.25,mid_20_30,32,0.90625
CAID3 Disorder-NOX,PredIDR-short,DED,literal,0.25,long_gt30,131,0.9541984732824428
CAID3 Disorder-NOX,PredIDR-short,DED,literal,0.5,short_lt20,44,0.7272727272727273
CAID3 Disorder-NOX,PredIDR-short,DED,literal,0.5,mid_20_30,32,0.875
CAID3 Disorder-NOX,PredIDR-short,DED,literal,0.5,long_gt30,131,0.8931297709923665
CAID3 Disorder-NOX,PredIDR-short,DED,literal,0.75,short_lt20,44,0.5227272727272727
CAID3 Disorder-NOX,PredIDR-short,DED,literal,0.75,mid_20_30,32,0.6875
CAID3 Disorder-NOX,PredIDR-short,DED,literal,0.75,long_gt30,131,0.7938931297709924
CAID3 Disorder-NOX,PredIDR-short,DED,calibrated,0.25,short_lt20,44,0.8181818181818182
CAID3 Disorder-NOX,PredIDR-short,DED,calibrated,0.25,mid_20_30,32,0.9375
CAID3 Disorder-NOX,PredIDR-short,DED,calibrated,0.25,long_gt30,131,0.9618320610687023
CAID3 Disorder-NOX,PredIDR-short,DED,calibrated,0.5,short_lt20,44,0.7727272727272727
CAID3 Disorder-NOX,PredIDR-short,DED,calibrated,0.5,mid_20_30,32,0.90625
CAID3 Disorder-NOX,PredIDR-short,DED,calibrated,0.5,long_gt30,131,0.916030534351145
CAID3 Disorder-NOX,PredIDR-short,DED,calibrated,0.75,short_lt20,44,0.6136363636363636
CAID3 Disorder-NOX,PredIDR-short,DED,calibrated,0.75,mid_20_30,32,0.78125
CAID3 Disorder-NOX,PredIDR-short,DED,calibrated,0.75,long_gt30,131,0.8625954198473282
CAID3 Disorder-NOX,PredIDR2-Prof-Art,DED,literal,0.25,short_lt20,44,0.6363636363636364
CAID3 Disorder-NOX,PredIDR2-Prof-Art,DED,literal,0.25,mid_20_30,32,0.90625
CAID3 Disorder-NOX,PredIDR2-Prof-Art,DED,literal,0.25,long_gt30,131,0.9618320610687023
CAID3 Disorder-NOX,PredIDR2-Prof-Art,DED,literal,0.5,short_lt20,44,0.6136363636363636
CAID3 Disorder-NOX,PredIDR2-Prof-Art,DED,literal,0.5,mid_20_30,32,0.875
CAID3 Disorder-NOX,PredIDR2-Prof-Art,DED,literal,0.5,long_gt30,131,0.916030534351145
CAID3 Disorder-NOX,PredIDR2-Prof-Art,DED,literal,0.75,short_lt20,44,0.5
CAID3 Disorder-NOX,PredIDR2-Prof-Art,DED,literal,0.75,mid_20_30,32,0.71875
CAID3 Disorder-NOX,PredIDR2-Prof-Art,DED,literal,0.75,long_gt30,131,0.8702290076335878
CAID3 Disorder-NOX,PredIDR2-Prof-Art,DED,calibrated,0.25,short_lt20,44,0.3181818181818182
CAID3 Disorder-NOX,PredIDR2-Prof-Art,DED,calibrated,0.25,mid_20_30,32,0.53125
CAID3 Disorder-NOX,PredIDR2-Prof-Art,DED,calibrated,0.25,long_gt30,131,0.8778625954198473
CAID3 Disorder-NOX,PredIDR2-Prof-Art,DED,calibrated,0.5,short_lt20,44,0.22727272727272727
CAID3 Disorder-NOX,PredIDR2-Prof-Art,DED,calibrated,0.5,mid_20_30,32,0.40625
CAID3 Disorder-NOX,PredIDR2-Prof-Art,DED,calibrated,0.5,long_gt30,131,0.8091603053435115
CAID3 Disorder-NOX,PredIDR2-Prof-Art,DED,calibrated,0.75,short_lt20,44,0.11363636363636363
CAID3 Disorder-NOX,PredIDR2-Prof-Art,DED,calibrated,0.75,mid_20_30,32,0.25
CAID3 Disorder-NOX,PredIDR2-Prof-Art,DED,calibrated,0.75,long_gt30,131,0.6564885496183206
CAID3 Disorder-NOX,PredIDR2-Seq-Art,DED,literal,0.25,short_lt20,44,0.5454545454545454
CAID3 Disorder-NOX,PredIDR2-Seq-Art,DED,literal,0.25,mid_20_30,32,0.8125
CAID3 Disorder-NOX,PredIDR2-Seq-Art,DED,literal,0.25,long_gt30,131,0.9618320610687023
CAID3 Disorder-NOX,PredIDR2-Seq-Art,DED,literal,0.5,short_lt20,44,0.4772727272727273
CAID3 Disorder-NOX,PredIDR2-Seq-Art,DED,literal,0.5,mid_20_30,32,0.75
CAID3 Disorder-NOX,PredIDR2-Seq-Art,DED,literal,0.5,long_gt30,131,0.9389312977099237
CAID3 Disorder-NOX,PredIDR2-Seq-Art,DED,literal,0.75,short_lt20,44,0.4318181818181818
CAID3 Disorder-NOX,PredIDR2-Seq-Art,DED,literal,0.75,mid_20_30,32,0.59375
CAID3 Disorder-NOX,PredIDR2-Seq-Art,DED,literal,0.75,long_gt30,131,0.8778625954198473
CAID3 Disorder-NOX,PredIDR2-Seq-Art,DED,calibrated,0.25,short_lt20,44,0.3409090909090909
CAID3 Disorder-NOX,PredIDR2-Seq-Art,DED,calibrated,0.25,mid_20_30,32,0.65625
CAID3 Disorder-NOX,PredIDR2-Seq-Art,DED,calibrated,0.25,long_gt30,131,0.9007633587786259
CAID3 Disorder-NOX,PredIDR2-Seq-Art,DED,calibrated,0.5,short_lt20,44,0.3181818181818182
CAID3 Disorder-NOX,PredIDR2-Seq-Art,DED,calibrated,0.5,mid_20_30,32,0.59375
CAID3 Disorder-NOX,PredIDR2-Seq-Art,DED,calibrated,0.5,long_gt30,131,0.8549618320610687
CAID3 Disorder-NOX,PredIDR2-Seq-Art,DED,calibrated,0.75,short_lt20,44,0.1590909090909091
CAID3 Disorder-NOX,PredIDR2-Seq-Art,DED,calibrated,0.75,mid_20_30,32,0.40625
CAID3 Disorder-NOX,PredIDR2-Seq-Art,DED,calibrated,0.75,long_gt30,131,0.7175572519083969
CAID3 Disorder-NOX,AUCpred-profile,DED,literal,0.25,short_lt20,44,0.5681818181818182
CAID3 Disorder-NOX,AUCpred-profile,DED,literal,0.25,mid_20_30,32,0.75
CAID3 Disorder-NOX,AUCpred-profile,DED,literal,0.25,long_gt30,131,0.8625954198473282
CAID3 Disorder-NOX,AUCpred-profile,DED,literal,0.5,short_lt20,44,0.5227272727272727
CAID3 Disorder-NOX,AUCpred-profile,DED,literal,0.5,mid_20_30,32,0.6875
CAID3 Disorder-NOX,AUCpred-profile,DED,literal,0.5,long_gt30,131,0.7786259541984732
CAID3 Disorder-NOX,AUCpred-profile,DED,literal,0.75,short_lt20,44,0.45454545454545453
CAID3 Disorder-NOX,AUCpred-profile,DED,literal,0.75,mid_20_30,32,0.65625
CAID3 Disorder-NOX,AUCpred-profile,DED,literal,0.75,long_gt30,131,0.6259541984732825
CAID3 Disorder-NOX,AUCpred-profile,DED,calibrated,0.25,short_lt20,44,0.7045454545454546
CAID3 Disorder-NOX,AUCpred-profile,DED,calibrated,0.25,mid_20_30,32,0.84375
CAID3 Disorder-NOX,AUCpred-profile,DED,calibrated,0.25,long_gt30,131,0.9389312977099237
CAID3 Disorder-NOX,AUCpred-profile,DED,calibrated,0.5,short_lt20,44,0.6363636363636364
CAID3 Disorder-NOX,AUCpred-profile,DED,calibrated,0.5,mid_20_30,32,0.8125
CAID3 Disorder-NOX,AUCpred-profile,DED,calibrated,0.5,long_gt30,131,0.8854961832061069
CAID3 Disorder-NOX,AUCpred-profile,DED,calibrated,0.75,short_lt20,44,0.5681818181818182
CAID3 Disorder-NOX,AUCpred-profile,DED,calibrated,0.75,mid_20_30,32,0.78125
CAID3 Disorder-NOX,AUCpred-profile,DED,calibrated,0.75,long_gt30,131,0.8015267175572519
CAID3 Disorder-NOX,AUCpred-no-profile,DED,literal,0.25,short_lt20,44,0.5
CAID3 Disorder-NOX,AUCpred-no-profile,DED,literal,0.25,mid_20_30,32,0.71875
CAID3 Disorder-NOX,AUCpred-no-profile,DED,literal,0.25,long_gt30,131,0.8091603053435115
CAID3 Disorder-NOX,AUCpred-no-profile,DED,literal,0.5,short_lt20,44,0.45454545454545453
CAID3 Disorder-NOX,AUCpred-no-profile,DED,literal,0.5,mid_20_30,32,0.59375
CAID3 Disorder-NOX,AUCpred-no-profile,DED,literal,0.5,long_gt30,131,0.6717557251908397
CAID3 Disorder-NOX,AUCpred-no-profile,DED,literal,0.75,short_lt20,44,0.4318181818181818
CAID3 Disorder-NOX,AUCpred-no-profile,DED,literal,0.75,mid_20_30,32,0.5
CAID3 Disorder-NOX,AUCpred-no-profile,DED,literal,0.75,long_gt30,131,0.44274809160305345
CAID3 Disorder-NOX,AUCpred-no-profile,DED,calibrated,0.25,short_lt20,44,0.6363636363636364
CAID3 Disorder-NOX,AUCpred-no-profile,DED,calibrated,0.25,mid_20_30,32,0.75
CAID3 Disorder-NOX,AUCpred-no-profile,DED,calibrated,0.25,long_gt30,131,0.8931297709923665
CAID3 Disorder-NOX,AUCpred-no-profile,DED,calibrated,0.5,short_lt20,44,0.6363636363636364
CAID3 Disorder-NOX,AUCpred-no-profile,DED,calibrated,0.5,mid_20_30,32,0.6875
CAID3 Disorder-NOX,AUCpred-no-profile,DED,calibrated,0.5,long_gt30,131,0.7786259541984732
CAID3 Disorder-NOX,AUCpred-no-profile,DED,calibrated,0.75,short_lt20,44,0.5681818181818182
CAID3 Disorder-NOX,AUCpred-no-profile,DED,calibrated,0.75,mid_20_30,32,0.625
CAID3 Disorder-NOX,AUCpred-no-profile,DED,calibrated,0.75,long_gt30,131,0.6106870229007634
CAID3 Disorder-NOX,DisoPred,DED,literal,0.25,short_lt20,44,0.36363636363636365
CAID3 Disorder-NOX,DisoPred,DED,literal,0.25,mid_20_30,32,0.71875
CAID3 Disorder-NOX,DisoPred,DED,literal,0.25,long_gt30,131,0.8625954198473282
CAID3 Disorder-NOX,DisoPred,DED,literal,0.5,short_lt20,44,0.29545454545454547
CAID3 Disorder-NOX,DisoPred,DED,literal,0.5,mid_20_30,32,0.65625
CAID3 Disorder-NOX,DisoPred,DED,literal,0.5,long_gt30,131,0.7938931297709924
CAID3 Disorder-NOX,DisoPred,DED,literal,0.75,short_lt20,44,0.29545454545454547
CAID3 Disorder-NOX,DisoPred,DED,literal,0.75,mid_20_30,32,0.5625
CAID3 Disorder-NOX,DisoPred,DED,literal,0.75,long_gt30,131,0.5954198473282443
CAID3 Disorder-NOX,DisoPred,DED,calibrated,0.25,short_lt20,44,0.45454545454545453
CAID3 Disorder-NOX,DisoPred,DED,calibrated,0.25,mid_20_30,32,0.75
CAID3 Disorder-NOX,DisoPred,DED,calibrated,0.25,long_gt30,131,0.9007633587786259
CAID3 Disorder-NOX,DisoPred,DED,calibrated,0.5,short_lt20,44,0.4090909090909091
CAID3 Disorder-NOX,DisoPred,DED,calibrated,0.5,mid_20_30,32,0.75
CAID3 Disorder-NOX,DisoPred,DED,calibrated,0.5,long_gt30,131,0.8473282442748091
CAID3 Disorder-NOX,DisoPred,DED,calibrated,0.75,short_lt20,44,0.3181818181818182
CAID3 Disorder-NOX,DisoPred,DED,calibrated,0.75,mid_20_30,32,0.6875
CAID3 Disorder-NOX,DisoPred,DED,calibrated,0.75,long_gt30,131,0.7099236641221374
CAID3 Disorder-NOX,DisPredict2,DED,literal,0.25,short_lt20,44,0.5227272727272727
CAID3 Disorder-NOX,DisPredict2,DED,literal,0.25,mid_20_30,32,0.5
CAID3 Disorder-NOX,DisPredict2,DED,literal,0.25,long_gt30,131,0.6412213740458015
CAID3 Disorder-NOX,DisPredict2,DED,literal,0.5,short_lt20,44,0.5
CAID3 Disorder-NOX,DisPredict2,DED,literal,0.5,mid_20_30,32,0.375
CAID3 Disorder-NOX,DisPredict2,DED,literal,0.5,long_gt30,131,0.4732824427480916
CAID3 Disorder-NOX,DisPredict2,DED,literal,0.75,short_lt20,44,0.38636363636363635
CAID3 Disorder-NOX,DisPredict2,DED,literal,0.75,mid_20_30,32,0.21875
CAID3 Disorder-NOX,DisPredict2,DED,literal,0.75,long_gt30,131,0.3053435114503817
CAID3 Disorder-NOX,DisPredict2,DED,calibrated,0.25,short_lt20,44,0.6818181818181818
CAID3 Disorder-NOX,DisPredict2,DED,calibrated,0.25,mid_20_30,32,0.78125
CAID3 Disorder-NOX,DisPredict2,DED,calibrated,0.25,long_gt30,131,0.816793893129771
CAID3 Disorder-NOX,DisPredict2,DED,calibrated,0.5,short_lt20,44,0.5909090909090909
CAID3 Disorder-NOX,DisPredict2,DED,calibrated,0.5,mid_20_30,32,0.6875
CAID3 Disorder-NOX,DisPredict2,DED,calibrated,0.5,long_gt30,131,0.6870229007633588
CAID3 Disorder-NOX,DisPredict2,DED,calibrated,0.75,short_lt20,44,0.5454545454545454
CAID3 Disorder-NOX,DisPredict2,DED,calibrated,0.75,mid_20_30,32,0.4375
CAID3 Disorder-NOX,DisPredict2,DED,calibrated,0.75,long_gt30,131,0.5343511450381679
CAID3 Disorder-NOX,DisPredict3,DED,literal,0.25,short_lt20,44,0.4772727272727273
CAID3 Disorder-NOX,DisPredict3,DED,literal,0.25,mid_20_30,32,0.5
CAID3 Disorder-NOX,DisPredict3,DED,literal,0.25,long_gt30,131,0.6335877862595419
CAID3 Disorder-NOX,DisPredict3,DED,literal,0.5,short_lt20,44,0.36363636363636365
CAID3 Disorder-NOX,DisPredict3,DED,literal,0.5,mid_20_30,32,0.46875
CAID3 Disorder-NOX,DisPredict3,DED,literal,0.5,long_gt30,131,0.48091603053435117
CAID3 Disorder-NOX,DisPredict3,DED,literal,0.75,short_lt20,44,0.25
CAID3 Disorder-NOX,DisPredict3,DED,literal,0.75,mid_20_30,32,0.28125
CAID3 Disorder-NOX,DisPredict3,DED,literal,0.75,long_gt30,131,0.3511450381679389
CAID3 Disorder-NOX,DisPredict3,DED,calibrated,0.25,short_lt20,44,0.7045454545454546
CAID3 Disorder-NOX,DisPredict3,DED,calibrated,0.25,mid_20_30,32,0.78125
CAID3 Disorder-NOX,DisPredict3,DED,calibrated,0.25,long_gt30,131,0.9083969465648855
CAID3 Disorder-NOX,DisPredict3,DED,calibrated,0.5,short_lt20,44,0.6363636363636364
CAID3 Disorder-NOX,DisPredict3,DED,calibrated,0.5,mid_20_30,32,0.71875
CAID3 Disorder-NOX,DisPredict3,DED,calibrated,0.5,long_gt30,131,0.8396946564885496
CAID3 Disorder-NOX,DisPredict3,DED,calibrated,0.75,short_lt20,44,0.5909090909090909
CAID3 Disorder-NOX,DisPredict3,DED,calibrated,0.75,mid_20_30,32,0.59375
CAID3 Disorder-NOX,DisPredict3,DED,calibrated,0.75,long_gt30,131,0.6793893129770993
CAID3 Disorder-NOX,IDP-Fusion,DED,literal,0.25,short_lt20,44,0.6590909090909091
CAID3 Disorder-NOX,IDP-Fusion,DED,literal,0.25,mid_20_30,32,0.8125
CAID3 Disorder-NOX,IDP-Fusion,DED,literal,0.25,long_gt30,131,0.9236641221374046
CAID3 Disorder-NOX,IDP-Fusion,DED,literal,0.5,short_lt20,44,0.6136363636363636
CAID3 Disorder-NOX,IDP-Fusion,DED,literal,0.5,mid_20_30,32,0.75
CAID3 Disorder-NOX,IDP-Fusion,DED,literal,0.5,long_gt30,131,0.8931297709923665
CAID3 Disorder-NOX,IDP-Fusion,DED,literal,0.75,short_lt20,44,0.5681818181818182
CAID3 Disorder-NOX,IDP-Fusion,DED,literal,0.75,mid_20_30,32,0.65625
CAID3 Disorder-NOX,IDP-Fusion,DED,literal,0.75,long_gt30,131,0.7938931297709924
CAID3 Disorder-NOX,IDP-Fusion,DED,calibrated,0.25,short_lt20,44,0.5909090909090909
CAID3 Disorder-NOX,IDP-Fusion,DED,calibrated,0.25,mid_20_30,32,0.78125
CAID3 Disorder-NOX,IDP-Fusion,DED,calibrated,0.25,long_gt30,131,0.8702290076335878
CAID3 Disorder-NOX,IDP-Fusion,DED,calibrated,0.5,short_lt20,44,0.5454545454545454
CAID3 Disorder-NOX,IDP-Fusion,DED,calibrated,0.5,mid_20_30,32,0.6875
CAID3 Disorder-NOX,IDP-Fusion,DED,calibrated,0.5,long_gt30,131,0.816793893129771
CAID3 Disorder-NOX,IDP-Fusion,DED,calibrated,0.75,short_lt20,44,0.5
CAID3 Disorder-NOX,IDP-Fusion,DED,calibrated,0.75,mid_20_30,32,0.625
CAID3 Disorder-NOX,IDP-Fusion,DED,calibrated,0.75,long_gt30,131,0.6870229007633588
CAID3 Disorder-NOX,rawMSA-disorder,DED,literal,0.25,short_lt20,44,0.3409090909090909
CAID3 Disorder-NOX,rawMSA-disorder,DED,literal,0.25,mid_20_30,32,0.46875
CAID3 Disorder-NOX,rawMSA-disorder,DED,literal,0.25,long_gt30,131,0.5114503816793893
CAID3 Disorder-NOX,rawMSA-disorder,DED,literal,0.5,short_lt20,44,0.3181818181818182
CAID3 Disorder-NOX,rawMSA-disorder,DED,literal,0.5,mid_20_30,32,0.375
CAID3 Disorder-NOX,rawMSA-disorder,DED,literal,0.5,long_gt30,131,0.4580152671755725
CAID3 Disorder-NOX,rawMSA-disorder,DED,literal,0.75,short_lt20,44,0.25
CAID3 Disorder-NOX,rawMSA-disorder,DED,literal,0.75,mid_20_30,32,0.15625
CAID3 Disorder-NOX,rawMSA-disorder,DED,literal,0.75,long_gt30,131,0.3816793893129771
CAID3 Disorder-NOX,rawMSA-disorder,DED,calibrated,0.25,short_lt20,44,0.6590909090909091
CAID3 Disorder-NOX,rawMSA-disorder,DED,calibrated,0.25,mid_20_30,32,0.75
CAID3 Disorder-NOX,rawMSA-disorder,DED,calibrated,0.25,long_gt30,131,0.9083969465648855
CAID3 Disorder-NOX,rawMSA-disorder,DED,calibrated,0.5,short_lt20,44,0.6363636363636364
CAID3 Disorder-NOX,rawMSA-disorder,DED,calibrated,0.5,mid_20_30,32,0.75
CAID3 Disorder-NOX,rawMSA-disorder,DED,calibrated,0.5,long_gt30,131,0.8625954198473282
CAID3 Disorder-NOX,rawMSA-disorder,DED,calibrated,0.75,short_lt20,44,0.5454545454545454
CAID3 Disorder-NOX,rawMSA-disorder,DED,calibrated,0.75,mid_20_30,32,0.71875
CAID3 Disorder-NOX,rawMSA-disorder,DED,calibrated,0.75,long_gt30,131,0.816793893129771
CAID3 Disorder-NOX,Metapredict-v1,DED,literal,0.25,short_lt20,44,0.5227272727272727
CAID3 Disorder-NOX,Metapredict-v1,DED,literal,0.25,mid_20_30,32,0.5625
CAID3 Disorder-NOX,Metapredict-v1,DED,literal,0.25,long_gt30,131,0.7404580152671756
CAID3 Disorder-NOX,Metapredict-v1,DED,literal,0.5,short_lt20,44,0.45454545454545453
CAID3 Disorder-NOX,Metapredict-v1,DED,literal,0.5,mid_20_30,32,0.46875
CAID3 Disorder-NOX,Metapredict-v1,DED,literal,0.5,long_gt30,131,0.6030534351145038
CAID3 Disorder-NOX,Metapredict-v1,DED,literal,0.75,short_lt20,44,0.2727272727272727
CAID3 Disorder-NOX,Metapredict-v1,DED,literal,0.75,mid_20_30,32,0.25
CAID3 Disorder-NOX,Metapredict-v1,DED,literal,0.75,long_gt30,131,0.3282442748091603
CAID3 Disorder-NOX,Metapredict-v1,DED,calibrated,0.25,short_lt20,44,0.6590909090909091
CAID3 Disorder-NOX,Metapredict-v1,DED,calibrated,0.25,mid_20_30,32,0.6875
CAID3 Disorder-NOX,Metapredict-v1,DED,calibrated,0.25,long_gt30,131,0.8702290076335878
CAID3 Disorder-NOX,Metapredict-v1,DED,calibrated,0.5,short_lt20,44,0.5454545454545454
CAID3 Disorder-NOX,Metapredict-v1,DED,calibrated,0.5,mid_20_30,32,0.625
CAID3 Disorder-NOX,Metapredict-v1,DED,calibrated,0.5,long_gt30,131,0.732824427480916
CAID3 Disorder-NOX,Metapredict-v1,DED,calibrated,0.75,short_lt20,44,0.4772727272727273
CAID3 Disorder-NOX,Metapredict-v1,DED,calibrated,0.75,mid_20_30,32,0.5625
CAID3 Disorder-NOX,Metapredict-v1,DED,calibrated,0.75,long_gt30,131,0.5725190839694656
CAID3 Disorder-NOX,Metapredict-v2,DED,literal,0.25,short_lt20,44,0.5909090909090909
CAID3 Disorder-NOX,Metapredict-v2,DED,literal,0.25,mid_20_30,32,0.75
CAID3 Disorder-NOX,Metapredict-v2,DED,literal,0.25,long_gt30,131,0.9007633587786259
CAID3 Disorder-NOX,Metapredict-v2,DED,literal,0.5,short_lt20,44,0.4772727272727273
CAID3 Disorder-NOX,Metapredict-v2,DED,literal,0.5,mid_20_30,32,0.71875
CAID3 Disorder-NOX,Metapredict-v2,DED,literal,0.5,long_gt30,131,0.816793893129771
CAID3 Disorder-NOX,Metapredict-v2,DED,literal,0.75,short_lt20,44,0.4318181818181818
CAID3 Disorder-NOX,Metapredict-v2,DED,literal,0.75,mid_20_30,32,0.5625
CAID3 Disorder-NOX,Metapredict-v2,DED,literal,0.75,long_gt30,131,0.7022900763358778
CAID3 Disorder-NOX,Metapredict-v2,DED,calibrated,0.25,short_lt20,44,0.6363636363636364
CAID3 Disorder-NOX,Metapredict-v2,DED,calibrated,0.25,mid_20_30,32,0.75
CAID3 Disorder-NOX,Metapredict-v2,DED,calibrated,0.25,long_gt30,131,0.9083969465648855
CAID3 Disorder-NOX,Metapredict-v2,DED,calibrated,0.5,short_lt20,44,0.5454545454545454
CAID3 Disorder-NOX,Metapredict-v2,DED,calibrated,0.5,mid_20_30,32,0.71875
CAID3 Disorder-NOX,Metapredict-v2,DED,calibrated,0.5,long_gt30,131,0.8473282442748091
CAID3 Disorder-NOX,Metapredict-v2,DED,calibrated,0.75,short_lt20,44,0.4772727272727273
CAID3 Disorder-NOX,Metapredict-v2,DED,calibrated,0.75,mid_20_30,32,0.6875
CAID3 Disorder-NOX,Metapredict-v2,DED,calibrated,0.75,long_gt30,131,0.7404580152671756
CAID3 Disorder-NOX,Metapredict-v3,DED,literal,0.25,short_lt20,44,0.45454545454545453
CAID3 Disorder-NOX,Metapredict-v3,DED,literal,0.25,mid_20_30,32,0.59375
CAID3 Disorder-NOX,Metapredict-v3,DED,literal,0.25,long_gt30,131,0.9236641221374046
CAID3 Disorder-NOX,Metapredict-v3,DED,literal,0.5,short_lt20,44,0.4318181818181818
CAID3 Disorder-NOX,Metapredict-v3,DED,literal,0.5,mid_20_30,32,0.53125
CAID3 Disorder-NOX,Metapredict-v3,DED,literal,0.5,long_gt30,131,0.8625954198473282
CAID3 Disorder-NOX,Metapredict-v3,DED,literal,0.75,short_lt20,44,0.4318181818181818
CAID3 Disorder-NOX,Metapredict-v3,DED,literal,0.75,mid_20_30,32,0.46875
CAID3 Disorder-NOX,Metapredict-v3,DED,literal,0.75,long_gt30,131,0.7557251908396947
CAID3 Disorder-NOX,Metapredict-v3,DED,calibrated,0.25,short_lt20,44,0.45454545454545453
CAID3 Disorder-NOX,Metapredict-v3,DED,calibrated,0.25,mid_20_30,32,0.59375
CAID3 Disorder-NOX,Metapredict-v3,DED,calibrated,0.25,long_gt30,131,0.916030534351145
CAID3 Disorder-NOX,Metapredict-v3,DED,calibrated,0.5,short_lt20,44,0.4318181818181818
CAID3 Disorder-NOX,Metapredict-v3,DED,calibrated,0.5,mid_20_30,32,0.53125
CAID3 Disorder-NOX,Metapredict-v3,DED,calibrated,0.5,long_gt30,131,0.8625954198473282
CAID3 Disorder-NOX,Metapredict-v3,DED,calibrated,0.75,short_lt20,44,0.36363636363636365
CAID3 Disorder-NOX,Metapredict-v3,DED,calibrated,0.75,mid_20_30,32,0.46875
CAID3 Disorder-NOX,Metapredict-v3,DED,calibrated,0.75,long_gt30,131,0.732824427480916
CAID3 Disorder-NOX,DisoMine,DED,literal,0.25,short_lt20,44,0.38636363636363635
CAID3 Disorder-NOX,DisoMine,DED,literal,0.25,mid_20_30,32,0.5625
CAID3 Disorder-NOX,DisoMine,DED,literal,0.25,long_gt30,131,0.5190839694656488
CAID3 Disorder-NOX,DisoMine,DED,literal,0.5,short_lt20,44,0.3409090909090909
CAID3 Disorder-NOX,DisoMine,DED,literal,0.5,mid_20_30,32,0.40625
CAID3 Disorder-NOX,DisoMine,DED,literal,0.5,long_gt30,131,0.3816793893129771
CAID3 Disorder-NOX,DisoMine,DED,literal,0.75,short_lt20,44,0.3181818181818182
CAID3 Disorder-NOX,DisoMine,DED,literal,0.75,mid_20_30,32,0.28125
CAID3 Disorder-NOX,DisoMine,DED,literal,0.75,long_gt30,131,0.2900763358778626
CAID3 Disorder-NOX,DisoMine,DED,calibrated,0.25,short_lt20,44,0.7045454545454546
CAID3 Disorder-NOX,DisoMine,DED,calibrated,0.25,mid_20_30,32,0.75
CAID3 Disorder-NOX,DisoMine,DED,calibrated,0.25,long_gt30,131,0.7862595419847328
CAID3 Disorder-NOX,DisoMine,DED,calibrated,0.5,short_lt20,44,0.6590909090909091
CAID3 Disorder-NOX,DisoMine,DED,calibrated,0.5,mid_20_30,32,0.6875
CAID3 Disorder-NOX,DisoMine,DED,calibrated,0.5,long_gt30,131,0.732824427480916
CAID3 Disorder-NOX,DisoMine,DED,calibrated,0.75,short_lt20,44,0.5909090909090909
CAID3 Disorder-NOX,DisoMine,DED,calibrated,0.75,mid_20_30,32,0.53125
CAID3 Disorder-NOX,DisoMine,DED,calibrated,0.75,long_gt30,131,0.5725190839694656
CAID3 Disorder-NOX,PUNCH2,DED,literal,0.25,short_lt20,44,0.5227272727272727
CAID3 Disorder-NOX,PUNCH2,DED,literal,0.25,mid_20_30,32,0.75
CAID3 Disorder-NOX,PUNCH2,DED,literal,0.25,long_gt30,131,0.916030534351145
CAID3 Disorder-NOX,PUNCH2,DED,literal,0.5,short_lt20,44,0.45454545454545453
CAID3 Disorder-NOX,PUNCH2,DED,literal,0.5,mid_20_30,32,0.6875
CAID3 Disorder-NOX,PUNCH2,DED,literal,0.5,long_gt30,131,0.8702290076335878
CAID3 Disorder-NOX,PUNCH2,DED,literal,0.75,short_lt20,44,0.36363636363636365
CAID3 Disorder-NOX,PUNCH2,DED,literal,0.75,mid_20_30,32,0.4375
CAID3 Disorder-NOX,PUNCH2,DED,literal,0.75,long_gt30,131,0.7633587786259542
CAID3 Disorder-NOX,PUNCH2,DED,calibrated,0.25,short_lt20,44,0.5454545454545454
CAID3 Disorder-NOX,PUNCH2,DED,calibrated,0.25,mid_20_30,32,0.75
CAID3 Disorder-NOX,PUNCH2,DED,calibrated,0.25,long_gt30,131,0.916030534351145
CAID3 Disorder-NOX,PUNCH2,DED,calibrated,0.5,short_lt20,44,0.4772727272727273
CAID3 Disorder-NOX,PUNCH2,DED,calibrated,0.5,mid_20_30,32,0.6875
CAID3 Disorder-NOX,PUNCH2,DED,calibrated,0.5,long_gt30,131,0.8702290076335878
CAID3 Disorder-NOX,PUNCH2,DED,calibrated,0.75,short_lt20,44,0.38636363636363635
CAID3 Disorder-NOX,PUNCH2,DED,calibrated,0.75,mid_20_30,32,0.46875
CAID3 Disorder-NOX,PUNCH2,DED,calibrated,0.75,long_gt30,131,0.7862595419847328
CAID3 Disorder-NOX,PUNCH2-Light,DED,literal,0.25,short_lt20,44,0.5
CAID3 Disorder-NOX,PUNCH2-Light,DED,literal,0.25,mid_20_30,32,0.71875
CAID3 Disorder-NOX,PUNCH2-Light,DED,literal,0.25,long_gt30,131,0.9083969465648855
CAID3 Disorder-NOX,PUNCH2-Light,DED,literal,0.5,short_lt20,44,0.45454545454545453
CAID3 Disorder-NOX,PUNCH2-Light,DED,literal,0.5,mid_20_30,32,0.65625
CAID3 Disorder-NOX,PUNCH2-Light,DED,literal,0.5,long_gt30,131,0.8625954198473282
CAID3 Disorder-NOX,PUNCH2-Light,DED,literal,0.75,short_lt20,44,0.36363636363636365
CAID3 Disorder-NOX,PUNCH2-Light,DED,literal,0.75,mid_20_30,32,0.46875
CAID3 Disorder-NOX,PUNCH2-Light,DED,literal,0.75,long_gt30,131,0.7633587786259542
CAID3 Disorder-NOX,PUNCH2-Light,DED,calibrated,0.25,short_lt20,44,0.5
CAID3 Disorder-NOX,PUNCH2-Light,DED,calibrated,0.25,mid_20_30,32,0.71875
CAID3 Disorder-NOX,PUNCH2-Light,DED,calibrated,0.25,long_gt30,131,0.9083969465648855
CAID3 Disorder-NOX,PUNCH2-Light,DED,calibrated,0.5,short_lt20,44,0.45454545454545453
CAID3 Disorder-NOX,PUNCH2-Light,DED,calibrated,0.5,mid_20_30,32,0.65625
CAID3 Disorder-NOX,PUNCH2-Light,DED,calibrated,0.5,long_gt30,131,0.8549618320610687
CAID3 Disorder-NOX,PUNCH2-Light,DED,calibrated,0.75,short_lt20,44,0.36363636363636365
CAID3 Disorder-NOX,PUNCH2-Light,DED,calibrated,0.75,mid_20_30,32,0.46875
CAID3 Disorder-NOX,PUNCH2-Light,DED,calibrated,0.75,long_gt30,131,0.7557251908396947
CAID3 Disorder-NOX,DisorderUnetLM,DED,literal,0.25,short_lt20,44,0.5454545454545454
CAID3 Disorder-NOX,DisorderUnetLM,DED,literal,0.25,mid_20_30,32,0.65625
CAID3 Disorder-NOX,DisorderUnetLM,DED,literal,0.25,long_gt30,131,0.7633587786259542
CAID3 Disorder-NOX,DisorderUnetLM,DED,literal,0.5,short_lt20,44,0.5
CAID3 Disorder-NOX,DisorderUnetLM,DED,literal,0.5,mid_20_30,32,0.625
CAID3 Disorder-NOX,DisorderUnetLM,DED,literal,0.5,long_gt30,131,0.6793893129770993
CAID3 Disorder-NOX,DisorderUnetLM,DED,literal,0.75,short_lt20,44,0.4318181818181818
CAID3 Disorder-NOX,DisorderUnetLM,DED,literal,0.75,mid_20_30,32,0.46875
CAID3 Disorder-NOX,DisorderUnetLM,DED,literal,0.75,long_gt30,131,0.5267175572519084
CAID3 Disorder-NOX,DisorderUnetLM,DED,calibrated,0.25,short_lt20,44,0.7272727272727273
CAID3 Disorder-NOX,DisorderUnetLM,DED,calibrated,0.25,mid_20_30,32,0.90625
CAID3 Disorder-NOX,DisorderUnetLM,DED,calibrated,0.25,long_gt30,131,0.9465648854961832
CAID3 Disorder-NOX,DisorderUnetLM,DED,calibrated,0.5,short_lt20,44,0.6818181818181818
CAID3 Disorder-NOX,DisorderUnetLM,DED,calibrated,0.5,mid_20_30,32,0.90625
CAID3 Disorder-NOX,DisorderUnetLM,DED,calibrated,0.5,long_gt30,131,0.9083969465648855
CAID3 Disorder-NOX,DisorderUnetLM,DED,calibrated,0.75,short_lt20,44,0.5909090909090909
CAID3 Disorder-NOX,DisorderUnetLM,DED,calibrated,0.75,mid_20_30,32,0.84375
CAID3 Disorder-NOX,DisorderUnetLM,DED,calibrated,0.75,long_gt30,131,0.8473282442748091
CAID3 Disorder-NOX,LMDisorder,DED,literal,0.25,short_lt20,44,0.6818181818181818
CAID3 Disorder-NOX,LMDisorder,DED,literal,0.25,mid_20_30,32,0.9375
CAID3 Disorder-NOX,LMDisorder,DED,literal,0.25,long_gt30,131,0.9770992366412213
CAID3 Disorder-NOX,LMDisorder,DED,literal,0.5,short_lt20,44,0.5909090909090909
CAID3 Disorder-NOX,LMDisorder,DED,literal,0.5,mid_20_30,32,0.875
CAID3 Disorder-NOX,LMDisorder,DED,literal,0.5,long_gt30,131,0.9312977099236641
CAID3 Disorder-NOX,LMDisorder,DED,literal,0.75,short_lt20,44,0.5
CAID3 Disorder-NOX,LMDisorder,DED,literal,0.75,mid_20_30,32,0.8125
CAID3 Disorder-NOX,LMDisorder,DED,literal,0.75,long_gt30,131,0.8473282442748091
CAID3 Disorder-NOX,LMDisorder,DED,calibrated,0.25,short_lt20,44,0.5681818181818182
CAID3 Disorder-NOX,LMDisorder,DED,calibrated,0.25,mid_20_30,32,0.84375
CAID3 Disorder-NOX,LMDisorder,DED,calibrated,0.25,long_gt30,131,0.9618320610687023
CAID3 Disorder-NOX,LMDisorder,DED,calibrated,0.5,short_lt20,44,0.5227272727272727
CAID3 Disorder-NOX,LMDisorder,DED,calibrated,0.5,mid_20_30,32,0.8125
CAID3 Disorder-NOX,LMDisorder,DED,calibrated,0.5,long_gt30,131,0.8778625954198473
CAID3 Disorder-NOX,LMDisorder,DED,calibrated,0.75,short_lt20,44,0.4772727272727273
CAID3 Disorder-NOX,LMDisorder,DED,calibrated,0.75,mid_20_30,32,0.53125
CAID3 Disorder-NOX,LMDisorder,DED,calibrated,0.75,long_gt30,131,0.8015267175572519
CAID3 Disorder-NOX,ESMDisPred-1,DED,literal,0.25,short_lt20,44,0.3181818181818182
CAID3 Disorder-NOX,ESMDisPred-1,DED,literal,0.25,mid_20_30,32,0.53125
CAID3 Disorder-NOX,ESMDisPred-1,DED,literal,0.25,long_gt30,131,0.5267175572519084
CAID3 Disorder-NOX,ESMDisPred-1,DED,literal,0.5,short_lt20,44,0.2727272727272727
CAID3 Disorder-NOX,ESMDisPred-1,DED,literal,0.5,mid_20_30,32,0.46875
CAID3 Disorder-NOX,ESMDisPred-1,DED,literal,0.5,long_gt30,131,0.45038167938931295
CAID3 Disorder-NOX,ESMDisPred-1,DED,literal,0.75,short_lt20,44,0.25
CAID3 Disorder-NOX,ESMDisPred-1,DED,literal,0.75,mid_20_30,32,0.40625
CAID3 Disorder-NOX,ESMDisPred-1,DED,literal,0.75,long_gt30,131,0.33587786259541985
CAID3 Disorder-NOX,ESMDisPred-1,DED,calibrated,0.25,short_lt20,44,0.6818181818181818
CAID3 Disorder-NOX,ESMDisPred-1,DED,calibrated,0.25,mid_20_30,32,0.75
CAID3 Disorder-NOX,ESMDisPred-1,DED,calibrated,0.25,long_gt30,131,0.9541984732824428
CAID3 Disorder-NOX,ESMDisPred-1,DED,calibrated,0.5,short_lt20,44,0.6363636363636364
CAID3 Disorder-NOX,ESMDisPred-1,DED,calibrated,0.5,mid_20_30,32,0.75
CAID3 Disorder-NOX,ESMDisPred-1,DED,calibrated,0.5,long_gt30,131,0.8931297709923665
CAID3 Disorder-NOX,ESMDisPred-1,DED,calibrated,0.75,short_lt20,44,0.5681818181818182
CAID3 Disorder-NOX,ESMDisPred-1,DED,calibrated,0.75,mid_20_30,32,0.59375
CAID3 Disorder-NOX,ESMDisPred-1,DED,calibrated,0.75,long_gt30,131,0.8015267175572519
CAID3 Disorder-NOX,ESMDisPred-2,DED,literal,0.25,short_lt20,44,0.36363636363636365
CAID3 Disorder-NOX,ESMDisPred-2,DED,literal,0.25,mid_20_30,32,0.53125
CAID3 Disorder-NOX,ESMDisPred-2,DED,literal,0.25,long_gt30,131,0.5419847328244275
CAID3 Disorder-NOX,ESMDisPred-2,DED,literal,0.5,short_lt20,44,0.2727272727272727
CAID3 Disorder-NOX,ESMDisPred-2,DED,literal,0.5,mid_20_30,32,0.40625
CAID3 Disorder-NOX,ESMDisPred-2,DED,literal,0.5,long_gt30,131,0.4732824427480916
CAID3 Disorder-NOX,ESMDisPred-2,DED,literal,0.75,short_lt20,44,0.25
CAID3 Disorder-NOX,ESMDisPred-2,DED,literal,0.75,mid_20_30,32,0.34375
CAID3 Disorder-NOX,ESMDisPred-2,DED,literal,0.75,long_gt30,131,0.37404580152671757
CAID3 Disorder-NOX,ESMDisPred-2,DED,calibrated,0.25,short_lt20,44,0.6818181818181818
CAID3 Disorder-NOX,ESMDisPred-2,DED,calibrated,0.25,mid_20_30,32,0.75
CAID3 Disorder-NOX,ESMDisPred-2,DED,calibrated,0.25,long_gt30,131,0.9083969465648855
CAID3 Disorder-NOX,ESMDisPred-2,DED,calibrated,0.5,short_lt20,44,0.6136363636363636
CAID3 Disorder-NOX,ESMDisPred-2,DED,calibrated,0.5,mid_20_30,32,0.6875
CAID3 Disorder-NOX,ESMDisPred-2,DED,calibrated,0.5,long_gt30,131,0.8473282442748091
CAID3 Disorder-NOX,ESMDisPred-2,DED,calibrated,0.75,short_lt20,44,0.5454545454545454
CAID3 Disorder-NOX,ESMDisPred-2,DED,calibrated,0.75,mid_20_30,32,0.625
CAID3 Disorder-NOX,ESMDisPred-2,DED,calibrated,0.75,long_gt30,131,0.7404580152671756
CAID3 Disorder-NOX,UdonPred-DisProt,DED,literal,0.25,short_lt20,44,0.5909090909090909
CAID3 Disorder-NOX,UdonPred-DisProt,DED,literal,0.25,mid_20_30,32,0.71875
CAID3 Disorder-NOX,UdonPred-DisProt,DED,literal,0.25,long_gt30,131,0.8854961832061069
CAID3 Disorder-NOX,UdonPred-DisProt,DED,literal,0.5,short_lt20,44,0.36363636363636365
CAID3 Disorder-NOX,UdonPred-DisProt,DED,literal,0.5,mid_20_30,32,0.46875
CAID3 Disorder-NOX,UdonPred-DisProt,DED,literal,0.5,long_gt30,131,0.5801526717557252
CAID3 Disorder-NOX,UdonPred-DisProt,DED,literal,0.75,short_lt20,44,0.25
CAID3 Disorder-NOX,UdonPred-DisProt,DED,literal,0.75,mid_20_30,32,0.25
CAID3 Disorder-NOX,UdonPred-DisProt,DED,literal,0.75,long_gt30,131,0.2824427480916031
CAID3 Disorder-NOX,UdonPred-DisProt,DED,calibrated,0.25,short_lt20,44,0.7727272727272727
CAID3 Disorder-NOX,UdonPred-DisProt,DED,calibrated,0.25,mid_20_30,32,0.90625
CAID3 Disorder-NOX,UdonPred-DisProt,DED,calibrated,0.25,long_gt30,131,0.9694656488549618
CAID3 Disorder-NOX,UdonPred-DisProt,DED,calibrated,0.5,short_lt20,44,0.6590909090909091
CAID3 Disorder-NOX,UdonPred-DisProt,DED,calibrated,0.5,mid_20_30,32,0.75
CAID3 Disorder-NOX,UdonPred-DisProt,DED,calibrated,0.5,long_gt30,131,0.9007633587786259
CAID3 Disorder-NOX,UdonPred-DisProt,DED,calibrated,0.75,short_lt20,44,0.5227272727272727
CAID3 Disorder-NOX,UdonPred-DisProt,DED,calibrated,0.75,mid_20_30,32,0.4375
CAID3 Disorder-NOX,UdonPred-DisProt,DED,calibrated,0.75,long_gt30,131,0.6641221374045801
CAID3 Disorder-NOX,UdonPred-combined,DED,literal,0.25,short_lt20,44,0.6590909090909091
CAID3 Disorder-NOX,UdonPred-combined,DED,literal,0.25,mid_20_30,32,0.90625
CAID3 Disorder-NOX,UdonPred-combined,DED,literal,0.25,long_gt30,131,0.9694656488549618
CAID3 Disorder-NOX,UdonPred-combined,DED,literal,0.5,short_lt20,44,0.5681818181818182
CAID3 Disorder-NOX,UdonPred-combined,DED,literal,0.5,mid_20_30,32,0.65625
CAID3 Disorder-NOX,UdonPred-combined,DED,literal,0.5,long_gt30,131,0.8702290076335878
CAID3 Disorder-NOX,UdonPred-combined,DED,literal,0.75,short_lt20,44,0.45454545454545453
CAID3 Disorder-NOX,UdonPred-combined,DED,literal,0.75,mid_20_30,32,0.5
CAID3 Disorder-NOX,UdonPred-combined,DED,literal,0.75,long_gt30,131,0.7099236641221374
CAID3 Disorder-NOX,UdonPred-combined,DED,calibrated,0.25,short_lt20,44,0.7272727272727273
CAID3 Disorder-NOX,UdonPred-combined,DED,calibrated,0.25,mid_20_30,32,0.96875
CAID3 Disorder-NOX,UdonPred-combined,DED,calibrated,0.25,long_gt30,131,0.9694656488549618
CAID3 Disorder-NOX,UdonPred-combined,DED,calibrated,0.5,short_lt20,44,0.5909090909090909
CAID3 Disorder-NOX,UdonPred-combined,DED,calibrated,0.5,mid_20_30,32,0.71875
CAID3 Disorder-NOX,UdonPred-combined,DED,calibrated,0.5,long_gt30,131,0.9312977099236641
CAID3 Disorder-NOX,UdonPred-combined,DED,calibrated,0.75,short_lt20,44,0.5
CAID3 Disorder-NOX,UdonPred-combined,DED,calibrated,0.75,mid_20_30,32,0.5625
CAID3 Disorder-NOX,UdonPred-combined,DED,calibrated,0.75,long_gt30,131,0.8091603053435115
CAID3 Disorder-NOX,DARUMA-beta,DED,literal,0.25,short_lt20,44,0.5909090909090909
CAID3 Disorder-NOX,DARUMA-beta,DED,literal,0.25,mid_20_30,32,0.65625
CAID3 Disorder-NOX,DARUMA-beta,DED,literal,0.25,long_gt30,131,0.8625954198473282
CAID3 Disorder-NOX,DARUMA-beta,DED,literal,0.5,short_lt20,44,0.45454545454545453
CAID3 Disorder-NOX,DARUMA-beta,DED,literal,0.5,mid_20_30,32,0.625
CAID3 Disorder-NOX,DARUMA-beta,DED,literal,0.5,long_gt30,131,0.7786259541984732
CAID3 Disorder-NOX,DARUMA-beta,DED,literal,0.75,short_lt20,44,0.4090909090909091
CAID3 Disorder-NOX,DARUMA-beta,DED,literal,0.75,mid_20_30,32,0.53125
CAID3 Disorder-NOX,DARUMA-beta,DED,literal,0.75,long_gt30,131,0.6106870229007634
CAID3 Disorder-NOX,DARUMA-beta,DED,calibrated,0.25,short_lt20,44,0.6136363636363636
CAID3 Disorder-NOX,DARUMA-beta,DED,calibrated,0.25,mid_20_30,32,0.6875
CAID3 Disorder-NOX,DARUMA-beta,DED,calibrated,0.25,long_gt30,131,0.8702290076335878
CAID3 Disorder-NOX,DARUMA-beta,DED,calibrated,0.5,short_lt20,44,0.5
CAID3 Disorder-NOX,DARUMA-beta,DED,calibrated,0.5,mid_20_30,32,0.625
CAID3 Disorder-NOX,DARUMA-beta,DED,calibrated,0.5,long_gt30,131,0.8015267175572519
CAID3 Disorder-NOX,DARUMA-beta,DED,calibrated,0.75,short_lt20,44,0.45454545454545453
CAID3 Disorder-NOX,DARUMA-beta,DED,calibrated,0.75,mid_20_30,32,0.5625
CAID3 Disorder-NOX,DARUMA-beta,DED,calibrated,0.75,long_gt30,131,0.648854961832061
CAID3 Disorder-NOX,DisoFLAG-IDR,DED,literal,0.25,short_lt20,44,0.4772727272727273
CAID3 Disorder-NOX,DisoFLAG-IDR,DED,literal,0.25,mid_20_30,32,0.6875
CAID3 Disorder-NOX,DisoFLAG-IDR,DED,literal,0.25,long_gt30,131,0.8091603053435115
CAID3 Disorder-NOX,DisoFLAG-IDR,DED,literal,0.5,short_lt20,44,0.36363636363636365
CAID3 Disorder-NOX,DisoFLAG-IDR,DED,literal,0.5,mid_20_30,32,0.65625
CAID3 Disorder-NOX,DisoFLAG-IDR,DED,literal,0.5,long_gt30,131,0.7099236641221374
CAID3 Disorder-NOX,DisoFLAG-IDR,DED,literal,0.75,short_lt20,44,0.2727272727272727
CAID3 Disorder-NOX,DisoFLAG-IDR,DED,literal,0.75,mid_20_30,32,0.53125
CAID3 Disorder-NOX,DisoFLAG-IDR,DED,literal,0.75,long_gt30,131,0.5725190839694656
CAID3 Disorder-NOX,DisoFLAG-IDR,DED,calibrated,0.25,short_lt20,44,0.6363636363636364
CAID3 Disorder-NOX,DisoFLAG-IDR,DED,calibrated,0.25,mid_20_30,32,0.90625
CAID3 Disorder-NOX,DisoFLAG-IDR,DED,calibrated,0.25,long_gt30,131,0.9083969465648855
CAID3 Disorder-NOX,DisoFLAG-IDR,DED,calibrated,0.5,short_lt20,44,0.6136363636363636
CAID3 Disorder-NOX,DisoFLAG-IDR,DED,calibrated,0.5,mid_20_30,32,0.8125
CAID3 Disorder-NOX,DisoFLAG-IDR,DED,calibrated,0.5,long_gt30,131,0.8549618320610687
CAID3 Disorder-NOX,DisoFLAG-IDR,DED,calibrated,0.75,short_lt20,44,0.4772727272727273
CAID3 Disorder-NOX,DisoFLAG-IDR,DED,calibrated,0.75,mid_20_30,32,0.71875
CAID3 Disorder-NOX,DisoFLAG-IDR,DED,calibrated,0.75,long_gt30,131,0.7251908396946565
CAID3 Disorder-NOX,s2D-2,DED,literal,0.25,short_lt20,44,0.8863636363636364
CAID3 Disorder-NOX,s2D-2,DED,literal,0.25,mid_20_30,32,1.0
CAID3 Disorder-NOX,s2D-2,DED,literal,0.25,long_gt30,131,0.9312977099236641
CAID3 Disorder-NOX,s2D-2,DED,literal,0.5,short_lt20,44,0.7954545454545454
CAID3 Disorder-NOX,s2D-2,DED,literal,0.5,mid_20_30,32,0.875
CAID3 Disorder-NOX,s2D-2,DED,literal,0.5,long_gt30,131,0.8320610687022901
CAID3 Disorder-NOX,s2D-2,DED,literal,0.75,short_lt20,44,0.6363636363636364
CAID3 Disorder-NOX,s2D-2,DED,literal,0.75,mid_20_30,32,0.53125
CAID3 Disorder-NOX,s2D-2,DED,literal,0.75,long_gt30,131,0.5954198473282443
CAID3 Disorder-NOX,s2D-2,DED,calibrated,0.25,short_lt20,44,0.8863636363636364
CAID3 Disorder-NOX,s2D-2,DED,calibrated,0.25,mid_20_30,32,1.0
CAID3 Disorder-NOX,s2D-2,DED,calibrated,0.25,long_gt30,131,0.9312977099236641
CAID3 Disorder-NOX,s2D-2,DED,calibrated,0.5,short_lt20,44,0.7954545454545454
CAID3 Disorder-NOX,s2D-2,DED,calibrated,0.5,mid_20_30,32,0.84375
CAID3 Disorder-NOX,s2D-2,DED,calibrated,0.5,long_gt30,131,0.8320610687022901
CAID3 Disorder-NOX,s2D-2,DED,calibrated,0.75,short_lt20,44,0.6136363636363636
CAID3 Disorder-NOX,s2D-2,DED,calibrated,0.75,mid_20_30,32,0.53125
CAID3 Disorder-NOX,s2D-2,DED,calibrated,0.75,long_gt30,131,0.5954198473282443
