dataset,method,kind,operating_point,stratum,n_regions,detection_rate,mean_overlap
CAID2 Disorder-PDB,AlphaFold-disorder,AF,literal,short_lt20,118,0.4322033898305085,0.38910693086947223
CAID2 Disorder-PDB,AlphaFold-disorder,AF,literal,mid_20_30,64,0.5,0.47499038173689134
CAID2 Disorder-PDB,AlphaFold-disorder,AF,literal,long_gt30,153,0.6013071895424836,0.572959620179076
CAID2 Disorder-PDB,AlphaFold-disorder,AF,calibrated,short_lt20,118,0.6610169491525424,0.6463105836459461
CAID2 Disorder-PDB,AlphaFold-disorder,AF,calibrated,mid_20_30,64,0.71875,0.6831474214044257
CAID2 Disorder-PDB,AlphaFold-disorder,AF,calibrated,long_gt30,153,0.7973856209150327,0.7572371104093437
CAID2 Disorder-PDB,AlphaFold-rsa,AF,literal,short_lt20,118,0.6101694915254238,0.5881376717057176
CAID2 Disorder-PDB,AlphaFold-rsa,AF,literal,mid_20_30,64,0.765625,0.7122168259183346
CAID2 Disorder-PDB,AlphaFold-rsa,AF,literal,long_gt30,153,0.8758169934640523,0.8579136997159477
CAID2 Disorder-PDB,AlphaFold-rsa,AF,calibrated,short_lt20,118,0.559322033898305,0.5467475980200962
CAID2 Disorder-PDB,AlphaFold-rsa,AF,calibrated,mid_20_30,64,0.734375,0.6694901445736575
CAID2 Disorder-PDB,AlphaFold-rsa,AF,calibrated,long_gt30,153,0.8627450980392157,0.8358507012191227
CAID2 Disorder-PDB,AIUPred,DED,literal,short_lt20,118,0.5677966101694916,0.5562496542349746
CAID2 Disorder-PDB,AIUPred,DED,literal,mid_20_30,64,0.625,0.588899613313383
CAID2 Disorder-PDB,AIUPred,DED,literal,long_gt30,153,0.8235294117647058,0.7896216144448672
CAID2 Disorder-PDB,AIUPred,DED,calibrated,short_lt20,118,0.3474576271186441,0.32980500860610534
CAID2 Disorder-PDB,AIUPred,DED,calibrated,mid_20_30,64,0.390625,0.39065159915914227
CAID2 Disorder-PDB,AIUPred,DED,calibrated,long_gt30,153,0.6405228758169934,0.6337390219270618
CAID2 Disorder-PDB,IUPred3,DED,literal,short_lt20,118,0.423728813559322,0.4018655808008146
CAID2 Disorder-PDB,IUPred3,DED,literal,mid_20_30,64,0.40625,0.39192891012348474
CAID2 Disorder-PDB,IUPred3,DED,literal,long_gt30,153,0.6078431372549019,0.5919292140555868
CAID2 Disorder-PDB,IUPred3,DED,calibrated,short_lt20,118,0.3983050847457627,0.38148858187197116
CAID2 Disorder-PDB,IUPred3,DED,calibrated,mid_20_30,64,0.390625,0.37720050823721646
CAID2 Disorder-PDB,IUPred3,DED,calibrated,long_gt30,153,0.5947712418300654,0.5772983453004557
CAID2 Disorder-PDB,ESpritz-D,DED,literal,short_lt20,118,0.09322033898305085,0.0953913671074688
CAID2 Disorder-PDB,ESpritz-D,DED,literal,mid_20_30,64,0.0625,0.058265638815207785
CAID2 Disorder-PDB,ESpritz-D,DED,literal,long_gt30,153,0.3202614379084967,0.3261380547638386
CAID2 Disorder-PDB,ESpritz-D,DED,calibrated,short_lt20,118,0.3728813559322034,0.3849442846950325
CAID2 Disorder-PDB,ESpritz-D,DED,calibrated,mid_20_30,64,0.5,0.47473076671891323
CAID2 Disorder-PDB,ESpritz-D,DED,calibrated,long_gt30,153,0.7516339869281046,0.7396560919945979
CAID2 Disorder-PDB,ESpritz-N,DED,literal,short_lt20,118,0.4322033898305085,0.4216435345787422
CAID2 Disorder-PDB,ESpritz-N,DED,literal,mid_20_30,64,0.390625,0.38482705317424676
CAID2 Disorder-PDB,ESpritz-N,DED,literal,long_gt30,153,0.48366013071895425,0.4833910214729716
CAID2 Disorder-PDB,ESpritz-N,DED,calibrated,short_lt20,118,0.5338983050847458,0.5169881094633154
CAID2 Disorder-PDB,ESpritz-N,DED,calibrated,mid_20_30,64,0.46875,0.5017644189043646
CAID2 Disorder-PDB,ESpritz-N,DED,calibrated,long_gt30,153,0.6209150326797386,0.6006704311962662
CAID2 Disorder-PDB,ESpritz-X,DED,literal,short_lt20,118,0.1440677966101695,0.1325803876526708
CAID2 Disorder-PDB,ESpritz-X,DED,literal,mid_20_30,64,0.15625,0.14815517739676753
CAID2 Disorder-PDB,ESpritz-X,DED,literal,long_gt30,153,0.20261437908496732,0.23949997063914866
CAID2 Disorder-PDB,ESpritz-X,DED,calibrated,short_lt20,118,0.5254237288135594,0.5184343178059398
CAID2 Disorder-PDB,ESpritz-X,DED,calibrated,mid_20_30,64,0.578125,0.5599901717784964
CAID2 Disorder-PDB,ESpritz-X,DED,calibrated,long_gt30,153,0.6862745098039216,0.6522438572041717
CAID2 Disorder-PDB,MobiDB-lite,DED,literal,short_lt20,118,0.3559322033898305,0.3559506841627584
CAID2 Disorder-PDB,MobiDB-lite,DED,literal,mid_20_30,64,0.359375,0.3506813728344369
CAID2 Disorder-PDB,MobiDB-lite,DED,literal,long_gt30,153,0.47058823529411764,0.46506257907338755
CAID2 Disorder-PDB,MobiDB-lite,DED,calibrated,short_lt20,118,0.6016949152542372,0.5494172119211475
CAID2 Disorder-PDB,MobiDB-lite,DED,calibrated,mid_20_30,64,0.578125,0.5314490866307536
CAID2 Disorder-PDB,MobiDB-lite,DED,calibrated,long_gt30,153,0.6862745098039216,0.659015736373236
CAID2 Disorder-PDB,flDPnn,DED,literal,short_lt20,118,0.1271186440677966,0.11251598739136129
CAID2 Disorder-PDB,flDPnn,DED,literal,mid_20_30,64,0.125,0.1345398566950291
CAID2 Disorder-PDB,flDPnn,DED,literal,long_gt30,153,0.2222222222222222,0.2644865797030865
CAID2 Disorder-PDB,flDPnn,DED,calibrated,short_lt20,118,0.6016949152542372,0.5617326659365018
CAID2 Disorder-PDB,flDPnn,DED,calibrated,mid_20_30,64,0.640625,0.6178474227763254
CAID2 Disorder-PDB,flDPnn,DED,calibrated,long_gt30,153,0.7320261437908496,0.7032237098695875
CAID2 Disorder-PDB,flDPnn2,DED,literal,short_lt20,118,0.11864406779661017,0.11836087641172385
CAID2 Disorder-PDB,flDPnn2,DED,literal,mid_20_30,64,0.1875,0.17669229409378864
CAID2 Disorder-PDB,flDPnn2,DED,literal,long_gt30,153,0.29411764705882354,0.2881124928267429
CAID2 Disorder-PDB,flDPnn2,DED,calibrated,short_lt20,118,0.5423728813559322,0.530602256695687
CAID2 Disorder-PDB,flDPnn2,DED,calibrated,mid_20_30,64,0.609375,0.5851633048438942
CAID2 Disorder-PDB,flDPnn2,DED,calibrated,long_gt30,153,0.7712418300653595,0.7380685438486001
CAID2 Disorder-PDB,DISOPRED3-diso,DED,literal,short_lt20,118,0.4830508474576271,0.4581257019816342
CAID2 Disorder-PDB,DISOPRED3-diso,DED,literal,mid_20_30,64,0.59375,0.52948666127604
CAID2 Disorder-PDB,DISOPRED3-diso,DED,literal,long_gt30,153,0.673202614379085,0.6301570825898917
CAID2 Disorder-PDB,DISOPRED3-diso,DED,calibrated,short_lt20,118,0.5338983050847458,0.5104621462347626
CAID2 Disorder-PDB,DISOPRED3-diso,DED,calibrated,mid_20_30,64,0.625,0.5844955795044813
CAID2 Disorder-PDB,DISOPRED3-diso,DED,calibrated,long_gt30,153,0.7124183006535948,0.671771456267627
CAID2 Disorder-PDB,SETH-0,DED,literal,short_lt20,118,0.3898305084745763,0.3728598276362878
CAID2 Disorder-PDB,SETH-0,DED,literal,mid_20_30,64,0.5,0.4814586183873806
CAID2 Disorder-PDB,SETH-0,DED,literal,long_gt30,153,0.6928104575163399,0.6745769600963384
CAID2 Disorder-PDB,SETH-0,DED,calibrated,short_lt20,118,0.5932203389830508,0.5506172327625731
CAID2 Disorder-PDB,SETH-0,DED,calibrated,mid_20_30,64,0.625,0.6063303531540507
CAID2 Disorder-PDB,SETH-0,DED,calibrated,long_gt30,153,0.8235294117647058,0.7687973970418065
CAID2 Disorder-PDB,SETH-1,DED,literal,short_lt20,118,0.5084745762711864,0.47484618836877845
CAID2 Disorder-PDB,SETH-1,DED,literal,mid_20_30,64,0.546875,0.530953958585143
CAID2 Disorder-PDB,SETH-1,DED,literal,long_gt30,153,0.7450980392156863,0.6849391247869662
CAID2 Disorder-PDB,SETH-1,DED,calibrated,short_lt20,118,0.6271186440677966,0.5659580954748086
CAID2 Disorder-PDB,SETH-1,DED,calibrated,mid_20_30,64,0.6875,0.6316220206588694
CAID2 Disorder-PDB,SETH-1,DED,calibrated,long_gt30,153,0.8104575163398693,0.7498538499841624
CAID2 Disorder-PDB,VSL2,DED,literal,short_lt20,118,0.788135593220339,0.7220600369469551
CAID2 Disorder-PDB,VSL2,DED,literal,mid_20_30,64,0.71875,0.7086958452652559
CAID2 Disorder-PDB,VSL2,DED,literal,long_gt30,153,0.8562091503267973,0.813974920626005
CAID2 Disorder-PDB,VSL2,DED,calibrated,short_lt20,118,0.5,0.48254306858330315
CAID2 Disorder-PDB,VSL2,DED,calibrated,mid_20_30,64,0.546875,0.5452631634262304
CAID2 Disorder-PDB,VSL2,DED,calibrated,long_gt30,153,0.7320261437908496,0.6838482466322793
CAID2 Disorder-PDB,SPOT-Disorder,DED,literal,short_lt20,118,0.4745762711864407,0.44592942808854286
CAID2 Disorder-PDB,SPOT-Disorder,DED,literal,mid_20_30,64,0.609375,0.5703023080664338
CAID2 Disorder-PDB,SPOT-Disorder,DED,literal,long_gt30,153,0.7647058823529411,0.7409861965940913
CAID2 Disorder-PDB,SPOT-Disorder,DED,calibrated,short_lt20,118,0.5847457627118644,0.5356812263841176
CAID2 Disorder-PDB,SPOT-Disorder,DED,calibrated,mid_20_30,64,0.671875,0.6325099546333851
CAID2 Disorder-PDB,SPOT-Disorder,DED,calibrated,long_gt30,153,0.7973856209150327,0.7845346882603649
CAID2 Disorder-PDB,SPOT-Disorder2,DED,literal,short_lt20,118,0.5338983050847458,0.46335452418617395
CAID2 Disorder-PDB,SPOT-Disorder2,DED,literal,mid_20_30,64,0.5625,0.5323513681392945
CAID2 Disorder-PDB,SPOT-Disorder2,DED,literal,long_gt30,153,0.7320261437908496,0.7044023729869909
CAID2 Disorder-PDB,SPOT-Disorder2,DED,calibrated,short_lt20,118,0.5932203389830508,0.5401068280617134
CAID2 Disorder-PDB,SPOT-Disorder2,DED,calibrated,mid_20_30,64,0.625,0.6111296963749644
CAID2 Disorder-PDB,SPOT-Disorder2,DED,calibrated,long_gt30,153,0.7777777777777778,0.7504889209071444
CAID2 Disorder-PDB,SPOT-Disorder-Single,DED,literal,short_lt20,118,0.2542372881355932,0.23609048880110697
CAID2 Disorder-PDB,SPOT-Disorder-Single,DED,literal,mid_20_30,64,0.234375,0.2467433019705321
CAID2 Disorder-PDB,SPOT-Disorder-Single,DED,literal,long_gt30,153,0.5359477124183006,0.5100111384525317
CAID2 Disorder-PDB,SPOT-Disorder-Single,DED,calibrated,short_lt20,118,0.4745762711864407,0.47687392961734415
CAID2 Disorder-PDB,SPOT-Disorder-Single,DED,calibrated,mid_20_30,64,0.53125,0.527760692572115
CAID2 Disorder-PDB,SPOT-Disorder-Single,DED,calibrated,long_gt30,153,0.6928104575163399,0.6986876521663833
CAID2 Disorder-PDB,DisEMBL-dis465,DED,literal,short_lt20,118,0.423728813559322,0.3977420843792125
CAID2 Disorder-PDB,DisEMBL-dis465,DED,literal,mid_20_30,64,0.296875,0.35943472417727473
CAID2 Disorder-PDB,DisEMBL-dis465,DED,literal,long_gt30,153,0.28104575163398693,0.3850065337244118
CAID2 Disorder-PDB,DisEMBL-dis465,DED,calibrated,short_lt20,118,0.635593220338983,0.5777531499375836
CAID2 Disorder-PDB,DisEMBL-dis465,DED,calibrated,mid_20_30,64,0.515625,0.535431873475586
CAID2 Disorder-PDB,DisEMBL-dis465,DED,calibrated,long_gt30,153,0.6013071895424836,0.5610267166034061
CAID2 Disorder-PDB,DisEMBL-disHL,DED,literal,short_lt20,118,0.0,0.002245027737300918
CAID2 Disorder-PDB,DisEMBL-disHL,DED,literal,mid_20_30,64,0.0,0.0006793478260869565
CAID2 Disorder-PDB,DisEMBL-disHL,DED,literal,long_gt30,153,0.0,0.0010356046169698603
CAID2 Disorder-PDB,DisEMBL-disHL,DED,calibrated,short_lt20,118,0.8813559322033898,0.807816802322758
CAID2 Disorder-PDB,DisEMBL-disHL,DED,calibrated,mid_20_30,64,0.78125,0.7229621175821513
CAID2 Disorder-PDB,DisEMBL-disHL,DED,calibrated,long_gt30,153,0.7777777777777778,0.6650133533765443
CAID2 Disorder-PDB,IsUnstruct,DED,literal,short_lt20,118,0.6779661016949152,0.6279808501131375
CAID2 Disorder-PDB,IsUnstruct,DED,literal,mid_20_30,64,0.640625,0.6365909303697441
CAID2 Disorder-PDB,IsUnstruct,DED,literal,long_gt30,153,0.7908496732026143,0.7329490823785284
CAID2 Disorder-PDB,IsUnstruct,DED,calibrated,short_lt20,118,0.5677966101694916,0.5289226247433861
CAID2 Disorder-PDB,IsUnstruct,DED,calibrated,mid_20_30,64,0.5625,0.5504922024744926
CAID2 Disorder-PDB,IsUnstruct,DED,calibrated,long_gt30,153,0.7189542483660131,0.6698331503206683
CAID2 Disorder-PDB,RONN,DED,literal,short_lt20,118,0.6694915254237288,0.6449686613550286
CAID2 Disorder-PDB,RONN,DED,literal,mid_20_30,64,0.75,0.6826768727144711
CAID2 Disorder-PDB,RONN,DED,literal,long_gt30,153,0.7973856209150327,0.7174853900033575
CAID2 Disorder-PDB,RONN,DED,calibrated,short_lt20,118,0.4915254237288136,0.468572247908581
CAID2 Disorder-PDB,RONN,DED,calibrated,mid_20_30,64,0.625,0.5447497288044982
CAID2 Disorder-PDB,RONN,DED,calibrated,long_gt30,153,0.6405228758169934,0.6007830016549461
CAID2 Disorder-PDB,PreDisorder,DED,literal,short_lt20,118,0.788135593220339,0.7644003646240358
CAID2 Disorder-PDB,PreDisorder,DED,literal,mid_20_30,64,0.84375,0.8102230242063451
CAID2 Disorder-PDB,PreDisorder,DED,literal,long_gt30,153,0.8823529411764706,0.8047224281935375
CAID2 Disorder-PDB,PreDisorder,DED,calibrated,short_lt20,118,0.5932203389830508,0.5687668653462064
CAID2 Disorder-PDB,PreDisorder,DED,calibrated,mid_20_30,64,0.65625,0.6043842359851543
CAID2 Disorder-PDB,PreDisorder,DED,calibrated,long_gt30,153,0.6535947712418301,0.6354684147301809
CAID2 Disorder-PDB,OPAL,DED,literal,short_lt20,118,0.6949152542372882,0.7080595166656064
CAID2 Disorder-PDB,OPAL,DED,literal,mid_20_30,64,0.84375,0.8160655467720686
CAID2 Disorder-PDB,OPAL,DED,literal,long_gt30,153,0.8431372549019608,0.8162353961620487
CAID2 Disorder-PDB,OPAL,DED,calibrated,short_lt20,118,0.6949152542372882,0.7015214385921343
CAID2 Disorder-PDB,OPAL,DED,calibrated,mid_20_30,64,0.84375,0.8120635502054168
CAID2 Disorder-PDB,OPAL,DED,calibrated,long_gt30,153,0.8366013071895425,0.81199884740137
CAID2 Disorder-PDB,pyHCA,DED,literal,short_lt20,118,0.059322033898305086,0.07161065781454615
CAID2 Disorder-PDB,pyHCA,DED,literal,mid_20_30,64,0.09375,0.11073839833971488
CAID2 Disorder-PDB,pyHCA,DED,literal,long_gt30,153,0.24836601307189543,0.2848933745676013
CAID2 Disorder-PDB,pyHCA,DED,calibrated,short_lt20,118,0.4152542372881356,0.4105786737080357
CAID2 Disorder-PDB,pyHCA,DED,calibrated,mid_20_30,64,0.515625,0.4693379444950144
CAID2 Disorder-PDB,pyHCA,DED,calibrated,long_gt30,153,0.6862745098039216,0.639164931473783
CAID2 Disorder-PDB,DeepIDP-2L,DED,literal,short_lt20,118,0.4491525423728814,0.44348720198047215
CAID2 Disorder-PDB,DeepIDP-2L,DED,literal,mid_20_30,64,0.5625,0.5457995001937093
CAID2 Disorder-PDB,DeepIDP-2L,DED,literal,long_gt30,153,0.7581699346405228,0.7243237205654866
CAID2 Disorder-PDB,DeepIDP-2L,DED,calibrated,short_lt20,118,0.5084745762711864,0.506393434858041
CAID2 Disorder-PDB,DeepIDP-2L,DED,calibrated,mid_20_30,64,0.625,0.6107162763991381
CAID2 Disorder-PDB,DeepIDP-2L,DED,calibrated,long_gt30,153,0.7973856209150327,0.7722504351781376
CAID2 Disorder-PDB,PredIDR-long,DED,literal,short_lt20,118,0.7033898305084746,0.6719994172901897
CAID2 Disorder-PDB,PredIDR-long,DED,literal,mid_20_30,64,0.75,0.7457403601919625
CAID2 Disorder-PDB,PredIDR-long,DED,literal,long_gt30,153,0.8366013071895425,0.8277546302627542
CAID2 Disorder-PDB,PredIDR-long,DED,calibrated,short_lt20,118,0.635593220338983,0.6010044817277724
CAID2 Disorder-PDB,PredIDR-long,DED,calibrated,mid_20_30,64,0.734375,0.6958045000915363
CAID2 Disorder-PDB,PredIDR-long,DED,calibrated,long_gt30,153,0.803921568627451,0.7936017975135727
CAID2 Disorder-PDB,PredIDR-short,DED,literal,short_lt20,118,0.7966101694915254,0.7470177561967981
CAID2 Disorder-PDB,PredIDR-short,DED,literal,mid_20_30,64,0.796875,0.7667577910803174
CAID2 Disorder-PDB,PredIDR-short,DED,literal,long_gt30,153,0.8431372549019608,0.8288590934283062
CAID2 Disorder-PDB,PredIDR-short,DED,calibrated,short_lt20,118,0.7033898305084746,0.6622753358437751
CAID2 Disorder-PDB,PredIDR-short,DED,calibrated,mid_20_30,64,0.71875,0.6914775757188145
CAID2 Disorder-PDB,PredIDR-short,DED,calibrated,long_gt30,153,0.7843137254901961,0.767171164878126
CAID2 Disorder-PDB,AUCpred-profile,DED,literal,short_lt20,118,0.5677966101694916,0.5334542064592046
CAID2 Disorder-PDB,AUCpred-profile,DED,literal,mid_20_30,64,0.625,0.600723455782723
CAID2 Disorder-PDB,AUCpred-profile,DED,literal,long_gt30,153,0.7058823529411765,0.69311591129856
CAID2 Disorder-PDB,AUCpred-profile,DED,calibrated,short_lt20,118,0.6440677966101694,0.6124010106913369
CAID2 Disorder-PDB,AUCpred-profile,DED,calibrated,mid_20_30,64,0.640625,0.6639151464555559
CAID2 Disorder-PDB,AUCpred-profile,DED,calibrated,long_gt30,153,0.7516339869281046,0.7568526015179611
CAID2 Disorder-PDB,AUCpred-no-profile,DED,literal,short_lt20,118,0.4406779661016949,0.41118791991010867
CAID2 Disorder-PDB,AUCpred-no-profile,DED,literal,mid_20_30,64,0.40625,0.4004832048772969
CAID2 Disorder-PDB,AUCpred-no-profile,DED,literal,long_gt30,153,0.5751633986928104,0.5562491831012588
CAID2 Disorder-PDB,AUCpred-no-profile,DED,calibrated,short_lt20,118,0.6016949152542372,0.591704899730822
CAID2 Disorder-PDB,AUCpred-no-profile,DED,calibrated,mid_20_30,64,0.578125,0.606745295168974
CAID2 Disorder-PDB,AUCpred-no-profile,DED,calibrated,long_gt30,153,0.7124183006535948,0.6917124947212868
CAID2 Disorder-PDB,DisoPred,DED,literal,short_lt20,118,0.2288135593220339,0.23200789673148914
CAID2 Disorder-PDB,DisoPred,DED,literal,mid_20_30,64,0.421875,0.4070050217686556
CAID2 Disorder-PDB,DisoPred,DED,literal,long_gt30,153,0.6928104575163399,0.6481210445766762
CAID2 Disorder-PDB,DisoPred,DED,calibrated,short_lt20,118,0.3050847457627119,0.3000377300339257
CAID2 Disorder-PDB,DisoPred,DED,calibrated,mid_20_30,64,0.484375,0.4668291230224326
CAID2 Disorder-PDB,DisoPred,DED,calibrated,long_gt30,153,0.7450980392156863,0.7004780372261565
CAID2 Disorder-PDB,Dispredict2,DED,literal,short_lt20,118,0.3135593220338983,0.28714622125671874
CAID2 Disorder-PDB,Dispredict2,DED,literal,mid_20_30,64,0.25,0.2588831905382224
CAID2 Disorder-PDB,Dispredict2,DED,literal,long_gt30,153,0.2875816993464052,0.3153474094229709
CAID2 Disorder-PDB,Dispredict2,DED,calibrated,short_lt20,118,0.5169491525423728,0.48018611985986176
CAID2 Disorder-PDB,Dispredict2,DED,calibrated,mid_20_30,64,0.46875,0.4379540246388073
CAID2 Disorder-PDB,Dispredict2,DED,calibrated,long_gt30,153,0.47058823529411764,0.4928110761691993
CAID2 Disorder-PDB,Dispredict3,DED,literal,short_lt20,118,0.1440677966101695,0.15038849001336538
CAID2 Disorder-PDB,Dispredict3,DED,literal,mid_20_30,64,0.1875,0.21339075575605748
CAID2 Disorder-PDB,Dispredict3,DED,literal,long_gt30,153,0.32679738562091504,0.3331282779708099
CAID2 Disorder-PDB,Dispredict3,DED,calibrated,short_lt20,118,0.6440677966101694,0.6210852342211554
CAID2 Disorder-PDB,Dispredict3,DED,calibrated,mid_20_30,64,0.703125,0.6550757809608072
CAID2 Disorder-PDB,Dispredict3,DED,calibrated,long_gt30,153,0.7843137254901961,0.7609982312461727
CAID2 Disorder-PDB,IDP-Fusion,DED,literal,short_lt20,118,0.5338983050847458,0.5128181266486744
CAID2 Disorder-PDB,IDP-Fusion,DED,literal,mid_20_30,64,0.6875,0.6181870473276723
CAID2 Disorder-PDB,IDP-Fusion,DED,literal,long_gt30,153,0.8169934640522876,0.8007694142534822
CAID2 Disorder-PDB,IDP-Fusion,DED,calibrated,short_lt20,118,0.5,0.4911094448134643
CAID2 Disorder-PDB,IDP-Fusion,DED,calibrated,mid_20_30,64,0.609375,0.5885057552002595
CAID2 Disorder-PDB,IDP-Fusion,DED,calibrated,long_gt30,153,0.803921568627451,0.7835336688424094
CAID2 Disorder-PDB,rawMSA,DED,literal,short_lt20,118,0.4491525423728814,0.43048208729520054
CAID2 Disorder-PDB,rawMSA,DED,literal,mid_20_30,64,0.421875,0.4282480419770759
CAID2 Disorder-PDB,rawMSA,DED,literal,long_gt30,153,0.6862745098039216,0.6849722759641885
CAID2 Disorder-PDB,rawMSA,DED,calibrated,short_lt20,118,0.4745762711864407,0.46393421778090144
CAID2 Disorder-PDB,rawMSA,DED,calibrated,mid_20_30,64,0.515625,0.4712120749144034
CAID2 Disorder-PDB,rawMSA,DED,calibrated,long_gt30,153,0.7058823529411765,0.7042782926746091
CAID2 Disorder-PDB,metapredict,DED,literal,short_lt20,118,0.4661016949152542,0.4513226942534415
CAID2 Disorder-PDB,metapredict,DED,literal,mid_20_30,64,0.59375,0.5434479710720106
CAID2 Disorder-PDB,metapredict,DED,literal,long_gt30,153,0.7581699346405228,0.7289737340074771
CAID2 Disorder-PDB,metapredict,DED,calibrated,short_lt20,118,0.4661016949152542,0.4495403428948189
CAID2 Disorder-PDB,metapredict,DED,calibrated,mid_20_30,64,0.59375,0.541763344635229
CAID2 Disorder-PDB,metapredict,DED,calibrated,long_gt30,153,0.7516339869281046,0.7276558242906834
CAID2 Disorder-PDB,disomine,DED,literal,short_lt20,118,0.13559322033898305,0.13229797786128794
CAID2 Disorder-PDB,disomine,DED,literal,mid_20_30,64,0.25,0.2278209129232836
CAID2 Disorder-PDB,disomine,DED,literal,long_gt30,153,0.35294117647058826,0.3845369354295614
CAID2 Disorder-PDB,disomine,DED,calibrated,short_lt20,118,0.3559322033898305,0.34492326868323875
CAID2 Disorder-PDB,disomine,DED,calibrated,mid_20_30,64,0.53125,0.5298681501063904
CAID2 Disorder-PDB,disomine,DED,calibrated,long_gt30,153,0.6666666666666666,0.6498055856284665
CAID2 Disorder-PDB,s2D,DED,literal,short_lt20,118,0.788135593220339,0.7264836302168383
CAID2 Disorder-PDB,s2D,DED,literal,mid_20_30,64,0.78125,0.7404989072013762
CAID2 Disorder-PDB,s2D,DED,literal,long_gt30,153,0.8431372549019608,0.7492654424519125
CAID2 Disorder-PDB,s2D,DED,calibrated,short_lt20,118,0.6440677966101694,0.6264657141060824
CAID2 Disorder-PDB,s2D,DED,calibrated,mid_20_30,64,0.703125,0.6478487637503052
CAID2 Disorder-PDB,s2D,DED,calibrated,long_gt30,153,0.7124183006535948,0.664648668741405
CAID2 Disorder-NOX,AlphaFold-disorder,AF,literal,short_lt20,31,0.5483870967741935,0.4291872035717537
CAID2 Disorder-NOX,AlphaFold-disorder,AF,literal,mid_20_30,26,0.5,0.4442603947776361
CAID2 Disorder-NOX,AlphaFold-disorder,AF,literal,long_gt30,117,0.5470085470085471,0.5357799803773512
CAID2 Disorder-NOX,AlphaFold-disorder,AF,calibrated,short_lt20,31,0.8064516129032258,0.8074457517581456
CAID2 Disorder-NOX,AlphaFold-disorder,AF,calibrated,mid_20_30,26,0.7692307692307693,0.7275575706344937
CAID2 Disorder-NOX,AlphaFold-disorder,AF,calibrated,long_gt30,117,0.8632478632478633,0.8129246721122149
CAID2 Disorder-NOX,AlphaFold-rsa,AF,literal,short_lt20,31,0.7741935483870968,0.7545128706419029
CAID2 Disorder-NOX,AlphaFold-rsa,AF,literal,mid_20_30,26,0.7307692307692307,0.6901064055308088
CAID2 Disorder-NOX,AlphaFold-rsa,AF,literal,long_gt30,117,0.8717948717948718,0.8558343038422267
CAID2 Disorder-NOX,AlphaFold-rsa,AF,calibrated,short_lt20,31,0.6451612903225806,0.6237605513709079
CAID2 Disorder-NOX,AlphaFold-rsa,AF,calibrated,mid_20_30,26,0.6538461538461539,0.588799330642832
CAID2 Disorder-NOX,AlphaFold-rsa,AF,calibrated,long_gt30,117,0.8376068376068376,0.796030986877319
CAID2 Disorder-NOX,AIUPred,DED,literal,short_lt20,31,0.6774193548387096,0.6516413222695056
CAID2 Disorder-NOX,AIUPred,DED,literal,mid_20_30,26,0.5769230769230769,0.5484569453534971
CAID2 Disorder-NOX,AIUPred,DED,literal,long_gt30,117,0.8717948717948718,0.8235706822873979
CAID2 Disorder-NOX,AIUPred,DED,calibrated,short_lt20,31,0.3870967741935484,0.38327588498366477
CAID2 Disorder-NOX,AIUPred,DED,calibrated,mid_20_30,26,0.38461538461538464,0.4142749911450177
CAID2 Disorder-NOX,AIUPred,DED,calibrated,long_gt30,117,0.6837606837606838,0.6939993163524666
CAID2 Disorder-NOX,IUPred3,DED,literal,short_lt20,31,0.5161290322580645,0.4518720661197941
CAID2 Disorder-NOX,IUPred3,DED,literal,mid_20_30,26,0.38461538461538464,0.4041094272659259
CAID2 Disorder-NOX,IUPred3,DED,literal,long_gt30,117,0.6666666666666666,0.6363770165292446
CAID2 Disorder-NOX,IUPred3,DED,calibrated,short_lt20,31,0.4838709677419355,0.4251695755890304
CAID2 Disorder-NOX,IUPred3,DED,calibrated,mid_20_30,26,0.38461538461538464,0.38478432707875676
CAID2 Disorder-NOX,IUPred3,DED,calibrated,long_gt30,117,0.6581196581196581,0.6229751892390945
CAID2 Disorder-NOX,ESpritz-D,DED,literal,short_lt20,31,0.1935483870967742,0.18894009216589863
CAID2 Disorder-NOX,ESpritz-D,DED,literal,mid_20_30,26,0.11538461538461539,0.11393593144256274
CAID2 Disorder-NOX,ESpritz-D,DED,literal,long_gt30,117,0.358974358974359,0.3699805590826229
CAID2 Disorder-NOX,ESpritz-D,DED,calibrated,short_lt20,31,0.5806451612903226,0.5783410138248849
CAID2 Disorder-NOX,ESpritz-D,DED,calibrated,mid_20_30,26,0.5769230769230769,0.5580198537095089
CAID2 Disorder-NOX,ESpritz-D,DED,calibrated,long_gt30,117,0.8376068376068376,0.8279617094851822
CAID2 Disorder-NOX,ESpritz-N,DED,literal,short_lt20,31,0.4838709677419355,0.44488940600994925
CAID2 Disorder-NOX,ESpritz-N,DED,literal,mid_20_30,26,0.5384615384615384,0.499860488759693
CAID2 Disorder-NOX,ESpritz-N,DED,literal,long_gt30,117,0.48717948717948717,0.47771916436468903
CAID2 Disorder-NOX,ESpritz-N,DED,calibrated,short_lt20,31,0.7096774193548387,0.7021577078003722
CAID2 Disorder-NOX,ESpritz-N,DED,calibrated,mid_20_30,26,0.6923076923076923,0.6992038421348767
CAID2 Disorder-NOX,ESpritz-N,DED,calibrated,long_gt30,117,0.8034188034188035,0.7387788516508387
CAID2 Disorder-NOX,ESpritz-X,DED,literal,short_lt20,31,0.16129032258064516,0.1529558255364707
CAID2 Disorder-NOX,ESpritz-X,DED,literal,mid_20_30,26,0.11538461538461539,0.123806657533448
CAID2 Disorder-NOX,ESpritz-X,DED,literal,long_gt30,117,0.18803418803418803,0.23466438080343655
CAID2 Disorder-NOX,ESpritz-X,DED,calibrated,short_lt20,31,0.5483870967741935,0.557023906439666
CAID2 Disorder-NOX,ESpritz-X,DED,calibrated,mid_20_30,26,0.7307692307692307,0.6620127308588847
CAID2 Disorder-NOX,ESpritz-X,DED,calibrated,long_gt30,117,0.7094017094017094,0.6712739326446019
CAID2 Disorder-NOX,MobiDB-lite,DED,literal,short_lt20,31,0.2903225806451613,0.3840697408609124
CAID2 Disorder-NOX,MobiDB-lite,DED,literal,mid_20_30,26,0.4230769230769231,0.41223801397541454
CAID2 Disorder-NOX,MobiDB-lite,DED,literal,long_gt30,117,0.49572649572649574,0.4887166412583361
CAID2 Disorder-NOX,MobiDB-lite,DED,calibrated,short_lt20,31,0.6451612903225806,0.6012329944543069
CAID2 Disorder-NOX,MobiDB-lite,DED,calibrated,mid_20_30,26,0.6538461538461539,0.6046827001468911
CAID2 Disorder-NOX,MobiDB-lite,DED,calibrated,long_gt30,117,0.717948717948718,0.6819000609708311
CAID2 Disorder-NOX,flDPnn,DED,literal,short_lt20,31,0.1935483870967742,0.19721855205726171
CAID2 Disorder-NOX,flDPnn,DED,literal,mid_20_30,26,0.19230769230769232,0.18816304385269905
CAID2 Disorder-NOX,flDPnn,DED,literal,long_gt30,117,0.2564102564102564,0.30501228205066017
CAID2 Disorder-NOX,flDPnn,DED,calibrated,short_lt20,31,0.8387096774193549,0.8064310506398292
CAID2 Disorder-NOX,flDPnn,DED,calibrated,mid_20_30,26,0.8846153846153846,0.812914300553558
CAID2 Disorder-NOX,flDPnn,DED,calibrated,long_gt30,117,0.8632478632478633,0.8249283940335371
CAID2 Disorder-NOX,flDPnn2,DED,literal,short_lt20,31,0.25806451612903225,0.23238141786528885
CAID2 Disorder-NOX,flDPnn2,DED,literal,mid_20_30,26,0.15384615384615385,0.1871674479366787
CAID2 Disorder-NOX,flDPnn2,DED,literal,long_gt30,117,0.29914529914529914,0.3109850226740029
CAID2 Disorder-NOX,flDPnn2,DED,calibrated,short_lt20,31,0.6774193548387096,0.6651050138316693
CAID2 Disorder-NOX,flDPnn2,DED,calibrated,mid_20_30,26,0.6538461538461539,0.6320588032656999
CAID2 Disorder-NOX,flDPnn2,DED,calibrated,long_gt30,117,0.8034188034188035,0.7574197719852673
CAID2 Disorder-NOX,DISOPRED3-diso,DED,literal,short_lt20,31,0.41935483870967744,0.40355529985511013
CAID2 Disorder-NOX,DISOPRED3-diso,DED,literal,mid_20_30,26,0.6153846153846154,0.5367264389015052
CAID2 Disorder-NOX,DISOPRED3-diso,DED,literal,long_gt30,117,0.6581196581196581,0.6191280918822607
CAID2 Disorder-NOX,DISOPRED3-diso,DED,calibrated,short_lt20,31,0.5806451612903226,0.5278675467480022
CAID2 Disorder-NOX,DISOPRED3-diso,DED,calibrated,mid_20_30,26,0.6923076923076923,0.6617886755154659
CAID2 Disorder-NOX,DISOPRED3-diso,DED,calibrated,long_gt30,117,0.717948717948718,0.7004314327975617
CAID2 Disorder-NOX,SETH-0,DED,literal,short_lt20,31,0.41935483870967744,0.4081847368262529
CAID2 Disorder-NOX,SETH-0,DED,literal,mid_20_30,26,0.5384615384615384,0.4706151717424927
CAID2 Disorder-NOX,SETH-0,DED,literal,long_gt30,117,0.6837606837606838,0.6623612528052543
CAID2 Disorder-NOX,SETH-0,DED,calibrated,short_lt20,31,0.8387096774193549,0.7751818523365511
CAID2 Disorder-NOX,SETH-0,DED,calibrated,mid_20_30,26,0.6923076923076923,0.7063000836475637
CAID2 Disorder-NOX,SETH-0,DED,calibrated,long_gt30,117,0.8461538461538461,0.8185143932476856
CAID2 Disorder-NOX,SETH-1,DED,literal,short_lt20,31,0.4838709677419355,0.4729523320205434
CAID2 Disorder-NOX,SETH-1,DED,literal,mid_20_30,26,0.5384615384615384,0.5351461447482667
CAID2 Disorder-NOX,SETH-1,DED,literal,long_gt30,117,0.7350427350427351,0.6728540448712378
CAID2 Disorder-NOX,SETH-1,DED,calibrated,short_lt20,31,0.7741935483870968,0.693629870135413
CAID2 Disorder-NOX,SETH-1,DED,calibrated,mid_20_30,26,0.7692307692307693,0.6724729514517312
CAID2 Disorder-NOX,SETH-1,DED,calibrated,long_gt30,117,0.8290598290598291,0.7839402874924867
CAID2 Disorder-NOX,VSL2,DED,literal,short_lt20,31,0.8709677419354839,0.8182284397804221
CAID2 Disorder-NOX,VSL2,DED,literal,mid_20_30,26,0.8076923076923077,0.7985556883434868
CAID2 Disorder-NOX,VSL2,DED,literal,long_gt30,117,0.8547008547008547,0.8128933786475983
CAID2 Disorder-NOX,VSL2,DED,calibrated,short_lt20,31,0.6129032258064516,0.6579879764364934
CAID2 Disorder-NOX,VSL2,DED,calibrated,mid_20_30,26,0.6538461538461539,0.6890323160482311
CAID2 Disorder-NOX,VSL2,DED,calibrated,long_gt30,117,0.8034188034188035,0.7431549767033816
CAID2 Disorder-NOX,SPOT-Disorder,DED,literal,short_lt20,31,0.5161290322580645,0.5029253672966846
CAID2 Disorder-NOX,SPOT-Disorder,DED,literal,mid_20_30,26,0.6538461538461539,0.6286916664237618
CAID2 Disorder-NOX,SPOT-Disorder,DED,literal,long_gt30,117,0.7863247863247863,0.755349482368174
CAID2 Disorder-NOX,SPOT-Disorder,DED,calibrated,short_lt20,31,0.6451612903225806,0.5830331546900007
CAID2 Disorder-NOX,SPOT-Disorder,DED,calibrated,mid_20_30,26,0.7692307692307693,0.6646282099863001
CAID2 Disorder-NOX,SPOT-Disorder,DED,calibrated,long_gt30,117,0.7948717948717948,0.7810023816728504
CAID2 Disorder-NOX,SPOT-Disorder2,DED,literal,short_lt20,31,0.6129032258064516,0.5512051887214175
CAID2 Disorder-NOX,SPOT-Disorder2,DED,literal,mid_20_30,26,0.6538461538461539,0.5678398480387871
CAID2 Disorder-NOX,SPOT-Disorder2,DED,literal,long_gt30,117,0.7435897435897436,0.7120875541146463
CAID2 Disorder-NOX,SPOT-Disorder2,DED,calibrated,short_lt20,31,0.7741935483870968,0.7019529096578933
CAID2 Disorder-NOX,SPOT-Disorder2,DED,calibrated,mid_20_30,26,0.6923076923076923,0.6523058329822256
CAID2 Disorder-NOX,SPOT-Disorder2,DED,calibrated,long_gt30,117,0.811965811965812,0.7872908532150464
CAID2 Disorder-NOX,SPOT-Disorder-Single,DED,literal,short_lt20,31,0.25806451612903225,0.22375939472713668
CAID2 Disorder-NOX,SPOT-Disorder-Single,DED,literal,mid_20_30,26,0.2692307692307692,0.3110491409563028
CAID2 Disorder-NOX,SPOT-Disorder-Single,DED,literal,long_gt30,117,0.5470085470085471,0.5257293478480817
CAID2 Disorder-NOX,SPOT-Disorder-Single,DED,calibrated,short_lt20,31,0.5806451612903226,0.5549020799545118
CAID2 Disorder-NOX,SPOT-Disorder-Single,DED,calibrated,mid_20_30,26,0.6923076923076923,0.6781352069680983
CAID2 Disorder-NOX,SPOT-Disorder-Single,DED,calibrated,long_gt30,117,0.7692307692307693,0.7453992522936786
CAID2 Disorder-NOX,DisEMBL-dis465,DED,literal,short_lt20,31,0.41935483870967744,0.39630065219798566
CAID2 Disorder-NOX,DisEMBL-dis465,DED,literal,mid_20_30,26,0.38461538461538464,0.4191939139551871
CAID2 Disorder-NOX,DisEMBL-dis465,DED,literal,long_gt30,117,0.27350427350427353,0.3861247659015366
CAID2 Disorder-NOX,DisEMBL-dis465,DED,calibrated,short_lt20,31,0.7096774193548387,0.6661990480751092
CAID2 Disorder-NOX,DisEMBL-dis465,DED,calibrated,mid_20_30,26,0.7307692307692307,0.6435540586734221
CAID2 Disorder-NOX,DisEMBL-dis465,DED,calibrated,long_gt30,117,0.7521367521367521,0.6334415822975682
CAID2 Disorder-NOX,DisEMBL-disHL,DED,literal,short_lt20,31,0.0,0.0
CAID2 Disorder-NOX,DisEMBL-disHL,DED,literal,mid_20_30,26,0.0,0.0
CAID2 Disorder-NOX,DisEMBL-disHL,DED,literal,long_gt30,117,0.0,0.001172400945741092
CAID2 Disorder-NOX,DisEMBL-disHL,DED,calibrated,short_lt20,31,0.967741935483871,0.895600539339928
CAID2 Disorder-NOX,DisEMBL-disHL,DED,calibrated,mid_20_30,26,0.9230769230769231,0.8258834225014596
CAID2 Disorder-NOX,DisEMBL-disHL,DED,calibrated,long_gt30,117,0.8974358974358975,0.7637308455095405
CAID2 Disorder-NOX,IsUnstruct,DED,literal,short_lt20,31,0.7419354838709677,0.7171460717450928
CAID2 Disorder-NOX,IsUnstruct,DED,literal,mid_20_30,26,0.8076923076923077,0.7442647670631756
CAID2 Disorder-NOX,IsUnstruct,DED,literal,long_gt30,117,0.7948717948717948,0.7355920430054139
CAID2 Disorder-NOX,IsUnstruct,DED,calibrated,short_lt20,31,0.7096774193548387,0.6784859713452541
CAID2 Disorder-NOX,IsUnstruct,DED,calibrated,mid_20_30,26,0.7692307692307693,0.7074215218910178
CAID2 Disorder-NOX,IsUnstruct,DED,calibrated,long_gt30,117,0.7435897435897436,0.7135730771647394
CAID2 Disorder-NOX,RONN,DED,literal,short_lt20,31,0.7741935483870968,0.7491948345938159
CAID2 Disorder-NOX,RONN,DED,literal,mid_20_30,26,0.8076923076923077,0.7322472531888977
CAID2 Disorder-NOX,RONN,DED,literal,long_gt30,117,0.811965811965812,0.7199596447502927
CAID2 Disorder-NOX,RONN,DED,calibrated,short_lt20,31,0.7419354838709677,0.7183714512237432
CAID2 Disorder-NOX,RONN,DED,calibrated,mid_20_30,26,0.7692307692307693,0.703298103311366
CAID2 Disorder-NOX,RONN,DED,calibrated,long_gt30,117,0.7521367521367521,0.7009029336262252
CAID2 Disorder-NOX,PreDisorder,DED,literal,short_lt20,31,0.8387096774193549,0.8404581713879627
CAID2 Disorder-NOX,PreDisorder,DED,literal,mid_20_30,26,1.0,0.9334927671797698
CAID2 Disorder-NOX,PreDisorder,DED,literal,long_gt30,117,0.8888888888888888,0.8043825404217282
CAID2 Disorder-NOX,PreDisorder,DED,calibrated,short_lt20,31,0.8064516129032258,0.77084649097033
CAID2 Disorder-NOX,PreDisorder,DED,calibrated,mid_20_30,26,0.9230769230769231,0.8882050840406279
CAID2 Disorder-NOX,PreDisorder,DED,calibrated,long_gt30,117,0.8205128205128205,0.754261387340404
CAID2 Disorder-NOX,OPAL,DED,literal,short_lt20,31,0.7741935483870968,0.8096468811601638
CAID2 Disorder-NOX,OPAL,DED,literal,mid_20_30,26,0.8461538461538461,0.8395604395604396
CAID2 Disorder-NOX,OPAL,DED,literal,long_gt30,117,0.8632478632478633,0.8279322870706028
CAID2 Disorder-NOX,OPAL,DED,calibrated,short_lt20,31,0.7741935483870968,0.8272457828909442
CAID2 Disorder-NOX,OPAL,DED,calibrated,mid_20_30,26,0.8461538461538461,0.8527289377289377
CAID2 Disorder-NOX,OPAL,DED,calibrated,long_gt30,117,0.8717948717948718,0.8369591700929414
CAID2 Disorder-NOX,pyHCA,DED,literal,short_lt20,31,0.03225806451612903,0.047376995764092544
CAID2 Disorder-NOX,pyHCA,DED,literal,mid_20_30,26,0.11538461538461539,0.14170754091178495
CAID2 Disorder-NOX,pyHCA,DED,literal,long_gt30,117,0.27350427350427353,0.3104013591743988
CAID2 Disorder-NOX,pyHCA,DED,calibrated,short_lt20,31,0.5161290322580645,0.5158215308832007
CAID2 Disorder-NOX,pyHCA,DED,calibrated,mid_20_30,26,0.6153846153846154,0.5732004291022859
CAID2 Disorder-NOX,pyHCA,DED,calibrated,long_gt30,117,0.7606837606837606,0.7094788791555505
CAID2 Disorder-NOX,DeepIDP-2L,DED,literal,short_lt20,31,0.5161290322580645,0.5197349245736342
CAID2 Disorder-NOX,DeepIDP-2L,DED,literal,mid_20_30,26,0.6923076923076923,0.6251048111923444
CAID2 Disorder-NOX,DeepIDP-2L,DED,literal,long_gt30,117,0.7777777777777778,0.7468720987171711
CAID2 Disorder-NOX,DeepIDP-2L,DED,calibrated,short_lt20,31,0.2903225806451613,0.2529587005867841
CAID2 Disorder-NOX,DeepIDP-2L,DED,calibrated,mid_20_30,26,0.38461538461538464,0.4080371706101149
CAID2 Disorder-NOX,DeepIDP-2L,DED,calibrated,long_gt30,117,0.5384615384615384,0.543422116495216
CAID2 Disorder-NOX,PredIDR-long,DED,literal,short_lt20,31,0.7096774193548387,0.6736403054539477
CAID2 Disorder-NOX,PredIDR-long,DED,literal,mid_20_30,26,0.6923076923076923,0.7212263775128497
CAID2 Disorder-NOX,PredIDR-long,DED,literal,long_gt30,117,0.8547008547008547,0.8322030344872454
CAID2 Disorder-NOX,PredIDR-long,DED,calibrated,short_lt20,31,0.6129032258064516,0.6180091567775079
CAID2 Disorder-NOX,PredIDR-long,DED,calibrated,mid_20_30,26,0.6923076923076923,0.6770112513481213
CAID2 Disorder-NOX,PredIDR-long,DED,calibrated,long_gt30,117,0.8205128205128205,0.8088599220403454
CAID2 Disorder-NOX,PredIDR-short,DED,literal,short_lt20,31,0.8387096774193549,0.7803377581615871
CAID2 Disorder-NOX,PredIDR-short,DED,literal,mid_20_30,26,0.7692307692307693,0.7565422994335461
CAID2 Disorder-NOX,PredIDR-short,DED,literal,long_gt30,117,0.8632478632478633,0.8302864338651198
CAID2 Disorder-NOX,PredIDR-short,DED,calibrated,short_lt20,31,0.8387096774193549,0.7549771289110149
CAID2 Disorder-NOX,PredIDR-short,DED,calibrated,mid_20_30,26,0.6923076923076923,0.7444487519553834
CAID2 Disorder-NOX,PredIDR-short,DED,calibrated,long_gt30,117,0.8461538461538461,0.8203354013399206
CAID2 Disorder-NOX,AUCpred-profile,DED,literal,short_lt20,31,0.6451612903225806,0.5885403365679008
CAID2 Disorder-NOX,AUCpred-profile,DED,literal,mid_20_30,26,0.7692307692307693,0.6986494054133311
CAID2 Disorder-NOX,AUCpred-profile,DED,literal,long_gt30,117,0.7094017094017094,0.6946372279974035
CAID2 Disorder-NOX,AUCpred-profile,DED,calibrated,short_lt20,31,0.8709677419354839,0.8157852755675585
CAID2 Disorder-NOX,AUCpred-profile,DED,calibrated,mid_20_30,26,0.8461538461538461,0.8217951279489741
CAID2 Disorder-NOX,AUCpred-profile,DED,calibrated,long_gt30,117,0.811965811965812,0.8051761145009065
CAID2 Disorder-NOX,AUCpred-no-profile,DED,literal,short_lt20,31,0.3225806451612903,0.3251952254498944
CAID2 Disorder-NOX,AUCpred-no-profile,DED,literal,mid_20_30,26,0.5,0.4542684238838085
CAID2 Disorder-NOX,AUCpred-no-profile,DED,literal,long_gt30,117,0.5897435897435898,0.5658798839485196
CAID2 Disorder-NOX,AUCpred-no-profile,DED,calibrated,short_lt20,31,0.8387096774193549,0.8047912967055583
CAID2 Disorder-NOX,AUCpred-no-profile,DED,calibrated,mid_20_30,26,0.9230769230769231,0.840700210488009
CAID2 Disorder-NOX,AUCpred-no-profile,DED,calibrated,long_gt30,117,0.8803418803418803,0.819253589123534
CAID2 Disorder-NOX,DisoPred,DED,literal,short_lt20,31,0.41935483870967744,0.40558925855040906
CAID2 Disorder-NOX,DisoPred,DED,literal,mid_20_30,26,0.46153846153846156,0.4507303174279302
CAID2 Disorder-NOX,DisoPred,DED,literal,long_gt30,117,0.7264957264957265,0.6923576412603065
CAID2 Disorder-NOX,DisoPred,DED,calibrated,short_lt20,31,0.4838709677419355,0.44668113492641603
CAID2 Disorder-NOX,DisoPred,DED,calibrated,mid_20_30,26,0.5384615384615384,0.48622292826536856
CAID2 Disorder-NOX,DisoPred,DED,calibrated,long_gt30,117,0.7692307692307693,0.7184183507267113
CAID2 Disorder-NOX,Dispredict2,DED,literal,short_lt20,31,0.4838709677419355,0.4208920489056312
CAID2 Disorder-NOX,Dispredict2,DED,literal,mid_20_30,26,0.3076923076923077,0.3342203331593252
CAID2 Disorder-NOX,Dispredict2,DED,literal,long_gt30,117,0.3076923076923077,0.32573004500016783
CAID2 Disorder-NOX,Dispredict2,DED,calibrated,short_lt20,31,0.0,0.0
CAID2 Disorder-NOX,Dispredict2,DED,calibrated,mid_20_30,26,0.0,0.0
CAID2 Disorder-NOX,Dispredict2,DED,calibrated,long_gt30,117,0.008547008547008548,0.02054256730358926
CAID2 Disorder-NOX,Dispredict3,DED,literal,short_lt20,31,0.2903225806451613,0.2546408788344272
CAID2 Disorder-NOX,Dispredict3,DED,literal,mid_20_30,26,0.15384615384615385,0.2243325330725861
CAID2 Disorder-NOX,Dispredict3,DED,literal,long_gt30,117,0.3418803418803419,0.3628092920123164
CAID2 Disorder-NOX,Dispredict3,DED,calibrated,short_lt20,31,0.7741935483870968,0.7452098621553331
CAID2 Disorder-NOX,Dispredict3,DED,calibrated,mid_20_30,26,0.8076923076923077,0.7824180682270867
CAID2 Disorder-NOX,Dispredict3,DED,calibrated,long_gt30,117,0.8803418803418803,0.8565337700735326
CAID2 Disorder-NOX,IDP-Fusion,DED,literal,short_lt20,31,0.7096774193548387,0.6549169209398411
CAID2 Disorder-NOX,IDP-Fusion,DED,literal,mid_20_30,26,0.7692307692307693,0.6762353561557806
CAID2 Disorder-NOX,IDP-Fusion,DED,literal,long_gt30,117,0.8376068376068376,0.8263328014420498
CAID2 Disorder-NOX,IDP-Fusion,DED,calibrated,short_lt20,31,0.45161290322580644,0.4438591979388943
CAID2 Disorder-NOX,IDP-Fusion,DED,calibrated,mid_20_30,26,0.4230769230769231,0.47595123267537065
CAID2 Disorder-NOX,IDP-Fusion,DED,calibrated,long_gt30,117,0.7350427350427351,0.717110993556066
CAID2 Disorder-NOX,rawMSA,DED,literal,short_lt20,31,0.5483870967741935,0.5306427607036814
CAID2 Disorder-NOX,rawMSA,DED,literal,mid_20_30,26,0.5384615384615384,0.5070174785426775
CAID2 Disorder-NOX,rawMSA,DED,literal,long_gt30,117,0.7008547008547008,0.699737909800878
CAID2 Disorder-NOX,rawMSA,DED,calibrated,short_lt20,31,0.45161290322580644,0.39703772874151383
CAID2 Disorder-NOX,rawMSA,DED,calibrated,mid_20_30,26,0.4230769230769231,0.36782008000840893
CAID2 Disorder-NOX,rawMSA,DED,calibrated,long_gt30,117,0.6495726495726496,0.6438035916846572
CAID2 Disorder-NOX,metapredict,DED,literal,short_lt20,31,0.5161290322580645,0.511464181922586
CAID2 Disorder-NOX,metapredict,DED,literal,mid_20_30,26,0.6153846153846154,0.5622821696429123
CAID2 Disorder-NOX,metapredict,DED,literal,long_gt30,117,0.7863247863247863,0.7629004181286836
CAID2 Disorder-NOX,metapredict,DED,calibrated,short_lt20,31,0.5806451612903226,0.5941153074429815
CAID2 Disorder-NOX,metapredict,DED,calibrated,mid_20_30,26,0.6923076923076923,0.6442768725527347
CAID2 Disorder-NOX,metapredict,DED,calibrated,long_gt30,117,0.8205128205128205,0.7946621070101191
CAID2 Disorder-NOX,disomine,DED,literal,short_lt20,31,0.1935483870967742,0.1672043010752688
CAID2 Disorder-NOX,disomine,DED,literal,mid_20_30,26,0.4230769230769231,0.36665792209558784
CAID2 Disorder-NOX,disomine,DED,literal,long_gt30,117,0.38461538461538464,0.41561232850004715
CAID2 Disorder-NOX,disomine,DED,calibrated,short_lt20,31,0.6774193548387096,0.622726078392462
CAID2 Disorder-NOX,disomine,DED,calibrated,mid_20_30,26,0.7307692307692307,0.6952128331438676
CAID2 Disorder-NOX,disomine,DED,calibrated,long_gt30,117,0.8888888888888888,0.8427433062159944
CAID2 Disorder-NOX,s2D,DED,literal,short_lt20,31,0.9032258064516129,0.7982487962950863
CAID2 Disorder-NOX,s2D,DED,literal,mid_20_30,26,0.8461538461538461,0.7816217027888115
CAID2 Disorder-NOX,s2D,DED,literal,long_gt30,117,0.8717948717948718,0.763177764855883
CAID2 Disorder-NOX,s2D,DED,calibrated,short_lt20,31,0.9354838709677419,0.8624159877817623
CAID2 Disorder-NOX,s2D,DED,calibrated,mid_20_30,26,0.8846153846153846,0.8195380834903383
CAID2 Disorder-NOX,s2D,DED,calibrated,long_gt30,117,0.9401709401709402,0.827052568218491
CAID3 Disorder-PDB,AlphaFold-pLDDT,AF,literal,short_lt20,136,0.38235294117647056,0.3343677759466095
CAID3 Disorder-PDB,AlphaFold-pLDDT,AF,literal,mid_20_30,64,0.421875,0.4058068167716078
CAID3 Disorder-PDB,AlphaFold-pLDDT,AF,literal,long_gt30,172,0.5523255813953488,0.5240159844828013
CAID3 Disorder-PDB,AlphaFold-pLDDT,AF,calibrated,short_lt20,136,0.6470588235294118,0.6379800910202933
CAID3 Disorder-PDB,AlphaFold-pLDDT,AF,calibrated,mid_20_30,64,0.75,0.6795451878752806
CAID3 Disorder-PDB,AlphaFold-pLDDT,AF,calibrated,long_gt30,172,0.8313953488372093,0.7771973110388469
CAID3 Disorder-PDB,AlphaFold-rsa,AF,literal,short_lt20,136,0.5808823529411765,0.5774317023730837
CAID3 Disorder-PDB,AlphaFold-rsa,AF,literal,mid_20_30,64,0.765625,0.7549476072524705
CAID3 Disorder-PDB,AlphaFold-rsa,AF,literal,long_gt30,172,0.8604651162790697,0.8409638499469908
CAID3 Disorder-PDB,AlphaFold-rsa,AF,calibrated,short_lt20,136,0.5073529411764706,0.4941137624150167
CAID3 Disorder-PDB,AlphaFold-rsa,AF,calibrated,mid_20_30,64,0.71875,0.6757951414692185
CAID3 Disorder-PDB,AlphaFold-rsa,AF,calibrated,long_gt30,172,0.8546511627906976,0.8032699443944817
CAID3 Disorder-PDB,AlphaFold3-pLDDT,AF,literal,short_lt20,136,0.29411764705882354,0.2696011067055731
CAID3 Disorder-PDB,AlphaFold3-pLDDT,AF,literal,mid_20_30,64,0.421875,0.389389868107072
CAID3 Disorder-PDB,AlphaFold3-pLDDT,AF,literal,long_gt30,172,0.5697674418604651,0.5175024646458155
CAID3 Disorder-PDB,AlphaFold3-pLDDT,AF,calibrated,short_lt20,136,0.7941176470588235,0.7427028842760267
CAID3 Disorder-PDB,AlphaFold3-pLDDT,AF,calibrated,mid_20_30,64,0.796875,0.75698092582826
CAID3 Disorder-PDB,AlphaFold3-pLDDT,AF,calibrated,long_gt30,172,0.8662790697674418,0.8087934403238889
CAID3 Disorder-PDB,AlphaFold3-rsa,AF,literal,short_lt20,136,0.5808823529411765,0.5740704242918093
CAID3 Disorder-PDB,AlphaFold3-rsa,AF,literal,mid_20_30,64,0.75,0.7511719084090711
CAID3 Disorder-PDB,AlphaFold3-rsa,AF,literal,long_gt30,172,0.872093023255814,0.845911262539262
CAID3 Disorder-PDB,AlphaFold3-rsa,AF,calibrated,short_lt20,136,0.5294117647058824,0.5112874625437798
CAID3 Disorder-PDB,AlphaFold3-rsa,AF,calibrated,mid_20_30,64,0.734375,0.7040515927422084
CAID3 Disorder-PDB,AlphaFold3-rsa,AF,calibrated,long_gt30,172,0.8662790697674418,0.8180730059361945
CAID3 Disorder-PDB,AIUPred,DED,literal,short_lt20,136,0.5661764705882353,0.5496277482988693
CAID3 Disorder-PDB,AIUPred,DED,literal,mid_20_30,64,0.796875,0.75847418214594
CAID3 Disorder-PDB,AIUPred,DED,literal,long_gt30,172,0.8313953488372093,0.7993675659652374
CAID3 Disorder-PDB,AIUPred,DED,calibrated,short_lt20,136,0.3088235294117647,0.2928739604049202
CAID3 Disorder-PDB,AIUPred,DED,calibrated,mid_20_30,64,0.46875,0.45745804662291734
CAID3 Disorder-PDB,AIUPred,DED,calibrated,long_gt30,172,0.6511627906976745,0.6097839314829002
CAID3 Disorder-PDB,AIUPred-2-disorder,DED,literal,short_lt20,136,0.47794117647058826,0.4801103331198031
CAID3 Disorder-PDB,AIUPred-2-disorder,DED,literal,mid_20_30,64,0.65625,0.653387932600709
CAID3 Disorder-PDB,AIUPred-2-disorder,DED,literal,long_gt30,172,0.8488372093023255,0.8041333615185556
CAID3 Disorder-PDB,AIUPred-2-disorder,DED,calibrated,short_lt20,136,0.36764705882352944,0.3573164888479153
CAID3 Disorder-PDB,AIUPred-2-disorder,DED,calibrated,mid_20_30,64,0.5625,0.5389113922406651
CAID3 Disorder-PDB,AIUPred-2-disorder,DED,calibrated,long_gt30,172,0.7790697674418605,0.7373606925933825
CAID3 Disorder-PDB,IUPred3,DED,literal,short_lt20,136,0.3161764705882353,0.29640183811640514
CAID3 Disorder-PDB,IUPred3,DED,literal,mid_20_30,64,0.453125,0.4258092474082916
CAID3 Disorder-PDB,IUPred3,DED,literal,long_gt30,172,0.6337209302325582,0.615036295654309
CAID3 Disorder-PDB,IUPred3,DED,calibrated,short_lt20,136,0.3235294117647059,0.3189218184269746
CAID3 Disorder-PDB,IUPred3,DED,calibrated,mid_20_30,64,0.46875,0.45201638511725656
CAID3 Disorder-PDB,IUPred3,DED,calibrated,long_gt30,172,0.6686046511627907,0.6396866325804814
CAID3 Disorder-PDB,ESpritz-D,DED,literal,short_lt20,136,0.11764705882352941,0.11582274955436721
CAID3 Disorder-PDB,ESpritz-D,DED,literal,mid_20_30,64,0.21875,0.22264639195345717
CAID3 Disorder-PDB,ESpritz-D,DED,literal,long_gt30,172,0.36046511627906974,0.339306514047797
CAID3 Disorder-PDB,ESpritz-D,DED,calibrated,short_lt20,136,0.33088235294117646,0.31851863224848564
CAID3 Disorder-PDB,ESpritz-D,DED,calibrated,mid_20_30,64,0.546875,0.5296181682900434
CAID3 Disorder-PDB,ESpritz-D,DED,calibrated,long_gt30,172,0.5930232558139535,0.5745801413458748
CAID3 Disorder-PDB,ESpritz-N,DED,literal,short_lt20,136,0.4117647058823529,0.3885467698909581
CAID3 Disorder-PDB,ESpritz-N,DED,literal,mid_20_30,64,0.390625,0.36877613804115394
CAID3 Disorder-PDB,ESpritz-N,DED,literal,long_gt30,172,0.5465116279069767,0.5209243751854874
CAID3 Disorder-PDB,ESpritz-N,DED,calibrated,short_lt20,136,0.5514705882352942,0.5291069985163162
CAID3 Disorder-PDB,ESpritz-N,DED,calibrated,mid_20_30,64,0.546875,0.5152913352646299
CAID3 Disorder-PDB,ESpritz-N,DED,calibrated,long_gt30,172,0.6918604651162791,0.6457155159037835
CAID3 Disorder-PDB,ESpritz-X,DED,literal,short_lt20,136,0.16911764705882354,0.15923063336757337
CAID3 Disorder-PDB,ESpritz-X,DED,literal,mid_20_30,64,0.1875,0.19888152027968836
CAID3 Disorder-PDB,ESpritz-X,DED,literal,long_gt30,172,0.22093023255813954,0.26352650126644966
CAID3 Disorder-PDB,ESpritz-X,DED,calibrated,short_lt20,136,0.5367647058823529,0.5003657494466319
CAID3 Disorder-PDB,ESpritz-X,DED,calibrated,mid_20_30,64,0.59375,0.6073900985226183
CAID3 Disorder-PDB,ESpritz-X,DED,calibrated,long_gt30,172,0.6686046511627907,0.6495442195197331
CAID3 Disorder-PDB,MobiDB-lite,DED,literal,short_lt20,136,0.4117647058823529,0.38327379657994526
CAID3 Disorder-PDB,MobiDB-lite,DED,literal,mid_20_30,64,0.5,0.4586891749528791
CAID3 Disorder-PDB,MobiDB-lite,DED,literal,long_gt30,172,0.6046511627906976,0.5590396008411104
CAID3 Disorder-PDB,MobiDB-lite,DED,calibrated,short_lt20,136,0.4117647058823529,0.38327379657994526
CAID3 Disorder-PDB,MobiDB-lite,DED,calibrated,mid_20_30,64,0.5,0.4586891749528791
CAID3 Disorder-PDB,MobiDB-lite,DED,calibrated,long_gt30,172,0.6046511627906976,0.5590396008411104
CAID3 Disorder-PDB,flDPnn,DED,literal,short_lt20,136,0.19117647058823528,0.19555137156040908
CAID3 Disorder-PDB,flDPnn,DED,literal,mid_20_30,64,0.3125,0.2899887035345478
CAID3 Disorder-PDB,flDPnn,DED,literal,long_gt30,172,0.32558139534883723,0.3486186129925315
CAID3 Disorder-PDB,flDPnn,DED,calibrated,short_lt20,136,0.625,0.5808835622670193
CAID3 Disorder-PDB,flDPnn,DED,calibrated,mid_20_30,64,0.625,0.6501866803678789
CAID3 Disorder-PDB,flDPnn,DED,calibrated,long_gt30,172,0.7674418604651163,0.7166525227970911
CAID3 Disorder-PDB,flDPnn2,DED,literal,short_lt20,136,0.21323529411764705,0.2045909251908273
CAID3 Disorder-PDB,flDPnn2,DED,literal,mid_20_30,64,0.4375,0.40237654320698735
CAID3 Disorder-PDB,flDPnn2,DED,literal,long_gt30,172,0.37790697674418605,0.37865389092426494
CAID3 Disorder-PDB,flDPnn2,DED,calibrated,short_lt20,136,0.5661764705882353,0.5476174574946998
CAID3 Disorder-PDB,flDPnn2,DED,calibrated,mid_20_30,64,0.671875,0.6885312521634204
CAID3 Disorder-PDB,flDPnn2,DED,calibrated,long_gt30,172,0.7732558139534884,0.7416735990281652
CAID3 Disorder-PDB,flDPnn3a,DED,literal,short_lt20,136,0.6470588235294118,0.610484388155805
CAID3 Disorder-PDB,flDPnn3a,DED,literal,mid_20_30,64,0.78125,0.7512448242419194
CAID3 Disorder-PDB,flDPnn3a,DED,literal,long_gt30,172,0.7732558139534884,0.7371563528849071
CAID3 Disorder-PDB,flDPnn3a,DED,calibrated,short_lt20,136,0.6985294117647058,0.6818357583097612
CAID3 Disorder-PDB,flDPnn3a,DED,calibrated,mid_20_30,64,0.875,0.8321255639766697
CAID3 Disorder-PDB,flDPnn3a,DED,calibrated,long_gt30,172,0.8313953488372093,0.812678445586565
CAID3 Disorder-PDB,flDPnn3b,DED,literal,short_lt20,136,0.09558823529411764,0.10164289709511436
CAID3 Disorder-PDB,flDPnn3b,DED,literal,mid_20_30,64,0.234375,0.2216586524333432
CAID3 Disorder-PDB,flDPnn3b,DED,literal,long_gt30,172,0.29069767441860467,0.295972126033946
CAID3 Disorder-PDB,flDPnn3b,DED,calibrated,short_lt20,136,0.6102941176470589,0.5973096211329798
CAID3 Disorder-PDB,flDPnn3b,DED,calibrated,mid_20_30,64,0.796875,0.7549238869810224
CAID3 Disorder-PDB,flDPnn3b,DED,calibrated,long_gt30,172,0.7616279069767442,0.7365570920890878
CAID3 Disorder-PDB,DISOPRED3-diso,DED,literal,short_lt20,136,0.40441176470588236,0.3855872065001208
CAID3 Disorder-PDB,DISOPRED3-diso,DED,literal,mid_20_30,64,0.53125,0.46792988418187537
CAID3 Disorder-PDB,DISOPRED3-diso,DED,literal,long_gt30,172,0.6686046511627907,0.6138016615705587
CAID3 Disorder-PDB,DISOPRED3-diso,DED,calibrated,short_lt20,136,0.5588235294117647,0.5170954410770133
CAID3 Disorder-PDB,DISOPRED3-diso,DED,calibrated,mid_20_30,64,0.625,0.5941593928891296
CAID3 Disorder-PDB,DISOPRED3-diso,DED,calibrated,long_gt30,172,0.7732558139534884,0.7094390258918291
CAID3 Disorder-PDB,SETH-0,DED,literal,short_lt20,136,0.4264705882352941,0.4029047579388478
CAID3 Disorder-PDB,SETH-0,DED,literal,mid_20_30,64,0.578125,0.4904779539585574
CAID3 Disorder-PDB,SETH-0,DED,literal,long_gt30,172,0.686046511627907,0.6457420100753848
CAID3 Disorder-PDB,SETH-0,DED,calibrated,short_lt20,136,0.6323529411764706,0.6055343263547597
CAID3 Disorder-PDB,SETH-0,DED,calibrated,mid_20_30,64,0.6875,0.6626759344131907
CAID3 Disorder-PDB,SETH-0,DED,calibrated,long_gt30,172,0.8081395348837209,0.7651669816844264
CAID3 Disorder-PDB,SETH-1,DED,literal,short_lt20,136,0.5735294117647058,0.5423230849880708
CAID3 Disorder-PDB,SETH-1,DED,literal,mid_20_30,64,0.59375,0.5492271766353476
CAID3 Disorder-PDB,SETH-1,DED,literal,long_gt30,172,0.7558139534883721,0.6706017562339958
CAID3 Disorder-PDB,SETH-1,DED,calibrated,short_lt20,136,0.6691176470588235,0.6326702822132844
CAID3 Disorder-PDB,SETH-1,DED,calibrated,mid_20_30,64,0.703125,0.624407205226405
CAID3 Disorder-PDB,SETH-1,DED,calibrated,long_gt30,172,0.7965116279069767,0.7289568234736388
CAID3 Disorder-PDB,VSL2,DED,literal,short_lt20,136,0.7279411764705882,0.6875506751969372
CAID3 Disorder-PDB,VSL2,DED,literal,mid_20_30,64,0.8125,0.7645201683164342
CAID3 Disorder-PDB,VSL2,DED,literal,long_gt30,172,0.9011627906976745,0.8307036924667838
CAID3 Disorder-PDB,VSL2,DED,calibrated,short_lt20,136,0.3382352941176471,0.3566653548638274
CAID3 Disorder-PDB,VSL2,DED,calibrated,mid_20_30,64,0.453125,0.472211990409259
CAID3 Disorder-PDB,VSL2,DED,calibrated,long_gt30,172,0.7209302325581395,0.6592627762043206
CAID3 Disorder-PDB,SPOT-Disorder,DED,literal,short_lt20,136,0.5147058823529411,0.4675796293767747
CAID3 Disorder-PDB,SPOT-Disorder,DED,literal,mid_20_30,64,0.609375,0.5530061354786102
CAID3 Disorder-PDB,SPOT-Disorder,DED,literal,long_gt30,172,0.7325581395348837,0.70082581533299
CAID3 Disorder-PDB,SPOT-Disorder,DED,calibrated,short_lt20,136,0.5514705882352942,0.5155629399195576
CAID3 Disorder-PDB,SPOT-Disorder,DED,calibrated,mid_20_30,64,0.625,0.59495553047652
CAID3 Disorder-PDB,SPOT-Disorder,DED,calibrated,long_gt30,172,0.7732558139534884,0.7334014936745823
CAID3 Disorder-PDB,SPOT-Disorder2,DED,literal,short_lt20,136,0.5073529411764706,0.4627688698028231
CAID3 Disorder-PDB,SPOT-Disorder2,DED,literal,mid_20_30,64,0.640625,0.5844345671689422
CAID3 Disorder-PDB,SPOT-Disorder2,DED,literal,long_gt30,172,0.7790697674418605,0.7091263217797804
CAID3 Disorder-PDB,SPOT-Disorder2,DED,calibrated,short_lt20,136,0.5955882352941176,0.5640841757609537
CAID3 Disorder-PDB,SPOT-Disorder2,DED,calibrated,mid_20_30,64,0.71875,0.6544548294216819
CAID3 Disorder-PDB,SPOT-Disorder2,DED,calibrated,long_gt30,172,0.8313953488372093,0.773168577625703
CAID3 Disorder-PDB,SPOT-Disorder-Single,DED,literal,short_lt20,136,0.27941176470588236,0.2632854906000736
CAID3 Disorder-PDB,SPOT-Disorder-Single,DED,literal,mid_20_30,64,0.375,0.34510956456538355
CAID3 Disorder-PDB,SPOT-Disorder-Single,DED,literal,long_gt30,172,0.5232558139534884,0.49493500816846386
CAID3 Disorder-PDB,SPOT-Disorder-Single,DED,calibrated,short_lt20,136,0.5220588235294118,0.4991332210796447
CAID3 Disorder-PDB,SPOT-Disorder-Single,DED,calibrated,mid_20_30,64,0.6875,0.6411296376696489
CAID3 Disorder-PDB,SPOT-Disorder-Single,DED,calibrated,long_gt30,172,0.7616279069767442,0.710676470621534
CAID3 Disorder-PDB,DisEMBL-dis465,DED,literal,short_lt20,136,0.4264705882352941,0.3797263010176755
CAID3 Disorder-PDB,DisEMBL-dis465,DED,literal,mid_20_30,64,0.3125,0.3721964606604318
CAID3 Disorder-PDB,DisEMBL-dis465,DED,literal,long_gt30,172,0.31976744186046513,0.3905279890293869
CAID3 Disorder-PDB,DisEMBL-dis465,DED,calibrated,short_lt20,136,0.5294117647058824,0.5053504029194364
CAID3 Disorder-PDB,DisEMBL-dis465,DED,calibrated,mid_20_30,64,0.546875,0.5012117921399218
CAID3 Disorder-PDB,DisEMBL-dis465,DED,calibrated,long_gt30,172,0.5813953488372093,0.5180442502227788
CAID3 Disorder-PDB,DisEMBL-disHL,DED,literal,short_lt20,136,0.0,0.00326585179526356
CAID3 Disorder-PDB,DisEMBL-disHL,DED,literal,mid_20_30,64,0.0,0.0036956542021197194
CAID3 Disorder-PDB,DisEMBL-disHL,DED,literal,long_gt30,172,0.0,0.001233792080076177
CAID3 Disorder-PDB,DisEMBL-disHL,DED,calibrated,short_lt20,136,0.38235294117647056,0.355475077253328
CAID3 Disorder-PDB,DisEMBL-disHL,DED,calibrated,mid_20_30,64,0.40625,0.42906097005609745
CAID3 Disorder-PDB,DisEMBL-disHL,DED,calibrated,long_gt30,172,0.28488372093023256,0.33009488458286973
CAID3 Disorder-PDB,IsUnstruct,DED,literal,short_lt20,136,0.6102941176470589,0.5912167043697617
CAID3 Disorder-PDB,IsUnstruct,DED,literal,mid_20_30,64,0.75,0.7426663384560217
CAID3 Disorder-PDB,IsUnstruct,DED,literal,long_gt30,172,0.7906976744186046,0.7457815111943971
CAID3 Disorder-PDB,IsUnstruct,DED,calibrated,short_lt20,136,0.49264705882352944,0.4621916984424952
CAID3 Disorder-PDB,IsUnstruct,DED,calibrated,mid_20_30,64,0.65625,0.5801948868301239
CAID3 Disorder-PDB,IsUnstruct,DED,calibrated,long_gt30,172,0.6686046511627907,0.6340979766901568
CAID3 Disorder-PDB,RONN,DED,literal,short_lt20,136,0.5588235294117647,0.5395753737096389
CAID3 Disorder-PDB,RONN,DED,literal,mid_20_30,64,0.71875,0.6781930056008251
CAID3 Disorder-PDB,RONN,DED,literal,long_gt30,172,0.8081395348837209,0.7376456462658026
CAID3 Disorder-PDB,RONN,DED,calibrated,short_lt20,136,0.4117647058823529,0.39137962532722137
CAID3 Disorder-PDB,RONN,DED,calibrated,mid_20_30,64,0.59375,0.5289979626542596
CAID3 Disorder-PDB,RONN,DED,calibrated,long_gt30,172,0.686046511627907,0.617267280034341
CAID3 Disorder-PDB,PreDisorder,DED,literal,short_lt20,136,0.8014705882352942,0.7831853957357623
CAID3 Disorder-PDB,PreDisorder,DED,literal,mid_20_30,64,0.765625,0.7713008154788046
CAID3 Disorder-PDB,PreDisorder,DED,literal,long_gt30,172,0.8895348837209303,0.8053201100289181
CAID3 Disorder-PDB,PreDisorder,DED,calibrated,short_lt20,136,0.6176470588235294,0.6039219071325586
CAID3 Disorder-PDB,PreDisorder,DED,calibrated,mid_20_30,64,0.625,0.6161155462963934
CAID3 Disorder-PDB,PreDisorder,DED,calibrated,long_gt30,172,0.7267441860465116,0.6582309610105306
CAID3 Disorder-PDB,OPAL,DED,literal,short_lt20,136,0.8235294117647058,0.8107508201975285
CAID3 Disorder-PDB,OPAL,DED,literal,mid_20_30,64,0.953125,0.9247735507246377
CAID3 Disorder-PDB,OPAL,DED,literal,long_gt30,172,0.9011627906976745,0.8524110976531416
CAID3 Disorder-PDB,OPAL,DED,calibrated,short_lt20,136,0.6323529411764706,0.6294520862327841
CAID3 Disorder-PDB,OPAL,DED,calibrated,mid_20_30,64,0.859375,0.827543233487527
CAID3 Disorder-PDB,OPAL,DED,calibrated,long_gt30,172,0.7034883720930233,0.6674104047152578
CAID3 Disorder-PDB,pyHCA,DED,literal,short_lt20,136,0.14705882352941177,0.15395356546188588
CAID3 Disorder-PDB,pyHCA,DED,literal,mid_20_30,64,0.28125,0.25383969987582244
CAID3 Disorder-PDB,pyHCA,DED,literal,long_gt30,172,0.31976744186046513,0.34809003212053063
CAID3 Disorder-PDB,pyHCA,DED,calibrated,short_lt20,136,0.3161764705882353,0.31704905646469117
CAID3 Disorder-PDB,pyHCA,DED,calibrated,mid_20_30,64,0.53125,0.49917249291569943
CAID3 Disorder-PDB,pyHCA,DED,calibrated,long_gt30,172,0.6686046511627907,0.6195173933456342
CAID3 Disorder-PDB,DeepIDP-2L,DED,literal,short_lt20,136,0.5367647058823529,0.5119541368403142
CAID3 Disorder-PDB,DeepIDP-2L,DED,literal,mid_20_30,64,0.59375,0.6030201198856324
CAID3 Disorder-PDB,DeepIDP-2L,DED,literal,long_gt30,172,0.7034883720930233,0.6896047169465024
CAID3 Disorder-PDB,DeepIDP-2L,DED,calibrated,short_lt20,136,0.5147058823529411,0.4760989514782654
CAID3 Disorder-PDB,DeepIDP-2L,DED,calibrated,mid_20_30,64,0.59375,0.5727748088385738
CAID3 Disorder-PDB,DeepIDP-2L,DED,calibrated,long_gt30,172,0.6976744186046512,0.6646831725978471
CAID3 Disorder-PDB,PredIDR-long,DED,literal,short_lt20,136,0.6470588235294118,0.6205605182735373
CAID3 Disorder-PDB,PredIDR-long,DED,literal,mid_20_30,64,0.8125,0.7755559327933297
CAID3 Disorder-PDB,PredIDR-long,DED,literal,long_gt30,172,0.8430232558139535,0.8276315560165022
CAID3 Disorder-PDB,PredIDR-long,DED,calibrated,short_lt20,136,0.6176470588235294,0.5885149722682163
CAID3 Disorder-PDB,PredIDR-long,DED,calibrated,mid_20_30,64,0.796875,0.7525040437153911
CAID3 Disorder-PDB,PredIDR-long,DED,calibrated,long_gt30,172,0.8255813953488372,0.809338328166862
CAID3 Disorder-PDB,PredIDR-short,DED,literal,short_lt20,136,0.7720588235294118,0.7270368395604577
CAID3 Disorder-PDB,PredIDR-short,DED,literal,mid_20_30,64,0.828125,0.7918533802355954
CAID3 Disorder-PDB,PredIDR-short,DED,literal,long_gt30,172,0.8546511627906976,0.8300804698874615
CAID3 Disorder-PDB,PredIDR-short,DED,calibrated,short_lt20,136,0.7426470588235294,0.6967251495342919
CAID3 Disorder-PDB,PredIDR-short,DED,calibrated,mid_20_30,64,0.796875,0.7705089293289724
CAID3 Disorder-PDB,PredIDR-short,DED,calibrated,long_gt30,172,0.8313953488372093,0.8098612567248646
CAID3 Disorder-PDB,PredIDR2-Prof-Art,DED,literal,short_lt20,136,0.6397058823529411,0.6118345448524947
CAID3 Disorder-PDB,PredIDR2-Prof-Art,DED,literal,mid_20_30,64,0.84375,0.8079766426839374
CAID3 Disorder-PDB,PredIDR2-Prof-Art,DED,literal,long_gt30,172,0.8662790697674418,0.858109423058466
CAID3 Disorder-PDB,PredIDR2-Prof-Art,DED,calibrated,short_lt20,136,0.6029411764705882,0.5453631347986885
CAID3 Disorder-PDB,PredIDR2-Prof-Art,DED,calibrated,mid_20_30,64,0.828125,0.7460646185771513
CAID3 Disorder-PDB,PredIDR2-Prof-Art,DED,calibrated,long_gt30,172,0.8604651162790697,0.8352021227741241
CAID3 Disorder-PDB,PredIDR2-Seq-Art,DED,literal,short_lt20,136,0.6176470588235294,0.5876055701315216
CAID3 Disorder-PDB,PredIDR2-Seq-Art,DED,literal,mid_20_30,64,0.78125,0.748247732229179
CAID3 Disorder-PDB,PredIDR2-Seq-Art,DED,literal,long_gt30,172,0.8895348837209303,0.8666616562243008
CAID3 Disorder-PDB,PredIDR2-Seq-Art,DED,calibrated,short_lt20,136,0.5441176470588235,0.4916069308911005
CAID3 Disorder-PDB,PredIDR2-Seq-Art,DED,calibrated,mid_20_30,64,0.734375,0.682977639465177
CAID3 Disorder-PDB,PredIDR2-Seq-Art,DED,calibrated,long_gt30,172,0.8604651162790697,0.8261717560674285
CAID3 Disorder-PDB,AUCpred-profile,DED,literal,short_lt20,136,0.5588235294117647,0.5361143662181724
CAID3 Disorder-PDB,AUCpred-profile,DED,literal,mid_20_30,64,0.640625,0.633594317191464
CAID3 Disorder-PDB,AUCpred-profile,DED,literal,long_gt30,172,0.7267441860465116,0.6834277285294782
CAID3 Disorder-PDB,AUCpred-profile,DED,calibrated,short_lt20,136,0.5882352941176471,0.5784480261664519
CAID3 Disorder-PDB,AUCpred-profile,DED,calibrated,mid_20_30,64,0.65625,0.66150542920244
CAID3 Disorder-PDB,AUCpred-profile,DED,calibrated,long_gt30,172,0.75,0.7138991828846811
CAID3 Disorder-PDB,AUCpred-no-profile,DED,literal,short_lt20,136,0.4485294117647059,0.42412616490482546
CAID3 Disorder-PDB,AUCpred-no-profile,DED,literal,mid_20_30,64,0.53125,0.509607533548688
CAID3 Disorder-PDB,AUCpred-no-profile,DED,literal,long_gt30,172,0.6104651162790697,0.5730575942294821
CAID3 Disorder-PDB,AUCpred-no-profile,DED,calibrated,short_lt20,136,0.5735294117647058,0.5560557870138321
CAID3 Disorder-PDB,AUCpred-no-profile,DED,calibrated,mid_20_30,64,0.640625,0.6437602870945964
CAID3 Disorder-PDB,AUCpred-no-profile,DED,calibrated,long_gt30,172,0.7383720930232558,0.7004770559551584
CAID3 Disorder-PDB,DisoPred,DED,literal,short_lt20,136,0.3088235294117647,0.3018654150716844
CAID3 Disorder-PDB,DisoPred,DED,literal,mid_20_30,64,0.578125,0.5385296288873407
CAID3 Disorder-PDB,DisoPred,DED,literal,long_gt30,172,0.7093023255813954,0.653360081534385
CAID3 Disorder-PDB,DisoPred,DED,calibrated,short_lt20,136,0.39705882352941174,0.39706235779184695
CAID3 Disorder-PDB,DisoPred,DED,calibrated,mid_20_30,64,0.65625,0.6268296692037556
CAID3 Disorder-PDB,DisoPred,DED,calibrated,long_gt30,172,0.7674418604651163,0.7285491981085607
CAID3 Disorder-PDB,DisPredict2,DED,literal,short_lt20,136,0.39705882352941174,0.36109692516653913
CAID3 Disorder-PDB,DisPredict2,DED,literal,mid_20_30,64,0.34375,0.3598585344608817
CAID3 Disorder-PDB,DisPredict2,DED,literal,long_gt30,172,0.47093023255813954,0.46489916591795594
CAID3 Disorder-PDB,DisPredict2,DED,calibrated,short_lt20,136,0.49264705882352944,0.4714323126412227
CAID3 Disorder-PDB,DisPredict2,DED,calibrated,mid_20_30,64,0.484375,0.49221263218932354
CAID3 Disorder-PDB,DisPredict2,DED,calibrated,long_gt30,172,0.5872093023255814,0.5816419037433993
CAID3 Disorder-PDB,DisPredict3,DED,literal,short_lt20,136,0.2867647058823529,0.2844696980752003
CAID3 Disorder-PDB,DisPredict3,DED,literal,mid_20_30,64,0.375,0.342306022729561
CAID3 Disorder-PDB,DisPredict3,DED,literal,long_gt30,172,0.45348837209302323,0.45220111038427224
CAID3 Disorder-PDB,DisPredict3,DED,calibrated,short_lt20,136,0.5808823529411765,0.5621290747448892
CAID3 Disorder-PDB,DisPredict3,DED,calibrated,mid_20_30,64,0.71875,0.6754797920641952
CAID3 Disorder-PDB,DisPredict3,DED,calibrated,long_gt30,172,0.7906976744186046,0.7399923173355537
CAID3 Disorder-PDB,IDP-Fusion,DED,literal,short_lt20,136,0.5808823529411765,0.572284783822129
CAID3 Disorder-PDB,IDP-Fusion,DED,literal,mid_20_30,64,0.71875,0.6995557332021912
CAID3 Disorder-PDB,IDP-Fusion,DED,literal,long_gt30,172,0.8197674418604651,0.7812333282842072
CAID3 Disorder-PDB,IDP-Fusion,DED,calibrated,short_lt20,136,0.5661764705882353,0.5491349572251844
CAID3 Disorder-PDB,IDP-Fusion,DED,calibrated,mid_20_30,64,0.671875,0.6731397120781725
CAID3 Disorder-PDB,IDP-Fusion,DED,calibrated,long_gt30,172,0.7732558139534884,0.754880984793058
CAID3 Disorder-PDB,rawMSA-disorder,DED,literal,short_lt20,136,0.2867647058823529,0.26227852590280887
CAID3 Disorder-PDB,rawMSA-disorder,DED,literal,mid_20_30,64,0.390625,0.3408375991026853
CAID3 Disorder-PDB,rawMSA-disorder,DED,literal,long_gt30,172,0.4186046511627907,0.39841704826380653
CAID3 Disorder-PDB,rawMSA-disorder,DED,calibrated,short_lt20,136,0.6544117647058824,0.6334247674258602
CAID3 Disorder-PDB,rawMSA-disorder,DED,calibrated,mid_20_30,64,0.8125,0.7765780110399207
CAID3 Disorder-PDB,rawMSA-disorder,DED,calibrated,long_gt30,172,0.7965116279069767,0.7778550792380653
CAID3 Disorder-PDB,Metapredict-v1,DED,literal,short_lt20,136,0.35294117647058826,0.328438275311568
CAID3 Disorder-PDB,Metapredict-v1,DED,literal,mid_20_30,64,0.40625,0.3641571262858275
CAID3 Disorder-PDB,Metapredict-v1,DED,literal,long_gt30,172,0.5348837209302325,0.4919999586489523
CAID3 Disorder-PDB,Metapredict-v1,DED,calibrated,short_lt20,136,0.49264705882352944,0.47644679486699376
CAID3 Disorder-PDB,Metapredict-v1,DED,calibrated,mid_20_30,64,0.5625,0.5591295242521582
CAID3 Disorder-PDB,Metapredict-v1,DED,calibrated,long_gt30,172,0.6802325581395349,0.6485989702771846
CAID3 Disorder-PDB,Metapredict-v2,DED,literal,short_lt20,136,0.4485294117647059,0.43125535875348076
CAID3 Disorder-PDB,Metapredict-v2,DED,literal,mid_20_30,64,0.625,0.5677550352016244
CAID3 Disorder-PDB,Metapredict-v2,DED,literal,long_gt30,172,0.7558139534883721,0.7139077716608285
CAID3 Disorder-PDB,Metapredict-v2,DED,calibrated,short_lt20,136,0.4852941176470588,0.4728666786821608
CAID3 Disorder-PDB,Metapredict-v2,DED,calibrated,mid_20_30,64,0.671875,0.6097012097063634
CAID3 Disorder-PDB,Metapredict-v2,DED,calibrated,long_gt30,172,0.7848837209302325,0.7373681418437278
CAID3 Disorder-PDB,Metapredict-v3,DED,literal,short_lt20,136,0.35294117647058826,0.3453273927402046
CAID3 Disorder-PDB,Metapredict-v3,DED,literal,mid_20_30,64,0.515625,0.4757051073640045
CAID3 Disorder-PDB,Metapredict-v3,DED,literal,long_gt30,172,0.7848837209302325,0.7494387724988484
CAID3 Disorder-PDB,Metapredict-v3,DED,calibrated,short_lt20,136,0.3382352941176471,0.33497076687325505
CAID3 Disorder-PDB,Metapredict-v3,DED,calibrated,mid_20_30,64,0.515625,0.46536053700900964
CAID3 Disorder-PDB,Metapredict-v3,DED,calibrated,long_gt30,172,0.7848837209302325,0.7438672588046701
CAID3 Disorder-PDB,DisoMine,DED,literal,short_lt20,136,0.22794117647058823,0.2279043258134043
CAID3 Disorder-PDB,DisoMine,DED,literal,mid_20_30,64,0.40625,0.3439632263516025
CAID3 Disorder-PDB,DisoMine,DED,literal,long_gt30,172,0.3546511627906977,0.37317050988134665
CAID3 Disorder-PDB,DisoMine,DED,calibrated,short_lt20,136,0.47794117647058826,0.46001811229428013
CAID3 Disorder-PDB,DisoMine,DED,calibrated,mid_20_30,64,0.625,0.611831294105001
CAID3 Disorder-PDB,DisoMine,DED,calibrated,long_gt30,172,0.6569767441860465,0.6121983872311271
CAID3 Disorder-PDB,PUNCH2,DED,literal,short_lt20,136,0.4632352941176471,0.42423719672797716
CAID3 Disorder-PDB,PUNCH2,DED,literal,mid_20_30,64,0.625,0.5484513541987539
CAID3 Disorder-PDB,PUNCH2,DED,literal,long_gt30,172,0.7965116279069767,0.7498555648040863
CAID3 Disorder-PDB,PUNCH2,DED,calibrated,short_lt20,136,0.5588235294117647,0.5254551950230105
CAID3 Disorder-PDB,PUNCH2,DED,calibrated,mid_20_30,64,0.671875,0.6207725694357769
CAID3 Disorder-PDB,PUNCH2,DED,calibrated,long_gt30,172,0.8255813953488372,0.7917075751476176
CAID3 Disorder-PDB,PUNCH2-Light,DED,literal,short_lt20,136,0.4338235294117647,0.4050787822453958
CAID3 Disorder-PDB,PUNCH2-Light,DED,literal,mid_20_30,64,0.609375,0.5395813784497958
CAID3 Disorder-PDB,PUNCH2-Light,DED,literal,long_gt30,172,0.7848837209302325,0.7410915549694367
CAID3 Disorder-PDB,PUNCH2-Light,DED,calibrated,short_lt20,136,0.49264705882352944,0.4676221251127916
CAID3 Disorder-PDB,PUNCH2-Light,DED,calibrated,mid_20_30,64,0.640625,0.5803334607922548
CAID3 Disorder-PDB,PUNCH2-Light,DED,calibrated,long_gt30,172,0.8023255813953488,0.7622854564675186
CAID3 Disorder-PDB,DisorderUnetLM,DED,literal,short_lt20,136,0.5220588235294118,0.4918403244931882
CAID3 Disorder-PDB,DisorderUnetLM,DED,literal,mid_20_30,64,0.59375,0.5451815657030237
CAID3 Disorder-PDB,DisorderUnetLM,DED,literal,long_gt30,172,0.6569767441860465,0.6280838959839512
CAID3 Disorder-PDB,DisorderUnetLM,DED,calibrated,short_lt20,136,0.7573529411764706,0.7263418639058892
CAID3 Disorder-PDB,DisorderUnetLM,DED,calibrated,mid_20_30,64,0.8125,0.7876002728478835
CAID3 Disorder-PDB,DisorderUnetLM,DED,calibrated,long_gt30,172,0.872093023255814,0.852799258941901
CAID3 Disorder-PDB,LMDisorder,DED,literal,short_lt20,136,0.6691176470588235,0.6688538208146999
CAID3 Disorder-PDB,LMDisorder,DED,literal,mid_20_30,64,0.75,0.711932687454731
CAID3 Disorder-PDB,LMDisorder,DED,literal,long_gt30,172,0.8604651162790697,0.8363740721696639
CAID3 Disorder-PDB,LMDisorder,DED,calibrated,short_lt20,136,0.5514705882352942,0.5288068665965452
CAID3 Disorder-PDB,LMDisorder,DED,calibrated,mid_20_30,64,0.6875,0.6253179119704841
CAID3 Disorder-PDB,LMDisorder,DED,calibrated,long_gt30,172,0.8197674418604651,0.7785680521171352
CAID3 Disorder-PDB,ESMDisPred-1,DED,literal,short_lt20,136,0.22058823529411764,0.22415153513143407
CAID3 Disorder-PDB,ESMDisPred-1,DED,literal,mid_20_30,64,0.390625,0.3581275174638649
CAID3 Disorder-PDB,ESMDisPred-1,DED,literal,long_gt30,172,0.4186046511627907,0.4104899603255214
CAID3 Disorder-PDB,ESMDisPred-1,DED,calibrated,short_lt20,136,0.6397058823529411,0.6071825433528106
CAID3 Disorder-PDB,ESMDisPred-1,DED,calibrated,mid_20_30,64,0.75,0.6978973152087375
CAID3 Disorder-PDB,ESMDisPred-1,DED,calibrated,long_gt30,172,0.8197674418604651,0.7847786054413985
CAID3 Disorder-PDB,ESMDisPred-2,DED,literal,short_lt20,136,0.25,0.2397477626394832
CAID3 Disorder-PDB,ESMDisPred-2,DED,literal,mid_20_30,64,0.34375,0.3372341860326774
CAID3 Disorder-PDB,ESMDisPred-2,DED,literal,long_gt30,172,0.43023255813953487,0.41449493891045536
CAID3 Disorder-PDB,ESMDisPred-2,DED,calibrated,short_lt20,136,0.5955882352941176,0.5915962713756832
CAID3 Disorder-PDB,ESMDisPred-2,DED,calibrated,mid_20_30,64,0.71875,0.6972266085008542
CAID3 Disorder-PDB,ESMDisPred-2,DED,calibrated,long_gt30,172,0.7965116279069767,0.7699529606554729
CAID3 Disorder-PDB,UdonPred-DisProt,DED,literal,short_lt20,136,0.34558823529411764,0.36827451450641674
CAID3 Disorder-PDB,UdonPred-DisProt,DED,literal,mid_20_30,64,0.375,0.42005768094973495
CAID3 Disorder-PDB,UdonPred-DisProt,DED,literal,long_gt30,172,0.5232558139534884,0.528040088980768
CAID3 Disorder-PDB,UdonPred-DisProt,DED,calibrated,short_lt20,136,0.6470588235294118,0.6079696074630967
CAID3 Disorder-PDB,UdonPred-DisProt,DED,calibrated,mid_20_30,64,0.75,0.6468179247689883
CAID3 Disorder-PDB,UdonPred-DisProt,DED,calibrated,long_gt30,172,0.8255813953488372,0.7272243706360264
CAID3 Disorder-PDB,UdonPred-combined,DED,literal,short_lt20,136,0.47794117647058826,0.4636590616088317
CAID3 Disorder-PDB,UdonPred-combined,DED,literal,mid_20_30,64,0.625,0.5877952134774895
CAID3 Disorder-PDB,UdonPred-combined,DED,literal,long_gt30,172,0.7848837209302325,0.7241172296908711
CAID3 Disorder-PDB,UdonPred-combined,DED,calibrated,short_lt20,136,0.5882352941176471,0.5570052705621136
CAID3 Disorder-PDB,UdonPred-combined,DED,calibrated,mid_20_30,64,0.703125,0.6636232052988518
CAID3 Disorder-PDB,UdonPred-combined,DED,calibrated,long_gt30,172,0.8662790697674418,0.8088902811255626
CAID3 Disorder-PDB,DARUMA-beta,DED,literal,short_lt20,136,0.3897058823529412,0.3813136224092789
CAID3 Disorder-PDB,DARUMA-beta,DED,literal,mid_20_30,64,0.5625,0.5217041988782289
CAID3 Disorder-PDB,DARUMA-beta,DED,literal,long_gt30,172,0.6976744186046512,0.6770009394500441
CAID3 Disorder-PDB,DARUMA-beta,DED,calibrated,short_lt20,136,0.45588235294117646,0.4267225383734216
CAID3 Disorder-PDB,DARUMA-beta,DED,calibrated,mid_20_30,64,0.5625,0.5667292185367523
CAID3 Disorder-PDB,DARUMA-beta,DED,calibrated,long_gt30,172,0.7267441860465116,0.7003114979804845
CAID3 Disorder-PDB,DisoFLAG-IDR,DED,literal,short_lt20,136,0.3897058823529412,0.37407124684942933
CAID3 Disorder-PDB,DisoFLAG-IDR,DED,literal,mid_20_30,64,0.5625,0.5211629464875107
CAID3 Disorder-PDB,DisoFLAG-IDR,DED,literal,long_gt30,172,0.6569767441860465,0.6254858905401488
CAID3 Disorder-PDB,DisoFLAG-IDR,DED,calibrated,short_lt20,136,0.5882352941176471,0.5797100502772286
CAID3 Disorder-PDB,DisoFLAG-IDR,DED,calibrated,mid_20_30,64,0.734375,0.7208369742460119
CAID3 Disorder-PDB,DisoFLAG-IDR,DED,calibrated,long_gt30,172,0.8197674418604651,0.7846884415584742
CAID3 Disorder-PDB,s2D-2,DED,literal,short_lt20,136,0.8235294117647058,0.7660010849864132
CAID3 Disorder-PDB,s2D-2,DED,literal,mid_20_30,64,0.8125,0.7278390999132192
CAID3 Disorder-PDB,s2D-2,DED,literal,long_gt30,172,0.8081395348837209,0.7254741127116182
CAID3 Disorder-PDB,s2D-2,DED,calibrated,short_lt20,136,0.7647058823529411,0.6972342773565797
CAID3 Disorder-PDB,s2D-2,DED,calibrated,mid_20_30,64,0.703125,0.6477491915004799
CAID3 Disorder-PDB,s2D-2,DED,calibrated,long_gt30,172,0.7151162790697675,0.6556331900965735
CAID3 Disorder-NOX,AlphaFold-pLDDT,AF,literal,short_lt20,44,0.29545454545454547,0.25648524455342636
CAID3 Disorder-NOX,AlphaFold-pLDDT,AF,literal,mid_20_30,32,0.46875,0.4330002683404107
CAID3 Disorder-NOX,AlphaFold-pLDDT,AF,literal,long_gt30,131,0.6030534351145038,0.5622400361733904
CAID3 Disorder-NOX,AlphaFold-pLDDT,AF,calibrated,short_lt20,44,0.5909090909090909,0.6032379444874167
CAID3 Disorder-NOX,AlphaFold-pLDDT,AF,calibrated,mid_20_30,32,0.78125,0.7335141326689303
CAID3 Disorder-NOX,AlphaFold-pLDDT,AF,calibrated,long_gt30,131,0.8931297709923665,0.8196034944042004
CAID3 Disorder-NOX,AlphaFold-rsa,AF,literal,short_lt20,44,0.6136363636363636,0.6176001082251082
CAID3 Disorder-NOX,AlphaFold-rsa,AF,literal,mid_20_30,32,0.875,0.8253032822513706
CAID3 Disorder-NOX,AlphaFold-rsa,AF,literal,long_gt30,131,0.9389312977099237,0.908653595942141
CAID3 Disorder-NOX,AlphaFold-rsa,AF,calibrated,short_lt20,44,0.5227272727272727,0.48765839589703225
CAID3 Disorder-NOX,AlphaFold-rsa,AF,calibrated,mid_20_30,32,0.71875,0.6773239537754154
CAID3 Disorder-NOX,AlphaFold-rsa,AF,calibrated,long_gt30,131,0.8778625954198473,0.8349860309694963
CAID3 Disorder-NOX,AlphaFold3-pLDDT,AF,literal,short_lt20,44,0.22727272727272727,0.23398690955509138
CAID3 Disorder-NOX,AlphaFold3-pLDDT,AF,literal,mid_20_30,32,0.53125,0.47779657413114124
CAID3 Disorder-NOX,AlphaFold3-pLDDT,AF,literal,long_gt30,131,0.6183206106870229,0.5531946487017495
CAID3 Disorder-NOX,AlphaFold3-pLDDT,AF,calibrated,short_lt20,44,0.7272727272727273,0.6790798328231483
CAID3 Disorder-NOX,AlphaFold3-pLDDT,AF,calibrated,mid_20_30,32,0.84375,0.8017780239500629
CAID3 Disorder-NOX,AlphaFold3-pLDDT,AF,calibrated,long_gt30,131,0.9007633587786259,0.8339328124087328
CAID3 Disorder-NOX,AlphaFold3-rsa,AF,literal,short_lt20,44,0.6363636363636364,0.6273448773448774
CAID3 Disorder-NOX,AlphaFold3-rsa,AF,literal,mid_20_30,32,0.875,0.8469367442451213
CAID3 Disorder-NOX,AlphaFold3-rsa,AF,literal,long_gt30,131,0.9389312977099237,0.9138113993018445
CAID3 Disorder-NOX,AlphaFold3-rsa,AF,calibrated,short_lt20,44,0.6363636363636364,0.6316795777322093
CAID3 Disorder-NOX,AlphaFold3-rsa,AF,calibrated,mid_20_30,32,0.875,0.8498579398972952
CAID3 Disorder-NOX,AlphaFold3-rsa,AF,calibrated,long_gt30,131,0.9389312977099237,0.9150622860840394
CAID3 Disorder-NOX,AIUPred,DED,literal,short_lt20,44,0.6363636363636364,0.6315682672590568
CAID3 Disorder-NOX,AIUPred,DED,literal,mid_20_30,32,0.8125,0.7734280485568903
CAID3 Disorder-NOX,AIUPred,DED,literal,long_gt30,131,0.8778625954198473,0.8348403937695172
CAID3 Disorder-NOX,AIUPred,DED,calibrated,short_lt20,44,0.5,0.4284132849473758
CAID3 Disorder-NOX,AIUPred,DED,calibrated,mid_20_30,32,0.5625,0.515428359954222
CAID3 Disorder-NOX,AIUPred,DED,calibrated,long_gt30,131,0.7480916030534351,0.7027419092020479
CAID3 Disorder-NOX,AIUPred-2-disorder,DED,literal,short_lt20,44,0.6590909090909091,0.6413712382154544
CAID3 Disorder-NOX,AIUPred-2-disorder,DED,literal,mid_20_30,32,0.6875,0.6702110353553381
CAID3 Disorder-NOX,AIUPred-2-disorder,DED,literal,long_gt30,131,0.916030534351145,0.8661199460231545
CAID3 Disorder-NOX,AIUPred-2-disorder,DED,calibrated,short_lt20,44,0.4772727272727273,0.4463949560540469
CAID3 Disorder-NOX,AIUPred-2-disorder,DED,calibrated,mid_20_30,32,0.59375,0.5613170512299073
CAID3 Disorder-NOX,AIUPred-2-disorder,DED,calibrated,long_gt30,131,0.8549618320610687,0.8010412420889507
CAID3 Disorder-NOX,IUPred3,DED,literal,short_lt20,44,0.38636363636363635,0.36518691195988545
CAID3 Disorder-NOX,IUPred3,DED,literal,mid_20_30,32,0.46875,0.44287082633550023
CAID3 Disorder-NOX,IUPred3,DED,literal,long_gt30,131,0.6946564885496184,0.656950267301859
CAID3 Disorder-NOX,IUPred3,DED,calibrated,short_lt20,44,0.4318181818181818,0.4061470482171299
CAID3 Disorder-NOX,IUPred3,DED,calibrated,mid_20_30,32,0.5,0.47333371056243995
CAID3 Disorder-NOX,IUPred3,DED,calibrated,long_gt30,131,0.7557251908396947,0.6907484418518445
CAID3 Disorder-NOX,ESpritz-D,DED,literal,short_lt20,44,0.25,0.2462121212121212
CAID3 Disorder-NOX,ESpritz-D,DED,literal,mid_20_30,32,0.28125,0.2784449578199578
CAID3 Disorder-NOX,ESpritz-D,DED,literal,long_gt30,131,0.3969465648854962,0.37798441798380916
CAID3 Disorder-NOX,ESpritz-D,DED,calibrated,short_lt20,44,0.4772727272727273,0.47597125097125104
CAID3 Disorder-NOX,ESpritz-D,DED,calibrated,mid_20_30,32,0.625,0.6133184523809524
CAID3 Disorder-NOX,ESpritz-D,DED,calibrated,long_gt30,131,0.6564885496183206,0.6342034999258206
CAID3 Disorder-NOX,ESpritz-N,DED,literal,short_lt20,44,0.4318181818181818,0.4132778076795456
CAID3 Disorder-NOX,ESpritz-N,DED,literal,mid_20_30,32,0.4375,0.4135447758554955
CAID3 Disorder-NOX,ESpritz-N,DED,literal,long_gt30,131,0.5801526717557252,0.5456960420557948
CAID3 Disorder-NOX,ESpritz-N,DED,calibrated,short_lt20,44,0.5227272727272727,0.4767730357135438
CAID3 Disorder-NOX,ESpritz-N,DED,calibrated,mid_20_30,32,0.5,0.4751775231750869
CAID3 Disorder-NOX,ESpritz-N,DED,calibrated,long_gt30,131,0.648854961832061,0.6024534444017322
CAID3 Disorder-NOX,ESpritz-X,DED,literal,short_lt20,44,0.18181818181818182,0.17347992916174734
CAID3 Disorder-NOX,ESpritz-X,DED,literal,mid_20_30,32,0.21875,0.2261097423489665
CAID3 Disorder-NOX,ESpritz-X,DED,literal,long_gt30,131,0.2366412213740458,0.2851106679481027
CAID3 Disorder-NOX,ESpritz-X,DED,calibrated,short_lt20,44,0.5681818181818182,0.5479170766102585
CAID3 Disorder-NOX,ESpritz-X,DED,calibrated,mid_20_30,32,0.59375,0.6038610697807661
CAID3 Disorder-NOX,ESpritz-X,DED,calibrated,long_gt30,131,0.6717557251908397,0.6477540401863892
CAID3 Disorder-NOX,MobiDB-lite,DED,literal,short_lt20,44,0.4772727272727273,0.45590347152847155
CAID3 Disorder-NOX,MobiDB-lite,DED,literal,mid_20_30,32,0.53125,0.49353262208701676
CAID3 Disorder-NOX,MobiDB-lite,DED,literal,long_gt30,131,0.6641221374045801,0.5990570722752753
CAID3 Disorder-NOX,MobiDB-lite,DED,calibrated,short_lt20,44,0.5454545454545454,0.5484513063319706
CAID3 Disorder-NOX,MobiDB-lite,DED,calibrated,mid_20_30,32,0.5625,0.5793247893601623
CAID3 Disorder-NOX,MobiDB-lite,DED,calibrated,long_gt30,131,0.7251908396946565,0.6865448342715865
CAID3 Disorder-NOX,flDPnn,DED,literal,short_lt20,44,0.25,0.27992071060252877
CAID3 Disorder-NOX,flDPnn,DED,literal,mid_20_30,32,0.375,0.3590418482969083
CAID3 Disorder-NOX,flDPnn,DED,literal,long_gt30,131,0.366412213740458,0.39065373811629855
CAID3 Disorder-NOX,flDPnn,DED,calibrated,short_lt20,44,0.6818181818181818,0.6462157592540367
CAID3 Disorder-NOX,flDPnn,DED,calibrated,mid_20_30,32,0.65625,0.6710835735856819
CAID3 Disorder-NOX,flDPnn,DED,calibrated,long_gt30,131,0.8244274809160306,0.7711983708058122
CAID3 Disorder-NOX,flDPnn2,DED,literal,short_lt20,44,0.3409090909090909,0.2946963334496757
CAID3 Disorder-NOX,flDPnn2,DED,literal,mid_20_30,32,0.53125,0.4589311901380867
CAID3 Disorder-NOX,flDPnn2,DED,literal,long_gt30,131,0.40458015267175573,0.40009417390933716
CAID3 Disorder-NOX,flDPnn2,DED,calibrated,short_lt20,44,0.5681818181818182,0.5481746280894888
CAID3 Disorder-NOX,flDPnn2,DED,calibrated,mid_20_30,32,0.6875,0.6861621942005187
CAID3 Disorder-NOX,flDPnn2,DED,calibrated,long_gt30,131,0.7938931297709924,0.749197042071321
CAID3 Disorder-NOX,flDPnn3a,DED,literal,short_lt20,44,0.6818181818181818,0.6632701891136664
CAID3 Disorder-NOX,flDPnn3a,DED,literal,mid_20_30,32,0.75,0.7583474024396533
CAID3 Disorder-NOX,flDPnn3a,DED,literal,long_gt30,131,0.8473282442748091,0.802530579702545
CAID3 Disorder-NOX,flDPnn3a,DED,calibrated,short_lt20,44,0.7272727272727273,0.7056841689871877
CAID3 Disorder-NOX,flDPnn3a,DED,calibrated,mid_20_30,32,0.875,0.8219738716951048
CAID3 Disorder-NOX,flDPnn3a,DED,calibrated,long_gt30,131,0.916030534351145,0.8705393768723207
CAID3 Disorder-NOX,flDPnn3b,DED,literal,short_lt20,44,0.22727272727272727,0.24107596206526685
CAID3 Disorder-NOX,flDPnn3b,DED,literal,mid_20_30,32,0.21875,0.24100272010598098
CAID3 Disorder-NOX,flDPnn3b,DED,literal,long_gt30,131,0.3282442748091603,0.3299080112949451
CAID3 Disorder-NOX,flDPnn3b,DED,calibrated,short_lt20,44,0.6590909090909091,0.6481264465863749
CAID3 Disorder-NOX,flDPnn3b,DED,calibrated,mid_20_30,32,0.8125,0.7579589811425456
CAID3 Disorder-NOX,flDPnn3b,DED,calibrated,long_gt30,131,0.8091603053435115,0.785016676548669
CAID3 Disorder-NOX,DISOPRED3-diso,DED,literal,short_lt20,44,0.38636363636363635,0.37155007240234517
CAID3 Disorder-NOX,DISOPRED3-diso,DED,literal,mid_20_30,32,0.5,0.47464657184672177
CAID3 Disorder-NOX,DISOPRED3-diso,DED,literal,long_gt30,131,0.732824427480916,0.6572175496027489
CAID3 Disorder-NOX,DISOPRED3-diso,DED,calibrated,short_lt20,44,0.4318181818181818,0.4288429058315422
CAID3 Disorder-NOX,DISOPRED3-diso,DED,calibrated,mid_20_30,32,0.5625,0.5506363450600706
CAID3 Disorder-NOX,DISOPRED3-diso,DED,calibrated,long_gt30,131,0.816793893129771,0.7291095774205928
CAID3 Disorder-NOX,SETH-0,DED,literal,short_lt20,44,0.4090909090909091,0.3974030481550535
CAID3 Disorder-NOX,SETH-0,DED,literal,mid_20_30,32,0.6875,0.5506754109555834
CAID3 Disorder-NOX,SETH-0,DED,literal,long_gt30,131,0.7633587786259542,0.7129135925127632
CAID3 Disorder-NOX,SETH-0,DED,calibrated,short_lt20,44,0.5454545454545454,0.5908287165816014
CAID3 Disorder-NOX,SETH-0,DED,calibrated,mid_20_30,32,0.8125,0.7564819685111102
CAID3 Disorder-NOX,SETH-0,DED,calibrated,long_gt30,131,0.8931297709923665,0.8341243809219845
CAID3 Disorder-NOX,SETH-1,DED,literal,short_lt20,44,0.4772727272727273,0.472181665337977
CAID3 Disorder-NOX,SETH-1,DED,literal,mid_20_30,32,0.6875,0.5970558733218028
CAID3 Disorder-NOX,SETH-1,DED,literal,long_gt30,131,0.8320610687022901,0.7345792217338396
CAID3 Disorder-NOX,SETH-1,DED,calibrated,short_lt20,44,0.6136363636363636,0.6317548020395967
CAID3 Disorder-NOX,SETH-1,DED,calibrated,mid_20_30,32,0.84375,0.7287065922167122
CAID3 Disorder-NOX,SETH-1,DED,calibrated,long_gt30,131,0.8931297709923665,0.8154020857217638
CAID3 Disorder-NOX,VSL2,DED,literal,short_lt20,44,0.6818181818181818,0.6885668179117377
CAID3 Disorder-NOX,VSL2,DED,literal,mid_20_30,32,0.78125,0.7520995487070262
CAID3 Disorder-NOX,VSL2,DED,literal,long_gt30,131,0.916030534351145,0.8508153570764837
CAID3 Disorder-NOX,VSL2,DED,calibrated,short_lt20,44,0.5227272727272727,0.5265137872494333
CAID3 Disorder-NOX,VSL2,DED,calibrated,mid_20_30,32,0.65625,0.6384746283340736
CAID3 Disorder-NOX,VSL2,DED,calibrated,long_gt30,131,0.8473282442748091,0.7695851932553219
CAID3 Disorder-NOX,SPOT-Disorder,DED,literal,short_lt20,44,0.5227272727272727,0.47283023163704985
CAID3 Disorder-NOX,SPOT-Disorder,DED,literal,mid_20_30,32,0.625,0.5604761653402958
CAID3 Disorder-NOX,SPOT-Disorder,DED,literal,long_gt30,131,0.8015267175572519,0.762527752676225
CAID3 Disorder-NOX,SPOT-Disorder,DED,calibrated,short_lt20,44,0.5454545454545454,0.5043749810795265
CAID3 Disorder-NOX,SPOT-Disorder,DED,calibrated,mid_20_30,32,0.625,0.5884952337351138
CAID3 Disorder-NOX,SPOT-Disorder,DED,calibrated,long_gt30,131,0.8091603053435115,0.7816565856081622
CAID3 Disorder-NOX,SPOT-Disorder2,DED,literal,short_lt20,44,0.4090909090909091,0.42495776839025506
CAID3 Disorder-NOX,SPOT-Disorder2,DED,literal,mid_20_30,32,0.71875,0.6196049628053938
CAID3 Disorder-NOX,SPOT-Disorder2,DED,literal,long_gt30,131,0.8473282442748091,0.7708911289169231
CAID3 Disorder-NOX,SPOT-Disorder2,DED,calibrated,short_lt20,44,0.4318181818181818,0.44833676610080353
CAID3 Disorder-NOX,SPOT-Disorder2,DED,calibrated,mid_20_30,32,0.75,0.6491767287906719
CAID3 Disorder-NOX,SPOT-Disorder2,DED,calibrated,long_gt30,131,0.8625954198473282,0.7994970276400366
CAID3 Disorder-NOX,SPOT-Disorder-Single,DED,literal,short_lt20,44,0.3409090909090909,0.3271616956276047
CAID3 Disorder-NOX,SPOT-Disorder-Single,DED,literal,mid_20_30,32,0.46875,0.40504032087006225
CAID3 Disorder-NOX,SPOT-Disorder-Single,DED,literal,long_gt30,131,0.5877862595419847,0.553152264705466
CAID3 Disorder-NOX,SPOT-Disorder-Single,DED,calibrated,short_lt20,44,0.5681818181818182,0.5527111777111776
CAID3 Disorder-NOX,SPOT-Disorder-Single,DED,calibrated,mid_20_30,32,0.6875,0.670529139186373
CAID3 Disorder-NOX,SPOT-Disorder-Single,DED,calibrated,long_gt30,131,0.7938931297709924,0.7349376275328341
CAID3 Disorder-NOX,DisEMBL-dis465,DED,literal,short_lt20,44,0.45454545454545453,0.40564014003009224
CAID3 Disorder-NOX,DisEMBL-dis465,DED,literal,mid_20_30,32,0.40625,0.4341522128511446
CAID3 Disorder-NOX,DisEMBL-dis465,DED,literal,long_gt30,131,0.3816793893129771,0.4296412585881602
CAID3 Disorder-NOX,DisEMBL-dis465,DED,calibrated,short_lt20,44,0.7045454545454546,0.6351214276154468
CAID3 Disorder-NOX,DisEMBL-dis465,DED,calibrated,mid_20_30,32,0.71875,0.6543777466945571
CAID3 Disorder-NOX,DisEMBL-dis465,DED,calibrated,long_gt30,131,0.7633587786259542,0.6658375147224977
CAID3 Disorder-NOX,DisEMBL-disHL,DED,literal,short_lt20,44,0.0,0.0036894923258559624
CAID3 Disorder-NOX,DisEMBL-disHL,DED,literal,mid_20_30,32,0.0,0.007391308404239439
CAID3 Disorder-NOX,DisEMBL-disHL,DED,literal,long_gt30,131,0.0,0.0016259275609989987
CAID3 Disorder-NOX,DisEMBL-disHL,DED,calibrated,short_lt20,44,0.4318181818181818,0.41575794971516905
CAID3 Disorder-NOX,DisEMBL-disHL,DED,calibrated,mid_20_30,32,0.4375,0.4636551627806781
CAID3 Disorder-NOX,DisEMBL-disHL,DED,calibrated,long_gt30,131,0.31297709923664124,0.35834440224949854
CAID3 Disorder-NOX,IsUnstruct,DED,literal,short_lt20,44,0.6136363636363636,0.6169996487430698
CAID3 Disorder-NOX,IsUnstruct,DED,literal,mid_20_30,32,0.78125,0.7589797454232424
CAID3 Disorder-NOX,IsUnstruct,DED,literal,long_gt30,131,0.8473282442748091,0.7796460159449361
CAID3 Disorder-NOX,IsUnstruct,DED,calibrated,short_lt20,44,0.4772727272727273,0.48367522960824405
CAID3 Disorder-NOX,IsUnstruct,DED,calibrated,mid_20_30,32,0.625,0.6022912490467776
CAID3 Disorder-NOX,IsUnstruct,DED,calibrated,long_gt30,131,0.7175572519083969,0.6696605425267549
CAID3 Disorder-NOX,RONN,DED,literal,short_lt20,44,0.5454545454545454,0.5242497757933656
CAID3 Disorder-NOX,RONN,DED,literal,mid_20_30,32,0.75,0.6903049658882681
CAID3 Disorder-NOX,RONN,DED,literal,long_gt30,131,0.8625954198473282,0.7593262669827475
CAID3 Disorder-NOX,RONN,DED,calibrated,short_lt20,44,0.45454545454545453,0.4775702572828241
CAID3 Disorder-NOX,RONN,DED,calibrated,mid_20_30,32,0.6875,0.6391408679644249
CAID3 Disorder-NOX,RONN,DED,calibrated,long_gt30,131,0.8091603053435115,0.7271091440885987
CAID3 Disorder-NOX,PreDisorder,DED,literal,short_lt20,44,0.6818181818181818,0.7109343860786304
CAID3 Disorder-NOX,PreDisorder,DED,literal,mid_20_30,32,0.78125,0.7840408484430224
CAID3 Disorder-NOX,PreDisorder,DED,literal,long_gt30,131,0.9083969465648855,0.8239322757429963
CAID3 Disorder-NOX,PreDisorder,DED,calibrated,short_lt20,44,0.5681818181818182,0.5932468563818831
CAID3 Disorder-NOX,PreDisorder,DED,calibrated,mid_20_30,32,0.6875,0.6757455435688194
CAID3 Disorder-NOX,PreDisorder,DED,calibrated,long_gt30,131,0.7709923664122137,0.7188144038381449
CAID3 Disorder-NOX,OPAL,DED,literal,short_lt20,44,0.7727272727272727,0.7570492783165172
CAID3 Disorder-NOX,OPAL,DED,literal,mid_20_30,32,0.96875,0.96875
CAID3 Disorder-NOX,OPAL,DED,literal,long_gt30,131,0.9083969465648855,0.8559305216038804
CAID3 Disorder-NOX,OPAL,DED,calibrated,short_lt20,44,0.6363636363636364,0.6371575244930509
CAID3 Disorder-NOX,OPAL,DED,calibrated,mid_20_30,32,0.9375,0.9242164312137138
CAID3 Disorder-NOX,OPAL,DED,calibrated,long_gt30,131,0.732824427480916,0.6855467174851164
CAID3 Disorder-NOX,pyHCA,DED,literal,short_lt20,44,0.22727272727272727,0.21549194455277343
CAID3 Disorder-NOX,pyHCA,DED,literal,mid_20_30,32,0.28125,0.2543523952898953
CAID3 Disorder-NOX,pyHCA,DED,literal,long_gt30,131,0.33587786259541985,0.38323673917399614
CAID3 Disorder-NOX,pyHCA,DED,calibrated,short_lt20,44,0.4318181818181818,0.42281796671836774
CAID3 Disorder-NOX,pyHCA,DED,calibrated,mid_20_30,32,0.53125,0.49720434155216764
CAID3 Disorder-NOX,pyHCA,DED,calibrated,long_gt30,131,0.732824427480916,0.6797064668139412
CAID3 Disorder-NOX,DeepIDP-2L,DED,literal,short_lt20,44,0.5909090909090909,0.5470714384475642
CAID3 Disorder-NOX,DeepIDP-2L,DED,literal,mid_20_30,32,0.625,0.6244716521089273
CAID3 Disorder-NOX,DeepIDP-2L,DED,literal,long_gt30,131,0.7709923664122137,0.7543945220214264
CAID3 Disorder-NOX,DeepIDP-2L,DED,calibrated,short_lt20,44,0.5227272727272727,0.4974202629546705
CAID3 Disorder-NOX,DeepIDP-2L,DED,calibrated,mid_20_30,32,0.625,0.5786409332206746
CAID3 Disorder-NOX,DeepIDP-2L,DED,calibrated,long_gt30,131,0.7404580152671756,0.7191319791686703
CAID3 Disorder-NOX,PredIDR-long,DED,literal,short_lt20,44,0.5681818181818182,0.5429233422548931
CAID3 Disorder-NOX,PredIDR-long,DED,literal,mid_20_30,32,0.84375,0.7596575906948846
CAID3 Disorder-NOX,PredIDR-long,DED,literal,long_gt30,131,0.8778625954198473,0.851766641204693
CAID3 Disorder-NOX,PredIDR-long,DED,calibrated,short_lt20,44,0.7045454545454546,0.6481703512619288
CAID3 Disorder-NOX,PredIDR-long,DED,calibrated,mid_20_30,32,0.875,0.8464796701542392
CAID3 Disorder-NOX,PredIDR-long,DED,calibrated,long_gt30,131,0.916030534351145,0.8943032963911829
CAID3 Disorder-NOX,PredIDR-short,DED,literal,short_lt20,44,0.7272727272727273,0.6414822792329476
CAID3 Disorder-NOX,PredIDR-short,DED,literal,mid_20_30,32,0.875,0.7748453003733176
CAID3 Disorder-NOX,PredIDR-short,DED,literal,long_gt30,131,0.8931297709923665,0.8468364107726581
CAID3 Disorder-NOX,PredIDR-short,DED,calibrated,short_lt20,44,0.7727272727272727,0.7079802160851627
CAID3 Disorder-NOX,PredIDR-short,DED,calibrated,mid_20_30,32,0.90625,0.830897357906822
CAID3 Disorder-NOX,PredIDR-short,DED,calibrated,long_gt30,131,0.916030534351145,0.882973467826081
CAID3 Disorder-NOX,PredIDR2-Prof-Art,DED,literal,short_lt20,44,0.6136363636363636,0.5562137227745517
CAID3 Disorder-NOX,PredIDR2-Prof-Art,DED,literal,mid_20_30,32,0.875,0.8111477082457217
CAID3 Disorder-NOX,PredIDR2-Prof-Art,DED,literal,long_gt30,131,0.916030534351145,0.8959495236484942
CAID3 Disorder-NOX,PredIDR2-Prof-Art,DED,calibrated,short_lt20,44,0.22727272727272727,0.22627719502719498
CAID3 Disorder-NOX,PredIDR2-Prof-Art,DED,calibrated,mid_20_30,32,0.40625,0.4102087332020803
CAID3 Disorder-NOX,PredIDR2-Prof-Art,DED,calibrated,long_gt30,131,0.8091603053435115,0.7361382272777137
CAID3 Disorder-NOX,PredIDR2-Seq-Art,DED,literal,short_lt20,44,0.4772727272727273,0.46903001929739907
CAID3 Disorder-NOX,PredIDR2-Seq-Art,DED,literal,mid_20_30,32,0.75,0.7057311246315181
CAID3 Disorder-NOX,PredIDR2-Seq-Art,DED,literal,long_gt30,131,0.9389312977099237,0.9022693717664949
CAID3 Disorder-NOX,PredIDR2-Seq-Art,DED,calibrated,short_lt20,44,0.3181818181818182,0.26972317455272
CAID3 Disorder-NOX,PredIDR2-Seq-Art,DED,calibrated,mid_20_30,32,0.59375,0.4974162311985588
CAID3 Disorder-NOX,PredIDR2-Seq-Art,DED,calibrated,long_gt30,131,0.8549618320610687,0.7812548013730111
CAID3 Disorder-NOX,AUCpred-profile,DED,literal,short_lt20,44,0.5227272727272727,0.4974025974025975
CAID3 Disorder-NOX,AUCpred-profile,DED,literal,mid_20_30,32,0.6875,0.6760891609397044
CAID3 Disorder-NOX,AUCpred-profile,DED,literal,long_gt30,131,0.7786259541984732,0.7364527080748041
CAID3 Disorder-NOX,AUCpred-profile,DED,calibrated,short_lt20,44,0.6363636363636364,0.6349708168391323
CAID3 Disorder-NOX,AUCpred-profile,DED,calibrated,mid_20_30,32,0.8125,0.8156390343754474
CAID3 Disorder-NOX,AUCpred-profile,DED,calibrated,long_gt30,131,0.8854961832061069,0.8494204884451231
CAID3 Disorder-NOX,AUCpred-no-profile,DED,literal,short_lt20,44,0.45454545454545453,0.463073038073038
CAID3 Disorder-NOX,AUCpred-no-profile,DED,literal,mid_20_30,32,0.59375,0.5879388081308996
CAID3 Disorder-NOX,AUCpred-no-profile,DED,literal,long_gt30,131,0.6717557251908397,0.6175988714891166
CAID3 Disorder-NOX,AUCpred-no-profile,DED,calibrated,short_lt20,44,0.6363636363636364,0.6158309128404823
CAID3 Disorder-NOX,AUCpred-no-profile,DED,calibrated,mid_20_30,32,0.6875,0.6884575559823873
CAID3 Disorder-NOX,AUCpred-no-profile,DED,calibrated,long_gt30,131,0.7786259541984732,0.745495982373724
CAID3 Disorder-NOX,DisoPred,DED,literal,short_lt20,44,0.29545454545454547,0.3133233177641072
CAID3 Disorder-NOX,DisoPred,DED,literal,mid_20_30,32,0.65625,0.6100196343234199
CAID3 Disorder-NOX,DisoPred,DED,literal,long_gt30,131,0.7938931297709924,0.7221454008617022
CAID3 Disorder-NOX,DisoPred,DED,calibrated,short_lt20,44,0.4090909090909091,0.3933558218097692
CAID3 Disorder-NOX,DisoPred,DED,calibrated,mid_20_30,32,0.75,0.7051637373849705
CAID3 Disorder-NOX,DisoPred,DED,calibrated,long_gt30,131,0.8473282442748091,0.7920595939375382
CAID3 Disorder-NOX,DisPredict2,DED,literal,short_lt20,44,0.5,0.4575620086983724
CAID3 Disorder-NOX,DisPredict2,DED,literal,mid_20_30,32,0.375,0.36473353373887485
CAID3 Disorder-NOX,DisPredict2,DED,literal,long_gt30,131,0.4732824427480916,0.4736975493029604
CAID3 Disorder-NOX,DisPredict2,DED,calibrated,short_lt20,44,0.5909090909090909,0.6097707847707847
CAID3 Disorder-NOX,DisPredict2,DED,calibrated,mid_20_30,32,0.6875,0.6292529689062673
CAID3 Disorder-NOX,DisPredict2,DED,calibrated,long_gt30,131,0.6870229007633588,0.6698981837461356
CAID3 Disorder-NOX,DisPredict3,DED,literal,short_lt20,44,0.36363636363636365,0.3557987499295901
CAID3 Disorder-NOX,DisPredict3,DED,literal,mid_20_30,32,0.46875,0.39157998971154895
CAID3 Disorder-NOX,DisPredict3,DED,literal,long_gt30,131,0.48091603053435117,0.4827004569377798
CAID3 Disorder-NOX,DisPredict3,DED,calibrated,short_lt20,44,0.6363636363636364,0.6342816850644742
CAID3 Disorder-NOX,DisPredict3,DED,calibrated,mid_20_30,32,0.71875,0.6776680592333704
CAID3 Disorder-NOX,DisPredict3,DED,calibrated,long_gt30,131,0.8396946564885496,0.7825157537495634
CAID3 Disorder-NOX,IDP-Fusion,DED,literal,short_lt20,44,0.6136363636363636,0.6030020423059755
CAID3 Disorder-NOX,IDP-Fusion,DED,literal,mid_20_30,32,0.75,0.7182524296078456
CAID3 Disorder-NOX,IDP-Fusion,DED,literal,long_gt30,131,0.8931297709923665,0.848551112303588
CAID3 Disorder-NOX,IDP-Fusion,DED,calibrated,short_lt20,44,0.5454545454545454,0.5387499551102493
CAID3 Disorder-NOX,IDP-Fusion,DED,calibrated,mid_20_30,32,0.6875,0.6694265637570547
CAID3 Disorder-NOX,IDP-Fusion,DED,calibrated,long_gt30,131,0.816793893129771,0.7714598198484168
CAID3 Disorder-NOX,rawMSA-disorder,DED,literal,short_lt20,44,0.3181818181818182,0.30941179846594286
CAID3 Disorder-NOX,rawMSA-disorder,DED,literal,mid_20_30,32,0.375,0.3264210852050526
CAID3 Disorder-NOX,rawMSA-disorder,DED,literal,long_gt30,131,0.4580152671755725,0.4371317536986311
CAID3 Disorder-NOX,rawMSA-disorder,DED,calibrated,short_lt20,44,0.6363636363636364,0.6100333378742471
CAID3 Disorder-NOX,rawMSA-disorder,DED,calibrated,mid_20_30,32,0.75,0.7070485968963294
CAID3 Disorder-NOX,rawMSA-disorder,DED,calibrated,long_gt30,131,0.8625954198473282,0.8349262258116003
CAID3 Disorder-NOX,Metapredict-v1,DED,literal,short_lt20,44,0.45454545454545453,0.40750899983854527
CAID3 Disorder-NOX,Metapredict-v1,DED,literal,mid_20_30,32,0.46875,0.41403346892571025
CAID3 Disorder-NOX,Metapredict-v1,DED,literal,long_gt30,131,0.6030534351145038,0.5441499734051649
CAID3 Disorder-NOX,Metapredict-v1,DED,calibrated,short_lt20,44,0.5454545454545454,0.545610374103021
CAID3 Disorder-NOX,Metapredict-v1,DED,calibrated,mid_20_30,32,0.625,0.605820965537045
CAID3 Disorder-NOX,Metapredict-v1,DED,calibrated,long_gt30,131,0.732824427480916,0.6995010757204152
CAID3 Disorder-NOX,Metapredict-v2,DED,literal,short_lt20,44,0.4772727272727273,0.49241963658741733
CAID3 Disorder-NOX,Metapredict-v2,DED,literal,mid_20_30,32,0.71875,0.6374731017843837
CAID3 Disorder-NOX,Metapredict-v2,DED,literal,long_gt30,131,0.816793893129771,0.7740758797152937
CAID3 Disorder-NOX,Metapredict-v2,DED,calibrated,short_lt20,44,0.5454545454545454,0.5597628066378066
CAID3 Disorder-NOX,Metapredict-v2,DED,calibrated,mid_20_30,32,0.71875,0.6802841263767051
CAID3 Disorder-NOX,Metapredict-v2,DED,calibrated,long_gt30,131,0.8473282442748091,0.8025928109555518
CAID3 Disorder-NOX,Metapredict-v3,DED,literal,short_lt20,44,0.4318181818181818,0.4284469986341644
CAID3 Disorder-NOX,Metapredict-v3,DED,literal,mid_20_30,32,0.53125,0.5193091574599258
CAID3 Disorder-NOX,Metapredict-v3,DED,literal,long_gt30,131,0.8625954198473282,0.8233867359931797
CAID3 Disorder-NOX,Metapredict-v3,DED,calibrated,short_lt20,44,0.4318181818181818,0.4119089095693374
CAID3 Disorder-NOX,Metapredict-v3,DED,calibrated,mid_20_30,32,0.53125,0.49054058872509027
CAID3 Disorder-NOX,Metapredict-v3,DED,calibrated,long_gt30,131,0.8625954198473282,0.8079266345815137
CAID3 Disorder-NOX,DisoMine,DED,literal,short_lt20,44,0.3409090909090909,0.35643851098396556
CAID3 Disorder-NOX,DisoMine,DED,literal,mid_20_30,32,0.40625,0.3861151495479644
CAID3 Disorder-NOX,DisoMine,DED,literal,long_gt30,131,0.3816793893129771,0.4063777985013205
CAID3 Disorder-NOX,DisoMine,DED,calibrated,short_lt20,44,0.6590909090909091,0.6450258520445687
CAID3 Disorder-NOX,DisoMine,DED,calibrated,mid_20_30,32,0.6875,0.6366835718559857
CAID3 Disorder-NOX,DisoMine,DED,calibrated,long_gt30,131,0.732824427480916,0.6725299399264775
CAID3 Disorder-NOX,PUNCH2,DED,literal,short_lt20,44,0.45454545454545453,0.4389176480085572
CAID3 Disorder-NOX,PUNCH2,DED,literal,mid_20_30,32,0.6875,0.5911061827249047
CAID3 Disorder-NOX,PUNCH2,DED,literal,long_gt30,131,0.8702290076335878,0.8240061527941336
CAID3 Disorder-NOX,PUNCH2,DED,calibrated,short_lt20,44,0.4772727272727273,0.45524923309014215
CAID3 Disorder-NOX,PUNCH2,DED,calibrated,mid_20_30,32,0.6875,0.6081802590109375
CAID3 Disorder-NOX,PUNCH2,DED,calibrated,long_gt30,131,0.8702290076335878,0.8312337635242377
CAID3 Disorder-NOX,PUNCH2-Light,DED,literal,short_lt20,44,0.45454545454545453,0.4231098131666313
CAID3 Disorder-NOX,PUNCH2-Light,DED,literal,mid_20_30,32,0.65625,0.5828333856402634
CAID3 Disorder-NOX,PUNCH2-Light,DED,literal,long_gt30,131,0.8625954198473282,0.8138856214319241
CAID3 Disorder-NOX,PUNCH2-Light,DED,calibrated,short_lt20,44,0.45454545454545453,0.42159466165147985
CAID3 Disorder-NOX,PUNCH2-Light,DED,calibrated,mid_20_30,32,0.65625,0.5781079837273615
CAID3 Disorder-NOX,PUNCH2-Light,DED,calibrated,long_gt30,131,0.8549618320610687,0.8118582984959462
CAID3 Disorder-NOX,DisorderUnetLM,DED,literal,short_lt20,44,0.5,0.46925777727916773
CAID3 Disorder-NOX,DisorderUnetLM,DED,literal,mid_20_30,32,0.625,0.5673855019952283
CAID3 Disorder-NOX,DisorderUnetLM,DED,literal,long_gt30,131,0.6793893129770993,0.6444684776193828
CAID3 Disorder-NOX,DisorderUnetLM,DED,calibrated,short_lt20,44,0.6818181818181818,0.6530932795040592
CAID3 Disorder-NOX,DisorderUnetLM,DED,calibrated,mid_20_30,32,0.90625,0.8588713992986856
CAID3 Disorder-NOX,DisorderUnetLM,DED,calibrated,long_gt30,131,0.9083969465648855,0.8841466227531292
CAID3 Disorder-NOX,LMDisorder,DED,literal,short_lt20,44,0.5909090909090909,0.5942395579761889
CAID3 Disorder-NOX,LMDisorder,DED,literal,mid_20_30,32,0.875,0.8008844495847869
CAID3 Disorder-NOX,LMDisorder,DED,literal,long_gt30,131,0.9312977099236641,0.8970493315271092
CAID3 Disorder-NOX,LMDisorder,DED,calibrated,short_lt20,44,0.5227272727272727,0.5035256132014154
CAID3 Disorder-NOX,LMDisorder,DED,calibrated,mid_20_30,32,0.8125,0.6919967026455969
CAID3 Disorder-NOX,LMDisorder,DED,calibrated,long_gt30,131,0.8778625954198473,0.8459944206449806
CAID3 Disorder-NOX,ESMDisPred-1,DED,literal,short_lt20,44,0.2727272727272727,0.27296340023612753
CAID3 Disorder-NOX,ESMDisPred-1,DED,literal,mid_20_30,32,0.46875,0.43233106737229676
CAID3 Disorder-NOX,ESMDisPred-1,DED,literal,long_gt30,131,0.45038167938931295,0.44007768076528336
CAID3 Disorder-NOX,ESMDisPred-1,DED,calibrated,short_lt20,44,0.6363636363636364,0.599844073136889
CAID3 Disorder-NOX,ESMDisPred-1,DED,calibrated,mid_20_30,32,0.75,0.690056359469075
CAID3 Disorder-NOX,ESMDisPred-1,DED,calibrated,long_gt30,131,0.8931297709923665,0.8535044061857814
CAID3 Disorder-NOX,ESMDisPred-2,DED,literal,short_lt20,44,0.2727272727272727,0.30116768258479487
CAID3 Disorder-NOX,ESMDisPred-2,DED,literal,mid_20_30,32,0.40625,0.40718309986628953
CAID3 Disorder-NOX,ESMDisPred-2,DED,literal,long_gt30,131,0.4732824427480916,0.4508965875313894
CAID3 Disorder-NOX,ESMDisPred-2,DED,calibrated,short_lt20,44,0.6136363636363636,0.59340699778534
CAID3 Disorder-NOX,ESMDisPred-2,DED,calibrated,mid_20_30,32,0.6875,0.6659177442528736
CAID3 Disorder-NOX,ESMDisPred-2,DED,calibrated,long_gt30,131,0.8473282442748091,0.8096805118539193
CAID3 Disorder-NOX,UdonPred-DisProt,DED,literal,short_lt20,44,0.36363636363636365,0.4184853980572388
CAID3 Disorder-NOX,UdonPred-DisProt,DED,literal,mid_20_30,32,0.46875,0.4795679306291188
CAID3 Disorder-NOX,UdonPred-DisProt,DED,literal,long_gt30,131,0.5801526717557252,0.56999525481769
CAID3 Disorder-NOX,UdonPred-DisProt,DED,calibrated,short_lt20,44,0.6590909090909091,0.6299939034485543
CAID3 Disorder-NOX,UdonPred-DisProt,DED,calibrated,mid_20_30,32,0.75,0.6867951643160133
CAID3 Disorder-NOX,UdonPred-DisProt,DED,calibrated,long_gt30,131,0.9007633587786259,0.7703803802707662
CAID3 Disorder-NOX,UdonPred-combined,DED,literal,short_lt20,44,0.5681818181818182,0.5605038225878008
CAID3 Disorder-NOX,UdonPred-combined,DED,literal,mid_20_30,32,0.65625,0.6536138724191572
CAID3 Disorder-NOX,UdonPred-combined,DED,literal,long_gt30,131,0.8702290076335878,0.7924535739090588
CAID3 Disorder-NOX,UdonPred-combined,DED,calibrated,short_lt20,44,0.5909090909090909,0.5875475434008716
CAID3 Disorder-NOX,UdonPred-combined,DED,calibrated,mid_20_30,32,0.71875,0.7170326412197663
CAID3 Disorder-NOX,UdonPred-combined,DED,calibrated,long_gt30,131,0.9312977099236641,0.8581960390975732
CAID3 Disorder-NOX,DARUMA-beta,DED,literal,short_lt20,44,0.45454545454545453,0.4766251960348498
CAID3 Disorder-NOX,DARUMA-beta,DED,literal,mid_20_30,32,0.625,0.5921342618976615
CAID3 Disorder-NOX,DARUMA-beta,DED,literal,long_gt30,131,0.7786259541984732,0.734790617405855
CAID3 Disorder-NOX,DARUMA-beta,DED,calibrated,short_lt20,44,0.5,0.5078326850113016
CAID3 Disorder-NOX,DARUMA-beta,DED,calibrated,mid_20_30,32,0.625,0.6280249838416068
CAID3 Disorder-NOX,DARUMA-beta,DED,calibrated,long_gt30,131,0.8015267175572519,0.7546639065705643
CAID3 Disorder-NOX,DisoFLAG-IDR,DED,literal,short_lt20,44,0.36363636363636365,0.3758330127982534
CAID3 Disorder-NOX,DisoFLAG-IDR,DED,literal,mid_20_30,32,0.65625,0.5990015729054803
CAID3 Disorder-NOX,DisoFLAG-IDR,DED,literal,long_gt30,131,0.7099236641221374,0.6703711613597443
CAID3 Disorder-NOX,DisoFLAG-IDR,DED,calibrated,short_lt20,44,0.6136363636363636,0.5470415001665002
CAID3 Disorder-NOX,DisoFLAG-IDR,DED,calibrated,mid_20_30,32,0.8125,0.7901356333658152
CAID3 Disorder-NOX,DisoFLAG-IDR,DED,calibrated,long_gt30,131,0.8549618320610687,0.8010314183771756
CAID3 Disorder-NOX,s2D-2,DED,literal,short_lt20,44,0.7954545454545454,0.744563349662034
CAID3 Disorder-NOX,s2D-2,DED,literal,mid_20_30,32,0.875,0.7452896667699422
CAID3 Disorder-NOX,s2D-2,DED,literal,long_gt30,131,0.8320610687022901,0.742965613035105
CAID3 Disorder-NOX,s2D-2,DED,calibrated,short_lt20,44,0.7954545454545454,0.7424972339595546
CAID3 Disorder-NOX,s2D-2,DED,calibrated,mid_20_30,32,0.84375,0.7393729202820751
CAID3 Disorder-NOX,s2D-2,DED,calibrated,long_gt30,131,0.8320610687022901,0.7397267486031964
