dataset,round,reference,method,kind,operating_point,threshold,stratum,recall,recall_lo,recall_hi,specificity,balanced_accuracy,bacc_lo,bacc_hi,mcc,n_pos_residues,n_targets
CAID2 Disorder-PDB,caid2,disorder_pdb,AlphaFold-disorder,AF,literal,0.5,short_lt20,0.39254658385093166,0.324106539493754,0.45671377641965877,0.988201072629761,0.6903738282403463,0.6567295479769933,0.722797602539949,0.42557946442430145,1610,240
CAID2 Disorder-PDB,caid2,disorder_pdb,AlphaFold-disorder,AF,literal,0.5,mid_20_30,0.48513598987982287,0.37905982415631506,0.5743398044623853,0.988201072629761,0.7366685312547919,0.6836476994267614,0.7812763522860957,0.49940675469201423,1581,240
CAID2 Disorder-PDB,caid2,disorder_pdb,AlphaFold-disorder,AF,literal,0.5,long_gt30,0.5980815104298838,0.5370583258863478,0.6541059108384759,0.988201072629761,0.7931412915298224,0.7624501766790108,0.821543745377041,0.6936324794631046,19703,240
CAID2 Disorder-PDB,caid2,disorder_pdb,AlphaFold-disorder,AF,calibrated,0.308,short_lt20,0.6527950310559006,0.5785003942697152,0.7213846975787562,0.9559494591400782,0.8043722450979894,0.7680136242714408,0.8393724392273018,0.4216181492651348,1610,240
CAID2 Disorder-PDB,caid2,disorder_pdb,AlphaFold-disorder,AF,calibrated,0.308,mid_20_30,0.6913345983554712,0.6004373236130031,0.776553032100022,0.9559494591400782,0.8236420287477747,0.7772132284852261,0.8659964779554196,0.4418887580980637,1581,240
CAID2 Disorder-PDB,caid2,disorder_pdb,AlphaFold-disorder,AF,calibrated,0.308,long_gt30,0.7788661625133229,0.7274252023798329,0.8271756399893924,0.9559494591400782,0.8674078108267005,0.8408033731652448,0.8927156939054368,0.7605175356569978,19703,240
CAID2 Disorder-PDB,caid2,disorder_pdb,AlphaFold-rsa,AF,literal,0.5,short_lt20,0.598136645962733,0.5096171580888855,0.686174502882819,0.9348059267339333,0.7664712863483332,0.7228453225319426,0.8095699510994021,0.3258812407598452,1610,240
CAID2 Disorder-PDB,caid2,disorder_pdb,AlphaFold-rsa,AF,literal,0.5,mid_20_30,0.7229601518026565,0.6281982203829748,0.8127260967711355,0.9348059267339333,0.8288830392682949,0.7823180165740393,0.8742799347465202,0.3916969059306002,1581,240
CAID2 Disorder-PDB,caid2,disorder_pdb,AlphaFold-rsa,AF,literal,0.5,long_gt30,0.8740800893264985,0.8275575364761676,0.9172652488662031,0.9348059267339333,0.9044430080302159,0.8808486539750972,0.9273469139768452,0.7951426309374724,19703,240
CAID2 Disorder-PDB,caid2,disorder_pdb,AlphaFold-rsa,AF,calibrated,0.533,short_lt20,0.55527950310559,0.4723814882247436,0.6463867622654395,0.9512953367875647,0.7532874199465773,0.7120474032425591,0.7980464602485499,0.3462830106201671,1610,240
CAID2 Disorder-PDB,caid2,disorder_pdb,AlphaFold-rsa,AF,calibrated,0.533,mid_20_30,0.6805819101834282,0.5850375206018029,0.7723166333502091,0.9512953367875647,0.8159386234854964,0.7699961481639066,0.8615096920666659,0.41836018897442107,1581,240
CAID2 Disorder-PDB,caid2,disorder_pdb,AlphaFold-rsa,AF,calibrated,0.533,long_gt30,0.852611277470436,0.8024687401244255,0.9018848228487902,0.9512953367875647,0.9019533071290003,0.8763387066340947,0.9276591250129832,0.8068878253704742,19703,240
CAID2 Disorder-PDB,caid2,disorder_pdb,AIUPred,DED,literal,0.5,short_lt20,0.5645962732919255,0.4783792081113493,0.6481545692710741,0.8409235524043269,0.7027599128481262,0.6605507597701211,0.7424471350951926,0.1791902948414574,1610,240
CAID2 Disorder-PDB,caid2,disorder_pdb,AIUPred,DED,literal,0.5,mid_20_30,0.5932953826691967,0.48702827505002955,0.7001171079429733,0.8409235524043269,0.7171094675367617,0.6670507961176457,0.7723430099302135,0.1899684814648795,1581,240
CAID2 Disorder-PDB,caid2,disorder_pdb,AIUPred,DED,literal,0.5,long_gt30,0.8562655433182764,0.8092544514215828,0.896567064394875,0.8409235524043269,0.8485945478613017,0.8222087974676983,0.8742632303848339,0.6471971045281335,19703,240
CAID2 Disorder-PDB,caid2,disorder_pdb,AIUPred,DED,calibrated,0.679,short_lt20,0.33229813664596275,0.25563077364195597,0.4126347322036726,0.9516953004272339,0.6419967185365983,0.6041962857409124,0.6813406290468869,0.20465706841282497,1610,240
CAID2 Disorder-PDB,caid2,disorder_pdb,AIUPred,DED,calibrated,0.679,mid_20_30,0.3864642631246047,0.2839544249378978,0.49787796514034466,0.9516953004272339,0.6690797817759193,0.6191201727484864,0.7232129555639405,0.2388970267564924,1581,240
CAID2 Disorder-PDB,caid2,disorder_pdb,AIUPred,DED,calibrated,0.679,long_gt30,0.7483124397299904,0.6833167130181214,0.8052967450052538,0.9516953004272339,0.8500038700786121,0.8176736514905851,0.8785600460404454,0.7297585044446481,19703,240
CAID2 Disorder-PDB,caid2,disorder_pdb,IUPred3,DED,literal,0.5,short_lt20,0.41055900621118013,0.33769944117483247,0.48441987983991686,0.9415325879465503,0.6760457970788651,0.6393100813187562,0.7128116980270446,0.23171809579844693,1610,240
CAID2 Disorder-PDB,caid2,disorder_pdb,IUPred3,DED,literal,0.5,mid_20_30,0.39152435167615435,0.30189038984219707,0.4829575100339611,0.9415325879465503,0.6665284698113523,0.6218663634719223,0.7105178685799501,0.2183672344622547,1581,240
CAID2 Disorder-PDB,caid2,disorder_pdb,IUPred3,DED,literal,0.5,long_gt30,0.7079632543267522,0.6480493681652086,0.7646876430636798,0.9415325879465503,0.8247479211366513,0.7940704844458253,0.8523162023733664,0.6803391836574844,19703,240
CAID2 Disorder-PDB,caid2,disorder_pdb,IUPred3,DED,calibrated,0.512,short_lt20,0.38819875776397517,0.3134682771744175,0.4627994123472553,0.9484592309790019,0.6683289943714885,0.6307257638223123,0.7059787309296506,0.23361075684058064,1610,240
CAID2 Disorder-PDB,caid2,disorder_pdb,IUPred3,DED,calibrated,0.512,mid_20_30,0.3757115749525617,0.28571228154561484,0.46602352994445784,0.9484592309790019,0.6620854029657818,0.6184873430738564,0.705894518877714,0.22391178195614134,1581,240
CAID2 Disorder-PDB,caid2,disorder_pdb,IUPred3,DED,calibrated,0.512,long_gt30,0.6930924224737349,0.6332013598682469,0.7507484553088205,0.9484592309790019,0.8207758267263684,0.7892907452558339,0.8495786299143128,0.6816328072043764,19703,240
CAID2 Disorder-PDB,caid2,disorder_pdb,ESpritz-D,DED,literal,0.5,short_lt20,0.09813664596273292,0.04876335567976348,0.15748773770809554,0.9861103536042178,0.5421234997834754,0.5187330708609902,0.5701722615430327,0.11063758776524875,1610,240
CAID2 Disorder-PDB,caid2,disorder_pdb,ESpritz-D,DED,literal,0.5,mid_20_30,0.06261859582542695,0.015559592730330274,0.11662949757643548,0.9861103536042178,0.5243644747148224,0.5002407445000373,0.5525395474522324,0.06552868080771439,1581,240
CAID2 Disorder-PDB,caid2,disorder_pdb,ESpritz-D,DED,literal,0.5,long_gt30,0.34974369385372783,0.26460535162676,0.44593345526428585,0.9861103536042178,0.6679270237289728,0.626670938148168,0.7161310531779,0.48801834240676556,19703,240
CAID2 Disorder-PDB,caid2,disorder_pdb,ESpritz-D,DED,calibrated,0.254,short_lt20,0.38198757763975155,0.29055171521988016,0.4767070398991157,0.8702481592582493,0.6261178684490004,0.5829480881945364,0.6711777825390693,0.12196176323321387,1610,240
CAID2 Disorder-PDB,caid2,disorder_pdb,ESpritz-D,DED,calibrated,0.254,mid_20_30,0.47438330170777987,0.3530669076450922,0.6022302100113179,0.8702481592582493,0.6723157304830145,0.616080807802756,0.7336190350573937,0.16398570772152082,1581,240
CAID2 Disorder-PDB,caid2,disorder_pdb,ESpritz-D,DED,calibrated,0.254,long_gt30,0.8237324265340303,0.763303039752433,0.8781097192373225,0.8702481592582493,0.8469902928961398,0.8160864651910865,0.875157292818588,0.659600450141159,19703,240
CAID2 Disorder-PDB,caid2,disorder_pdb,ESpritz-N,DED,literal,0.5,short_lt20,0.4217391304347826,0.34556412163580447,0.49944967149544334,0.9551313516953004,0.6884352410650415,0.6520245788577574,0.7264022448975286,0.27340773976372623,1610,240
CAID2 Disorder-PDB,caid2,disorder_pdb,ESpritz-N,DED,literal,0.5,mid_20_30,0.38077166350411135,0.28233734428632035,0.4844400945756131,0.9551313516953004,0.6679515075997059,0.6193162707772837,0.7190780010274274,0.24438239206987614,1581,240
CAID2 Disorder-PDB,caid2,disorder_pdb,ESpritz-N,DED,literal,0.5,long_gt30,0.5489011825610313,0.49176325849404834,0.608025961107401,0.9551313516953004,0.7520162671281658,0.7240117469419869,0.7808578642892591,0.5809050666953255,19703,240
CAID2 Disorder-PDB,caid2,disorder_pdb,ESpritz-N,DED,calibrated,0.377,short_lt20,0.5204968944099378,0.44428729034291686,0.5968235989250403,0.9115171348059268,0.7160070146079323,0.6784398492814321,0.7530623938320883,0.23855169127090534,1610,240
CAID2 Disorder-PDB,caid2,disorder_pdb,ESpritz-N,DED,calibrated,0.377,mid_20_30,0.5015812776723593,0.40500376695128076,0.6048590393022147,0.9115171348059268,0.706549206239143,0.6580659650354522,0.758894321384377,0.2269042064117621,1581,240
CAID2 Disorder-PDB,caid2,disorder_pdb,ESpritz-N,DED,calibrated,0.377,long_gt30,0.6702532609247323,0.6168181834209857,0.7228510635516444,0.9115171348059268,0.7908851978653295,0.7649318100089757,0.8173145740386456,0.5986338963670226,19703,240
CAID2 Disorder-PDB,caid2,disorder_pdb,ESpritz-X,DED,literal,0.5,short_lt20,0.13229813664596274,0.08229918760149087,0.18591157343698494,0.9944914098718298,0.5633947732588963,0.5384945822332657,0.5903837262227912,0.2217660496303411,1610,240
CAID2 Disorder-PDB,caid2,disorder_pdb,ESpritz-X,DED,literal,0.5,mid_20_30,0.14927261227071473,0.08268247877204442,0.22033329728794496,0.9944914098718298,0.5718820110712722,0.5382429222072144,0.6078237590698705,0.24391958133669098,1581,240
CAID2 Disorder-PDB,caid2,disorder_pdb,ESpritz-X,DED,literal,0.5,long_gt30,0.2528041415012942,0.19894599388494533,0.31503756475580247,0.9944914098718298,0.623647775686562,0.5970632196748658,0.6551572407983609,0.42505716978703073,19703,240
CAID2 Disorder-PDB,caid2,disorder_pdb,ESpritz-X,DED,calibrated,0.074,short_lt20,0.5248447204968945,0.44103980063584614,0.6072388178158995,0.9152622488864649,0.7200534846916797,0.6788826280675416,0.7588911052326077,0.24689112188493073,1610,240
CAID2 Disorder-PDB,caid2,disorder_pdb,ESpritz-X,DED,calibrated,0.074,mid_20_30,0.5648323845667299,0.451898210356594,0.6745161317039926,0.9152622488864649,0.7400473167265974,0.6843572426222325,0.7935574828674146,0.26593141143778076,1581,240
CAID2 Disorder-PDB,caid2,disorder_pdb,ESpritz-X,DED,calibrated,0.074,long_gt30,0.684413541085114,0.6296545984200672,0.7388955175990656,0.9152622488864649,0.7998378949857894,0.7710762568541273,0.8257836401026849,0.6162131289416595,19703,240
CAID2 Disorder-PDB,caid2,disorder_pdb,MobiDB-lite,DED,literal,0.5,short_lt20,0.35838509316770184,0.2932735823208178,0.42448547837766326,0.9729297336605763,0.6656574134141391,0.6329352489610633,0.6984805651934799,0.2936948552062439,1610,240
CAID2 Disorder-PDB,caid2,disorder_pdb,MobiDB-lite,DED,literal,0.5,mid_20_30,0.35357368753953194,0.26164563904366184,0.4427107858288528,0.9729297336605763,0.6632517106000542,0.6177314300038836,0.7081226892786033,0.2880979551869216,1581,240
CAID2 Disorder-PDB,caid2,disorder_pdb,MobiDB-lite,DED,literal,0.5,long_gt30,0.5228137847028371,0.4699424666508586,0.5829306143897165,0.9729297336605763,0.7478717591817068,0.7217641225508917,0.7771601116917655,0.5992112393531678,19703,240
CAID2 Disorder-PDB,caid2,disorder_pdb,MobiDB-lite,DED,calibrated,0.25,short_lt20,0.5571428571428572,0.48518474842767295,0.6245987546385343,0.9134260521770748,0.735284454659966,0.697324500718224,0.7695058357370431,0.26077727381019594,1610,240
CAID2 Disorder-PDB,caid2,disorder_pdb,MobiDB-lite,DED,calibrated,0.25,mid_20_30,0.5376344086021505,0.44772565742715,0.6310929487666547,0.9134260521770748,0.7255302303896127,0.6800603330165185,0.7739381191311187,0.2486958797641753,1581,240
CAID2 Disorder-PDB,caid2,disorder_pdb,MobiDB-lite,DED,calibrated,0.25,long_gt30,0.7251180023346698,0.6757272502702868,0.7737795248019017,0.9134260521770748,0.8192720272558723,0.7956195273738478,0.8436127775608498,0.6455863483452567,19703,240
CAID2 Disorder-PDB,caid2,disorder_pdb,flDPnn,DED,literal,0.5,short_lt20,0.1124223602484472,0.06174077638467666,0.16706175378235508,0.9925461321698027,0.552484246209125,0.5274398252005085,0.5794397982248198,0.17166912171143126,1610,240
CAID2 Disorder-PDB,caid2,disorder_pdb,flDPnn,DED,literal,0.5,mid_20_30,0.13851992409867173,0.0704615975422427,0.22594637505545975,0.9925461321698027,0.5655330281342372,0.5321912800472575,0.6085734138703612,0.20601778674131457,1581,240
CAID2 Disorder-PDB,caid2,disorder_pdb,flDPnn,DED,literal,0.5,long_gt30,0.28762117444044055,0.20797083188810714,0.38061820343441544,0.9925461321698027,0.6400836533051216,0.600824429432898,0.6871307590455863,0.45162704032822915,19703,240
CAID2 Disorder-PDB,caid2,disorder_pdb,flDPnn,DED,calibrated,0.167,short_lt20,0.5677018633540373,0.486271565073933,0.6446677283137704,0.8971002636123989,0.7324010634832181,0.6929642482506067,0.7699566191433919,0.24115945263074143,1610,240
CAID2 Disorder-PDB,caid2,disorder_pdb,flDPnn,DED,calibrated,0.167,mid_20_30,0.6242884250474383,0.5296833012662038,0.720349506310495,0.8971002636123989,0.7606943443299186,0.7143384872135052,0.8045933221667468,0.26686760886040445,1581,240
CAID2 Disorder-PDB,caid2,disorder_pdb,flDPnn,DED,calibrated,0.167,long_gt30,0.7237476526417297,0.6635248578975973,0.782257865497178,0.8971002636123989,0.8104239581270642,0.7787399717438164,0.8412647823710253,0.6186786090210266,19703,240
CAID2 Disorder-PDB,caid2,disorder_pdb,flDPnn2,DED,literal,0.5,short_lt20,0.11614906832298137,0.062419242274299125,0.17778361344537813,0.993200618125625,0.5546748432243032,0.5278394965662184,0.5852599794851533,0.18350454675039213,1610,240
CAID2 Disorder-PDB,caid2,disorder_pdb,flDPnn2,DED,literal,0.5,mid_20_30,0.1827956989247312,0.10611305288493154,0.2726545610670571,0.993200618125625,0.5879981585251781,0.5500603519578499,0.6326738337431732,0.2695371329069038,1581,240
CAID2 Disorder-PDB,caid2,disorder_pdb,flDPnn2,DED,literal,0.5,long_gt30,0.2822412830533421,0.20396370553934637,0.37905139518964076,0.993200618125625,0.6377209505894835,0.5986356842475036,0.685488584584984,0.4488259141807045,19703,240
CAID2 Disorder-PDB,caid2,disorder_pdb,flDPnn2,DED,calibrated,0.196,short_lt20,0.5329192546583851,0.4552067719326815,0.6122223084688768,0.8863557858376512,0.7096375202480181,0.6722358093651246,0.7479337442135747,0.21031965283074164,1610,240
CAID2 Disorder-PDB,caid2,disorder_pdb,flDPnn2,DED,calibrated,0.196,mid_20_30,0.5920303605313093,0.4899931506849315,0.69251299793804,0.8863557858376512,0.7391930731844802,0.6863781968157399,0.7896631910346835,0.23676238858068582,1581,240
CAID2 Disorder-PDB,caid2,disorder_pdb,flDPnn2,DED,calibrated,0.196,long_gt30,0.7766330000507536,0.7227429128229043,0.8335286146699705,0.8863557858376512,0.8314943929442025,0.80270428758006,0.8607482836689745,0.6448333938241081,19703,240
CAID2 Disorder-PDB,caid2,disorder_pdb,DISOPRED3-diso,DED,literal,0.5,short_lt20,0.47080745341614905,0.3896446642722659,0.5561775153390374,0.9611853467866558,0.7159964001014024,0.6770078220863683,0.7576765755800833,0.3260920628837933,1610,240
CAID2 Disorder-PDB,caid2,disorder_pdb,DISOPRED3-diso,DED,literal,0.5,mid_20_30,0.5382669196710942,0.44130749554009047,0.631939055772752,0.9611853467866558,0.7497261332288749,0.7006030198044809,0.7958294597398954,0.36815754997716615,1581,240
CAID2 Disorder-PDB,caid2,disorder_pdb,DISOPRED3-diso,DED,literal,0.5,long_gt30,0.7121250570979039,0.6521421583763659,0.7687222310933559,0.9611853467866558,0.8366552019422798,0.8067382961062705,0.8648020622893832,0.7205224605259671,19703,240
CAID2 Disorder-PDB,caid2,disorder_pdb,DISOPRED3-diso,DED,calibrated,0.41,short_lt20,0.5198757763975155,0.44123702480134347,0.6071740088413866,0.9462594309608218,0.7330676036791686,0.6947791109730309,0.7733776417112471,0.3099039325740547,1610,240
CAID2 Disorder-PDB,caid2,disorder_pdb,DISOPRED3-diso,DED,calibrated,0.41,mid_20_30,0.5951929158760279,0.49963933966562685,0.6864389278642671,0.9462594309608218,0.7707261734184248,0.7224462539101387,0.8156776372849533,0.35237255786068594,1581,240
CAID2 Disorder-PDB,caid2,disorder_pdb,DISOPRED3-diso,DED,calibrated,0.41,long_gt30,0.749022991422626,0.6930754280926129,0.8024402965470533,0.9462594309608218,0.8476412111917239,0.8187606684945254,0.8743089307941595,0.7203700095815394,19703,240
CAID2 Disorder-PDB,caid2,disorder_pdb,SETH-0,DED,literal,0.5,short_lt20,0.3763975155279503,0.3065127531009462,0.4526349527665317,0.980038178347423,0.6782178469376867,0.6425493770012893,0.7167309355697663,0.34676139320307053,1610,240
CAID2 Disorder-PDB,caid2,disorder_pdb,SETH-0,DED,literal,0.5,mid_20_30,0.49209361163820364,0.39440536609190524,0.5894103946596244,0.980038178347423,0.7360658949928134,0.6870449677607704,0.7847455614400703,0.4345907603893962,1581,240
CAID2 Disorder-PDB,caid2,disorder_pdb,SETH-0,DED,literal,0.5,long_gt30,0.72603156879663,0.672753251827872,0.7778513277614477,0.980038178347423,0.8530348735720266,0.826450149410414,0.8784961925049453,0.7690712102649627,19703,240
CAID2 Disorder-PDB,caid2,disorder_pdb,SETH-0,DED,calibrated,0.419,short_lt20,0.5583850931677019,0.4852976809014125,0.6315465439016072,0.9599490955367694,0.7591670943522357,0.7227384067836373,0.7954495232119839,0.37859365551210655,1610,240
CAID2 Disorder-PDB,caid2,disorder_pdb,SETH-0,DED,calibrated,0.419,mid_20_30,0.6160657811511702,0.5167993461633358,0.7077838553267313,0.9599490955367694,0.7880074383439698,0.7385995191242966,0.83357239853625,0.41236793583638653,1581,240
CAID2 Disorder-PDB,caid2,disorder_pdb,SETH-0,DED,calibrated,0.419,long_gt30,0.8126173679135157,0.7623933718956943,0.8595979600587594,0.9599490955367694,0.8862832317251426,0.8612208550021403,0.9097913133459563,0.792865071494292,19703,240
CAID2 Disorder-PDB,caid2,disorder_pdb,SETH-1,DED,literal,0.5,short_lt20,0.4832298136645963,0.4093724069199355,0.5612966277813832,0.9610944459594583,0.7221621298120273,0.684644917860078,0.7589190445548162,0.33403839881426245,1610,240
CAID2 Disorder-PDB,caid2,disorder_pdb,SETH-1,DED,literal,0.5,mid_20_30,0.5395319418089817,0.44137963235702177,0.6289958938026022,0.9610944459594583,0.75031319388422,0.700353935275242,0.7949194289889885,0.3686153057553879,1581,240
CAID2 Disorder-PDB,caid2,disorder_pdb,SETH-1,DED,literal,0.5,long_gt30,0.7254732781809876,0.6712883150165666,0.7749653513097513,0.9610944459594583,0.843283862070223,0.8168935126478412,0.86876764635133,0.7303677532337305,19703,240
CAID2 Disorder-PDB,caid2,disorder_pdb,SETH-1,DED,calibrated,0.426,short_lt20,0.5745341614906833,0.49543932923210066,0.6501636161281347,0.9376420325424961,0.7560880970165897,0.716337995923443,0.7932618986200317,0.3194880574376819,1610,240
CAID2 Disorder-PDB,caid2,disorder_pdb,SETH-1,DED,calibrated,0.426,mid_20_30,0.6375711574952562,0.541373979580488,0.7205486868527778,0.9376420325424961,0.7876065950188762,0.7386364881273964,0.8294782709070445,0.35260086896757403,1581,240
CAID2 Disorder-PDB,caid2,disorder_pdb,SETH-1,DED,calibrated,0.426,long_gt30,0.7876973049789372,0.7349467788239099,0.8375864805126247,0.9376420325424961,0.8626696687607167,0.8362094419973377,0.8884222270171288,0.7345989336242101,19703,240
CAID2 Disorder-PDB,caid2,disorder_pdb,VSL2,DED,literal,0.5,short_lt20,0.7254658385093168,0.663697994974896,0.7833312734470751,0.7928188346513954,0.759142336580356,0.7271165810046427,0.7871368976758385,0.2073196842572675,1610,240
CAID2 Disorder-PDB,caid2,disorder_pdb,VSL2,DED,literal,0.5,mid_20_30,0.7160025300442757,0.6264800663425881,0.8008262359783963,0.7928188346513954,0.7544106823478356,0.7084511694106296,0.7978515559473851,0.2019663869347214,1581,240
CAID2 Disorder-PDB,caid2,disorder_pdb,VSL2,DED,literal,0.5,long_gt30,0.8580926762421967,0.8165484290962716,0.8938963775251371,0.7928188346513954,0.8254557554467961,0.8041090702876753,0.8457792059820671,0.5912764622380773,19703,240
CAID2 Disorder-PDB,caid2,disorder_pdb,VSL2,DED,calibrated,0.643,short_lt20,0.4826086956521739,0.41010352469466077,0.5526183921547035,0.9188073811471684,0.7007080383996711,0.6644146141220231,0.7347361403310175,0.23017365751433974,1610,240
CAID2 Disorder-PDB,caid2,disorder_pdb,VSL2,DED,calibrated,0.643,mid_20_30,0.5490196078431373,0.4533701683888251,0.6468456367924528,0.9188073811471684,0.7339134944951529,0.6851291402627179,0.7831853770113801,0.2638580677534495,1581,240
CAID2 Disorder-PDB,caid2,disorder_pdb,VSL2,DED,calibrated,0.643,long_gt30,0.7486677155763082,0.7004785345924774,0.792106215513604,0.9188073811471684,0.8337375483617383,0.8100790632003745,0.856641211135016,0.6728964845857435,19703,240
CAID2 Disorder-PDB,caid2,disorder_pdb,SPOT-Disorder,DED,literal,0.5,short_lt20,0.4472049689440994,0.36644587215434654,0.5328024340924489,0.9575674938641942,0.7023862314041468,0.664088386102633,0.7443545468618985,0.2978284127548351,1610,240
CAID2 Disorder-PDB,caid2,disorder_pdb,SPOT-Disorder,DED,literal,0.5,mid_20_30,0.58191018342821,0.48083386841925074,0.672775334998469,0.9575674938641942,0.7697388386462021,0.7200107917926702,0.8156769996439786,0.38188956267657803,1581,240
CAID2 Disorder-PDB,caid2,disorder_pdb,SPOT-Disorder,DED,literal,0.5,long_gt30,0.8046490382175303,0.7507729026647636,0.85678860609516,0.9575674938641942,0.8811082660408622,0.853384373133028,0.9079303536017227,0.7826220467736861,19703,240
CAID2 Disorder-PDB,caid2,disorder_pdb,SPOT-Disorder,DED,calibrated,0.392,short_lt20,0.537888198757764,0.4518279547182563,0.6222933610975012,0.9417689300972639,0.739828564427514,0.6992133635136702,0.7795155387996567,0.30869617650457726,1610,240
CAID2 Disorder-PDB,caid2,disorder_pdb,SPOT-Disorder,DED,calibrated,0.392,mid_20_30,0.6432637571157496,0.5473403965276566,0.7329677574694212,0.9417689300972639,0.7925163436065068,0.7445887276400676,0.8380902208056468,0.3670001359719366,1581,240
CAID2 Disorder-PDB,caid2,disorder_pdb,SPOT-Disorder,DED,calibrated,0.392,long_gt30,0.8414454651575902,0.7906605149454314,0.8877583862960965,0.9417689300972639,0.8916071976274271,0.8662192795629442,0.9154707269733756,0.7822108562637067,19703,240
CAID2 Disorder-PDB,caid2,disorder_pdb,SPOT-Disorder2,DED,literal,0.5,short_lt20,0.4714285714285714,0.3972944734590737,0.5484760883044172,0.9762021634396874,0.7238153674341294,0.6886512457486903,0.7629677408521589,0.3966187288921019,1610,240
CAID2 Disorder-PDB,caid2,disorder_pdb,SPOT-Disorder2,DED,literal,0.5,mid_20_30,0.5433270082226439,0.44310617011487585,0.6401090732778484,0.9762021634396874,0.7597645858311657,0.7093283415572277,0.8079261582470525,0.44604228368060617,1581,240
CAID2 Disorder-PDB,caid2,disorder_pdb,SPOT-Disorder2,DED,literal,0.5,long_gt30,0.7876973049789372,0.7252579316513511,0.845174584323266,0.9762021634396874,0.8819497342093123,0.8509499904650817,0.9105681719448033,0.8057750323549427,19703,240
CAID2 Disorder-PDB,caid2,disorder_pdb,SPOT-Disorder2,DED,calibrated,0.414,short_lt20,0.5490683229813664,0.4771419763790147,0.6261579873328642,0.9639669120989001,0.7565176175401332,0.7206446409628667,0.7938472832556238,0.38898954473846004,1610,240
CAID2 Disorder-PDB,caid2,disorder_pdb,SPOT-Disorder2,DED,calibrated,0.414,mid_20_30,0.6217583807716635,0.5295844153765265,0.7110760492721679,0.9639669120989001,0.7928626464352817,0.7470642857927189,0.8373059155556202,0.43319276467964324,1581,240
CAID2 Disorder-PDB,caid2,disorder_pdb,SPOT-Disorder2,DED,calibrated,0.414,long_gt30,0.8252042836116328,0.7672545082122599,0.8770275839711169,0.9639669120989001,0.8945855978552664,0.8646776914996435,0.9204313961196284,0.8094999185390959,19703,240
CAID2 Disorder-PDB,caid2,disorder_pdb,SPOT-Disorder-Single,DED,literal,0.5,short_lt20,0.24472049689440994,0.1830325325667876,0.3176556178026766,0.9862739750931734,0.6154972359937917,0.5837415521676396,0.6520939852830123,0.2722965703264813,1610,240
CAID2 Disorder-PDB,caid2,disorder_pdb,SPOT-Disorder-Single,DED,literal,0.5,mid_20_30,0.24731182795698925,0.1638778701764199,0.3367690726799268,0.9862739750931734,0.6167929015250813,0.5749367947152328,0.6602244805161168,0.2732810662081686,1581,240
CAID2 Disorder-PDB,caid2,disorder_pdb,SPOT-Disorder-Single,DED,literal,0.5,long_gt30,0.5867126833477135,0.5187919436216542,0.6559419542062482,0.9862739750931734,0.7864933292204435,0.7535934899031189,0.8206001195993987,0.6804976518519894,19703,240
CAID2 Disorder-PDB,caid2,disorder_pdb,SPOT-Disorder-Single,DED,calibrated,0.193,short_lt20,0.48198757763975153,0.3985008536225675,0.5655701095709882,0.9453504226888465,0.713669000164299,0.6728745114459266,0.7541841287806378,0.2844933621597036,1610,240
CAID2 Disorder-PDB,caid2,disorder_pdb,SPOT-Disorder-Single,DED,calibrated,0.193,mid_20_30,0.5325743200506009,0.4267296793027843,0.6436393168139888,0.9453504226888465,0.7389623713697238,0.6867636697764654,0.7937235644296414,0.312857935331017,1581,240
CAID2 Disorder-PDB,caid2,disorder_pdb,SPOT-Disorder-Single,DED,calibrated,0.193,long_gt30,0.7759224483581181,0.719291844080699,0.8314751041621159,0.9453504226888465,0.8606364355234823,0.8314842551723728,0.8877187140601046,0.7391270154701765,19703,240
CAID2 Disorder-PDB,caid2,disorder_pdb,DisEMBL-dis465,DED,literal,0.5,short_lt20,0.40559006211180126,0.33591400675723776,0.4722551557151206,0.9520407235705844,0.6788153928411929,0.643501235043461,0.7119247688271645,0.2540525850373256,1610,240
CAID2 Disorder-PDB,caid2,disorder_pdb,DisEMBL-dis465,DED,literal,0.5,mid_20_30,0.36432637571157495,0.28469422452589654,0.45572408710408757,0.9520407235705844,0.6581835496410797,0.6195594564535364,0.7023939745372674,0.22525718740073145,1581,240
CAID2 Disorder-PDB,caid2,disorder_pdb,DisEMBL-dis465,DED,literal,0.5,long_gt30,0.3880627315637213,0.34686749675111117,0.434606663898607,0.9520407235705844,0.6700517275671529,0.6495681259021859,0.6934221928952222,0.4349841477573127,19703,240
CAID2 Disorder-PDB,caid2,disorder_pdb,DisEMBL-dis465,DED,calibrated,0.413,short_lt20,0.5826086956521739,0.5097288647431965,0.6466830927650631,0.8771384419598218,0.7298735688059979,0.6949421640258231,0.7620437669236836,0.22297785929861083,1610,240
CAID2 Disorder-PDB,caid2,disorder_pdb,DisEMBL-dis465,DED,calibrated,0.413,mid_20_30,0.5458570524984188,0.46549601563147913,0.6267157340995195,0.8771384419598218,0.7114977472291203,0.6695230594414588,0.7518708993535784,0.2041991362646242,1581,240
CAID2 Disorder-PDB,caid2,disorder_pdb,DisEMBL-dis465,DED,calibrated,0.413,long_gt30,0.565243871491651,0.5254565758555819,0.6061283544295695,0.8771384419598218,0.7211911567257364,0.7009969576268051,0.7427381730671789,0.4567465818415035,19703,240
CAID2 Disorder-PDB,caid2,disorder_pdb,DisEMBL-disHL,DED,literal,0.5,short_lt20,0.002484472049689441,0.000570044627505126,0.0049267861548430115,0.9998363785110445,0.501160425280367,0.5001809359583892,0.5023917330974618,0.02546089319277359,1610,240
CAID2 Disorder-PDB,caid2,disorder_pdb,DisEMBL-disHL,DED,literal,0.5,mid_20_30,0.0006325110689437065,0.0,0.0021344044256603025,0.9998363785110445,0.5002344447899941,0.49986756624474554,0.5010076105519738,0.005813283213908297,1581,240
CAID2 Disorder-PDB,caid2,disorder_pdb,DisEMBL-disHL,DED,literal,0.5,long_gt30,0.0006597980003045221,0.0003010675111452913,0.001086847297374499,0.9998363785110445,0.5002480882556745,0.5000629873097568,0.5004705307785071,0.012743024668620357,19703,240
CAID2 Disorder-PDB,caid2,disorder_pdb,DisEMBL-disHL,DED,calibrated,0.068,short_lt20,0.8093167701863354,0.754795803544482,0.8545410419219025,0.6156349422779748,0.7124758562321551,0.6859294280837468,0.7350874771490131,0.14440136945176438,1610,240
CAID2 Disorder-PDB,caid2,disorder_pdb,DisEMBL-disHL,DED,calibrated,0.068,mid_20_30,0.7311827956989247,0.6659802377213067,0.7924707019805461,0.6156349422779748,0.6734088689884498,0.6382958154062536,0.7058559573950834,0.11696725242752871,1581,240
CAID2 Disorder-PDB,caid2,disorder_pdb,DisEMBL-disHL,DED,calibrated,0.068,long_gt30,0.676191442927473,0.628848692168325,0.7186754617692144,0.6156349422779748,0.645913192602724,0.6211216958534617,0.6686330939353616,0.2579630499745298,19703,240
CAID2 Disorder-PDB,caid2,disorder_pdb,IsUnstruct,DED,literal,0.5,short_lt20,0.6378881987577639,0.5601640728209141,0.7104946364971686,0.8766475774929552,0.7572678881253596,0.7186368001681758,0.7941477680013962,0.24798489169193166,1610,240
CAID2 Disorder-PDB,caid2,disorder_pdb,IsUnstruct,DED,literal,0.5,mid_20_30,0.6470588235294118,0.5492214450738994,0.7405425571079824,0.8766475774929552,0.7618532005111835,0.712320897132261,0.8093401605215473,0.2502493767756822,1581,240
CAID2 Disorder-PDB,caid2,disorder_pdb,IsUnstruct,DED,literal,0.5,long_gt30,0.7768867685124092,0.7334542914070191,0.8205169408374168,0.8766475774929552,0.8267671730026822,0.8045967897775728,0.8500903720721521,0.6310434278195889,19703,240
CAID2 Disorder-PDB,caid2,disorder_pdb,IsUnstruct,DED,calibrated,0.6,short_lt20,0.5335403726708075,0.4507411349275927,0.6156823865531649,0.9167348422870648,0.7251376074789362,0.6850271997184642,0.7652673147079211,0.2539799108921729,1610,240
CAID2 Disorder-PDB,caid2,disorder_pdb,IsUnstruct,DED,calibrated,0.6,mid_20_30,0.5597722960151803,0.4595048651714809,0.6581659222886674,0.9167348422870648,0.7382535691511225,0.6889139640145271,0.7881606115982072,0.2658530682663117,1581,240
CAID2 Disorder-PDB,caid2,disorder_pdb,IsUnstruct,DED,calibrated,0.6,long_gt30,0.7194335887935848,0.6738744600647069,0.7688257315461448,0.9167348422870648,0.8180842155403247,0.7953041751788736,0.8421260254517312,0.6465009309829148,19703,240
CAID2 Disorder-PDB,caid2,disorder_pdb,RONN,DED,literal,0.5,short_lt20,0.6565217391304348,0.5797340927044876,0.7350418014454922,0.8464503226979365,0.7514860309141856,0.7118603914556321,0.7903954541484619,0.22369781885386972,1610,240
CAID2 Disorder-PDB,caid2,disorder_pdb,RONN,DED,literal,0.5,mid_20_30,0.6888045540796964,0.5916223199771539,0.7741963485663083,0.8464503226979365,0.7676274383888164,0.718475604076988,0.8111974566525663,0.23565837280762433,1581,240
CAID2 Disorder-PDB,caid2,disorder_pdb,RONN,DED,literal,0.5,long_gt30,0.751662183423844,0.7091857070138498,0.7925963897964092,0.8464503226979365,0.7990562530608902,0.7765079940260374,0.8214068988004404,0.5692217768319224,19703,240
CAID2 Disorder-PDB,caid2,disorder_pdb,RONN,DED,calibrated,0.56,short_lt20,0.48012422360248447,0.40672539198329877,0.5474465591477011,0.9278065630397236,0.7039653933211041,0.6673963565757335,0.7375574772815402,0.24471796632705892,1610,240
CAID2 Disorder-PDB,caid2,disorder_pdb,RONN,DED,calibrated,0.56,mid_20_30,0.551549652118912,0.45460968385767836,0.6436991609498462,0.9278065630397236,0.7396781075793178,0.6909994279123675,0.7857526226946492,0.2823854690514309,1581,240
CAID2 Disorder-PDB,caid2,disorder_pdb,RONN,DED,calibrated,0.56,long_gt30,0.6340151246003147,0.5894985020455209,0.6777380609138045,0.9278065630397236,0.7809108438200192,0.7585715355555727,0.8030789509517728,0.5972854691074077,19703,240
CAID2 Disorder-PDB,caid2,disorder_pdb,PreDisorder,DED,literal,0.5,short_lt20,0.7701863354037267,0.7096439059229682,0.8307345787912778,0.8145077720207254,0.7923470537122261,0.7638130987054705,0.8211345366022152,0.24201268549395213,1610,240
CAID2 Disorder-PDB,caid2,disorder_pdb,PreDisorder,DED,literal,0.5,mid_20_30,0.8108791903858318,0.7382931717538371,0.8823366241519456,0.8145077720207254,0.8126934812032787,0.7727430146280979,0.8495869901774454,0.25624609582503705,1581,240
CAID2 Disorder-PDB,caid2,disorder_pdb,PreDisorder,DED,literal,0.5,long_gt30,0.835253514693194,0.7931218731192147,0.8749284430366848,0.8145077720207254,0.8248806433569598,0.8031991280557382,0.8452272173002076,0.597658864536013,19703,240
CAID2 Disorder-PDB,caid2,disorder_pdb,PreDisorder,DED,calibrated,0.567,short_lt20,0.570807453416149,0.4897224600456621,0.6539747301921558,0.941987092082538,0.7563972727493435,0.7164273842396002,0.798260147084377,0.3285006076214379,1610,240
CAID2 Disorder-PDB,caid2,disorder_pdb,PreDisorder,DED,calibrated,0.567,mid_20_30,0.6091081593927894,0.5148343575955445,0.7054932188571216,0.941987092082538,0.7755476257376637,0.7285077944550427,0.8227336481931661,0.34822683073988314,1581,240
CAID2 Disorder-PDB,caid2,disorder_pdb,PreDisorder,DED,calibrated,0.567,long_gt30,0.6725371770796326,0.6127994470933644,0.7311751588597296,0.941987092082538,0.8072621345810853,0.7777728885854405,0.8365536902267977,0.6536140482106191,19703,240
CAID2 Disorder-PDB,caid2,disorder_pdb,OPAL,DED,literal,0.5,short_lt20,0.7236024844720497,0.6445470458153679,0.8106255791595237,0.5522588855558586,0.6379306850139541,0.5961543968628765,0.6823417328529976,0.09207115137188335,1610,240
CAID2 Disorder-PDB,caid2,disorder_pdb,OPAL,DED,literal,0.5,mid_20_30,0.8222643896268185,0.7456472332015811,0.8952418657060442,0.5522588855558586,0.6872616375913385,0.6517049083466534,0.7270073126105813,0.12387663885407178,1581,240
CAID2 Disorder-PDB,caid2,disorder_pdb,OPAL,DED,literal,0.5,long_gt30,0.756839060041618,0.68312297748488,0.8296420181841742,0.5522588855558586,0.6545489727987384,0.611150123055521,0.697943588505024,0.27287969053391226,19703,240
CAID2 Disorder-PDB,caid2,disorder_pdb,OPAL,DED,calibrated,0.501,short_lt20,0.7167701863354037,0.6356819503494583,0.8053655111279326,0.5597309335514953,0.6382505599434495,0.5963364950249483,0.684049611930199,0.09241847755215903,1610,240
CAID2 Disorder-PDB,caid2,disorder_pdb,OPAL,DED,calibrated,0.501,mid_20_30,0.8178368121442126,0.7409422715527366,0.8928814374985464,0.5597309335514953,0.6887838728478539,0.6523076053969458,0.729109908054083,0.1250530016924137,1581,240
CAID2 Disorder-PDB,caid2,disorder_pdb,OPAL,DED,calibrated,0.501,long_gt30,0.7503933411155661,0.6772523085128647,0.8238800546014772,0.5597309335514953,0.6550621373335307,0.6117419391037581,0.6985505459736419,0.27358292306239773,19703,240
CAID2 Disorder-PDB,caid2,disorder_pdb,pyHCA,DED,literal,0.5,short_lt20,0.07391304347826087,0.036527425267907504,0.11276898365800163,0.9922370693573311,0.533075056417796,0.5143380172522681,0.5532325036086765,0.11250890172536815,1610,240
CAID2 Disorder-PDB,caid2,disorder_pdb,pyHCA,DED,literal,0.5,mid_20_30,0.11891208096141682,0.06683543779316937,0.1760021294021294,0.9922370693573311,0.555574575159374,0.5294555723932115,0.5841303716925903,0.17666644726719216,1581,240
CAID2 Disorder-PDB,caid2,disorder_pdb,pyHCA,DED,literal,0.5,long_gt30,0.32588945845810285,0.2503170574854144,0.40879275128253845,0.9922370693573311,0.659063263907717,0.6217490178624832,0.6998748468881772,0.48582330608207064,19703,240
CAID2 Disorder-PDB,caid2,disorder_pdb,pyHCA,DED,calibrated,0.249,short_lt20,0.41987577639751555,0.3409804259447178,0.5043471049977567,0.9340059994545951,0.6769408879260553,0.6387731256142076,0.7162951347605409,0.22189473566718523,1610,240
CAID2 Disorder-PDB,caid2,disorder_pdb,pyHCA,DED,calibrated,0.249,mid_20_30,0.4769133459835547,0.37649719880771226,0.5756100592227553,0.9340059994545951,0.705459672719075,0.6559437422916903,0.7567187658158543,0.2533055837161307,1581,240
CAID2 Disorder-PDB,caid2,disorder_pdb,pyHCA,DED,calibrated,0.249,long_gt30,0.7139521900218241,0.6491947556548974,0.777403605310258,0.9340059994545951,0.8239790947382095,0.7920719660357306,0.8544295671541537,0.6715604192628213,19703,240
CAID2 Disorder-PDB,caid2,disorder_pdb,DeepIDP-2L,DED,literal,0.5,short_lt20,0.45527950310559007,0.37734011271747125,0.5430627436626432,0.9420779929097355,0.6986787480076628,0.6604924121867398,0.7399241309038822,0.2602070001155134,1610,240
CAID2 Disorder-PDB,caid2,disorder_pdb,DeepIDP-2L,DED,literal,0.5,mid_20_30,0.5534471853257432,0.4509451689848245,0.6590739611614744,0.9420779929097355,0.7477625891177393,0.6970324961526166,0.7982272392692524,0.31639762918332076,1581,240
CAID2 Disorder-PDB,caid2,disorder_pdb,DeepIDP-2L,DED,literal,0.5,long_gt30,0.7612546312744252,0.6951448011963856,0.8317409359316837,0.9420779929097355,0.8516663120920803,0.8163098991508614,0.887344814260524,0.7222021400914421,19703,240
CAID2 Disorder-PDB,caid2,disorder_pdb,DeepIDP-2L,DED,calibrated,0.421,short_lt20,0.5161490683229814,0.43339632332050115,0.603303265025983,0.9183346968457413,0.7172418825843614,0.6767519861742802,0.757730271394454,0.24744832932489938,1610,240
CAID2 Disorder-PDB,caid2,disorder_pdb,DeepIDP-2L,DED,calibrated,0.421,mid_20_30,0.6154332700822265,0.5140070065471426,0.7115951518781707,0.9183346968457413,0.7668839834639839,0.7172376773833745,0.8123297935405991,0.29780005448745833,1581,240
CAID2 Disorder-PDB,caid2,disorder_pdb,DeepIDP-2L,DED,calibrated,0.421,long_gt30,0.819672131147541,0.7650540188865523,0.8737017390045131,0.9183346968457413,0.8690034139966412,0.842261492348421,0.8974829217553221,0.7272598904462028,19703,240
CAID2 Disorder-PDB,caid2,disorder_pdb,PredIDR-long,DED,literal,0.5,short_lt20,0.684472049689441,0.599841434270949,0.7601091385939981,0.9248068357422052,0.8046394427158231,0.7641126689489645,0.8408322408474657,0.34951275767085416,1610,240
CAID2 Disorder-PDB,caid2,disorder_pdb,PredIDR-long,DED,literal,0.5,mid_20_30,0.7520556609740671,0.6581616258328524,0.8356698822148245,0.9248068357422052,0.8384312483581362,0.790981746393318,0.8811746653733964,0.38204465487654155,1581,240
CAID2 Disorder-PDB,caid2,disorder_pdb,PredIDR-long,DED,literal,0.5,long_gt30,0.8802212860985636,0.8378539935458916,0.9173987988368438,0.9248068357422052,0.9025140609203844,0.880561038049646,0.9223453345620832,0.7837853330393543,19703,240
CAID2 Disorder-PDB,caid2,disorder_pdb,PredIDR-long,DED,calibrated,0.553,short_lt20,0.613664596273292,0.5353323705963838,0.6908298219134781,0.9466957549313699,0.780180175602331,0.7420736250642223,0.81822567221371,0.3669050449883856,1610,240
CAID2 Disorder-PDB,caid2,disorder_pdb,PredIDR-long,DED,calibrated,0.553,mid_20_30,0.7008222643896268,0.6029963362001676,0.7884387802079413,0.9466957549313699,0.8237590096604983,0.7761822160566649,0.8664025365040421,0.4144368506291306,1581,240
CAID2 Disorder-PDB,caid2,disorder_pdb,PredIDR-long,DED,calibrated,0.553,long_gt30,0.8544891640866873,0.8087888289780112,0.8952797598569894,0.9466957549313699,0.9005924595090287,0.8766596634135033,0.9214441150661922,0.8003396541463158,19703,240
CAID2 Disorder-PDB,caid2,disorder_pdb,PredIDR-short,DED,literal,0.5,short_lt20,0.7484472049689441,0.6755831285032321,0.8101178883122436,0.9112626124897737,0.829854908729359,0.7957594930668634,0.8603219792955908,0.3540223200851991,1610,240
CAID2 Disorder-PDB,caid2,disorder_pdb,PredIDR-short,DED,literal,0.5,mid_20_30,0.7716635041113219,0.6832038341110394,0.8537336811496332,0.9112626124897737,0.8414630583005478,0.7982184580829994,0.8832943561316392,0.36287667048281985,1581,240
CAID2 Disorder-PDB,caid2,disorder_pdb,PredIDR-short,DED,literal,0.5,long_gt30,0.8769730497893722,0.8366257824062387,0.9131600515528416,0.9112626124897737,0.894117831139573,0.8731359680496362,0.9132908606036576,0.7604319738941594,19703,240
CAID2 Disorder-PDB,caid2,disorder_pdb,PredIDR-short,DED,calibrated,0.597,short_lt20,0.6658385093167701,0.5886434486966489,0.7374364359265105,0.9455322243432416,0.8056853668300059,0.7675658804895773,0.8404790922319931,0.39350860381615527,1610,240
CAID2 Disorder-PDB,caid2,disorder_pdb,PredIDR-short,DED,calibrated,0.597,mid_20_30,0.6944971537001897,0.6036744036064973,0.7831848352465699,0.9455322243432416,0.8200146890217157,0.7746756316219793,0.86408559158622,0.40714250958895587,1581,240
CAID2 Disorder-PDB,caid2,disorder_pdb,PredIDR-short,DED,calibrated,0.597,long_gt30,0.8273866923818708,0.7789645020208844,0.8712313854922294,0.9455322243432416,0.8864594583625562,0.8622414284876793,0.9086037456623214,0.7781278753491886,19703,240
CAID2 Disorder-PDB,caid2,disorder_pdb,AUCpred-profile,DED,literal,0.5,short_lt20,0.5391304347826087,0.4513312981956459,0.6293810620162633,0.9560949004635942,0.7476126676231014,0.7043208531603405,0.7917053019980108,0.35219849887443033,1610,240
CAID2 Disorder-PDB,caid2,disorder_pdb,AUCpred-profile,DED,literal,0.5,mid_20_30,0.6116382036685643,0.5089758967044367,0.7134331432753716,0.9560949004635942,0.7838665520660792,0.7330845152360449,0.8343037327339208,0.3946865199444699,1581,240
CAID2 Disorder-PDB,caid2,disorder_pdb,AUCpred-profile,DED,literal,0.5,long_gt30,0.7214129827944983,0.6623321279736265,0.7817005482070729,0.9560949004635942,0.8387539416290463,0.8093920352220288,0.8672798306713927,0.7176934527659913,19703,240
CAID2 Disorder-PDB,caid2,disorder_pdb,AUCpred-profile,DED,calibrated,0.15,short_lt20,0.6180124223602484,0.5372911291159236,0.7011594488330923,0.932315244068721,0.7751638332144848,0.7352242116156859,0.8166191553577831,0.3309674425164893,1610,240
CAID2 Disorder-PDB,caid2,disorder_pdb,AUCpred-profile,DED,calibrated,0.15,mid_20_30,0.6742567994939912,0.5735920532402192,0.7692982526824473,0.932315244068721,0.8032860217813561,0.7539493995737047,0.850084170191941,0.35914902161623924,1581,240
CAID2 Disorder-PDB,caid2,disorder_pdb,AUCpred-profile,DED,calibrated,0.15,long_gt30,0.7860224331320104,0.7306091465661493,0.8387185800594761,0.932315244068721,0.8591688386003657,0.8321730561288203,0.8855780573059014,0.7242584326570048,19703,240
CAID2 Disorder-PDB,caid2,disorder_pdb,AUCpred-no-profile,DED,literal,0.5,short_lt20,0.4118012422360248,0.3378622596932063,0.4903858742883594,0.9676574856831197,0.6897293639595723,0.6533186270518261,0.7294580549709588,0.3104661783908321,1610,240
CAID2 Disorder-PDB,caid2,disorder_pdb,AUCpred-no-profile,DED,literal,0.5,mid_20_30,0.4117647058823529,0.3019805014328021,0.5164979591294646,0.9676574856831197,0.6897110957827364,0.6343409619665621,0.7414838538405862,0.30843476342828113,1581,240
CAID2 Disorder-PDB,caid2,disorder_pdb,AUCpred-no-profile,DED,literal,0.5,long_gt30,0.5764096838044968,0.5206275259756075,0.6347366463310917,0.9676574856831197,0.7720335847438082,0.7445079709719304,0.8005236133680783,0.6297911929152684,19703,240
CAID2 Disorder-PDB,caid2,disorder_pdb,AUCpred-no-profile,DED,calibrated,0.066,short_lt20,0.5944099378881987,0.5119238048382665,0.6738289561424438,0.9114625943096082,0.7529362660989034,0.7121046978196405,0.7919497431103365,0.27672733253524506,1610,240
CAID2 Disorder-PDB,caid2,disorder_pdb,AUCpred-no-profile,DED,calibrated,0.066,mid_20_30,0.6129032258064516,0.5118160290476361,0.7048687918547922,0.9114625943096082,0.76218291005803,0.7122025794896623,0.8088780106498523,0.28407104600226857,1581,240
CAID2 Disorder-PDB,caid2,disorder_pdb,AUCpred-no-profile,DED,calibrated,0.066,long_gt30,0.7233923767954119,0.6744601210371346,0.7721032569069972,0.9114625943096082,0.8174274855525101,0.7933952559499876,0.840926962144312,0.6410397646077639,19703,240
CAID2 Disorder-PDB,caid2,disorder_pdb,DisoPred,DED,literal,0.5,short_lt20,0.23850931677018633,0.166307582815735,0.3141398914766492,0.9561312607944732,0.5973202887823298,0.5617473585399894,0.6315979329792256,0.1492922958570179,1610,240
CAID2 Disorder-PDB,caid2,disorder_pdb,DisoPred,DED,literal,0.5,mid_20_30,0.40860215053763443,0.30433348573916835,0.5145126147312142,0.9561312607944732,0.6823667056660538,0.6316289769277048,0.7349756062676545,0.26580697798260594,1581,240
CAID2 Disorder-PDB,caid2,disorder_pdb,DisoPred,DED,literal,0.5,long_gt30,0.7339491448002842,0.6729593605612981,0.7887778619757538,0.9561312607944732,0.8450402027973787,0.8150427391733905,0.8720081115415341,0.7272208492700527,19703,240
CAID2 Disorder-PDB,caid2,disorder_pdb,DisoPred,DED,calibrated,0.461,short_lt20,0.30869565217391304,0.22579642451898532,0.3907663355085721,0.9392418871011726,0.6239687696375429,0.5850679497873816,0.6632753469361771,0.16391889491661474,1610,240
CAID2 Disorder-PDB,caid2,disorder_pdb,DisoPred,DED,calibrated,0.461,mid_20_30,0.47185325743200507,0.36378789831575287,0.5873575226806844,0.9392418871011726,0.7055475722665888,0.6517490139853452,0.7602029370000158,0.2616872383341622,1581,240
CAID2 Disorder-PDB,caid2,disorder_pdb,DisoPred,DED,calibrated,0.461,long_gt30,0.7773943054357204,0.7180875930839704,0.8287983484393081,0.9392418871011726,0.8583180962684465,0.8292319996409591,0.8837760020064304,0.7295211449130227,19703,240
CAID2 Disorder-PDB,caid2,disorder_pdb,Dispredict2,DED,literal,0.5,short_lt20,0.27701863354037265,0.21090887612109377,0.3450241440972205,0.876138532860649,0.5765785832005108,0.5443750680032342,0.6065911182567104,0.07614527672295202,1610,240
CAID2 Disorder-PDB,caid2,disorder_pdb,Dispredict2,DED,literal,0.5,mid_20_30,0.26438962681846934,0.17033803104575165,0.3622218711782482,0.876138532860649,0.5702640798395592,0.5246413509919347,0.6194204162922092,0.06936902964082113,1581,240
CAID2 Disorder-PDB,caid2,disorder_pdb,Dispredict2,DED,literal,0.5,long_gt30,0.29990356798457085,0.2372557163099032,0.37017712679035464,0.876138532860649,0.58802105042261,0.5533197695655504,0.6259255744670057,0.20637605399414338,19703,240
CAID2 Disorder-PDB,caid2,disorder_pdb,Dispredict2,DED,calibrated,0.395,short_lt20,0.46645962732919255,0.3804697740766443,0.5489646465347551,0.7531497136623944,0.6098046704957935,0.5697215450671665,0.646933251988831,0.08395732389280812,1610,240
CAID2 Disorder-PDB,caid2,disorder_pdb,Dispredict2,DED,calibrated,0.395,mid_20_30,0.4452877925363694,0.34389958480731403,0.553543153176868,0.7531497136623944,0.5992187530993819,0.545847179521772,0.6542728162041296,0.07528449627586073,1581,240
CAID2 Disorder-PDB,caid2,disorder_pdb,Dispredict2,DED,calibrated,0.395,long_gt30,0.4815002791453078,0.4141583567114591,0.554917922827617,0.7531497136623944,0.6173249964038511,0.5765993055420655,0.6599891966790349,0.22382332724363385,19703,240
CAID2 Disorder-PDB,caid2,disorder_pdb,Dispredict3,DED,literal,0.5,short_lt20,0.1546583850931677,0.10289393670559391,0.21540641099479751,0.9856194891373512,0.5701389371152594,0.5441236873814389,0.5999103122877583,0.17363880693367387,1610,240
CAID2 Disorder-PDB,caid2,disorder_pdb,Dispredict3,DED,literal,0.5,mid_20_30,0.21568627450980393,0.1353761351891989,0.3066436599325119,0.9856194891373512,0.6006528818235776,0.5611813209809637,0.6465792503473635,0.23693737709524396,1581,240
CAID2 Disorder-PDB,caid2,disorder_pdb,Dispredict3,DED,literal,0.5,long_gt30,0.3222859463025935,0.24164666886080047,0.41776889952831137,0.9856194891373512,0.6539527177199723,0.6137016703586242,0.7001416601958894,0.46146395503935217,19703,240
CAID2 Disorder-PDB,caid2,disorder_pdb,Dispredict3,DED,calibrated,0.036,short_lt20,0.6204968944099379,0.5423293970981251,0.6952952696986638,0.85624943186983,0.738373163139884,0.7014425039847362,0.774416533256167,0.217650603363092,1610,240
CAID2 Disorder-PDB,caid2,disorder_pdb,Dispredict3,DED,calibrated,0.036,mid_20_30,0.6641366223908919,0.5707239320599358,0.750499215518471,0.85624943186983,0.760193027130361,0.7150408171777735,0.8037868820236193,0.23495010863320182,1581,240
CAID2 Disorder-PDB,caid2,disorder_pdb,Dispredict3,DED,calibrated,0.036,long_gt30,0.7919098614424199,0.7404994018453794,0.8388458304484425,0.85624943186983,0.824079646656125,0.795840776159484,0.8488635272350852,0.6150298620403366,19703,240
CAID2 Disorder-PDB,caid2,disorder_pdb,IDP-Fusion,DED,literal,0.5,short_lt20,0.5248447204968945,0.441982461982462,0.6072058972377113,0.9287155713116989,0.7267801459042966,0.6853969906526084,0.767170407412693,0.2715200076578505,1610,240
CAID2 Disorder-PDB,caid2,disorder_pdb,IDP-Fusion,DED,literal,0.5,mid_20_30,0.6255534471853258,0.525731880066977,0.7181944922412714,0.9287155713116989,0.7771345092485124,0.7298678622093202,0.8231193824967419,0.32449083315150384,1581,240
CAID2 Disorder-PDB,caid2,disorder_pdb,IDP-Fusion,DED,literal,0.5,long_gt30,0.8509364056235091,0.7976006628455392,0.8994601877360071,0.9287155713116989,0.8898259884676041,0.8634701990587632,0.9156515747467139,0.7677820963992066,19703,240
CAID2 Disorder-PDB,caid2,disorder_pdb,IDP-Fusion,DED,calibrated,0.525,short_lt20,0.5018633540372671,0.4175759280089989,0.586119159887697,0.9378056540314517,0.7198345040343594,0.6781930533432498,0.760423508159005,0.27797991274249645,1610,240
CAID2 Disorder-PDB,caid2,disorder_pdb,IDP-Fusion,DED,calibrated,0.525,mid_20_30,0.5958254269449715,0.4987859048366225,0.6863055766921322,0.9378056540314517,0.7668155404882115,0.7193019882874603,0.8129573650938032,0.32967394227898456,1581,240
CAID2 Disorder-PDB,caid2,disorder_pdb,IDP-Fusion,DED,calibrated,0.525,long_gt30,0.8368776328477897,0.7808379910191806,0.8891086942102965,0.9378056540314517,0.8873416434396206,0.8604067726648198,0.9144250834145596,0.7720998457482795,19703,240
CAID2 Disorder-PDB,caid2,disorder_pdb,rawMSA,DED,literal,0.5,short_lt20,0.4335403726708075,0.35122223987826956,0.5222011618327983,0.9456776656667576,0.6896090191687825,0.6494495613867686,0.7337271279565537,0.2554927024172455,1610,240
CAID2 Disorder-PDB,caid2,disorder_pdb,rawMSA,DED,literal,0.5,mid_20_30,0.43453510436432635,0.32876028640330157,0.544323768531803,0.9456776656667576,0.690106385015542,0.638885573547639,0.7423288046426757,0.2542682079336962,1581,240
CAID2 Disorder-PDB,caid2,disorder_pdb,rawMSA,DED,literal,0.5,long_gt30,0.7547074049637111,0.681113356030023,0.820389446032163,0.9456776656667576,0.8501925353152344,0.8136156099606707,0.8834989092570465,0.723639890873511,19703,240
CAID2 Disorder-PDB,caid2,disorder_pdb,rawMSA,DED,calibrated,0.48,short_lt20,0.4683229813664596,0.38832566562938725,0.5587584713995992,0.9359149168257431,0.7021189490961014,0.6627072279704286,0.7467494620101182,0.25420239795299837,1610,240
CAID2 Disorder-PDB,caid2,disorder_pdb,rawMSA,DED,calibrated,0.48,mid_20_30,0.4781783681214421,0.37240742086232165,0.5870852660458736,0.9359149168257431,0.7070466424735926,0.656671740465882,0.7587132584463002,0.2580601766702637,1581,240
CAID2 Disorder-PDB,caid2,disorder_pdb,rawMSA,DED,calibrated,0.48,long_gt30,0.7747551134345023,0.7083400186951516,0.8377037473328335,0.9359149168257431,0.8553350151301227,0.820877408704325,0.8870785806353838,0.7217654006575732,19703,240
CAID2 Disorder-PDB,caid2,disorder_pdb,metapredict,DED,literal,0.5,short_lt20,0.45217391304347826,0.37282777207089135,0.5368088246005972,0.9604581401690755,0.7063160266062769,0.6667084071039386,0.7491115833540357,0.31096950586733385,1610,240
CAID2 Disorder-PDB,caid2,disorder_pdb,metapredict,DED,literal,0.5,mid_20_30,0.5445920303605313,0.44547836202683105,0.6540914380547851,0.9604581401690755,0.7525250852648033,0.7028916494294835,0.8072729894696817,0.3693779105976434,1581,240
CAID2 Disorder-PDB,caid2,disorder_pdb,metapredict,DED,literal,0.5,long_gt30,0.8121605846825356,0.7556997725387716,0.8638834564745951,0.9604581401690755,0.8863093624258056,0.8584260943787055,0.9123493779596619,0.7934655120539136,19703,240
CAID2 Disorder-PDB,caid2,disorder_pdb,metapredict,DED,calibrated,0.503,short_lt20,0.4503105590062112,0.37024204086130696,0.5355181749343434,0.9609126443050632,0.7056116016556372,0.6659401911599443,0.7483052394826664,0.31133208400185325,1610,240
CAID2 Disorder-PDB,caid2,disorder_pdb,metapredict,DED,calibrated,0.503,mid_20_30,0.5426944971537002,0.4425181454273523,0.6516212091272152,0.9609126443050632,0.7518035707293818,0.7023789403775155,0.8057807846675047,0.3699361177571993,1581,240
CAID2 Disorder-PDB,caid2,disorder_pdb,metapredict,DED,calibrated,0.503,long_gt30,0.8112977719129066,0.7549847243870489,0.8633163107753583,0.9609126443050632,0.8861052081089849,0.8581109703073334,0.9121310612625695,0.7936692128135568,19703,240
CAID2 Disorder-PDB,caid2,disorder_pdb,disomine,DED,literal,0.5,short_lt20,0.12857142857142856,0.07611618407522135,0.1858712299058734,0.9685846741205345,0.5485780513459815,0.522297517398156,0.5744650199159065,0.08888518284651169,1610,240
CAID2 Disorder-PDB,caid2,disorder_pdb,disomine,DED,literal,0.5,mid_20_30,0.22707147375079065,0.13474538944982486,0.32436813571823714,0.9685846741205345,0.5978280739356626,0.5547731424231656,0.6424548206606974,0.17108227902830614,1581,240
CAID2 Disorder-PDB,caid2,disorder_pdb,disomine,DED,literal,0.5,long_gt30,0.43252296604577983,0.33519170843284607,0.5272981929241535,0.9685846741205345,0.7005538200831571,0.6506672698278292,0.749139722752782,0.5137216299013506,19703,240
CAID2 Disorder-PDB,caid2,disorder_pdb,disomine,DED,calibrated,0.281,short_lt20,0.3360248447204969,0.2539728304502676,0.41620501893939393,0.9039178256522135,0.6199713351863552,0.582017521048224,0.6577783476076379,0.13126575453667672,1610,240
CAID2 Disorder-PDB,caid2,disorder_pdb,disomine,DED,calibrated,0.281,mid_20_30,0.5275142314990512,0.41799758015728977,0.6421368019308737,0.9039178256522135,0.7157160285756323,0.6619016888310547,0.7679956779535603,0.22894726520173575,1581,240
CAID2 Disorder-PDB,caid2,disorder_pdb,disomine,DED,calibrated,0.281,long_gt30,0.730396386337106,0.6462682161078641,0.8024053989679804,0.9039178256522135,0.8171571059946597,0.7735297725356649,0.8528911270356802,0.6345935447222177,19703,240
CAID2 Disorder-PDB,caid2,disorder_pdb,s2D,DED,literal,0.5,short_lt20,0.715527950310559,0.6478636451098926,0.7795275759526655,0.6566675756749386,0.6860977629927488,0.6554183750108203,0.7163569195595534,0.12937752654441914,1610,240
CAID2 Disorder-PDB,caid2,disorder_pdb,s2D,DED,literal,0.5,mid_20_30,0.7413029728020241,0.6660825146143937,0.8100360928935901,0.6566675756749386,0.6989852742384813,0.6622565203073897,0.7335927267581644,0.13710903498861302,1581,240
CAID2 Disorder-PDB,caid2,disorder_pdb,s2D,DED,literal,0.5,long_gt30,0.7793229457443029,0.731233933622355,0.8249812422729585,0.6566675756749386,0.7179952607096207,0.6927760097905512,0.7417165941792252,0.3855862709588137,19703,240
CAID2 Disorder-PDB,caid2,disorder_pdb,s2D,DED,calibrated,0.543,short_lt20,0.6167701863354037,0.5486196891543369,0.6817046784626721,0.7415507681119898,0.6791604772236968,0.6485362065518355,0.7107757068762928,0.13437060109168902,1610,240
CAID2 Disorder-PDB,caid2,disorder_pdb,s2D,DED,calibrated,0.543,mid_20_30,0.6495888678051865,0.5724343657707662,0.7233669234060761,0.7415507681119898,0.6955698179585882,0.6572259730317105,0.7305299584158056,0.1452990009281845,1581,240
CAID2 Disorder-PDB,caid2,disorder_pdb,s2D,DED,calibrated,0.543,long_gt30,0.6897934324722124,0.6319088541183155,0.7467314742390986,0.7415507681119898,0.7156721002921012,0.6865038702897015,0.7438747874420228,0.39320868953471233,19703,240
CAID2 Disorder-NOX,caid2,disorder_nox,AlphaFold-disorder,AF,literal,0.5,short_lt20,0.4326241134751773,0.2844854635056717,0.5697216235632183,0.7124394504883665,0.5725317819817719,0.4967988659377315,0.6448207091380197,0.029088526611570045,423,135
CAID2 Disorder-NOX,caid2,disorder_nox,AlphaFold-disorder,AF,literal,0.5,mid_20_30,0.44513137557959814,0.3066214689579948,0.5671328094734528,0.7124394504883665,0.5787854130339823,0.5014579090087945,0.6453272708070031,0.038873903972762976,647,135
CAID2 Disorder-NOX,caid2,disorder_nox,AlphaFold-disorder,AF,literal,0.5,long_gt30,0.5827387020047571,0.5214030962949037,0.6508460415673569,0.7124394504883665,0.6475890762465618,0.6070123511946784,0.6902455270907266,0.2689209111305607,17658,135
CAID2 Disorder-NOX,caid2,disorder_nox,AlphaFold-disorder,AF,calibrated,0.206,short_lt20,0.806146572104019,0.6936648803474084,0.9123714146628918,0.566425792106726,0.6862861821053725,0.6269137027753775,0.7406860306721531,0.06826460339520159,423,135
CAID2 Disorder-NOX,caid2,disorder_nox,AlphaFold-disorder,AF,calibrated,0.206,mid_20_30,0.7264296754250387,0.5706797235023041,0.860930101775967,0.566425792106726,0.6464277337658824,0.5597390780364239,0.7198831471453817,0.06606040873795767,647,135
CAID2 Disorder-NOX,caid2,disorder_nox,AlphaFold-disorder,AF,calibrated,0.206,long_gt30,0.8435836448068864,0.792812756654297,0.8911192839238604,0.566425792106726,0.7050047184568062,0.6684260270102051,0.7397611275865017,0.36064734052955755,17658,135
CAID2 Disorder-NOX,caid2,disorder_nox,AlphaFold-rsa,AF,literal,0.5,short_lt20,0.7446808510638298,0.6174956738701759,0.8818161123970317,0.5531644564440562,0.648922653753943,0.5795243363796884,0.7214286379405186,0.054413594817524065,423,135
CAID2 Disorder-NOX,caid2,disorder_nox,AlphaFold-rsa,AF,literal,0.5,mid_20_30,0.7017001545595054,0.5124345579793341,0.8524252091913017,0.5531644564440562,0.6274323055017808,0.5274753698917175,0.7069293492212636,0.05732324949725041,647,135
CAID2 Disorder-NOX,caid2,disorder_nox,AlphaFold-rsa,AF,literal,0.5,long_gt30,0.8733152112357006,0.82167089725926,0.9217740938325379,0.5531644564440562,0.7132398338398784,0.6738576645637459,0.7509351502013191,0.3764328592729169,17658,135
CAID2 Disorder-NOX,caid2,disorder_nox,AlphaFold-rsa,AF,calibrated,0.576,short_lt20,0.607565011820331,0.4472245980157372,0.7867475495418709,0.6224489795918368,0.6150069957060839,0.5366068462084174,0.7026905880939291,0.043075342330021915,423,135
CAID2 Disorder-NOX,caid2,disorder_nox,AlphaFold-rsa,AF,calibrated,0.576,mid_20_30,0.5996908809891809,0.42291870386348385,0.7533426895443016,0.6224489795918368,0.6110699302905088,0.5136108715820361,0.6929831338273366,0.05120028323435349,647,135
CAID2 Disorder-NOX,caid2,disorder_nox,AlphaFold-rsa,AF,calibrated,0.576,long_gt30,0.8160040774719673,0.7504953556408775,0.8819824462661899,0.6224489795918368,0.719226528531902,0.6771468103285871,0.7576416071147903,0.3844880789246573,17658,135
CAID2 Disorder-NOX,caid2,disorder_nox,AIUPred,DED,literal,0.5,short_lt20,0.6713947990543735,0.5259009449332029,0.8036434388545908,0.5275946954657349,0.5994947472600543,0.5303878560700191,0.6662249766969336,0.036215050846118216,423,135
CAID2 Disorder-NOX,caid2,disorder_nox,AIUPred,DED,literal,0.5,mid_20_30,0.5502318392581144,0.3849097671273404,0.699679126738025,0.5275946954657349,0.5389132673619246,0.45471891488828137,0.609132491288087,0.017441679171147827,647,135
CAID2 Disorder-NOX,caid2,disorder_nox,AIUPred,DED,literal,0.5,long_gt30,0.8687280552723978,0.8215328157873009,0.911514740078055,0.5275946954657349,0.6981613753690663,0.6619265632242766,0.7348376083992818,0.35149755239856545,17658,135
CAID2 Disorder-NOX,caid2,disorder_nox,AIUPred,DED,calibrated,0.662,short_lt20,0.38534278959810875,0.23847780556423884,0.5292257793031084,0.6461724767728103,0.5157576331854595,0.4428183824998159,0.5867755937290804,0.005988554025966511,423,135
CAID2 Disorder-NOX,caid2,disorder_nox,AIUPred,DED,calibrated,0.662,mid_20_30,0.41112828438948995,0.26255731751512523,0.5832200357781753,0.6461724767728103,0.5286503805811501,0.45082334161179505,0.6111258240323834,0.01340306068521115,647,135
CAID2 Disorder-NOX,caid2,disorder_nox,AIUPred,DED,calibrated,0.662,long_gt30,0.780156303092083,0.7191862008134653,0.8354110597774205,0.6461724767728103,0.7131643899324467,0.6739717945955886,0.7520449817464574,0.3747466758366805,17658,135
CAID2 Disorder-NOX,caid2,disorder_nox,IUPred3,DED,literal,0.5,short_lt20,0.4397163120567376,0.2971179368299044,0.5800454545454544,0.6757325498292702,0.557724430943004,0.49424056147223955,0.6274861080900808,0.022395495917180687,423,135
CAID2 Disorder-NOX,caid2,disorder_nox,IUPred3,DED,literal,0.5,mid_20_30,0.401854714064915,0.25456908756570273,0.528177277735306,0.6757325498292702,0.5387936319470926,0.46802486576694297,0.6034675962490924,0.018532100943942156,647,135
CAID2 Disorder-NOX,caid2,disorder_nox,IUPred3,DED,literal,0.5,long_gt30,0.72737569373655,0.6642079282115919,0.7828071893736556,0.6757325498292702,0.7015541217829101,0.6638640796323974,0.7350068491332403,0.35706935836872195,17658,135
CAID2 Disorder-NOX,caid2,disorder_nox,IUPred3,DED,calibrated,0.511,short_lt20,0.408983451536643,0.27162751164451093,0.5568573647946574,0.6886365441118082,0.5488099978242256,0.4862523131702323,0.6215675696352236,0.019144500148035076,423,135
CAID2 Disorder-NOX,caid2,disorder_nox,IUPred3,DED,calibrated,0.511,mid_20_30,0.38176197836166925,0.23379401418472012,0.5095517435009942,0.6886365441118082,0.5351992612367387,0.46431720741280363,0.5999637227095936,0.016998455237568988,647,135
CAID2 Disorder-NOX,caid2,disorder_nox,IUPred3,DED,calibrated,0.511,long_gt30,0.7138407520670518,0.6508184042288817,0.7698622725690498,0.6886365441118082,0.7012386480894299,0.6630783710114926,0.7349061300589006,0.35799630733129306,17658,135
CAID2 Disorder-NOX,caid2,disorder_nox,ESpritz-D,DED,literal,0.5,short_lt20,0.1867612293144208,0.05753020225329171,0.33797348484848483,0.9053442388628603,0.5460527340886405,0.48467828000460966,0.6205166612274208,0.028489208222457083,423,135
CAID2 Disorder-NOX,caid2,disorder_nox,ESpritz-D,DED,literal,0.5,mid_20_30,0.11746522411128284,0.014644780713003335,0.22530657838070628,0.9053442388628603,0.5114047314870716,0.4592421665274474,0.5653175957436196,0.008706754093205682,647,135
CAID2 Disorder-NOX,caid2,disorder_nox,ESpritz-D,DED,literal,0.5,long_gt30,0.3632914259825575,0.2668573709954705,0.46582476573651377,0.9053442388628603,0.6343178324227089,0.5858399234365957,0.6830740229083284,0.3177577021395983,17658,135
CAID2 Disorder-NOX,caid2,disorder_nox,ESpritz-D,DED,calibrated,0.251,short_lt20,0.5484633569739953,0.3583326595583405,0.7447186521222594,0.5686293972842055,0.5585463771291004,0.46648160147154805,0.6463481648472875,0.021479110863551514,423,135
CAID2 Disorder-NOX,caid2,disorder_nox,ESpritz-D,DED,calibrated,0.251,mid_20_30,0.5486862442040186,0.3704820674470625,0.7348078738505647,0.5686293972842055,0.558657820744112,0.4671490710441616,0.6507403942918926,0.02649427530417739,647,135
CAID2 Disorder-NOX,caid2,disorder_nox,ESpritz-D,DED,calibrated,0.251,long_gt30,0.86244195265602,0.8007686230927403,0.9128697230794365,0.5686293972842055,0.7155356749701127,0.6774678116969209,0.7564308521302643,0.3793810886660262,17658,135
CAID2 Disorder-NOX,caid2,disorder_nox,ESpritz-N,DED,literal,0.5,short_lt20,0.4326241134751773,0.2760438184663537,0.599406528189911,0.7261573890256492,0.5793907512504133,0.5005781794073051,0.6605760216870655,0.032309304471408146,423,135
CAID2 Disorder-NOX,caid2,disorder_nox,ESpritz-N,DED,literal,0.5,mid_20_30,0.49768160741885625,0.33409324584708483,0.6470588235294118,0.7261573890256492,0.6119194982222527,0.5298594925971075,0.6880780927013546,0.05598811245957794,647,135
CAID2 Disorder-NOX,caid2,disorder_nox,ESpritz-N,DED,literal,0.5,long_gt30,0.54706082229018,0.4849618458031215,0.6047875425030338,0.7261573890256492,0.6366091056579146,0.5976310869289312,0.6740365583204405,0.2520089643636415,17658,135
CAID2 Disorder-NOX,caid2,disorder_nox,ESpritz-N,DED,calibrated,0.251,short_lt20,0.6808510638297872,0.53629647008827,0.8207238945452757,0.5352179782418804,0.6080345210358338,0.5414889141727222,0.6825615914604047,0.039358503469595386,423,135
CAID2 Disorder-NOX,caid2,disorder_nox,ESpritz-N,DED,calibrated,0.251,mid_20_30,0.7094281298299846,0.5502757982042921,0.8356245800384032,0.5352179782418804,0.6223230540359326,0.543962149691023,0.6850856054924315,0.054863160484068946,647,135
CAID2 Disorder-NOX,caid2,disorder_nox,ESpritz-N,DED,calibrated,0.251,long_gt30,0.7979386113942689,0.7515368335549074,0.8427131554757434,0.5352179782418804,0.6665782948180747,0.6324943663696311,0.7018786082613938,0.2936549798665552,17658,135
CAID2 Disorder-NOX,caid2,disorder_nox,ESpritz-X,DED,literal,0.5,short_lt20,0.14657210401891252,0.04746142085051913,0.26427875595323996,0.9079448900182641,0.5272584970185883,0.4770895452674073,0.5863885630288317,0.017098670357818375,423,135
CAID2 Disorder-NOX,caid2,disorder_nox,ESpritz-X,DED,literal,0.5,mid_20_30,0.13137557959814528,0.05054748939442805,0.2263976008093655,0.9079448900182641,0.5196602348082047,0.4781553895523746,0.568981018343547,0.015181896185432132,647,135
CAID2 Disorder-NOX,caid2,disorder_nox,ESpritz-X,DED,literal,0.5,long_gt30,0.24878242156529617,0.1882820743810452,0.31210005521385903,0.9079448900182641,0.5783636557917802,0.5465523119889378,0.6123842703701111,0.2025070544018932,17658,135
CAID2 Disorder-NOX,caid2,disorder_nox,ESpritz-X,DED,calibrated,0.075,short_lt20,0.5508274231678487,0.39684512226076657,0.7090408320493066,0.650539982529977,0.6006837028489129,0.5298592617539372,0.6734619423733823,0.03833700759401508,423,135
CAID2 Disorder-NOX,caid2,disorder_nox,ESpritz-X,DED,calibrated,0.075,mid_20_30,0.6738794435857806,0.4908387248307817,0.8255785790325729,0.650539982529977,0.6622097130578788,0.566731646974238,0.7408082108634402,0.07593150964337453,647,135
CAID2 Disorder-NOX,caid2,disorder_nox,ESpritz-X,DED,calibrated,0.075,long_gt30,0.6876769736096954,0.6250595975735949,0.7465466406982706,0.650539982529977,0.6691084780698362,0.631023267871777,0.7096656185461571,0.2989081727564184,17658,135
CAID2 Disorder-NOX,caid2,disorder_nox,MobiDB-lite,DED,literal,0.5,short_lt20,0.375886524822695,0.24607119858890725,0.5097421677564282,0.7799571190343841,0.5779218219285396,0.51707182232754,0.646014780163158,0.034113677956641025,423,135
CAID2 Disorder-NOX,caid2,disorder_nox,MobiDB-lite,DED,literal,0.5,mid_20_30,0.4234930448222566,0.2758545986971852,0.5465364856653593,0.7799571190343841,0.6017250819283204,0.5311775855948152,0.663424014227766,0.05472326729626904,647,135
CAID2 Disorder-NOX,caid2,disorder_nox,MobiDB-lite,DED,literal,0.5,long_gt30,0.5305244082002492,0.47061259111261267,0.5887045935425358,0.7799571190343841,0.6552407636173166,0.6218861812919424,0.6907970829191015,0.29684527232138463,17658,135
CAID2 Disorder-NOX,caid2,disorder_nox,MobiDB-lite,DED,calibrated,0.25,short_lt20,0.5839243498817966,0.45640963577685567,0.7142857142857143,0.6465298181529421,0.6152270840173694,0.5582721443246236,0.6734140932109971,0.0437549761864107,423,135
CAID2 Disorder-NOX,caid2,disorder_nox,MobiDB-lite,DED,calibrated,0.25,mid_20_30,0.6182380216383307,0.4723553389263916,0.7395302979278701,0.6465298181529421,0.6323839198956365,0.556865664962321,0.692142141084421,0.0618425005008473,647,135
CAID2 Disorder-NOX,caid2,disorder_nox,MobiDB-lite,DED,calibrated,0.25,long_gt30,0.735474006116208,0.6822687954872549,0.785585692559517,0.6465298181529421,0.691001912134575,0.6550128781554866,0.7260319964654149,0.3364503166943988,17658,135
CAID2 Disorder-NOX,caid2,disorder_nox,flDPnn,DED,literal,0.5,short_lt20,0.19148936170212766,0.07868654716032837,0.3202984201095983,0.9373262923846581,0.5644078270433929,0.5094810172873224,0.6279541173955626,0.04791679663527932,423,135
CAID2 Disorder-NOX,caid2,disorder_nox,flDPnn,DED,literal,0.5,mid_20_30,0.1901081916537867,0.06360066449879824,0.3387848460699281,0.9373262923846581,0.5637172420192225,0.4994462451921855,0.6354944164913902,0.05813800460592201,647,135
CAID2 Disorder-NOX,caid2,disorder_nox,flDPnn,DED,literal,0.5,long_gt30,0.30292218824328915,0.21814415263173484,0.402538726170938,0.9373262923846581,0.6201242403139736,0.5777790238742267,0.6670868485770545,0.31843240739587997,17658,135
CAID2 Disorder-NOX,caid2,disorder_nox,flDPnn,DED,calibrated,0.119,short_lt20,0.7943262411347518,0.6700081803955042,0.9050151179941003,0.5803819582307631,0.6873540996827574,0.6309960453155513,0.7419220133241041,0.06893103836911287,423,135
CAID2 Disorder-NOX,caid2,disorder_nox,flDPnn,DED,calibrated,0.119,mid_20_30,0.8160741885625966,0.7067543318339043,0.9019122414325409,0.5803819582307631,0.6982280733966799,0.6429644862679712,0.743178010384622,0.08974885192149935,647,135
CAID2 Disorder-NOX,caid2,disorder_nox,flDPnn,DED,calibrated,0.119,long_gt30,0.8321440706761808,0.788039729452364,0.8810547845187815,0.5803819582307631,0.706263014453472,0.6725482646537486,0.742376718003596,0.36221468467986984,17658,135
CAID2 Disorder-NOX,caid2,disorder_nox,flDPnn2,DED,literal,0.5,short_lt20,0.2222222222222222,0.10165624552527326,0.360399468506163,0.9538037004685143,0.5880129613453682,0.5280682754838314,0.6564127094995507,0.07508237740564605,423,135
CAID2 Disorder-NOX,caid2,disorder_nox,flDPnn2,DED,literal,0.5,mid_20_30,0.18701700154559506,0.07454414501612626,0.3208973728043609,0.9538037004685143,0.5704103510070546,0.515077635288642,0.6346995098508108,0.07372571845934865,647,135
CAID2 Disorder-NOX,caid2,disorder_nox,flDPnn2,DED,literal,0.5,long_gt30,0.2857628270472307,0.1947224845283024,0.3869473270603645,0.9538037004685143,0.6197832637578725,0.5754129550156712,0.6692653174600885,0.33785388014330614,17658,135
CAID2 Disorder-NOX,caid2,disorder_nox,flDPnn2,DED,calibrated,0.203,short_lt20,0.6737588652482269,0.5486956752224076,0.808254815381406,0.6700547923449536,0.6719068287965902,0.6104261801617313,0.7329361430922001,0.0663047334641521,423,135
CAID2 Disorder-NOX,caid2,disorder_nox,flDPnn2,DED,calibrated,0.203,mid_20_30,0.6367851622874807,0.4835545340862463,0.7746347276277102,0.6700547923449536,0.6534199773162171,0.5769406525672758,0.7167474151391761,0.0728063748866227,647,135
CAID2 Disorder-NOX,caid2,disorder_nox,flDPnn2,DED,calibrated,0.203,long_gt30,0.7707554649450674,0.7100544894816782,0.8343743730498793,0.6700547923449536,0.7204051286450105,0.6812217621272604,0.7612465150381497,0.3889126519875214,17658,135
CAID2 Disorder-NOX,caid2,disorder_nox,DISOPRED3-diso,DED,literal,0.5,short_lt20,0.41371158392434987,0.2681732891832229,0.5818204045343409,0.6512348129913444,0.5324731984578471,0.4596907327221415,0.6133434307934719,0.012379623737851678,423,135
CAID2 Disorder-NOX,caid2,disorder_nox,DISOPRED3-diso,DED,literal,0.5,mid_20_30,0.5455950540958269,0.37275258323765786,0.6920998889344714,0.6512348129913444,0.5984149335435857,0.5138112135391626,0.6735161213333455,0.0461376787902458,647,135
CAID2 Disorder-NOX,caid2,disorder_nox,DISOPRED3-diso,DED,literal,0.5,long_gt30,0.7125382262996942,0.6467052793937619,0.7750885554199024,0.6512348129913444,0.6818865196455193,0.6411689824961653,0.7225138924934039,0.32103118270752073,17658,135
CAID2 Disorder-NOX,caid2,disorder_nox,DISOPRED3-diso,DED,calibrated,0.32,short_lt20,0.5319148936170213,0.38928758078846054,0.6855572433642468,0.5870721829587866,0.5594935382879039,0.49067582169115154,0.6327071691200671,0.02195367121729872,423,135
CAID2 Disorder-NOX,caid2,disorder_nox,DISOPRED3-diso,DED,calibrated,0.32,mid_20_30,0.6723338485316847,0.5075309909807518,0.8114120364213456,0.5870721829587866,0.6297030157452357,0.5479223476870313,0.702490328583833,0.058885607942472294,647,135
CAID2 Disorder-NOX,caid2,disorder_nox,DISOPRED3-diso,DED,calibrated,0.32,long_gt30,0.7851965114962057,0.7306392944105686,0.8389493622823723,0.5870721829587866,0.6861343472274961,0.6469039429284631,0.7241558360247004,0.32646054622512966,17658,135
CAID2 Disorder-NOX,caid2,disorder_nox,SETH-0,DED,literal,0.5,short_lt20,0.40189125295508277,0.2747163486333162,0.5627355307202245,0.6772413245453823,0.5395662887502326,0.4748785637932345,0.6157041640911604,0.015372940074464183,423,135
CAID2 Disorder-NOX,caid2,disorder_nox,SETH-0,DED,literal,0.5,mid_20_30,0.48377125193199383,0.31496331640244213,0.6234877105812483,0.6772413245453823,0.5805062882386881,0.49388231542620764,0.6521788706559014,0.03847247909175834,647,135
CAID2 Disorder-NOX,caid2,disorder_nox,SETH-0,DED,literal,0.5,long_gt30,0.7235247479895798,0.6614569979504183,0.7780554803084359,0.6772413245453823,0.700383036267481,0.6605923441076091,0.7379465021943094,0.35521625809422475,17658,135
CAID2 Disorder-NOX,caid2,disorder_nox,SETH-0,DED,calibrated,0.349,short_lt20,0.7730496453900709,0.6774741377806466,0.8727127157497303,0.5919359961883586,0.6824928207892147,0.6329615091913453,0.7345222939676145,0.06741003142753475,423,135
CAID2 Disorder-NOX,caid2,disorder_nox,SETH-0,DED,calibrated,0.349,mid_20_30,0.7094281298299846,0.560987056614959,0.8402169983044085,0.5919359961883586,0.6506820630091716,0.5693847719646757,0.7160068616289815,0.06851522864837747,647,135
CAID2 Disorder-NOX,caid2,disorder_nox,SETH-0,DED,calibrated,0.349,long_gt30,0.8584211122437422,0.8044536358246797,0.9043902857353953,0.5919359961883586,0.7251785542160504,0.6879758594444806,0.7591802584277938,0.3953608753496802,17658,135
CAID2 Disorder-NOX,caid2,disorder_nox,SETH-1,DED,literal,0.5,short_lt20,0.47044917257683216,0.33595598845598845,0.6194151786732344,0.6782537917890892,0.5743514821829607,0.5066619795834078,0.6487474495995961,0.028898365527923468,423,135
CAID2 Disorder-NOX,caid2,disorder_nox,SETH-1,DED,literal,0.5,mid_20_30,0.5455950540958269,0.3905979975640866,0.6781325706217854,0.6782537917890892,0.6119244229424581,0.5316659122928625,0.6822840200568877,0.053495850439280485,647,135
CAID2 Disorder-NOX,caid2,disorder_nox,SETH-1,DED,literal,0.5,long_gt30,0.7224487484426322,0.6631160939070695,0.7775180275654642,0.6782537917890892,0.7003512701158607,0.6627719390744312,0.7373946991102902,0.3552701398485423,17658,135
CAID2 Disorder-NOX,caid2,disorder_nox,SETH-1,DED,calibrated,0.36,short_lt20,0.6973995271867612,0.5843723665730337,0.8148148148148148,0.6006908600015882,0.6490451935941748,0.5906890365300071,0.7079304484104509,0.055254178019738344,423,135
CAID2 Disorder-NOX,caid2,disorder_nox,SETH-1,DED,calibrated,0.36,mid_20_30,0.6769706336939721,0.5267295278895419,0.8064572210507425,0.6006908600015882,0.6388307468477802,0.5591227702444851,0.7046782290710254,0.06334619034132723,647,135
CAID2 Disorder-NOX,caid2,disorder_nox,SETH-1,DED,calibrated,0.36,long_gt30,0.8288028089251331,0.772660167641261,0.8767517734181094,0.6006908600015882,0.7147468344633607,0.6784316873059091,0.7483152864099473,0.3766628436791282,17658,135
CAID2 Disorder-NOX,caid2,disorder_nox,VSL2,DED,literal,0.5,short_lt20,0.8132387706855791,0.7372768234300197,0.8921353822427848,0.48493210513777496,0.649085437911677,0.6117336449310002,0.6915332528805774,0.05422589817564303,423,135
CAID2 Disorder-NOX,caid2,disorder_nox,VSL2,DED,literal,0.5,mid_20_30,0.8052550231839258,0.6839007403078122,0.9005674744615174,0.48493210513777496,0.6450935641608504,0.5843762037425139,0.6934925928252438,0.06498729289948622,647,135
CAID2 Disorder-NOX,caid2,disorder_nox,VSL2,DED,literal,0.5,long_gt30,0.8606863744478424,0.8189600110875267,0.90082363631433,0.48493210513777496,0.6728092397928087,0.638262415284143,0.7064063741632154,0.30991540014522395,17658,135
CAID2 Disorder-NOX,caid2,disorder_nox,VSL2,DED,calibrated,0.598,short_lt20,0.6312056737588653,0.4975362188810396,0.7620874501079631,0.5751806559199555,0.6031931648394104,0.5442285701461074,0.6632623583460647,0.03792220237933696,423,135
CAID2 Disorder-NOX,caid2,disorder_nox,VSL2,DED,calibrated,0.598,mid_20_30,0.6924265842349304,0.5485827549323485,0.8138399453309693,0.5751806559199555,0.633803620077443,0.5638196988743808,0.695296547762555,0.060515355658649544,647,135
CAID2 Disorder-NOX,caid2,disorder_nox,VSL2,DED,calibrated,0.598,long_gt30,0.7959565069656813,0.749275314863856,0.8399607996491021,0.5751806559199555,0.6855685814428184,0.6504244512633343,0.7231259226352587,0.3257004051165238,17658,135
CAID2 Disorder-NOX,caid2,disorder_nox,SPOT-Disorder,DED,literal,0.5,short_lt20,0.4846335697399527,0.34227059925093634,0.6338915989020592,0.6165726991185579,0.5506031344292553,0.48252014956182315,0.6240129142523134,0.01890766116480388,423,135
CAID2 Disorder-NOX,caid2,disorder_nox,SPOT-Disorder,DED,literal,0.5,mid_20_30,0.642967542503864,0.47375914833115795,0.7801151756361865,0.6165726991185579,0.629770120811211,0.5450091754870771,0.7023450697106534,0.059633741447447215,647,135
CAID2 Disorder-NOX,caid2,disorder_nox,SPOT-Disorder,DED,literal,0.5,long_gt30,0.8117567108392797,0.7523059338743248,0.8673588646300175,0.6165726991185579,0.7141647049789188,0.6749749064649719,0.7533167024233549,0.3755761907853121,17658,135
CAID2 Disorder-NOX,caid2,disorder_nox,SPOT-Disorder,DED,calibrated,0.434,short_lt20,0.5626477541371159,0.42589724680432645,0.7044972986290763,0.5943778289525927,0.5785127915448542,0.5145654995195953,0.6470699169063824,0.029047009695879485,423,135
CAID2 Disorder-NOX,caid2,disorder_nox,SPOT-Disorder,DED,calibrated,0.434,mid_20_30,0.678516228748068,0.5138102199029537,0.8142406377811862,0.5943778289525927,0.6364470288503303,0.5499257557907749,0.7073028115439681,0.06210691170681128,647,135
CAID2 Disorder-NOX,caid2,disorder_nox,SPOT-Disorder,DED,calibrated,0.434,long_gt30,0.834522595990486,0.776992496272102,0.8875881191900936,0.5943778289525927,0.7144502124715393,0.6762496352517129,0.7529115170673302,0.3762712178698662,17658,135
CAID2 Disorder-NOX,caid2,disorder_nox,SPOT-Disorder2,DED,literal,0.5,short_lt20,0.5437352245862884,0.42854207436399216,0.6825983769713673,0.6626300325577702,0.6031826285720293,0.5451516541881068,0.6727661126976354,0.039614321015769775,423,135
CAID2 Disorder-NOX,caid2,disorder_nox,SPOT-Disorder2,DED,literal,0.5,mid_20_30,0.5842349304482226,0.41462313334888873,0.7336476764534318,0.6626300325577702,0.6234324815029963,0.5331297611030451,0.6986034764746215,0.05829188629800532,647,135
CAID2 Disorder-NOX,caid2,disorder_nox,SPOT-Disorder2,DED,literal,0.5,long_gt30,0.7953335598595538,0.7248687007416874,0.8583768429498042,0.6626300325577702,0.728981796208662,0.6855569887655666,0.7687151481693265,0.40308397848594896,17658,135
CAID2 Disorder-NOX,caid2,disorder_nox,SPOT-Disorder2,DED,calibrated,0.368,short_lt20,0.6950354609929078,0.5879413082437276,0.8191516850843917,0.6256451997141269,0.6603403303535174,0.6120656459176402,0.719393891788374,0.06013068270092545,423,135
CAID2 Disorder-NOX,caid2,disorder_nox,SPOT-Disorder2,DED,calibrated,0.368,mid_20_30,0.6676970633693973,0.4971818393431522,0.8113512126865671,0.6256451997141269,0.6466711315417621,0.5574606580788872,0.726303107180486,0.06769108623441271,647,135
CAID2 Disorder-NOX,caid2,disorder_nox,SPOT-Disorder2,DED,calibrated,0.368,long_gt30,0.8515686940763393,0.789984219287149,0.9058631979338002,0.6256451997141269,0.7386069468952331,0.6966750768657113,0.7774301938596544,0.41841833358840924,17658,135
CAID2 Disorder-NOX,caid2,disorder_nox,SPOT-Disorder-Single,DED,literal,0.5,short_lt20,0.21040189125295508,0.09433659246091068,0.34475871499508476,0.7670134201540538,0.48870765570350444,0.4286806910961965,0.5585593312175388,-0.004856385012399212,423,135
CAID2 Disorder-NOX,caid2,disorder_nox,SPOT-Disorder-Single,DED,literal,0.5,mid_20_30,0.3168469860896445,0.17449202635305708,0.4478298965815025,0.7670134201540538,0.5419302031218491,0.4672759390504468,0.6098447141445341,0.022162420266079647,647,135
CAID2 Disorder-NOX,caid2,disorder_nox,SPOT-Disorder-Single,DED,literal,0.5,long_gt30,0.5920262770415675,0.5144584757771096,0.6651942571454472,0.7670134201540538,0.6795198485978107,0.6358594887941289,0.7226679265422955,0.33574292288572305,17658,135
CAID2 Disorder-NOX,caid2,disorder_nox,SPOT-Disorder-Single,DED,calibrated,0.169,short_lt20,0.541371158392435,0.39871480237664686,0.6842163742690058,0.6226276502819026,0.5819994043371688,0.5165900410582949,0.6491714806094289,0.030723993118025882,423,135
CAID2 Disorder-NOX,caid2,disorder_nox,SPOT-Disorder-Single,DED,calibrated,0.169,mid_20_30,0.6924265842349304,0.5335722593241657,0.8256988779493489,0.6226276502819026,0.6575271172584165,0.5794305007317091,0.7232993343322403,0.07257914731437683,647,135
CAID2 Disorder-NOX,caid2,disorder_nox,SPOT-Disorder-Single,DED,calibrated,0.169,long_gt30,0.8055838713331068,0.743324699157403,0.8592063234868906,0.6226276502819026,0.7141057608075048,0.672567538733714,0.7524722798055207,0.37554997130750833,17658,135
CAID2 Disorder-NOX,caid2,disorder_nox,DisEMBL-dis465,DED,literal,0.5,short_lt20,0.3971631205673759,0.288799224198596,0.5236773597581458,0.8006829190820297,0.5989230198247029,0.5440380001812132,0.6583057542102453,0.04486713473215248,423,135
CAID2 Disorder-NOX,caid2,disorder_nox,DisEMBL-dis465,DED,literal,0.5,mid_20_30,0.4265842349304482,0.2950649180327869,0.547550422705314,0.8006829190820297,0.613633577006239,0.548118542416596,0.6748892821677109,0.0633161551248576,647,135
CAID2 Disorder-NOX,caid2,disorder_nox,DisEMBL-dis465,DED,literal,0.5,long_gt30,0.3866802582398913,0.34045173987237753,0.43289480490911403,0.8006829190820297,0.5936815886609605,0.5673330495474967,0.6203918209885666,0.1902146854046543,17658,135
CAID2 Disorder-NOX,caid2,disorder_nox,DisEMBL-dis465,DED,calibrated,0.373,short_lt20,0.6595744680851063,0.5332305194805195,0.7849031986531986,0.6049591042642738,0.63226678617469,0.5725428050047606,0.6927002713492063,0.049127560812346614,423,135
CAID2 Disorder-NOX,caid2,disorder_nox,DisEMBL-dis465,DED,calibrated,0.373,mid_20_30,0.6568778979907264,0.5237133418687796,0.770552716690724,0.6049591042642738,0.6309185011275,0.5652681911079936,0.6872312059054345,0.05984658118930424,647,135
CAID2 Disorder-NOX,caid2,disorder_nox,DisEMBL-dis465,DED,calibrated,0.373,long_gt30,0.6459395174991506,0.6031960862002025,0.6882097263971275,0.6049591042642738,0.6254493108817122,0.5978002276500507,0.6520167442348557,0.2206865538442468,17658,135
CAID2 Disorder-NOX,caid2,disorder_nox,DisEMBL-disHL,DED,literal,0.5,short_lt20,0.0,0.0,0.0,0.9994242833320098,0.4997121416660049,0.49955211123456894,0.49984570114778637,-0.0021902218769216187,423,135
CAID2 Disorder-NOX,caid2,disorder_nox,DisEMBL-disHL,DED,literal,0.5,mid_20_30,0.0,0.0,0.0,0.9994242833320098,0.4997121416660049,0.49955211123456894,0.49984570114778637,-0.0027028007823052284,647,135
CAID2 Disorder-NOX,caid2,disorder_nox,DisEMBL-disHL,DED,literal,0.5,long_gt30,0.0006795786612300374,0.000283429841283048,0.0011662444757884222,0.9994242833320098,0.5000519309966199,0.49980140105376825,0.5003493320188744,0.0018552855047092468,17658,135
CAID2 Disorder-NOX,caid2,disorder_nox,DisEMBL-disHL,DED,calibrated,0.06,short_lt20,0.8959810874704491,0.8231984720716911,0.9556313924918576,0.41000952910347016,0.6529953082869596,0.6173528567038878,0.6832411293311504,0.05659139127332368,423,135
CAID2 Disorder-NOX,caid2,disorder_nox,DisEMBL-disHL,DED,calibrated,0.06,mid_20_30,0.8284389489953632,0.7380051251875068,0.9002332243577043,0.41000952910347016,0.6192242390494167,0.5731228649256768,0.6587418406288637,0.0543109255324924,647,135
CAID2 Disorder-NOX,caid2,disorder_nox,DisEMBL-disHL,DED,calibrated,0.06,long_gt30,0.7692830445124023,0.7268510996813583,0.8103905843689135,0.41000952910347016,0.5896462868079362,0.5640014952666564,0.6144177034601466,0.16341162469394285,17658,135
CAID2 Disorder-NOX,caid2,disorder_nox,IsUnstruct,DED,literal,0.5,short_lt20,0.7092198581560284,0.5762549912903658,0.8333579881656805,0.5823671881203843,0.6457935231382064,0.5892513451536655,0.7066914570173235,0.05368645157881792,423,135
CAID2 Disorder-NOX,caid2,disorder_nox,IsUnstruct,DED,literal,0.5,mid_20_30,0.7573415765069552,0.6372529740691715,0.8500176056338028,0.5823671881203843,0.6698543823136698,0.6097963473490295,0.7195027938299612,0.07696789721064556,647,135
CAID2 Disorder-NOX,caid2,disorder_nox,IsUnstruct,DED,literal,0.5,long_gt30,0.7782874617737003,0.7323172362700585,0.8249784771695786,0.5823671881203843,0.6803273249470423,0.6460371457478268,0.7135344556132105,0.3162978761936114,17658,135
CAID2 Disorder-NOX,caid2,disorder_nox,IsUnstruct,DED,calibrated,0.545,short_lt20,0.6666666666666666,0.5344120065789474,0.7962199842022117,0.6060311284046692,0.6363488975356679,0.5792572658035291,0.6998915062526672,0.050665712785703206,423,135
CAID2 Disorder-NOX,caid2,disorder_nox,IsUnstruct,DED,calibrated,0.545,mid_20_30,0.7202472952086554,0.5964310830946296,0.8177648913410652,0.6060311284046692,0.6631392118066624,0.6005043566109426,0.7147044243992985,0.07458365700968542,647,135
CAID2 Disorder-NOX,caid2,disorder_nox,IsUnstruct,DED,calibrated,0.545,long_gt30,0.755974629063314,0.7080985851437503,0.8036823166215673,0.6060311284046692,0.6810028787339917,0.6466616062241077,0.7138387630843909,0.31749500386604756,17658,135
CAID2 Disorder-NOX,caid2,disorder_nox,RONN,DED,literal,0.5,short_lt20,0.75177304964539,0.6289055140648989,0.8688089434598387,0.5723814817755896,0.6620772657104899,0.5984684710708212,0.7217097086156369,0.059495609109855276,423,135
CAID2 Disorder-NOX,caid2,disorder_nox,RONN,DED,literal,0.5,mid_20_30,0.7418856259659969,0.6088584782547023,0.8492943060560169,0.5723814817755896,0.6571335538707932,0.5915814377603967,0.7171864588956568,0.07099789915699205,647,135
CAID2 Disorder-NOX,caid2,disorder_nox,RONN,DED,literal,0.5,long_gt30,0.7520670517612413,0.7092613535972709,0.792678484498437,0.5723814817755896,0.6622242667684155,0.6316657131809574,0.6930821741032722,0.2845524622535715,17658,135
CAID2 Disorder-NOX,caid2,disorder_nox,RONN,DED,calibrated,0.51,short_lt20,0.7210401891252955,0.6027780109986987,0.8424625183127533,0.5927102358453109,0.6568752124853032,0.59401996838695,0.7174481822802664,0.057973024732490254,423,135
CAID2 Disorder-NOX,caid2,disorder_nox,RONN,DED,calibrated,0.51,mid_20_30,0.7125193199381762,0.5754476808204535,0.8238446688581914,0.5927102358453109,0.6526147778917435,0.5835616653850781,0.7141775669727233,0.06941242421511251,647,135
CAID2 Disorder-NOX,caid2,disorder_nox,RONN,DED,calibrated,0.51,long_gt30,0.7338883225733379,0.692018667963957,0.7761713258521493,0.5927102358453109,0.6632992792093244,0.6322534634564808,0.6940781139992127,0.28639397385982324,17658,135
CAID2 Disorder-NOX,caid2,disorder_nox,PreDisorder,DED,literal,0.5,short_lt20,0.8439716312056738,0.7598542148112027,0.9350535714285715,0.5257881362661796,0.6848798837359267,0.6428539181533068,0.7283063102769236,0.06727316447569937,423,135
CAID2 Disorder-NOX,caid2,disorder_nox,PreDisorder,DED,literal,0.5,mid_20_30,0.9350850077279753,0.8764964634005903,0.9790905156399453,0.5257881362661796,0.7304365719970775,0.6904149566256005,0.7619141386399761,0.10322192291386141,647,135
CAID2 Disorder-NOX,caid2,disorder_nox,PreDisorder,DED,literal,0.5,long_gt30,0.8371276475252011,0.7912904229988477,0.8809481646997244,0.5257881362661796,0.6814578918956904,0.6500274165668433,0.7113009448613871,0.3212212873470151,17658,135
CAID2 Disorder-NOX,caid2,disorder_nox,PreDisorder,DED,calibrated,0.514,short_lt20,0.7730496453900709,0.6599092753296517,0.8914833438089252,0.5835980306519495,0.6783238380210102,0.624673256191338,0.7333210779961784,0.06568020715839992,423,135
CAID2 Disorder-NOX,caid2,disorder_nox,PreDisorder,DED,calibrated,0.514,mid_20_30,0.8902627511591963,0.8090824370119346,0.9501092794697445,0.5835980306519495,0.7369303909055729,0.6888336148305363,0.7737628120343941,0.10734664121041554,647,135
CAID2 Disorder-NOX,caid2,disorder_nox,PreDisorder,DED,calibrated,0.514,long_gt30,0.7905765092309435,0.7381850630990827,0.8409824760104163,0.5835980306519495,0.6870872699414465,0.6527401800436968,0.7201000788800744,0.32819202257173435,17658,135
CAID2 Disorder-NOX,caid2,disorder_nox,OPAL,DED,literal,0.5,short_lt20,0.8250591016548463,0.6971404574234398,0.9397029915609681,0.46454379417136504,0.6448014479131057,0.5892784586514287,0.6954266474930272,0.05278686078627711,423,135
CAID2 Disorder-NOX,caid2,disorder_nox,OPAL,DED,literal,0.5,mid_20_30,0.8438948995363215,0.7218915071485991,0.9376478533105946,0.46454379417136504,0.6542193468538433,0.5890796229837563,0.7100813740794232,0.0692411047398989,647,135
CAID2 Disorder-NOX,caid2,disorder_nox,OPAL,DED,literal,0.5,long_gt30,0.7516139993204214,0.676455220264558,0.8396235592814322,0.46454379417136504,0.6080788967458932,0.56285477320181,0.6561845769726475,0.19278474539260734,17658,135
CAID2 Disorder-NOX,caid2,disorder_nox,OPAL,DED,calibrated,0.498,short_lt20,0.8463356973995272,0.7297792681673347,0.9484848484848485,0.45167950448661953,0.6490076009430734,0.5973144331902794,0.6943298148491652,0.05444595189432383,423,135
CAID2 Disorder-NOX,caid2,disorder_nox,OPAL,DED,calibrated,0.498,mid_20_30,0.8562596599690881,0.7359005668478708,0.949225537090411,0.45167950448661953,0.6539695822278538,0.5882715195397645,0.7078103161442532,0.06929339316092875,647,135
CAID2 Disorder-NOX,caid2,disorder_nox,OPAL,DED,calibrated,0.498,long_gt30,0.7646958885490995,0.6908820898486953,0.848720718324348,0.45167950448661953,0.6081876965178595,0.5632338424527769,0.6548894634238032,0.19399841831573536,17658,135
CAID2 Disorder-NOX,caid2,disorder_nox,pyHCA,DED,literal,0.5,short_lt20,0.04491725768321513,0.0039800644458494894,0.11772095772982553,0.9015325974747875,0.4732249275790013,0.448103950132171,0.5112971072946598,-0.016366121940446444,423,135
CAID2 Disorder-NOX,caid2,disorder_nox,pyHCA,DED,literal,0.5,mid_20_30,0.14837712519319937,0.07194549549549549,0.2261157773386034,0.9015325974747875,0.5249548613339935,0.48023259363007853,0.5624368054257451,0.018690640232512677,647,135
CAID2 Disorder-NOX,caid2,disorder_nox,pyHCA,DED,literal,0.5,long_gt30,0.3352021746517159,0.2511962822998711,0.42342309301924175,0.9015325974747875,0.6183673860632517,0.5759838501636381,0.6634721295032316,0.2831528915709071,17658,135
CAID2 Disorder-NOX,caid2,disorder_nox,pyHCA,DED,calibrated,0.234,short_lt20,0.5011820330969267,0.35641778730111817,0.6556921845062769,0.6382315572143255,0.5697067951556261,0.4957019317580203,0.6475763384676908,0.02634778223294255,423,135
CAID2 Disorder-NOX,caid2,disorder_nox,pyHCA,DED,calibrated,0.234,mid_20_30,0.58887171561051,0.4218809877858416,0.7382244789787911,0.6382315572143255,0.6135516364124177,0.5331388089052557,0.6890227664101742,0.05279514077636023,647,135
CAID2 Disorder-NOX,caid2,disorder_nox,pyHCA,DED,calibrated,0.234,long_gt30,0.7564843130592366,0.6892720143521444,0.8210054562258324,0.6382315572143255,0.697357935136781,0.6556013287494887,0.7367009951918044,0.34697181210868333,17658,135
CAID2 Disorder-NOX,caid2,disorder_nox,DeepIDP-2L,DED,literal,0.5,short_lt20,0.5106382978723404,0.37058598920680175,0.6597278244631185,0.6185976336059715,0.5646179657391559,0.4904103749413225,0.6403085477290987,0.0241655964656885,423,135
CAID2 Disorder-NOX,caid2,disorder_nox,DeepIDP-2L,DED,literal,0.5,mid_20_30,0.6321483771251932,0.4718580492057342,0.7632768217764654,0.6185976336059715,0.6253730053655824,0.5409706070429999,0.6933777182727595,0.05767255721046924,647,135
CAID2 Disorder-NOX,caid2,disorder_nox,DeepIDP-2L,DED,literal,0.5,long_gt30,0.7681504134103523,0.6907635456438445,0.8388344785125449,0.6185976336059715,0.6933740235081619,0.6448240344298898,0.7396082359708557,0.33932144464429154,17658,135
CAID2 Disorder-NOX,caid2,disorder_nox,DeepIDP-2L,DED,calibrated,0.662,short_lt20,0.23404255319148937,0.12131820046492547,0.36888359852137576,0.8142221869292464,0.524132370060368,0.4676466542727707,0.5912807269772928,0.01126790892720303,423,135
CAID2 Disorder-NOX,caid2,disorder_nox,DeepIDP-2L,DED,calibrated,0.662,mid_20_30,0.41576506955177744,0.2790124920321512,0.5463335389881782,0.8142221869292464,0.614993628240512,0.5488786329417489,0.6773023552943287,0.06577287392780165,647,135
CAID2 Disorder-NOX,caid2,disorder_nox,DeepIDP-2L,DED,calibrated,0.662,long_gt30,0.5573111337637332,0.4687692410760748,0.6451459590265128,0.8142221869292464,0.6857666603464898,0.6380538079016042,0.7317431225437512,0.3618895224142807,17658,135
CAID2 Disorder-NOX,caid2,disorder_nox,PredIDR-long,DED,literal,0.5,short_lt20,0.6879432624113475,0.54702912050201,0.8148290598290597,0.5209243230366076,0.6044337927239776,0.5339719199012771,0.6760151296546686,0.03798960596513517,423,135
CAID2 Disorder-NOX,caid2,disorder_nox,PredIDR-long,DED,literal,0.5,mid_20_30,0.723338485316847,0.5684443187827369,0.854462116645661,0.5209243230366076,0.6221314041767273,0.5357852030643122,0.6937908809056804,0.0546988685078935,647,135
CAID2 Disorder-NOX,caid2,disorder_nox,PredIDR-long,DED,literal,0.5,long_gt30,0.8847547853664062,0.839336892981282,0.9223784134396129,0.5209243230366076,0.7028395542015069,0.6674283955971654,0.7371222017241154,0.36087002604038154,17658,135
CAID2 Disorder-NOX,caid2,disorder_nox,PredIDR-long,DED,calibrated,0.54,short_lt20,0.6312056737588653,0.4918640259779734,0.7595509598669791,0.5447470817120622,0.5879763777354637,0.5179933637659898,0.653843847537669,0.03209986107654883,423,135
CAID2 Disorder-NOX,caid2,disorder_nox,PredIDR-long,DED,calibrated,0.54,mid_20_30,0.6769706336939721,0.5202016885553471,0.8121468655328632,0.5447470817120622,0.6108588577030172,0.526032100988894,0.6832147329473757,0.049794120067203664,647,135
CAID2 Disorder-NOX,caid2,disorder_nox,PredIDR-long,DED,calibrated,0.54,long_gt30,0.8671990032846302,0.8194342893588415,0.906663026702578,0.5447470817120622,0.7059730424983461,0.6693197618043453,0.7414637034462724,0.3640152669808001,17658,135
CAID2 Disorder-NOX,caid2,disorder_nox,PredIDR-short,DED,literal,0.5,short_lt20,0.7754137115839244,0.6612574649773958,0.8785751440460947,0.5142142460096879,0.6448139787968061,0.5849660333405957,0.7035690178293713,0.05265447874556999,423,135
CAID2 Disorder-NOX,caid2,disorder_nox,PredIDR-short,DED,literal,0.5,mid_20_30,0.7557959814528593,0.6199813218390805,0.8658361018826135,0.5142142460096879,0.6350051137312736,0.5603110144141291,0.7008165471163608,0.06044023665643445,647,135
CAID2 Disorder-NOX,caid2,disorder_nox,PredIDR-short,DED,literal,0.5,long_gt30,0.8801676294031034,0.8373405512411217,0.9165383721303452,0.5142142460096879,0.6971909377063956,0.6630508164155202,0.7312435751006765,0.3512922800664128,17658,135
CAID2 Disorder-NOX,caid2,disorder_nox,PredIDR-short,DED,calibrated,0.518,short_lt20,0.7494089834515366,0.6352755520812976,0.8534478837127556,0.5244778845390297,0.6369434339952831,0.5745232538697073,0.6939034074885523,0.04982799432163462,423,135
CAID2 Disorder-NOX,caid2,disorder_nox,PredIDR-short,DED,calibrated,0.518,mid_20_30,0.7434312210200927,0.6045489396411093,0.8590506940433752,0.5244778845390297,0.6339545527795611,0.5563596493173314,0.7002062098976253,0.06000930472713817,647,135
CAID2 Disorder-NOX,caid2,disorder_nox,PredIDR-short,DED,calibrated,0.518,long_gt30,0.8733152112357006,0.8301156988432111,0.9102666493622863,0.5244778845390297,0.6988965478873651,0.6638027134261947,0.7331362061488703,0.35319133634744065,17658,135
CAID2 Disorder-NOX,caid2,disorder_nox,AUCpred-profile,DED,literal,0.5,short_lt20,0.5697399527186762,0.4188896688896689,0.7396372607990864,0.6517906773604384,0.6107653150395573,0.5350818055863615,0.6981971990906797,0.042205728345350954,423,135
CAID2 Disorder-NOX,caid2,disorder_nox,AUCpred-profile,DED,literal,0.5,mid_20_30,0.7156105100463679,0.5336691972876001,0.8515848629597824,0.6517906773604384,0.6837005937034031,0.5957782885485612,0.7581776187339593,0.08603053517960126,647,135
CAID2 Disorder-NOX,caid2,disorder_nox,AUCpred-profile,DED,literal,0.5,long_gt30,0.7205799071242497,0.6573241155743205,0.7831342583648909,0.6517906773604384,0.686185292242344,0.6448651094704633,0.7269348124998207,0.328493712568015,17658,135
CAID2 Disorder-NOX,caid2,disorder_nox,AUCpred-profile,DED,calibrated,0.057,short_lt20,0.8108747044917257,0.7267487020154532,0.9056614117841775,0.5676367823393949,0.6892557434155603,0.6408325438057209,0.7394909995464103,0.0693737360201655,423,135
CAID2 Disorder-NOX,caid2,disorder_nox,AUCpred-profile,DED,calibrated,0.057,mid_20_30,0.8315301391035549,0.6792585637899786,0.941062030075188,0.5676367823393949,0.6995834607214748,0.6255596391670887,0.7560426362736605,0.09003830184962201,647,135
CAID2 Disorder-NOX,caid2,disorder_nox,AUCpred-profile,DED,calibrated,0.057,long_gt30,0.8329369124476158,0.7794085009650373,0.8820663515208002,0.5676367823393949,0.7002868473935053,0.6614462902058282,0.7365186232924756,0.3521496033444612,17658,135
CAID2 Disorder-NOX,caid2,disorder_nox,AUCpred-no-profile,DED,literal,0.5,short_lt20,0.30969267139479906,0.18567025440313112,0.4644470252648737,0.7348725482410863,0.5222826098179427,0.4590063628749006,0.5980411876269306,0.009170910396800088,423,135
CAID2 Disorder-NOX,caid2,disorder_nox,AUCpred-no-profile,DED,literal,0.5,mid_20_30,0.4714064914992272,0.27771078304143726,0.6516988201503482,0.7348725482410863,0.6031395198701568,0.5023827394392858,0.6950924528879526,0.052128936836213564,647,135
CAID2 Disorder-NOX,caid2,disorder_nox,AUCpred-no-profile,DED,literal,0.5,long_gt30,0.573394495412844,0.5060006248406155,0.6354059414262389,0.7348725482410863,0.6541335218269652,0.6139957660452297,0.6938230843408826,0.28426248650056135,17658,135
CAID2 Disorder-NOX,caid2,disorder_nox,AUCpred-no-profile,DED,calibrated,0.025,short_lt20,0.7990543735224587,0.7070699957319676,0.8889062499999999,0.5175295799253553,0.658291976723907,0.6126651246085192,0.701034965181048,0.05756459522027864,423,135
CAID2 Disorder-NOX,caid2,disorder_nox,AUCpred-no-profile,DED,calibrated,0.025,mid_20_30,0.8438948995363215,0.7350281439786698,0.9284946902167932,0.5175295799253553,0.6807122397308384,0.6249016113560071,0.7231826733230803,0.0809110770853705,647,135
CAID2 Disorder-NOX,caid2,disorder_nox,AUCpred-no-profile,DED,calibrated,0.025,long_gt30,0.8372409106354061,0.799836512278046,0.8727487461978424,0.5175295799253553,0.6773852452803807,0.6467567057310827,0.7075792671173371,0.31457550348913715,17658,135
CAID2 Disorder-NOX,caid2,disorder_nox,DisoPred,DED,literal,0.5,short_lt20,0.40425531914893614,0.2769193557989998,0.5507018872320596,0.7172834114190423,0.5607693652839892,0.4940487763425453,0.6331975013880148,0.02450011354331773,423,135
CAID2 Disorder-NOX,caid2,disorder_nox,DisoPred,DED,literal,0.5,mid_20_30,0.45904173106646057,0.2956242220397786,0.6204318841577455,0.7172834114190423,0.5881625712427514,0.5080781986115358,0.6645683267650159,0.04370944394885299,647,135
CAID2 Disorder-NOX,caid2,disorder_nox,DisoPred,DED,literal,0.5,long_gt30,0.754955261071469,0.6922797925029399,0.8147938295458802,0.7172834114190423,0.7361193362452556,0.6960259568672357,0.7702797104633623,0.4216873402899574,17658,135
CAID2 Disorder-NOX,caid2,disorder_nox,DisoPred,DED,calibrated,0.481,short_lt20,0.4491725768321513,0.30758620689655175,0.5965299277605779,0.6989398872389423,0.5740562320355468,0.5009120998679449,0.6480140193637685,0.029307894610252773,423,135
CAID2 Disorder-NOX,caid2,disorder_nox,DisoPred,DED,calibrated,0.481,mid_20_30,0.49768160741885625,0.32918191100144645,0.6575922035480859,0.6989398872389423,0.5983107473288993,0.5151575953865447,0.6762716429138742,0.047850254824900004,647,135
CAID2 Disorder-NOX,caid2,disorder_nox,DisoPred,DED,calibrated,0.481,long_gt30,0.7766451466757277,0.7166757316680308,0.8346611325289135,0.6989398872389423,0.7377925169573349,0.6979619068124003,0.7720895838629616,0.4218237497584383,17658,135
CAID2 Disorder-NOX,caid2,disorder_nox,Dispredict2,DED,literal,0.5,short_lt20,0.4066193853427896,0.27163466586664664,0.5497361214987092,0.7446597315969189,0.5756395584698543,0.5136374657930944,0.6406950509027377,0.03147626260735019,423,135
CAID2 Disorder-NOX,caid2,disorder_nox,Dispredict2,DED,literal,0.5,mid_20_30,0.3323029366306028,0.1788124062800679,0.4934897349471426,0.7446597315969189,0.5384813341137609,0.46184386982926157,0.6196535561027041,0.019724803337687974,647,135
CAID2 Disorder-NOX,caid2,disorder_nox,Dispredict2,DED,literal,0.5,long_gt30,0.3072828179861819,0.23929671364371757,0.3859354165817099,0.7446597315969189,0.5259712747915504,0.48850406190612805,0.5663926867735419,0.051362232035434364,17658,135
CAID2 Disorder-NOX,caid2,disorder_nox,Dispredict2,DED,calibrated,0.984,short_lt20,0.0,0.0,0.0,0.9992059080441515,0.4996029540220758,0.49907820888856014,0.49995000542544826,-0.0025725638699586164,423,135
CAID2 Disorder-NOX,caid2,disorder_nox,Dispredict2,DED,calibrated,0.984,mid_20_30,0.0,0.0,0.0,0.9992059080441515,0.4996029540220758,0.49907820888856014,0.49995000542544826,-0.003174620984078766,647,135
CAID2 Disorder-NOX,caid2,disorder_nox,Dispredict2,DED,calibrated,0.984,long_gt30,0.017159361196058445,0.004068955319812359,0.03908290215560748,0.9992059080441515,0.508182634620105,0.5015690446241625,0.5190938862261018,0.10129518811684426,17658,135
CAID2 Disorder-NOX,caid2,disorder_nox,Dispredict3,DED,literal,0.5,short_lt20,0.24822695035460993,0.1219459172852598,0.3887571970317362,0.9258715159215437,0.5870492331380768,0.5257881252251047,0.6568350515463595,0.059855646118845786,423,135
CAID2 Disorder-NOX,caid2,disorder_nox,Dispredict3,DED,literal,0.5,mid_20_30,0.22256568778979907,0.09953371592539455,0.37255206430398247,0.9258715159215437,0.5742186018556714,0.5139525515656747,0.6469908313527123,0.06267382552592429,647,135
CAID2 Disorder-NOX,caid2,disorder_nox,Dispredict3,DED,literal,0.5,long_gt30,0.3284063880394156,0.23859433925988208,0.4328579185511706,0.9258715159215437,0.6271389519804796,0.5830252411530942,0.676854174536763,0.32113850621989504,17658,135
CAID2 Disorder-NOX,caid2,disorder_nox,Dispredict3,DED,calibrated,0.022,short_lt20,0.7304964539007093,0.5978480125350487,0.8690234754827059,0.5674184070515366,0.648957430476123,0.5874577068076362,0.7102039340056252,0.05460846336129611,423,135
CAID2 Disorder-NOX,caid2,disorder_nox,Dispredict3,DED,calibrated,0.022,mid_20_30,0.7897990726429676,0.6543880659307802,0.8938242626583662,0.5674184070515366,0.678608739847252,0.6082730694991647,0.7345216679525619,0.08058239579963612,647,135
CAID2 Disorder-NOX,caid2,disorder_nox,Dispredict3,DED,calibrated,0.022,long_gt30,0.8638577415335825,0.8162682035301533,0.9087914174521332,0.5674184070515366,0.7156380742925595,0.6785356733415816,0.7520411536165907,0.3796462356442074,17658,135
CAID2 Disorder-NOX,caid2,disorder_nox,IDP-Fusion,DED,literal,0.5,short_lt20,0.6501182033096927,0.5329851224373576,0.7639703537353496,0.596184388152148,0.6231512957309204,0.5677845702500502,0.6785428507428214,0.045580505467532166,423,135
CAID2 Disorder-NOX,caid2,disorder_nox,IDP-Fusion,DED,literal,0.5,mid_20_30,0.6877897990726429,0.5350094646100325,0.8088151946998843,0.596184388152148,0.6419870936123955,0.5665268585011026,0.7043124781054456,0.0646695024147363,647,135
CAID2 Disorder-NOX,caid2,disorder_nox,IDP-Fusion,DED,literal,0.5,long_gt30,0.8626118473213275,0.7987756450795062,0.9183528663319255,0.596184388152148,0.7293981177367377,0.6846225182938528,0.7682299942341453,0.4026899262877298,17658,135
CAID2 Disorder-NOX,caid2,disorder_nox,IDP-Fusion,DED,calibrated,0.626,short_lt20,0.4160756501182033,0.2924091882048497,0.567485695828719,0.7080123878345113,0.5620440189763573,0.5003478955846289,0.6351170611213233,0.024775425308593287,423,135
CAID2 Disorder-NOX,caid2,disorder_nox,IDP-Fusion,DED,calibrated,0.626,mid_20_30,0.4853168469860896,0.33731117098046765,0.6221380428071619,0.7080123878345113,0.5966646174103004,0.5161491021409634,0.6699351507915765,0.04746213134880466,647,135
CAID2 Disorder-NOX,caid2,disorder_nox,IDP-Fusion,DED,calibrated,0.626,long_gt30,0.7567674708347492,0.6720056381473049,0.8334306495904302,0.7080123878345113,0.7323899293346302,0.6812795090559556,0.7781591449318745,0.41388187266378645,17658,135
CAID2 Disorder-NOX,caid2,disorder_nox,rawMSA,DED,literal,0.5,short_lt20,0.5390070921985816,0.4090636363636364,0.6822701704167221,0.6866314619232907,0.6128192770609362,0.5450734646115505,0.6825771603221346,0.044133102814908926,423,135
CAID2 Disorder-NOX,caid2,disorder_nox,rawMSA,DED,literal,0.5,mid_20_30,0.5146831530139103,0.36449486012807547,0.6671627300957416,0.6866314619232907,0.6006573074686006,0.5233591774567016,0.6771921369696641,0.04845599672598205,647,135
CAID2 Disorder-NOX,caid2,disorder_nox,rawMSA,DED,literal,0.5,long_gt30,0.763846415222562,0.688126603335575,0.8347586035653453,0.6866314619232907,0.7252389385729263,0.6827265489652153,0.765928669620098,0.3988688568385029,17658,135
CAID2 Disorder-NOX,caid2,disorder_nox,rawMSA,DED,calibrated,0.552,short_lt20,0.408983451536643,0.27114953972005484,0.5571439044826142,0.7468633367743984,0.5779233941555207,0.5095882409722485,0.6502549519695435,0.0325170228826009,423,135
CAID2 Disorder-NOX,caid2,disorder_nox,rawMSA,DED,calibrated,0.552,mid_20_30,0.3755795981452859,0.23385838468878425,0.5275007377882385,0.7468633367743984,0.5612214674598421,0.49480435862414107,0.6335630700949899,0.031446652826986464,647,135
CAID2 Disorder-NOX,caid2,disorder_nox,rawMSA,DED,calibrated,0.552,long_gt30,0.7149733831691019,0.6266395579146422,0.7966445458345485,0.7468633367743984,0.7309183599717501,0.6843132605372184,0.7756860706769805,0.4186608477495315,17658,135
CAID2 Disorder-NOX,caid2,disorder_nox,metapredict,DED,literal,0.5,short_lt20,0.48936170212765956,0.35562346833296554,0.6366736157732942,0.6339236083538474,0.5616426552407535,0.49094264248440755,0.6347390257541243,0.023243132021668646,423,135
CAID2 Disorder-NOX,caid2,disorder_nox,metapredict,DED,literal,0.5,mid_20_30,0.5765069551777434,0.41379411764705887,0.7206048882967822,0.6339236083538474,0.6052152817657954,0.5182630118350913,0.6817925072054023,0.048804305145664445,647,135
CAID2 Disorder-NOX,caid2,disorder_nox,metapredict,DED,literal,0.5,long_gt30,0.826537546721033,0.767202382549512,0.8804489827984013,0.6339236083538474,0.7302305775374403,0.6896320842378234,0.7691108394174773,0.40389474035448086,17658,135
CAID2 Disorder-NOX,caid2,disorder_nox,metapredict,DED,calibrated,0.42,short_lt20,0.5768321513002365,0.4392087035557018,0.7188291185023364,0.6128404669260701,0.5948363091131532,0.5254879836090963,0.6670027505973518,0.035359494298471836,423,135
CAID2 Disorder-NOX,caid2,disorder_nox,metapredict,DED,calibrated,0.42,mid_20_30,0.6568778979907264,0.5054429701415935,0.7895916874853202,0.6128404669260701,0.6348591824583982,0.5558014174344635,0.7052969358232583,0.06186029204562572,647,135
CAID2 Disorder-NOX,caid2,disorder_nox,metapredict,DED,calibrated,0.42,long_gt30,0.8473213274436516,0.7933433596999543,0.8966540911366789,0.6128404669260701,0.7300808971848609,0.6911324030502131,0.7669096947680142,0.40349975515786674,17658,135
CAID2 Disorder-NOX,caid2,disorder_nox,disomine,DED,literal,0.5,short_lt20,0.1702127659574468,0.05659492924528302,0.31134789335490376,0.8649448106090686,0.5175787882832577,0.456138148843747,0.5882420027789402,0.009339340194902547,423,135
CAID2 Disorder-NOX,caid2,disorder_nox,disomine,DED,literal,0.5,mid_20_30,0.3554868624420402,0.18526132523038813,0.5403530570142534,0.8649448106090686,0.6102158365255543,0.5235128356601088,0.7035575240325981,0.07154729038221351,647,135
CAID2 Disorder-NOX,caid2,disorder_nox,disomine,DED,literal,0.5,long_gt30,0.4418960244648318,0.34148419758497983,0.5441083105513314,0.8649448106090686,0.6534204175369502,0.5992964733342856,0.7031882714086376,0.32760057895134154,17658,135
CAID2 Disorder-NOX,caid2,disorder_nox,disomine,DED,calibrated,0.175,short_lt20,0.6146572104018913,0.4737980781818658,0.7652263603925067,0.568113237512904,0.5913852239573976,0.51903617807689,0.6631799485449499,0.03351706776922219,423,135
CAID2 Disorder-NOX,caid2,disorder_nox,disomine,DED,calibrated,0.175,mid_20_30,0.6908809891808346,0.5247496415033112,0.8523716814159291,0.568113237512904,0.6294971133468693,0.5493362358715684,0.7086811121520755,0.058454289818348264,647,135
CAID2 Disorder-NOX,caid2,disorder_nox,disomine,DED,calibrated,0.175,long_gt30,0.8736550005663155,0.8041163047556595,0.9311980171678225,0.568113237512904,0.7208841190396098,0.6784162984764016,0.760764661205773,0.38902719543371916,17658,135
CAID2 Disorder-NOX,caid2,disorder_nox,s2D,DED,literal,0.5,short_lt20,0.789598108747045,0.6961988604657994,0.8750194099378882,0.45590804415151276,0.6227530764492788,0.5804840249213469,0.6654476889335088,0.04481185905886079,423,135
CAID2 Disorder-NOX,caid2,disorder_nox,s2D,DED,literal,0.5,mid_20_30,0.7805255023183926,0.6671719704901269,0.8724131354635009,0.45590804415151276,0.6182167732349526,0.5607340560197615,0.6650108378818903,0.05314820162805944,647,135
CAID2 Disorder-NOX,caid2,disorder_nox,s2D,DED,literal,0.5,long_gt30,0.7861026163778457,0.7395152505729319,0.8314999048294202,0.45590804415151276,0.6210053302646792,0.5926996278907515,0.6522689301265161,0.2172155865473283,17658,135
CAID2 Disorder-NOX,caid2,disorder_nox,s2D,DED,calibrated,0.457,short_lt20,0.851063829787234,0.7828506643910764,0.9185028815290341,0.3886683077900421,0.619866068788638,0.5870396322223171,0.6550202421019664,0.04473550386237867,423,135
CAID2 Disorder-NOX,caid2,disorder_nox,s2D,DED,calibrated,0.457,mid_20_30,0.8176197836166924,0.7114510443864229,0.906264852661597,0.3886683077900421,0.6031440457033672,0.5493045603246248,0.6479677833468198,0.04741330205455521,647,135
CAID2 Disorder-NOX,caid2,disorder_nox,s2D,DED,calibrated,0.457,long_gt30,0.8489070109865217,0.8066609387439839,0.8849303247704139,0.3886683077900421,0.6187876593882818,0.5940736000815463,0.6458824538068457,0.22201577892007548,17658,135
CAID3 Disorder-PDB,caid3,disorder_pdb,AlphaFold-pLDDT,AF,literal,0.5,short_lt20,0.3313053097345133,0.26475122862099704,0.39727788442737494,0.9872238976281685,0.6592646036813409,0.625817448034388,0.6917001621139897,0.3845414908330218,1808,261
CAID3 Disorder-PDB,caid3,disorder_pdb,AlphaFold-pLDDT,AF,literal,0.5,mid_20_30,0.40714285714285714,0.31551474637217536,0.49186763886841284,0.9872238976281685,0.6971833773855128,0.6515172682831741,0.7395316089510757,0.4357627408465199,1540,261
CAID3 Disorder-PDB,caid3,disorder_pdb,AlphaFold-pLDDT,AF,literal,0.5,long_gt30,0.5833069536773241,0.5245489530749813,0.6367181176231377,0.9872238976281685,0.7852654256527463,0.7558497212971933,0.812038843947692,0.6781902833214235,18954,261
CAID3 Disorder-PDB,caid3,disorder_pdb,AlphaFold-pLDDT,AF,calibrated,0.282,short_lt20,0.6277654867256637,0.5548199177590791,0.6988556975160516,0.9515649197163583,0.789665203221011,0.7537138196080801,0.8255398139006284,0.42307951838571384,1808,261
CAID3 Disorder-PDB,caid3,disorder_pdb,AlphaFold-pLDDT,AF,calibrated,0.282,mid_20_30,0.6824675324675324,0.5849928233069988,0.7760403650287786,0.9515649197163583,0.8170162260919454,0.7677542864833224,0.8647447410639486,0.43338136647791065,1540,261
CAID3 Disorder-PDB,caid3,disorder_pdb,AlphaFold-pLDDT,AF,calibrated,0.282,long_gt30,0.8156062044950934,0.7694885255688961,0.8567586047937554,0.9515649197163583,0.8835855621057258,0.8606401763509545,0.9051581968572957,0.7819925758924772,18954,261
CAID3 Disorder-PDB,caid3,disorder_pdb,AlphaFold-rsa,AF,literal,0.5,short_lt20,0.5796460176991151,0.5024558694234096,0.6582910496538786,0.919797864536637,0.749721941117876,0.7130340630141228,0.7891171820214576,0.3110463648151485,1808,261
CAID3 Disorder-PDB,caid3,disorder_pdb,AlphaFold-rsa,AF,literal,0.5,mid_20_30,0.762987012987013,0.6753084415584416,0.8458234496780752,0.919797864536637,0.841392438761825,0.7970476592269431,0.8814168208321316,0.3892210618917981,1540,261
CAID3 Disorder-PDB,caid3,disorder_pdb,AlphaFold-rsa,AF,literal,0.5,long_gt30,0.8954838028912103,0.8493957029471855,0.9321668326379241,0.919797864536637,0.9076408337139237,0.8847210879250794,0.9275166857329369,0.792170769651311,18954,261
CAID3 Disorder-PDB,caid3,disorder_pdb,AlphaFold-rsa,AF,calibrated,0.546,short_lt20,0.5,0.42434743522938223,0.5765991340365438,0.9480601516015975,0.7240300758007987,0.6867680904849606,0.7635394923418104,0.32979243078278475,1808,261
CAID3 Disorder-PDB,caid3,disorder_pdb,AlphaFold-rsa,AF,calibrated,0.546,mid_20_30,0.6844155844155844,0.5843644283150421,0.7723032250048556,0.9480601516015975,0.8162378680085909,0.7647874588383716,0.8582528983946475,0.42247177043534573,1540,261
CAID3 Disorder-PDB,caid3,disorder_pdb,AlphaFold-rsa,AF,calibrated,0.546,long_gt30,0.8654637543526432,0.8197982684387587,0.9052411754814652,0.9480601516015975,0.9067619529771204,0.8834547444641425,0.9266775272974213,0.8135370787834115,18954,261
CAID3 Disorder-PDB,caid3,disorder_pdb,AlphaFold3-pLDDT,AF,literal,0.5,short_lt20,0.2809734513274336,0.2197453609611767,0.34473179697999834,0.9867552367756134,0.6338643440515235,0.6036002269813149,0.6661796150876796,0.3323400335444151,1808,261
CAID3 Disorder-PDB,caid3,disorder_pdb,AlphaFold3-pLDDT,AF,literal,0.5,mid_20_30,0.39285714285714285,0.2988228019063321,0.47837469703473423,0.9867552367756134,0.6898061898163781,0.6420348999080167,0.7318941656282182,0.419296723337074,1540,261
CAID3 Disorder-PDB,caid3,disorder_pdb,AlphaFold3-pLDDT,AF,literal,0.5,long_gt30,0.5397277619499842,0.47519168783751164,0.6083246527611215,0.9867552367756134,0.7632414993627987,0.7300677803002847,0.7978166462105751,0.6439420760821593,18954,261
CAID3 Disorder-PDB,caid3,disorder_pdb,AlphaFold3-pLDDT,AF,calibrated,0.202,short_lt20,0.7389380530973452,0.6739397864235189,0.796890224034491,0.9184937647730052,0.8287159089351752,0.7964524819186566,0.8574351169913492,0.3972299123182973,1808,261
CAID3 Disorder-PDB,caid3,disorder_pdb,AlphaFold3-pLDDT,AF,calibrated,0.202,mid_20_30,0.7584415584415585,0.6532094470046083,0.8458205488901688,0.9184937647730052,0.8384676616072818,0.7857676608360729,0.8839736930443111,0.3839931484165139,1540,261
CAID3 Disorder-PDB,caid3,disorder_pdb,AlphaFold3-pLDDT,AF,calibrated,0.202,long_gt30,0.8351271499419648,0.7947005733816838,0.8723318144131669,0.9184937647730052,0.876810457357485,0.8546722618417334,0.896152526613086,0.7434632897493434,18954,261
CAID3 Disorder-PDB,caid3,disorder_pdb,AlphaFold3-rsa,AF,literal,0.5,short_lt20,0.577433628318584,0.4986700420264065,0.6569065599964089,0.9189216725079469,0.7481776504132654,0.7095091406702659,0.7874183757800861,0.30805134336411893,1808,261
CAID3 Disorder-PDB,caid3,disorder_pdb,AlphaFold3-rsa,AF,literal,0.5,mid_20_30,0.759090909090909,0.6668424600512204,0.8414878130184977,0.9189216725079469,0.839006290799428,0.7936114715761939,0.8789937686924936,0.3852658346384214,1540,261
CAID3 Disorder-PDB,caid3,disorder_pdb,AlphaFold3-rsa,AF,literal,0.5,long_gt30,0.8918434103619289,0.8468854768694134,0.9270776942220104,0.9189216725079469,0.9053825414349379,0.8836635645855146,0.9245974954618739,0.7880550887621817,18954,261
CAID3 Disorder-PDB,caid3,disorder_pdb,AlphaFold3-rsa,AF,calibrated,0.529,short_lt20,0.5182522123893806,0.43970209186047904,0.5949130535555406,0.9358138397587416,0.7270330260740611,0.6876647692015596,0.7657546468296013,0.30927263901260704,1808,261
CAID3 Disorder-PDB,caid3,disorder_pdb,AlphaFold3-rsa,AF,calibrated,0.529,mid_20_30,0.7136363636363636,0.6193076682176091,0.8016739953850842,0.9358138397587416,0.8247251016975525,0.7776691344815837,0.8683219061214115,0.40224710969054234,1540,261
CAID3 Disorder-PDB,caid3,disorder_pdb,AlphaFold3-rsa,AF,calibrated,0.529,long_gt30,0.8681544792655904,0.821897725341273,0.9065919220575694,0.9358138397587416,0.901984159512166,0.8793765161236407,0.92202403670525,0.7958032609411991,18954,261
CAID3 Disorder-PDB,caid3,disorder_pdb,AIUPred,DED,literal,0.5,short_lt20,0.5503318584070797,0.47304127854656847,0.6405413140866102,0.8037126090145896,0.6770222337108347,0.6390866065024757,0.7205859478748771,0.16123173281527725,1808,261
CAID3 Disorder-PDB,caid3,disorder_pdb,AIUPred,DED,literal,0.5,mid_20_30,0.7668831168831168,0.6702748954470134,0.8503745373127978,0.8037126090145896,0.7852978629488532,0.7380797136969922,0.8276186995676027,0.23909903494701515,1540,261
CAID3 Disorder-PDB,caid3,disorder_pdb,AIUPred,DED,literal,0.5,long_gt30,0.8424606943125461,0.801469194673994,0.8834803871788223,0.8037126090145896,0.8230866516635679,0.7989488720616463,0.8472107073930562,0.5979627979517494,18954,261
CAID3 Disorder-PDB,caid3,disorder_pdb,AIUPred,DED,calibrated,0.717,short_lt20,0.2948008849557522,0.22301282051282054,0.37059777479652467,0.9581057950933246,0.6264533400245385,0.591018661068421,0.6635190826432024,0.21304776478200443,1808,261
CAID3 Disorder-PDB,caid3,disorder_pdb,AIUPred,DED,calibrated,0.717,mid_20_30,0.4753246753246753,0.36941908978527854,0.5799184097264104,0.9581057950933246,0.7167152352089999,0.665664921165686,0.7680973921849953,0.3263073704706641,1540,261
CAID3 Disorder-PDB,caid3,disorder_pdb,AIUPred,DED,calibrated,0.717,long_gt30,0.6731033027329324,0.614700297695508,0.7289794331192546,0.9581057950933246,0.8156045489131285,0.7867257888609848,0.8425353734598258,0.685647636026373,18954,261
CAID3 Disorder-PDB,caid3,disorder_pdb,AIUPred-2-disorder,DED,literal,0.5,short_lt20,0.49668141592920356,0.41269345238095234,0.5779303783984762,0.9019479990219251,0.6993147074755643,0.6591349816315655,0.7397952931136896,0.23379800785668897,1808,261
CAID3 Disorder-PDB,caid3,disorder_pdb,AIUPred-2-disorder,DED,literal,0.5,mid_20_30,0.6616883116883117,0.5618500318405993,0.750850217546594,0.9019479990219251,0.7818181553551184,0.7341851234681228,0.8252634312834389,0.30321877780567336,1540,261
CAID3 Disorder-PDB,caid3,disorder_pdb,AIUPred-2-disorder,DED,literal,0.5,long_gt30,0.8455207344096233,0.7971945931212685,0.8894540956415387,0.9019479990219251,0.8737343667157742,0.8487359889588275,0.8963789577944483,0.7269689125557327,18954,261
CAID3 Disorder-PDB,caid3,disorder_pdb,AIUPred-2-disorder,DED,calibrated,0.56,short_lt20,0.3711283185840708,0.29027497508719485,0.45361898920745103,0.9484676827777325,0.6597980006809017,0.6195837183598173,0.6996360908410477,0.24371025277649527,1808,261
CAID3 Disorder-PDB,caid3,disorder_pdb,AIUPred-2-disorder,DED,calibrated,0.56,mid_20_30,0.5506493506493506,0.4430663292973523,0.6473451166512102,0.9484676827777325,0.7495585167135416,0.6943657592303514,0.7959632133683986,0.34354327589041883,1540,261
CAID3 Disorder-PDB,caid3,disorder_pdb,AIUPred-2-disorder,DED,calibrated,0.56,long_gt30,0.7939748865674792,0.7414119690263244,0.8434512880512943,0.9484676827777325,0.8712212846726058,0.8446718548989651,0.8960725723312766,0.7603682225539042,18954,261
CAID3 Disorder-PDB,caid3,disorder_pdb,IUPred3,DED,literal,0.5,short_lt20,0.30420353982300885,0.23584628665905089,0.3778063842682481,0.9358342163175483,0.6200188780702786,0.5868209954448023,0.6558284989343255,0.17114696614201336,1808,261
CAID3 Disorder-PDB,caid3,disorder_pdb,IUPred3,DED,literal,0.5,mid_20_30,0.44285714285714284,0.34244452039188883,0.5388907842994205,0.9358342163175483,0.6893456795873456,0.6410084701402952,0.7360237816923035,0.24590702861267869,1540,261
CAID3 Disorder-PDB,caid3,disorder_pdb,IUPred3,DED,literal,0.5,long_gt30,0.6643452569378495,0.6091590837553085,0.7160673692036946,0.9358342163175483,0.8000897366276989,0.771822856168184,0.8261603601581919,0.6380354767127602,18954,261
CAID3 Disorder-PDB,caid3,disorder_pdb,IUPred3,DED,calibrated,0.484,short_lt20,0.32798672566371684,0.25785052365662364,0.40088984200469885,0.9246882386502567,0.6263374821569868,0.5917847015224484,0.6619351563076309,0.168363646698357,1808,261
CAID3 Disorder-PDB,caid3,disorder_pdb,IUPred3,DED,calibrated,0.484,mid_20_30,0.4681818181818182,0.36607655213002793,0.5628376624109632,0.9246882386502567,0.6964350284160374,0.6486924449821533,0.7429841052323648,0.23909135967774087,1540,261
CAID3 Disorder-PDB,caid3,disorder_pdb,IUPred3,DED,calibrated,0.484,long_gt30,0.6885617811543737,0.6333113483936752,0.7392056915915253,0.9246882386502567,0.8066250099023152,0.7785896997963585,0.8327047248800747,0.6382155276463607,18954,261
CAID3 Disorder-PDB,caid3,disorder_pdb,ESpritz-D,DED,literal,0.5,short_lt20,0.11836283185840708,0.0715627800930647,0.17283178759423865,0.9735919797864536,0.5459774058224304,0.524732700816701,0.5714018125406952,0.10031609570525223,1808,261
CAID3 Disorder-PDB,caid3,disorder_pdb,ESpritz-D,DED,literal,0.5,mid_20_30,0.2331168831168831,0.14763770089371334,0.33119981630705425,0.9735919797864536,0.6033544314516683,0.5626400374352323,0.6526058135925373,0.19963188082907848,1540,261
CAID3 Disorder-PDB,caid3,disorder_pdb,ESpritz-D,DED,literal,0.5,long_gt30,0.3929513559143189,0.3142646187886527,0.4652645956807874,0.9735919797864536,0.6832716678503863,0.6447943231457932,0.7194238781838638,0.49099740354695026,18954,261
CAID3 Disorder-PDB,caid3,disorder_pdb,ESpritz-D,DED,calibrated,0.342,short_lt20,0.3163716814159292,0.2446251192599221,0.3990745624190657,0.9078979541934958,0.6121348178047126,0.5792539531295875,0.6492169548456448,0.13834557280631163,1808,261
CAID3 Disorder-PDB,caid3,disorder_pdb,ESpritz-D,DED,calibrated,0.342,mid_20_30,0.55,0.4341312224529036,0.667473401449556,0.9078979541934958,0.7289489770967479,0.6710454495375331,0.7859753732765806,0.2554426152840734,1540,261
CAID3 Disorder-PDB,caid3,disorder_pdb,ESpritz-D,DED,calibrated,0.342,long_gt30,0.6454046639231824,0.5695009910369031,0.7172501006332856,0.9078979541934958,0.7766513090583391,0.7380531413128837,0.8123930035287289,0.5757582156458402,18954,261
CAID3 Disorder-PDB,caid3,disorder_pdb,ESpritz-N,DED,literal,0.5,short_lt20,0.3860619469026549,0.3195877430648875,0.45385873854927866,0.9558032439481621,0.6709325954254085,0.6394260933616346,0.7055217070225663,0.2744588989444733,1808,261
CAID3 Disorder-PDB,caid3,disorder_pdb,ESpritz-N,DED,literal,0.5,mid_20_30,0.38571428571428573,0.2958284873174057,0.47958215996973774,0.9558032439481621,0.6707587648312239,0.6261044238836748,0.7174519497183398,0.2582039681583661,1540,261
CAID3 Disorder-PDB,caid3,disorder_pdb,ESpritz-N,DED,literal,0.5,long_gt30,0.5585628363406141,0.5071085693105645,0.6064188768609373,0.9558032439481621,0.7571830401443881,0.7304296642454867,0.7819122369402748,0.5907988429528371,18954,261
CAID3 Disorder-PDB,caid3,disorder_pdb,ESpritz-N,DED,calibrated,0.361,short_lt20,0.5204646017699115,0.45008129522730944,0.5917372508093901,0.9066142309886707,0.7135394163792911,0.6795108372810974,0.7486837469054839,0.2541431925068482,1808,261
CAID3 Disorder-PDB,caid3,disorder_pdb,ESpritz-N,DED,calibrated,0.361,mid_20_30,0.5337662337662338,0.44956873844420403,0.6231563890654799,0.9066142309886707,0.7201902323774523,0.6777480746009475,0.7632106261526014,0.2449080605381673,1540,261
CAID3 Disorder-PDB,caid3,disorder_pdb,ESpritz-N,DED,calibrated,0.361,long_gt30,0.6735253772290809,0.6231622774992668,0.7224882611535938,0.9066142309886707,0.7900698041088758,0.7639126300887205,0.8151244736514827,0.5967023154893409,18954,261
CAID3 Disorder-PDB,caid3,disorder_pdb,ESpritz-X,DED,literal,0.5,short_lt20,0.16261061946902655,0.10806020583190394,0.222900485479346,0.9921550248594018,0.5773828221642141,0.551143091865627,0.6068521434335107,0.24968932726880977,1808,261
CAID3 Disorder-PDB,caid3,disorder_pdb,ESpritz-X,DED,literal,0.5,mid_20_30,0.21103896103896103,0.1432922466727793,0.28671883769644,0.9921550248594018,0.6015969929491813,0.5684541414846606,0.6394486453392416,0.2967564953247682,1540,261
CAID3 Disorder-PDB,caid3,disorder_pdb,ESpritz-X,DED,literal,0.5,long_gt30,0.2645351904611164,0.21714053132701905,0.3102566550296562,0.9921550248594018,0.6283451076602591,0.6046645429075671,0.6513188770962186,0.42573856757439893,18954,261
CAID3 Disorder-PDB,caid3,disorder_pdb,ESpritz-X,DED,calibrated,0.082,short_lt20,0.49668141592920356,0.4198783137033384,0.5808256676698276,0.9150705028934714,0.7058759594113375,0.6681229006457199,0.7462555859708687,0.254576767089531,1808,261
CAID3 Disorder-PDB,caid3,disorder_pdb,ESpritz-X,DED,calibrated,0.082,mid_20_30,0.6220779220779221,0.5233027587563533,0.723711975498205,0.9150705028934714,0.7685742124856967,0.718193093978738,0.8183709064866056,0.3058031654541724,1540,261
CAID3 Disorder-PDB,caid3,disorder_pdb,ESpritz-X,DED,calibrated,0.082,long_gt30,0.6715205233723752,0.6215412291784066,0.7239223629261056,0.9150705028934714,0.7932955131329233,0.7689156498960126,0.8182466345586371,0.6086583689501591,18954,261
CAID3 Disorder-PDB,caid3,disorder_pdb,MobiDB-lite,DED,literal,0.5,short_lt20,0.3805309734513274,0.3143661707114661,0.4548298886413694,0.9604694759149075,0.6705002246831174,0.6369948180934034,0.7070736211199095,0.28523341584046047,1808,261
CAID3 Disorder-PDB,caid3,disorder_pdb,MobiDB-lite,DED,literal,0.5,mid_20_30,0.4772727272727273,0.38475287918653256,0.5707564883983824,0.9604694759149075,0.7188711015938174,0.6722447428956463,0.7652928522307089,0.33604537393018963,1540,261
CAID3 Disorder-PDB,caid3,disorder_pdb,MobiDB-lite,DED,literal,0.5,long_gt30,0.5910098132320355,0.5363123777733352,0.6454583166107045,0.9604694759149075,0.7757396445734714,0.7484014046204167,0.8022708833049486,0.626245747130848,18954,261
CAID3 Disorder-PDB,caid3,disorder_pdb,MobiDB-lite,DED,calibrated,0.429,short_lt20,0.3805309734513274,0.3143661707114661,0.4548298886413694,0.9604694759149075,0.6705002246831174,0.6369948180934034,0.7070736211199095,0.28523341584046047,1808,261
CAID3 Disorder-PDB,caid3,disorder_pdb,MobiDB-lite,DED,calibrated,0.429,mid_20_30,0.4772727272727273,0.38475287918653256,0.5707564883983824,0.9604694759149075,0.7188711015938174,0.6722447428956463,0.7652928522307089,0.33604537393018963,1540,261
CAID3 Disorder-PDB,caid3,disorder_pdb,MobiDB-lite,DED,calibrated,0.429,long_gt30,0.5910098132320355,0.5363123777733352,0.6454583166107045,0.9604694759149075,0.7757396445734714,0.7484014046204167,0.8022708833049486,0.626245747130848,18954,261
CAID3 Disorder-PDB,caid3,disorder_pdb,flDPnn,DED,literal,0.5,short_lt20,0.18971238938053098,0.13414258857367847,0.2516927841915655,0.9837598826310213,0.5867361360057761,0.5599429075071904,0.6160154563510464,0.21699067986945503,1808,261
CAID3 Disorder-PDB,caid3,disorder_pdb,flDPnn,DED,literal,0.5,mid_20_30,0.3025974025974026,0.20820566968990448,0.4070071350975077,0.9837598826310213,0.643178642614212,0.5975953168491841,0.693398639877697,0.3153150658660306,1540,261
CAID3 Disorder-PDB,caid3,disorder_pdb,flDPnn,DED,literal,0.5,long_gt30,0.352326685660019,0.2929544791774039,0.4190575528031209,0.9837598826310213,0.6680432841455202,0.6379258644538718,0.7023505966646979,0.4817875471654238,18954,261
CAID3 Disorder-PDB,caid3,disorder_pdb,flDPnn,DED,calibrated,0.209,short_lt20,0.5868362831858407,0.507659272780107,0.6649746907440436,0.9026815551389681,0.7447589191624044,0.7055020769572787,0.7831782523320517,0.2843639452189559,1808,261
CAID3 Disorder-PDB,caid3,disorder_pdb,flDPnn,DED,calibrated,0.209,mid_20_30,0.6571428571428571,0.5523331809904743,0.7494938521646902,0.9026815551389681,0.7799122061409126,0.727297154672623,0.8255868836133649,0.3021397247952059,1540,261
CAID3 Disorder-PDB,caid3,disorder_pdb,flDPnn,DED,calibrated,0.209,long_gt30,0.7307692307692307,0.677020421547926,0.7850550791053578,0.9026815551389681,0.8167253929540994,0.7909988083715305,0.8435840142961676,0.6368685132478237,18954,261
CAID3 Disorder-PDB,caid3,disorder_pdb,flDPnn2,DED,literal,0.5,short_lt20,0.20741150442477876,0.14711006201170165,0.2748671297650582,0.983372728013693,0.5953921162192359,0.5668488415952162,0.6278232066047245,0.23359996978163225,1808,261
CAID3 Disorder-PDB,caid3,disorder_pdb,flDPnn2,DED,literal,0.5,mid_20_30,0.4116883116883117,0.31402378384053903,0.5107928521859819,0.983372728013693,0.6975305198510023,0.6488426730563888,0.7468633705020731,0.40676418051477675,1540,261
CAID3 Disorder-PDB,caid3,disorder_pdb,flDPnn2,DED,literal,0.5,long_gt30,0.3765432098765432,0.31167172007430227,0.45204388733343115,0.983372728013693,0.6799579689451181,0.6482422363261657,0.7182821259134399,0.5021881789572414,18954,261
CAID3 Disorder-PDB,caid3,disorder_pdb,flDPnn2,DED,calibrated,0.24,short_lt20,0.5547566371681416,0.47497753364949946,0.6359555332742204,0.8968334827614313,0.7257950599647864,0.6865625957219422,0.76390722278904,0.2579887596457706,1808,261
CAID3 Disorder-PDB,caid3,disorder_pdb,flDPnn2,DED,calibrated,0.24,mid_20_30,0.698051948051948,0.5944787082907167,0.7886202064540193,0.8968334827614313,0.7974427154066897,0.7465453520979389,0.8417514620351843,0.3129984629662674,1540,261
CAID3 Disorder-PDB,caid3,disorder_pdb,flDPnn2,DED,calibrated,0.24,long_gt30,0.7549329956737364,0.7014534560501002,0.8096198237566887,0.8968334827614313,0.8258832392175839,0.799269934535736,0.8524739267456413,0.6474596079510598,18954,261
CAID3 Disorder-PDB,caid3,disorder_pdb,flDPnn3a,DED,literal,0.5,short_lt20,0.6139380530973452,0.530684789259072,0.6930308293530177,0.9114434754258701,0.7626907642616076,0.7231994466143985,0.8013510418021557,0.31434720433740404,1808,261
CAID3 Disorder-PDB,caid3,disorder_pdb,flDPnn3a,DED,literal,0.5,mid_20_30,0.7636363636363637,0.6792429495299687,0.8474143199252752,0.9114434754258701,0.8375399195311168,0.7978845001408988,0.8776788495682463,0.3719139736538732,1540,261
CAID3 Disorder-PDB,caid3,disorder_pdb,flDPnn3a,DED,literal,0.5,long_gt30,0.7608420386198164,0.694160477096374,0.82545079436581,0.9114434754258701,0.8361427570228432,0.8044909778092537,0.8679037793250886,0.674343096150961,18954,261
CAID3 Disorder-PDB,caid3,disorder_pdb,flDPnn3a,DED,calibrated,0.452,short_lt20,0.6852876106194691,0.605231257068371,0.7643626517645473,0.8740932431330997,0.7796904268762843,0.7435030735584706,0.816086429323191,0.2934425831605591,1808,261
CAID3 Disorder-PDB,caid3,disorder_pdb,flDPnn3a,DED,calibrated,0.452,mid_20_30,0.8409090909090909,0.7677415183118264,0.911376975464373,0.8740932431330997,0.8575011670210952,0.8200159289705808,0.8927291273809524,0.3461590695321883,1540,261
CAID3 Disorder-PDB,caid3,disorder_pdb,flDPnn3a,DED,calibrated,0.452,long_gt30,0.8490556083148676,0.7986967982047657,0.8958804465035005,0.8740932431330997,0.8615744257239837,0.8371291057597003,0.8847542359499566,0.6908751817717689,18954,261
CAID3 Disorder-PDB,caid3,disorder_pdb,flDPnn3b,DED,literal,0.5,short_lt20,0.10730088495575221,0.06440880830137995,0.15746799955708338,0.9907082891841226,0.5490045870699374,0.5278731233687833,0.5746424417617987,0.16156413608968354,1808,261
CAID3 Disorder-PDB,caid3,disorder_pdb,flDPnn3b,DED,literal,0.5,mid_20_30,0.22987012987012986,0.1575999135743148,0.3135807734107386,0.9907082891841226,0.6102892095271262,0.5737627470861097,0.6521148701429936,0.30190799740748286,1540,261
CAID3 Disorder-PDB,caid3,disorder_pdb,flDPnn3b,DED,literal,0.5,long_gt30,0.2989870212092434,0.2173285314707867,0.3836179596401652,0.9907082891841226,0.644847655196683,0.6042916336325972,0.6869094108626936,0.45381042970374813,18954,261
CAID3 Disorder-PDB,caid3,disorder_pdb,flDPnn3b,DED,calibrated,0.242,short_lt20,0.599004424778761,0.5167406091267776,0.6785575927674463,0.8976281685548945,0.7483162966668278,0.7093433098598317,0.7854880614044507,0.28289648655856214,1808,261
CAID3 Disorder-PDB,caid3,disorder_pdb,flDPnn3b,DED,calibrated,0.242,mid_20_30,0.7597402597402597,0.6567766595855588,0.8464339863345947,0.8976281685548945,0.8286842141475771,0.7793762262688927,0.8696128978440267,0.344523719403987,1540,261
CAID3 Disorder-PDB,caid3,disorder_pdb,flDPnn3b,DED,calibrated,0.242,long_gt30,0.7519784742006964,0.6741403629814945,0.8225903636990719,0.8976281685548945,0.8248033213777954,0.7843187873783294,0.8581957236050516,0.6462716097748786,18954,261
CAID3 Disorder-PDB,caid3,disorder_pdb,DISOPRED3-diso,DED,literal,0.5,short_lt20,0.39103982300884954,0.32159598159319025,0.4603914610340071,0.9665009373217051,0.6787703801652774,0.6442440986044861,0.7140193608689234,0.3152931010578082,1808,261
CAID3 Disorder-PDB,caid3,disorder_pdb,DISOPRED3-diso,DED,literal,0.5,mid_20_30,0.4811688311688312,0.38156537791082606,0.5724350333498277,0.9665009373217051,0.7238348842452681,0.6749625965919442,0.7696128716356281,0.36286525147170223,1540,261
CAID3 Disorder-PDB,caid3,disorder_pdb,DISOPRED3-diso,DED,literal,0.5,long_gt30,0.6792233829270866,0.6243171847191037,0.7289697651374304,0.9665009373217051,0.8228621601243958,0.7958165391519864,0.8480791534801625,0.7065667125631416,18954,261
CAID3 Disorder-PDB,caid3,disorder_pdb,DISOPRED3-diso,DED,calibrated,0.32,short_lt20,0.5182522123893806,0.444098150155979,0.5869258944583566,0.9379330018746435,0.728092607132012,0.6907623129328484,0.7634417009784471,0.31439728890340024,1808,261
CAID3 Disorder-PDB,caid3,disorder_pdb,DISOPRED3-diso,DED,calibrated,0.32,mid_20_30,0.6032467532467533,0.49814553010419155,0.6936143211778805,0.9379330018746435,0.7705898775606983,0.7189996283457579,0.8144705625219494,0.3455285900319344,1540,261
CAID3 Disorder-PDB,caid3,disorder_pdb,DISOPRED3-diso,DED,calibrated,0.32,long_gt30,0.7606837606837606,0.7089543605574852,0.8068685305028186,0.9379330018746435,0.849308381279202,0.8231572196288977,0.874105510140043,0.7170061113819848,18954,261
CAID3 Disorder-PDB,caid3,disorder_pdb,SETH-0,DED,literal,0.5,short_lt20,0.4004424778761062,0.3337238811964285,0.4686529270233573,0.9815388377210856,0.6909906577985959,0.6584147556395892,0.7243538322255688,0.40157008903294267,1808,261
CAID3 Disorder-PDB,caid3,disorder_pdb,SETH-0,DED,literal,0.5,mid_20_30,0.4993506493506494,0.40181378493733794,0.5934684834754798,0.9815388377210856,0.7404447435358675,0.6904081772787664,0.787448230611812,0.4617388288164276,1540,261
CAID3 Disorder-PDB,caid3,disorder_pdb,SETH-0,DED,literal,0.5,long_gt30,0.7069747810488551,0.6629059341708986,0.7517339272429842,0.9815388377210856,0.8442568093849704,0.822139448129584,0.8669987128625446,0.7574505259274139,18954,261
CAID3 Disorder-PDB,caid3,disorder_pdb,SETH-0,DED,calibrated,0.396,short_lt20,0.6012168141592921,0.527754696608542,0.6670768356943217,0.9506275980112479,0.77592220608527,0.7407697446308148,0.8093883312094198,0.40311304760035277,1808,261
CAID3 Disorder-PDB,caid3,disorder_pdb,SETH-0,DED,calibrated,0.396,mid_20_30,0.6688311688311688,0.5753313314037627,0.7488256964430284,0.9506275980112479,0.8097293834212083,0.7625980233563577,0.8497923324704117,0.42199600793404135,1540,261
CAID3 Disorder-PDB,caid3,disorder_pdb,SETH-0,DED,calibrated,0.396,long_gt30,0.8236783792339348,0.7784633035862315,0.8638034320763516,0.9506275980112479,0.8871529886225913,0.8645929494140553,0.9085901673357665,0.7864593303565592,18954,261
CAID3 Disorder-PDB,caid3,disorder_pdb,SETH-1,DED,literal,0.5,short_lt20,0.5398230088495575,0.47584485207510563,0.6086821349700289,0.9661137827043769,0.7529683957769672,0.7199201247079644,0.7874098937432318,0.42236138349370245,1808,261
CAID3 Disorder-PDB,caid3,disorder_pdb,SETH-1,DED,literal,0.5,mid_20_30,0.5584415584415584,0.4667576393748542,0.6449341561039192,0.9661137827043769,0.7622776705729677,0.7158588779147552,0.8058192271110153,0.41398698996434374,1540,261
CAID3 Disorder-PDB,caid3,disorder_pdb,SETH-1,DED,literal,0.5,long_gt30,0.7230663712145193,0.6795279545620778,0.7699546724803259,0.9661137827043769,0.8445900769594481,0.8215801916597573,0.8690155737566344,0.7388570633680975,18954,261
CAID3 Disorder-PDB,caid3,disorder_pdb,SETH-1,DED,calibrated,0.439,short_lt20,0.6255530973451328,0.5619046386186568,0.6902713117964882,0.9462058847501834,0.7858794910476581,0.754096150245655,0.8176168220946719,0.40406212351045107,1808,261
CAID3 Disorder-PDB,caid3,disorder_pdb,SETH-1,DED,calibrated,0.439,mid_20_30,0.6324675324675325,0.5451821586353164,0.7132719900187149,0.9462058847501834,0.789336708608858,0.7465061360575906,0.8297769164376164,0.3859901557020637,1540,261
CAID3 Disorder-PDB,caid3,disorder_pdb,SETH-1,DED,calibrated,0.439,long_gt30,0.7771974253455735,0.7332683703045766,0.8217234860117896,0.9462058847501834,0.8617016550478784,0.8381676115571876,0.8850594463179783,0.7437462554915643,18954,261
CAID3 Disorder-PDB,caid3,disorder_pdb,VSL2,DED,literal,0.5,short_lt20,0.6875,0.6272855519929446,0.7464055277785592,0.777650990300758,0.732575495150379,0.7014825428460423,0.7638219174655416,0.20194454137595405,1808,261
CAID3 Disorder-PDB,caid3,disorder_pdb,VSL2,DED,literal,0.5,mid_20_30,0.7701298701298701,0.6808727193554817,0.8476373675202175,0.777650990300758,0.773890430215314,0.7260903848345471,0.8139874758386301,0.220603875978285,1540,261
CAID3 Disorder-PDB,caid3,disorder_pdb,VSL2,DED,literal,0.5,long_gt30,0.8446765854173262,0.8087197416917613,0.8764300814242483,0.777650990300758,0.8111637878590421,0.7912898605581689,0.8304480949493245,0.5705414853397068,18954,261
CAID3 Disorder-PDB,caid3,disorder_pdb,VSL2,DED,calibrated,0.698,short_lt20,0.35508849557522126,0.28605547448614044,0.42440363690475297,0.9414581465482109,0.6482733210617161,0.6126908564860051,0.6819616148632597,0.2164796264263318,1808,261
CAID3 Disorder-PDB,caid3,disorder_pdb,VSL2,DED,calibrated,0.698,mid_20_30,0.487012987012987,0.387693195570877,0.5922146403001458,0.9414581465482109,0.714235566780599,0.6664740818951088,0.7654096382541768,0.28547347083619723,1540,261
CAID3 Disorder-PDB,caid3,disorder_pdb,VSL2,DED,calibrated,0.698,long_gt30,0.6802785691674581,0.6296605416762527,0.7275916019753733,0.9414581465482109,0.8108683578578345,0.7856689710370162,0.8351179433917153,0.6605714967412007,18954,261
CAID3 Disorder-PDB,caid3,disorder_pdb,SPOT-Disorder,DED,literal,0.5,short_lt20,0.47345132743362833,0.3977581451696051,0.5509446540184433,0.9664601842040916,0.71995575581886,0.68247325734978,0.7569564521610278,0.37662882686366694,1808,261
CAID3 Disorder-PDB,caid3,disorder_pdb,SPOT-Disorder,DED,literal,0.5,mid_20_30,0.5597402597402598,0.45785763584397027,0.6560621367035997,0.9664601842040916,0.7631002219721756,0.7129650604737628,0.8124477420048457,0.41646041948949186,1540,261
CAID3 Disorder-PDB,caid3,disorder_pdb,SPOT-Disorder,DED,literal,0.5,long_gt30,0.7470718581829693,0.6853943862128148,0.8093115813692515,0.9664601842040916,0.8567660211935304,0.8258610286790244,0.8879043480710248,0.7574473360317876,18954,261
CAID3 Disorder-PDB,caid3,disorder_pdb,SPOT-Disorder,DED,calibrated,0.432,short_lt20,0.5204646017699115,0.44227592277283917,0.5965923541972689,0.957270356182248,0.7388674789760797,0.700888869780655,0.7757003718042775,0.3732536908868429,1808,261
CAID3 Disorder-PDB,caid3,disorder_pdb,SPOT-Disorder,DED,calibrated,0.432,mid_20_30,0.6019480519480519,0.4967262181111766,0.7023717822233015,0.957270356182248,0.7796092040651499,0.7281888181084503,0.8295745235316709,0.40524580407365557,1540,261
CAID3 Disorder-PDB,caid3,disorder_pdb,SPOT-Disorder,DED,calibrated,0.432,long_gt30,0.7717632162076606,0.7098790793399787,0.831362182381878,0.957270356182248,0.8645167861949543,0.8339873547069493,0.894637281497793,0.7590486918200745,18954,261
CAID3 Disorder-PDB,caid3,disorder_pdb,SPOT-Disorder2,DED,literal,0.5,short_lt20,0.4717920353982301,0.39860707859392625,0.5435606429645913,0.9728788002282175,0.7223354178132237,0.6857337947207466,0.759473236333159,0.40614549549744366,1808,261
CAID3 Disorder-PDB,caid3,disorder_pdb,SPOT-Disorder2,DED,literal,0.5,mid_20_30,0.5909090909090909,0.49529393163204,0.6761207362238923,0.9728788002282175,0.7818939455686542,0.7343150416216604,0.8240817569999542,0.4707380088670725,1540,261
CAID3 Disorder-PDB,caid3,disorder_pdb,SPOT-Disorder2,DED,literal,0.5,long_gt30,0.7855333966445077,0.7332700175279525,0.833794372166821,0.9728788002282175,0.8792060984363625,0.8529139227925123,0.9042581869704154,0.7979177104672293,18954,261
CAID3 Disorder-PDB,caid3,disorder_pdb,SPOT-Disorder2,DED,calibrated,0.378,short_lt20,0.5680309734513275,0.4971715335845966,0.6385512412182568,0.9543972613904964,0.7612141174209119,0.7269281940814528,0.7952833701742639,0.3946650822808834,1808,261
CAID3 Disorder-PDB,caid3,disorder_pdb,SPOT-Disorder2,DED,calibrated,0.378,mid_20_30,0.6597402597402597,0.5627087654056115,0.7489379735772493,0.9543972613904964,0.8070687605653781,0.757316036396383,0.8518522374924641,0.4300676540979292,1540,261
CAID3 Disorder-PDB,caid3,disorder_pdb,SPOT-Disorder2,DED,calibrated,0.378,long_gt30,0.8308008863564419,0.7836761016806498,0.8725568880606331,0.9543972613904964,0.8925990738734692,0.8689562600856892,0.914526855736145,0.7982312309099665,18954,261
CAID3 Disorder-PDB,caid3,disorder_pdb,SPOT-Disorder-Single,DED,literal,0.5,short_lt20,0.26548672566371684,0.20264748160758078,0.3306598403003613,0.9862661993642514,0.6258764625139841,0.594532489212958,0.658677434001144,0.31303736779939156,1808,261
CAID3 Disorder-PDB,caid3,disorder_pdb,SPOT-Disorder-Single,DED,literal,0.5,mid_20_30,0.36298701298701297,0.2654924622116075,0.4593197712687181,0.9862661993642514,0.6746266061756322,0.625715529471965,0.7235442741666571,0.38910344465530283,1540,261
CAID3 Disorder-PDB,caid3,disorder_pdb,SPOT-Disorder-Single,DED,literal,0.5,long_gt30,0.5400443178220956,0.47959604200082717,0.601439143701259,0.9862661993642514,0.7631552585931736,0.7325806488953311,0.7933593076232308,0.6430142401812088,18954,261
CAID3 Disorder-PDB,caid3,disorder_pdb,SPOT-Disorder-Single,DED,calibrated,0.169,short_lt20,0.5022123893805309,0.4269261589474356,0.576918870495911,0.9338780666721004,0.7180452280263157,0.681264032154972,0.7550422566364027,0.2948674752493475,1808,261
CAID3 Disorder-PDB,caid3,disorder_pdb,SPOT-Disorder-Single,DED,calibrated,0.169,mid_20_30,0.6558441558441559,0.5585156644177177,0.7436543686627319,0.9338780666721004,0.7948611112581281,0.7457118692800685,0.8412668963641637,0.36501965743743414,1540,261
CAID3 Disorder-PDB,caid3,disorder_pdb,SPOT-Disorder-Single,DED,calibrated,0.169,long_gt30,0.746860820934895,0.691131037887723,0.7989910053680811,0.9338780666721004,0.8403694438034977,0.8140294763400314,0.8643584965605963,0.6994856340340883,18954,261
CAID3 Disorder-PDB,caid3,disorder_pdb,DisEMBL-dis465,DED,literal,0.5,short_lt20,0.38163716814159293,0.3178147626838252,0.44555312674124553,0.9499144184530116,0.6657757932973023,0.6347228831092245,0.6975933581308432,0.2547677949467394,1808,261
CAID3 Disorder-PDB,caid3,disorder_pdb,DisEMBL-dis465,DED,literal,0.5,mid_20_30,0.37662337662337664,0.2998528112449799,0.4572757604634845,0.9499144184530116,0.6632688975381942,0.6247361702788089,0.704309622569366,0.23611926324706106,1540,261
CAID3 Disorder-PDB,caid3,disorder_pdb,DisEMBL-dis465,DED,literal,0.5,long_gt30,0.40513875699060886,0.36829299298444373,0.44444150427704854,0.9499144184530116,0.6775265877218102,0.658889969831821,0.697843358555362,0.4470032362156397,18954,261
CAID3 Disorder-PDB,caid3,disorder_pdb,DisEMBL-dis465,DED,calibrated,0.436,short_lt20,0.5016592920353983,0.43666855236863755,0.5677169882818706,0.9020498818159589,0.7018545869256786,0.6707244363697032,0.7354673826470316,0.2367048993194043,1808,261
CAID3 Disorder-PDB,caid3,disorder_pdb,DisEMBL-dis465,DED,calibrated,0.436,mid_20_30,0.5051948051948052,0.42247632505329963,0.587355140605024,0.9020498818159589,0.7036223435053821,0.6633819778136777,0.7445656841481173,0.22324563802804603,1540,261
CAID3 Disorder-PDB,caid3,disorder_pdb,DisEMBL-dis465,DED,calibrated,0.436,long_gt30,0.5350321831803313,0.4945702731291079,0.5754411430657713,0.9020498818159589,0.7185410324981452,0.698330701209764,0.7388008421067721,0.47324149740243765,18954,261
CAID3 Disorder-PDB,caid3,disorder_pdb,DisEMBL-disHL,DED,literal,0.5,short_lt20,0.0027654867256637168,0.0005776013188679451,0.005368120104370719,0.9998981172059662,0.501331801965815,0.5002380474682747,0.502653493854157,0.0351767325162384,1808,261
CAID3 Disorder-PDB,caid3,disorder_pdb,DisEMBL-disHL,DED,literal,0.5,mid_20_30,0.003896103896103896,0.0,0.008537774635082578,0.9998981172059662,0.501897110551035,0.49998098623022036,0.504224589686421,0.04421040742782368,1540,261
CAID3 Disorder-PDB,caid3,disorder_pdb,DisEMBL-disHL,DED,literal,0.5,long_gt30,0.0011079455523899967,0.0005605024175275205,0.001793924363901804,0.9998981172059662,0.5005030313791781,0.5002256032041853,0.5008516934525341,0.023075769203542554,18954,261
CAID3 Disorder-PDB,caid3,disorder_pdb,DisEMBL-disHL,DED,calibrated,0.125,short_lt20,0.3478982300884956,0.28428751222599385,0.4166728267297457,0.9020702583747656,0.6249842442316306,0.5925016377353308,0.6594718303908796,0.14981562686646793,1808,261
CAID3 Disorder-PDB,caid3,disorder_pdb,DisEMBL-disHL,DED,calibrated,0.125,mid_20_30,0.43506493506493504,0.36283502816443697,0.5069025387655443,0.9020702583747656,0.6685675967198503,0.6314757062007335,0.7054117979538297,0.18641743711909065,1540,261
CAID3 Disorder-PDB,caid3,disorder_pdb,DisEMBL-disHL,DED,calibrated,0.125,long_gt30,0.32283423024163765,0.27975779207269735,0.36484768736891354,0.9020702583747656,0.6124522443082017,0.5906013093338937,0.6344430643387612,0.2746220150029282,18954,261
CAID3 Disorder-PDB,caid3,disorder_pdb,IsUnstruct,DED,literal,0.5,short_lt20,0.5890486725663717,0.5159326433276014,0.6617533657411667,0.8627842529953541,0.725916462780863,0.6904519077312288,0.7642533395590029,0.23218232641053274,1808,261
CAID3 Disorder-PDB,caid3,disorder_pdb,IsUnstruct,DED,literal,0.5,mid_20_30,0.7467532467532467,0.6416646762599623,0.8373856745027636,0.8627842529953541,0.8047687498743004,0.7518756193489847,0.8501178386616645,0.2886991139170811,1540,261
CAID3 Disorder-PDB,caid3,disorder_pdb,IsUnstruct,DED,literal,0.5,long_gt30,0.7637438007808378,0.7203768703241895,0.8056680662402917,0.8627842529953541,0.813264026888096,0.7908438041829289,0.8339480579515339,0.6063725041719034,18954,261
CAID3 Disorder-PDB,caid3,disorder_pdb,IsUnstruct,DED,calibrated,0.68,short_lt20,0.4563053097345133,0.3802637547190206,0.530447603098729,0.9361602412584563,0.6962327754964848,0.6593776063017636,0.7326491851990262,0.2712630690803378,1808,261
CAID3 Disorder-PDB,caid3,disorder_pdb,IsUnstruct,DED,calibrated,0.68,mid_20_30,0.5948051948051948,0.4967984859825031,0.6873038490007402,0.9361602412584563,0.7654827180318255,0.7177513338379944,0.8118772311127618,0.33616165395744957,1540,261
CAID3 Disorder-PDB,caid3,disorder_pdb,IsUnstruct,DED,calibrated,0.68,long_gt30,0.6582779360557138,0.6056753056599337,0.7075368030393403,0.9361602412584563,0.7972190886570851,0.7713668060926412,0.8210647237952758,0.6337847003684169,18954,261
CAID3 Disorder-PDB,caid3,disorder_pdb,RONN,DED,literal,0.5,short_lt20,0.5497787610619469,0.47630653168708625,0.6195167702756565,0.8395753525144674,0.6946770567882071,0.6597470726490083,0.7289746281914058,0.19001053677079408,1808,261
CAID3 Disorder-PDB,caid3,disorder_pdb,RONN,DED,literal,0.5,mid_20_30,0.6824675324675324,0.5669612588389499,0.7788132438572613,0.8395753525144674,0.7610214424909999,0.7042956300637723,0.8095648445199828,0.23528539782128866,1540,261
CAID3 Disorder-PDB,caid3,disorder_pdb,RONN,DED,literal,0.5,long_gt30,0.7499208610319722,0.7065315534826957,0.7875230722447663,0.8395753525144674,0.7947481067732198,0.7728598298680392,0.8148331903844409,0.5644012878950978,18954,261
CAID3 Disorder-PDB,caid3,disorder_pdb,RONN,DED,calibrated,0.56,short_lt20,0.398783185840708,0.3297284254869241,0.4700230900798175,0.9235063982394653,0.6611447920400867,0.627578279343172,0.6959697268249924,0.2106601731707819,1808,261
CAID3 Disorder-PDB,caid3,disorder_pdb,RONN,DED,calibrated,0.56,mid_20_30,0.5331168831168831,0.4261018236492536,0.6331594034368726,0.9235063982394653,0.7283116406781742,0.673802454355078,0.776607624355505,0.2735174675894993,1540,261
CAID3 Disorder-PDB,caid3,disorder_pdb,RONN,DED,calibrated,0.56,long_gt30,0.6368576553761739,0.5887844134730493,0.6816921143314046,0.9235063982394653,0.7801820268078197,0.756618931089675,0.8019784057503734,0.5946033831581783,18954,261
CAID3 Disorder-PDB,caid3,disorder_pdb,PreDisorder,DED,literal,0.5,short_lt20,0.775995575221239,0.712641862896726,0.8411080677901782,0.8090105143043442,0.7925030447627917,0.7636173641570557,0.8234692353766102,0.2650634731662708,1808,261
CAID3 Disorder-PDB,caid3,disorder_pdb,PreDisorder,DED,literal,0.5,mid_20_30,0.7785714285714286,0.6902126990836573,0.8551226378170936,0.8090105143043442,0.7937909714378864,0.7504420846025572,0.8311328654416894,0.24826533093612752,1540,261
CAID3 Disorder-PDB,caid3,disorder_pdb,PreDisorder,DED,literal,0.5,long_gt30,0.8020470613063205,0.7511108297983289,0.846837635837838,0.8090105143043442,0.8055287878053323,0.7769332297812275,0.8297966075864025,0.5702962413734696,18954,261
CAID3 Disorder-PDB,caid3,disorder_pdb,PreDisorder,DED,calibrated,0.559,short_lt20,0.5940265486725663,0.5188632593821273,0.6746399313195154,0.9351414133181188,0.7645839809953425,0.726022993686194,0.8040675653360007,0.35379913956289377,1808,261
CAID3 Disorder-PDB,caid3,disorder_pdb,PreDisorder,DED,calibrated,0.559,mid_20_30,0.6266233766233766,0.5248511477649936,0.7246979861202959,0.9351414133181188,0.7808823949707477,0.730201023116838,0.8296934247015118,0.3517653762874759,1540,261
CAID3 Disorder-PDB,caid3,disorder_pdb,PreDisorder,DED,calibrated,0.559,long_gt30,0.6577503429355281,0.6013830960061287,0.7088248205246925,0.9351414133181188,0.7964458781268235,0.7681572865946807,0.8227259577435092,0.631568572417439,18954,261
CAID3 Disorder-PDB,caid3,disorder_pdb,OPAL,DED,literal,0.5,short_lt20,0.8113938053097345,0.7524078534548778,0.8684376233270436,0.3939400114108729,0.6026669083603037,0.5752531314656726,0.628938279268965,0.07805505857059296,1808,261
CAID3 Disorder-PDB,caid3,disorder_pdb,OPAL,DED,literal,0.5,mid_20_30,0.9285714285714286,0.8670368579422258,0.9763416473872115,0.3939400114108729,0.6612557199911507,0.6265778773327508,0.6915753098702584,0.11388568171301258,1540,261
CAID3 Disorder-PDB,caid3,disorder_pdb,OPAL,DED,literal,0.5,long_gt30,0.8454152157855862,0.8086972412459627,0.8795380618960335,0.3939400114108729,0.6196776135982296,0.5942673116648052,0.6434398370111363,0.22869668391163586,18954,261
CAID3 Disorder-PDB,caid3,disorder_pdb,OPAL,DED,calibrated,0.532,short_lt20,0.629424778761062,0.5515169807965861,0.7088836049883871,0.6277406471595077,0.6285827129602848,0.5943939019349199,0.6648745933746691,0.09801002553621689,1808,261
CAID3 Disorder-PDB,caid3,disorder_pdb,OPAL,DED,calibrated,0.532,mid_20_30,0.8350649350649351,0.7602251203229312,0.903779072727535,0.6277406471595077,0.7314027911122214,0.690945330297157,0.7697524627155937,0.16325139498342806,1540,261
CAID3 Disorder-PDB,caid3,disorder_pdb,OPAL,DED,calibrated,0.532,long_gt30,0.6257254405402554,0.571531556895867,0.6769536440526793,0.6277406471595077,0.6267330438498815,0.5951563735311164,0.6570017293706416,0.2287637385796247,18954,261
CAID3 Disorder-PDB,caid3,disorder_pdb,pyHCA,DED,literal,0.5,short_lt20,0.1592920353982301,0.11121033304794613,0.21221007762819424,0.9876518053631103,0.5734719203806702,0.550224287601915,0.6000714557411366,0.20704981713286788,1808,261
CAID3 Disorder-PDB,caid3,disorder_pdb,pyHCA,DED,literal,0.5,mid_20_30,0.2694805194805195,0.18007602868808015,0.3658866142228774,0.9876518053631103,0.6285661624218148,0.5836074487977398,0.6773416508451496,0.31413751033123466,1540,261
CAID3 Disorder-PDB,caid3,disorder_pdb,pyHCA,DED,literal,0.5,long_gt30,0.38625092328796035,0.3156793416806804,0.4539427172639649,0.9876518053631103,0.6869513643255353,0.6516512944688512,0.7213605446282827,0.5224456860419472,18954,261
CAID3 Disorder-PDB,caid3,disorder_pdb,pyHCA,DED,calibrated,0.271,short_lt20,0.3202433628318584,0.25397348325829383,0.38948047530695346,0.9222022984758333,0.6212228306538459,0.5883446601197219,0.6550099015519446,0.15973651886257262,1808,261
CAID3 Disorder-PDB,caid3,disorder_pdb,pyHCA,DED,calibrated,0.271,mid_20_30,0.5142857142857142,0.4157416089726559,0.612312914788471,0.9222022984758333,0.7182440063807738,0.6674778740931513,0.7685633940660456,0.260561088765725,1540,261
CAID3 Disorder-PDB,caid3,disorder_pdb,pyHCA,DED,calibrated,0.271,long_gt30,0.6571699905033238,0.5952822276279489,0.71752404162788,0.9222022984758333,0.7896861444895786,0.7576258890568989,0.8186981407947524,0.6088568948174277,18954,261
CAID3 Disorder-PDB,caid3,disorder_pdb,DeepIDP-2L,DED,literal,0.5,short_lt20,0.5160398230088495,0.43663341912028425,0.5932603187804375,0.9444738772516097,0.7302568501302296,0.6912875679501156,0.7681603092859862,0.3300379759120284,1808,261
CAID3 Disorder-PDB,caid3,disorder_pdb,DeepIDP-2L,DED,literal,0.5,mid_20_30,0.611038961038961,0.4975858054164058,0.7160982158691618,0.9444738772516097,0.7777564191452854,0.7230682460589802,0.8296368438473074,0.3681077923189141,1540,261
CAID3 Disorder-PDB,caid3,disorder_pdb,DeepIDP-2L,DED,literal,0.5,long_gt30,0.7177376807006437,0.6472686439162055,0.7829783824527202,0.9444738772516097,0.8311057789761267,0.7956407183895401,0.8642360129398372,0.6951083529337979,18954,261
CAID3 Disorder-PDB,caid3,disorder_pdb,DeepIDP-2L,DED,calibrated,0.534,short_lt20,0.4795353982300885,0.4005987403049703,0.5543123633879782,0.9553753362132203,0.7174553672216544,0.6786211120388315,0.7542377196667426,0.3388048585215068,1808,261
CAID3 Disorder-PDB,caid3,disorder_pdb,DeepIDP-2L,DED,calibrated,0.534,mid_20_30,0.5831168831168831,0.4735184058054303,0.6855325434212309,0.9553753362132203,0.7692461096650518,0.7161667971730297,0.8205655948253009,0.38642121024793025,1540,261
CAID3 Disorder-PDB,caid3,disorder_pdb,DeepIDP-2L,DED,calibrated,0.534,long_gt30,0.6969505117653266,0.6253498928212528,0.765665591213644,0.9553753362132203,0.8261629239892735,0.7898898175183812,0.860533958733476,0.6988316390672134,18954,261
CAID3 Disorder-PDB,caid3,disorder_pdb,PredIDR-long,DED,literal,0.5,short_lt20,0.6222345132743363,0.548423764248276,0.6919546417569367,0.908285108810824,0.7652598110425801,0.7271594257078362,0.8009264180940581,0.3131754431158603,1808,261
CAID3 Disorder-PDB,caid3,disorder_pdb,PredIDR-long,DED,literal,0.5,mid_20_30,0.7772727272727272,0.6954172644667623,0.85040277161022,0.908285108810824,0.8427789180417756,0.8027092187061488,0.8780326751991578,0.37253545410520583,1540,261
CAID3 Disorder-PDB,caid3,disorder_pdb,PredIDR-long,DED,literal,0.5,long_gt30,0.8417748232563047,0.7885552352461489,0.8912417345614669,0.908285108810824,0.8750299660335643,0.8471116549083497,0.900476875454403,0.7333069340411162,18954,261
CAID3 Disorder-PDB,caid3,disorder_pdb,PredIDR-long,DED,calibrated,0.524,short_lt20,0.5901548672566371,0.5171324240048141,0.6596368349392543,0.919797864536637,0.7549763658966371,0.7169050679419259,0.7905755404496863,0.31705311589031315,1808,261
CAID3 Disorder-PDB,caid3,disorder_pdb,PredIDR-long,DED,calibrated,0.524,mid_20_30,0.7538961038961038,0.6670863114845268,0.8320716527913391,0.919797864536637,0.8368469842163704,0.7934465970786252,0.8740428879846579,0.3845067120734908,1540,261
CAID3 Disorder-PDB,caid3,disorder_pdb,PredIDR-long,DED,calibrated,0.524,long_gt30,0.824153213042102,0.7693237990927336,0.8754157150595717,0.919797864536637,0.8719755387893695,0.8438493428650389,0.8985651576953158,0.7369335464340396,18954,261
CAID3 Disorder-PDB,caid3,disorder_pdb,PredIDR-short,DED,literal,0.5,short_lt20,0.7206858407079646,0.6601763796594963,0.7779697622386963,0.8924932757355938,0.8065895582217792,0.7739591178980635,0.8370180526000646,0.3383099988067384,1808,261
CAID3 Disorder-PDB,caid3,disorder_pdb,PredIDR-short,DED,literal,0.5,mid_20_30,0.7928571428571428,0.7180769522856518,0.8590131170844882,0.8924932757355938,0.8426752092963683,0.8064000876217423,0.8751589007471856,0.35191546969321275,1540,261
CAID3 Disorder-PDB,caid3,disorder_pdb,PredIDR-short,DED,literal,0.5,long_gt30,0.8391896169673947,0.788398315619099,0.8866510297387038,0.8924932757355938,0.8658414463514943,0.8395590017503936,0.8909981635352752,0.708400580966097,18954,261
CAID3 Disorder-PDB,caid3,disorder_pdb,PredIDR-short,DED,calibrated,0.532895,short_lt20,0.6924778761061947,0.6278644003425232,0.751912852224914,0.9065938544298638,0.7995358652680293,0.7664202554321164,0.8298294150508405,0.3480304310740884,1808,261
CAID3 Disorder-PDB,caid3,disorder_pdb,PredIDR-short,DED,calibrated,0.532895,mid_20_30,0.7714285714285715,0.691774776854023,0.8415499033070755,0.9065938544298638,0.8390112129292177,0.8012149000523752,0.8733441071948822,0.3663731721323689,1540,261
CAID3 Disorder-PDB,caid3,disorder_pdb,PredIDR-short,DED,calibrated,0.532895,long_gt30,0.8186662445921705,0.7656644616140869,0.8670869105086131,0.9065938544298638,0.8626300495110172,0.8351694865084855,0.8887162310649452,0.7126409696009427,18954,261
CAID3 Disorder-PDB,caid3,disorder_pdb,PredIDR2-Prof-Art,DED,literal,0.5,short_lt20,0.6244469026548672,0.5526917594374879,0.6955425021677045,0.9053712609014589,0.7649090817781631,0.7264905432057395,0.8005736591856785,0.30925635224018777,1808,261
CAID3 Disorder-PDB,caid3,disorder_pdb,PredIDR2-Prof-Art,DED,literal,0.5,mid_20_30,0.8077922077922078,0.7303836223809925,0.873699059113093,0.9053712609014589,0.8565817343468334,0.817704725305772,0.8896230501505807,0.3820413646212455,1540,261
CAID3 Disorder-PDB,caid3,disorder_pdb,PredIDR2-Prof-Art,DED,literal,0.5,long_gt30,0.8799198058457318,0.838158288078848,0.9218872218054514,0.9053712609014589,0.8926455333735954,0.8700221477131679,0.9167203747721099,0.7589375986824929,18954,261
CAID3 Disorder-PDB,caid3,disorder_pdb,PredIDR2-Prof-Art,DED,calibrated,0.556,short_lt20,0.5586283185840708,0.48393019739195475,0.6331227787334758,0.9220189094465726,0.7403236140153218,0.702431446748651,0.7786169315069953,0.3033692234464997,1808,261
CAID3 Disorder-PDB,caid3,disorder_pdb,PredIDR2-Prof-Art,DED,calibrated,0.556,mid_20_30,0.7467532467532467,0.6577811513172368,0.8284046600902002,0.9220189094465726,0.8343860780999097,0.7883810226658825,0.8735779913428195,0.3857635967115042,1540,261
CAID3 Disorder-PDB,caid3,disorder_pdb,PredIDR2-Prof-Art,DED,calibrated,0.556,long_gt30,0.8636699377440118,0.8184634509445229,0.9078014926921025,0.9220189094465726,0.8928444235952921,0.8690069601928199,0.9184867605443676,0.7709538166075447,18954,261
CAID3 Disorder-PDB,caid3,disorder_pdb,PredIDR2-Seq-Art,DED,literal,0.5,short_lt20,0.6023230088495575,0.527584030138883,0.6753546111884535,0.896283315673649,0.7493031622616033,0.7099186735844417,0.7883207307735035,0.2825884632708385,1808,261
CAID3 Disorder-PDB,caid3,disorder_pdb,PredIDR2-Seq-Art,DED,literal,0.5,mid_20_30,0.7525974025974026,0.6562604721805874,0.8380541865301684,0.896283315673649,0.8244403591355258,0.7767560208348888,0.8669877413111325,0.3387852659763896,1540,261
CAID3 Disorder-PDB,caid3,disorder_pdb,PredIDR2-Seq-Art,DED,literal,0.5,long_gt30,0.8928985966023003,0.8547503768179071,0.9264060994901768,0.896283315673649,0.8945909561379747,0.8717138075111779,0.9155775672986225,0.7562375303849885,18954,261
CAID3 Disorder-PDB,caid3,disorder_pdb,PredIDR2-Seq-Art,DED,calibrated,0.591,short_lt20,0.5105088495575221,0.4397886313908136,0.581618639799333,0.925401418208493,0.7179551338830075,0.6818014292034662,0.7545986289550876,0.2818500335291988,1808,261
CAID3 Disorder-PDB,caid3,disorder_pdb,PredIDR2-Seq-Art,DED,calibrated,0.591,mid_20_30,0.687012987012987,0.5774017738908791,0.783157575728826,0.925401418208493,0.80620720261074,0.7547196568250735,0.850986722594754,0.3617622104055802,1540,261
CAID3 Disorder-PDB,caid3,disorder_pdb,PredIDR2-Seq-Art,DED,calibrated,0.591,long_gt30,0.8621926770074918,0.8236936072466627,0.8993763397975048,0.925401418208493,0.8937970476079924,0.8716173409309016,0.9150441218652776,0.7749919141966979,18954,261
CAID3 Disorder-PDB,caid3,disorder_pdb,AUCpred-profile,DED,literal,0.5,short_lt20,0.5381637168141593,0.4644487288722659,0.6098832955474633,0.9550493112723123,0.7466065140432359,0.7095752595113505,0.7828159677325731,0.3772603104208394,1808,261
CAID3 Disorder-PDB,caid3,disorder_pdb,AUCpred-profile,DED,literal,0.5,mid_20_30,0.6474025974025974,0.5405474868710364,0.7501783688684274,0.9550493112723123,0.8012259543374549,0.7487106301319265,0.8512367896906138,0.4250011809240122,1540,261
CAID3 Disorder-PDB,caid3,disorder_pdb,AUCpred-profile,DED,literal,0.5,long_gt30,0.6856072596813337,0.630988175422976,0.7473634121117746,0.9550493112723123,0.820328285476823,0.79258228802774,0.8507928607880074,0.6895059646119119,18954,261
CAID3 Disorder-PDB,caid3,disorder_pdb,AUCpred-profile,DED,calibrated,0.305,short_lt20,0.5779867256637168,0.5028048120221321,0.6494924090325785,0.9458798598092754,0.7619332927364961,0.7243532988866024,0.7964913397043416,0.3734239530919302,1808,261
CAID3 Disorder-PDB,caid3,disorder_pdb,AUCpred-profile,DED,calibrated,0.305,mid_20_30,0.6746753246753247,0.5684300708913322,0.7755946345679385,0.9458798598092754,0.8102775922423,0.7566470823597059,0.8600723037861779,0.40971748346423315,1540,261
CAID3 Disorder-PDB,caid3,disorder_pdb,AUCpred-profile,DED,calibrated,0.305,long_gt30,0.7124617494987865,0.6586767080633174,0.7732834665925766,0.9458798598092754,0.8291708046540309,0.8023969061319062,0.8593305847102116,0.693517652014969,18954,261
CAID3 Disorder-PDB,caid3,disorder_pdb,AUCpred-no-profile,DED,literal,0.5,short_lt20,0.4280973451327434,0.35480736859406703,0.5051805602710817,0.9684163338495395,0.6982568394911415,0.66127454384856,0.7350274937121746,0.3515884222039518,1808,261
CAID3 Disorder-PDB,caid3,disorder_pdb,AUCpred-no-profile,DED,literal,0.5,mid_20_30,0.5272727272727272,0.42952767754547516,0.6331407368693689,0.9684163338495395,0.7478445305611334,0.6986570573660726,0.8017773234739592,0.4036432252936455,1540,261
CAID3 Disorder-PDB,caid3,disorder_pdb,AUCpred-no-profile,DED,literal,0.5,long_gt30,0.5789279307797827,0.5249014720435459,0.6352324473850829,0.9684163338495395,0.7736721323146611,0.7467763740834896,0.8020794558722355,0.6331659048646031,18954,261
CAID3 Disorder-PDB,caid3,disorder_pdb,AUCpred-no-profile,DED,calibrated,0.092,short_lt20,0.5597345132743363,0.48759474833407795,0.6385127508286061,0.9203887847420328,0.7400616490081846,0.7035754902557246,0.7801315546050023,0.30077000920637087,1808,261
CAID3 Disorder-PDB,caid3,disorder_pdb,AUCpred-no-profile,DED,calibrated,0.092,mid_20_30,0.6564935064935065,0.5611923234949795,0.7526369512614984,0.9203887847420328,0.7884411456177696,0.7427837585691527,0.8373390801828191,0.33453324859438244,1540,261
CAID3 Disorder-PDB,caid3,disorder_pdb,AUCpred-no-profile,DED,calibrated,0.092,long_gt30,0.6966867152052337,0.6444314625902936,0.7486017754849503,0.9203887847420328,0.8085377499736333,0.7830832591139749,0.8345314602925683,0.6375837895031976,18954,261
CAID3 Disorder-PDB,caid3,disorder_pdb,DisoPred,DED,literal,0.5,short_lt20,0.314712389380531,0.24111749064132484,0.3869856938250708,0.955640231477708,0.6351763104291195,0.5984853538039552,0.6717102720482836,0.22149814237329343,1808,261
CAID3 Disorder-PDB,caid3,disorder_pdb,DisoPred,DED,literal,0.5,mid_20_30,0.5512987012987013,0.45385360404246516,0.6540052264359524,0.955640231477708,0.7534694663882047,0.7055308102394559,0.803019766382995,0.36724701226359263,1540,261
CAID3 Disorder-PDB,caid3,disorder_pdb,DisoPred,DED,literal,0.5,long_gt30,0.7271815975519679,0.6682820144100932,0.7801734372017078,0.955640231477708,0.841410914514838,0.8123270994824525,0.8681459131200954,0.722407392046599,18954,261
CAID3 Disorder-PDB,caid3,disorder_pdb,DisoPred,DED,calibrated,0.441,short_lt20,0.4103982300884956,0.32301135169826606,0.49491550095264264,0.9311272312331893,0.6707627306608425,0.6282252228715304,0.711261012338677,0.23171617245400505,1808,261
CAID3 Disorder-PDB,caid3,disorder_pdb,DisoPred,DED,calibrated,0.441,mid_20_30,0.6402597402597403,0.5400991465068411,0.738878986100622,0.9311272312331893,0.7856934857464648,0.7377607082034615,0.8342562847229553,0.34956467483140546,1540,261
CAID3 Disorder-PDB,caid3,disorder_pdb,DisoPred,DED,calibrated,0.441,long_gt30,0.7872744539411206,0.7340230851231339,0.836511727727062,0.9311272312331893,0.8592008425871549,0.832885024109915,0.8843867789134723,0.7262774959250003,18954,261
CAID3 Disorder-PDB,caid3,disorder_pdb,DisPredict2,DED,literal,0.5,short_lt20,0.3622787610619469,0.2860109391667875,0.4441401205709511,0.813411851006602,0.5878453060342744,0.5531654466613086,0.62517950803278,0.08243860845208179,1808,261
CAID3 Disorder-PDB,caid3,disorder_pdb,DisPredict2,DED,literal,0.5,mid_20_30,0.35,0.2632959729569698,0.44182219961776054,0.813411851006602,0.581705925503301,0.5400932215469353,0.6240645637844197,0.07132049894599504,1540,261
CAID3 Disorder-PDB,caid3,disorder_pdb,DisPredict2,DED,literal,0.5,long_gt30,0.4860187823150786,0.421798573877848,0.5532074816117887,0.813411851006602,0.6497153166608403,0.6154451881075758,0.6850535868789167,0.30236447104054687,18954,261
CAID3 Disorder-PDB,caid3,disorder_pdb,DisPredict2,DED,calibrated,0.429,short_lt20,0.4745575221238938,0.39081743512687617,0.562652638849083,0.7202706007009536,0.5974140614124237,0.5578725106212516,0.6356905716804683,0.07975831774535982,1808,261
CAID3 Disorder-PDB,caid3,disorder_pdb,DisPredict2,DED,calibrated,0.429,mid_20_30,0.487012987012987,0.39297156851033327,0.5825809143473656,0.7202706007009536,0.6036417938569703,0.5588927373441229,0.6455974217525786,0.0787813671755133,1540,261
CAID3 Disorder-PDB,caid3,disorder_pdb,DisPredict2,DED,calibrated,0.429,long_gt30,0.6142766698322254,0.549630809438111,0.6777331861498364,0.7202706007009536,0.6672736352665896,0.6321732522577461,0.7013188165465193,0.31014756800131266,18954,261
CAID3 Disorder-PDB,caid3,disorder_pdb,DisPredict3,DED,literal,0.5,short_lt20,0.28926991150442477,0.22035585552438952,0.3616915621984294,0.9725527752873094,0.6309113433958671,0.5980694757754845,0.6662985469228913,0.25760850111335676,1808,261
CAID3 Disorder-PDB,caid3,disorder_pdb,DisPredict3,DED,literal,0.5,mid_20_30,0.35,0.2595094710297529,0.4528088904156193,0.9725527752873094,0.6612763876436547,0.6170948351467055,0.7103914363373323,0.292500540137223,1540,261
CAID3 Disorder-PDB,caid3,disorder_pdb,DisPredict3,DED,literal,0.5,long_gt30,0.45357180542365727,0.39130586518109645,0.5226160123589603,0.9725527752873094,0.7130622903554833,0.6828648681713688,0.7469717078278838,0.5407609357345156,18954,261
CAID3 Disorder-PDB,caid3,disorder_pdb,DisPredict3,DED,calibrated,0.08,short_lt20,0.5702433628318584,0.4922413232167133,0.6521874385205587,0.8835275898606243,0.7268854763462413,0.6887723578296104,0.7645220081466668,0.2476929943751609,1808,261
CAID3 Disorder-PDB,caid3,disorder_pdb,DisPredict3,DED,calibrated,0.08,mid_20_30,0.687012987012987,0.5891591925580508,0.7798889963656386,0.8835275898606243,0.7852702884368057,0.7362716627425206,0.8305294867133877,0.2878151835449557,1540,261
CAID3 Disorder-PDB,caid3,disorder_pdb,DisPredict3,DED,calibrated,0.08,long_gt30,0.7751925714888678,0.7270214556247646,0.8250967351871834,0.8835275898606243,0.8293600806747461,0.8053588185843236,0.8529990620130902,0.6444301556784373,18954,261
CAID3 Disorder-PDB,caid3,disorder_pdb,IDP-Fusion,DED,literal,0.5,short_lt20,0.5763274336283186,0.49335179559126324,0.655308467163751,0.9206333034477138,0.7484803685380161,0.70805201737054,0.7873608711120706,0.3108105317265228,1808,261
CAID3 Disorder-PDB,caid3,disorder_pdb,IDP-Fusion,DED,literal,0.5,mid_20_30,0.7071428571428572,0.6171252446183952,0.8007132080782547,0.9206333034477138,0.8138880802952855,0.769148195215507,0.8598839552399395,0.3618895063982545,1540,261
CAID3 Disorder-PDB,caid3,disorder_pdb,IDP-Fusion,DED,literal,0.5,long_gt30,0.8012556716260419,0.7391557271795427,0.8664463854885329,0.9206333034477138,0.8609444875368779,0.8284200957290819,0.8933658012251182,0.7204038162516146,18954,261
CAID3 Disorder-PDB,caid3,disorder_pdb,IDP-Fusion,DED,calibrated,0.538,short_lt20,0.5525442477876106,0.4701307475704818,0.6303078442968371,0.935284049229766,0.7439141485086883,0.7044097854517911,0.7827237702293363,0.3290578499645688,1808,261
CAID3 Disorder-PDB,caid3,disorder_pdb,IDP-Fusion,DED,calibrated,0.538,mid_20_30,0.6818181818181818,0.5873105908233816,0.7806485222032306,0.935284049229766,0.808551115523974,0.759931912556249,0.8567960402448034,0.38315555225829934,1540,261
CAID3 Disorder-PDB,caid3,disorder_pdb,IDP-Fusion,DED,calibrated,0.538,long_gt30,0.7812598923710035,0.7181501924000567,0.8458068368306267,0.935284049229766,0.8582719708003848,0.8254509757956242,0.8903489133736316,0.7284504445736713,18954,261
CAID3 Disorder-PDB,caid3,disorder_pdb,rawMSA-disorder,DED,literal,0.5,short_lt20,0.26714601769911506,0.20276858200120199,0.33780816390796903,0.975344363843834,0.6212451907714746,0.5893444604313599,0.6556785764554405,0.2502977836831099,1808,261
CAID3 Disorder-PDB,caid3,disorder_pdb,rawMSA-disorder,DED,literal,0.5,mid_20_30,0.34545454545454546,0.2524559427747693,0.4438646847097062,0.975344363843834,0.6603994546491898,0.6136260828281289,0.7091723061436503,0.3022489527484757,1540,261
CAID3 Disorder-PDB,caid3,disorder_pdb,rawMSA-disorder,DED,literal,0.5,long_gt30,0.4031866624459217,0.31734529360012975,0.4939061297629069,0.975344363843834,0.6892655131448779,0.6466644810747455,0.7349078345389681,0.5044122845214621,18954,261
CAID3 Disorder-PDB,caid3,disorder_pdb,rawMSA-disorder,DED,calibrated,0.369,short_lt20,0.6344026548672567,0.5621876874879933,0.7060313672089371,0.8668595647567039,0.7506311098119802,0.7134108730328672,0.7853167113234522,0.25919876606764863,1808,261
CAID3 Disorder-PDB,caid3,disorder_pdb,rawMSA-disorder,DED,calibrated,0.369,mid_20_30,0.7896103896103897,0.6993193393790825,0.8754378717409776,0.8668595647567039,0.8282349771835468,0.7839452370943746,0.8699640526049759,0.3131139825797066,1540,261
CAID3 Disorder-PDB,caid3,disorder_pdb,rawMSA-disorder,DED,calibrated,0.369,long_gt30,0.7927614223910521,0.7243530914964096,0.8568920048203414,0.8668595647567039,0.8298104935738779,0.7943207567952602,0.8639657824561409,0.6355778706547122,18954,261
CAID3 Disorder-PDB,caid3,disorder_pdb,Metapredict-v1,DED,literal,0.5,short_lt20,0.3274336283185841,0.26099154874213837,0.39641231675151817,0.975670388784742,0.6515520085516631,0.6184751894562663,0.6854641523235357,0.3048967928378199,1808,261
CAID3 Disorder-PDB,caid3,disorder_pdb,Metapredict-v1,DED,literal,0.5,mid_20_30,0.38246753246753246,0.29850365847741456,0.47146593217488064,0.975670388784742,0.6790689606261372,0.6377290424411293,0.7240684393877156,0.33366670563218204,1540,261
CAID3 Disorder-PDB,caid3,disorder_pdb,Metapredict-v1,DED,literal,0.5,long_gt30,0.5305476416587528,0.4745746497183401,0.586094675204323,0.975670388784742,0.7531090152217474,0.7245663512651096,0.7804729946264497,0.6108698230004778,18954,261
CAID3 Disorder-PDB,caid3,disorder_pdb,Metapredict-v1,DED,calibrated,0.356,short_lt20,0.4723451327433628,0.3931895935570717,0.5502647890843472,0.9316977748797783,0.7020214538115706,0.6639582309755658,0.7396477652824427,0.2716254918434199,1808,261
CAID3 Disorder-PDB,caid3,disorder_pdb,Metapredict-v1,DED,calibrated,0.356,mid_20_30,0.5746753246753247,0.47752290239866035,0.6675532241359469,0.9316977748797783,0.7531865497775515,0.7056252041103318,0.8000016400583333,0.3140332569155736,1540,261
CAID3 Disorder-PDB,caid3,disorder_pdb,Metapredict-v1,DED,calibrated,0.356,long_gt30,0.6833913685765538,0.6296690538112667,0.7338692909585293,0.9316977748797783,0.8075445717281661,0.7803683460703186,0.8328931138571306,0.6459701165899802,18954,261
CAID3 Disorder-PDB,caid3,disorder_pdb,Metapredict-v2,DED,literal,0.5,short_lt20,0.4358407079646018,0.35295812035600793,0.5165900663443356,0.9499144184530116,0.6928775632088067,0.6525008665005227,0.7331855341734728,0.29220960044264843,1808,261
CAID3 Disorder-PDB,caid3,disorder_pdb,Metapredict-v2,DED,literal,0.5,mid_20_30,0.5805194805194805,0.4806046511627907,0.6734952488633597,0.9499144184530116,0.7652169494862461,0.7160039483067772,0.8120148350613161,0.36636077469736855,1540,261
CAID3 Disorder-PDB,caid3,disorder_pdb,Metapredict-v2,DED,literal,0.5,long_gt30,0.7726601245119764,0.7234963589819434,0.8187477348422189,0.9499144184530116,0.861287271482494,0.8359290506108183,0.8848990964164719,0.7467194768146906,18954,261
CAID3 Disorder-PDB,caid3,disorder_pdb,Metapredict-v2,DED,calibrated,0.447,short_lt20,0.4778761061946903,0.3937160605561955,0.5584640515645626,0.9394204906675361,0.7086482984311132,0.6697692813860404,0.7475677062820962,0.29256122623380204,1808,261
CAID3 Disorder-PDB,caid3,disorder_pdb,Metapredict-v2,DED,calibrated,0.447,mid_20_30,0.6214285714285714,0.5240175479580059,0.7108514406764763,0.9394204906675361,0.7804245310480538,0.7313830348766276,0.8261718851732788,0.3599575848346085,1540,261
CAID3 Disorder-PDB,caid3,disorder_pdb,Metapredict-v2,DED,calibrated,0.447,long_gt30,0.7936583306953677,0.7449054046244554,0.8394741214981166,0.9394204906675361,0.8665394106814519,0.8415321931314269,0.8897298744596811,0.7448360846389854,18954,261
CAID3 Disorder-PDB,caid3,disorder_pdb,Metapredict-v3,DED,literal,0.5,short_lt20,0.35564159292035397,0.2746207706006152,0.43067246955499067,0.9655024859401744,0.6605720394302642,0.6211372245364295,0.6963464841181718,0.2840610056092522,1808,261
CAID3 Disorder-PDB,caid3,disorder_pdb,Metapredict-v3,DED,literal,0.5,mid_20_30,0.5006493506493507,0.39291426647264677,0.5983335890419472,0.9655024859401744,0.7330759182947626,0.6796072242661033,0.7808789803659327,0.37204444292469924,1540,261
CAID3 Disorder-PDB,caid3,disorder_pdb,Metapredict-v3,DED,literal,0.5,long_gt30,0.8190883190883191,0.7708070154234677,0.8647662711957639,0.9655024859401744,0.8922954025142468,0.8687324326160213,0.9158964740134735,0.8090097109926461,18954,261
CAID3 Disorder-PDB,caid3,disorder_pdb,Metapredict-v3,DED,calibrated,0.512,short_lt20,0.34513274336283184,0.26615196374552164,0.41819818955314586,0.9677642839677235,0.6564485136652777,0.6179288786540579,0.6910675388851221,0.28442391621070146,1808,261
CAID3 Disorder-PDB,caid3,disorder_pdb,Metapredict-v3,DED,calibrated,0.512,mid_20_30,0.4902597402597403,0.3817951506942152,0.5877592812432549,0.9677642839677235,0.7290120121137319,0.6748498350420266,0.7763439195978462,0.37486484007340115,1540,261
CAID3 Disorder-PDB,caid3,disorder_pdb,Metapredict-v3,DED,calibrated,0.512,long_gt30,0.8149730927508705,0.7663002554571868,0.861020607003769,0.9677642839677235,0.8913686883592971,0.8674511943784904,0.9154545003682076,0.8100599688298746,18954,261
CAID3 Disorder-PDB,caid3,disorder_pdb,DisoMine,DED,literal,0.5,short_lt20,0.23672566371681417,0.174103320311894,0.31459956863330574,0.9512388947754503,0.5939822792461322,0.5633101103966165,0.6314898861054163,0.15205572639441378,1808,261
CAID3 Disorder-PDB,caid3,disorder_pdb,DisoMine,DED,literal,0.5,mid_20_30,0.3551948051948052,0.26254174746821807,0.45221546293366033,0.9512388947754503,0.6532168499851277,0.6073840155658184,0.6995543568454853,0.22501314694366328,1540,261
CAID3 Disorder-PDB,caid3,disorder_pdb,DisoMine,DED,literal,0.5,long_gt30,0.3723224649150575,0.3112746781289443,0.4428094594725789,0.9512388947754503,0.6617806798452539,0.631310944417485,0.696017274647406,0.41942187835832406,18954,261
CAID3 Disorder-PDB,caid3,disorder_pdb,DisoMine,DED,calibrated,0.301,short_lt20,0.4668141592920354,0.384075213267824,0.5497580859162589,0.8601556769092835,0.6634849181006595,0.6254780696749775,0.7028019021772631,0.16883892191197786,1808,261
CAID3 Disorder-PDB,caid3,disorder_pdb,DisoMine,DED,calibrated,0.301,mid_20_30,0.6266233766233766,0.51083139134032,0.7295745236631838,0.8601556769092835,0.7433895267663301,0.6856064193036182,0.7961160184432474,0.23122799809159242,1540,261
CAID3 Disorder-PDB,caid3,disorder_pdb,DisoMine,DED,calibrated,0.301,long_gt30,0.6829165347683867,0.6249603600292727,0.7374423214820897,0.8601556769092835,0.771536105838835,0.7392755545726214,0.8001798184380193,0.5359276140167804,18954,261
CAID3 Disorder-PDB,caid3,disorder_pdb,PUNCH2,DED,literal,0.5,short_lt20,0.43639380530973454,0.3675514630435312,0.5064072208414698,0.9730621892574782,0.7047279972836064,0.6706751305274732,0.7390800471373185,0.3801081435920843,1808,261
CAID3 Disorder-PDB,caid3,disorder_pdb,PUNCH2,DED,literal,0.5,mid_20_30,0.5590909090909091,0.4608612764438613,0.6475529255535698,0.9730621892574782,0.7660765491741937,0.7164553434061525,0.8110140210935737,0.44991863481732897,1540,261
CAID3 Disorder-PDB,caid3,disorder_pdb,PUNCH2,DED,literal,0.5,long_gt30,0.830167774612219,0.776993597026254,0.8774312166602852,0.9730621892574782,0.9016149819348487,0.8754469070593537,0.925566442683089,0.8308134068337583,18954,261
CAID3 Disorder-PDB,caid3,disorder_pdb,PUNCH2,DED,calibrated,0.377,short_lt20,0.5326327433628318,0.4627156752722336,0.6014565467018566,0.9586763387399136,0.7456545410513727,0.7112638971557498,0.7809632346121874,0.38667345314425366,1808,261
CAID3 Disorder-PDB,caid3,disorder_pdb,PUNCH2,DED,calibrated,0.377,mid_20_30,0.6311688311688312,0.5303831566663425,0.7235256211980616,0.9586763387399136,0.7949225849543724,0.7438321889292032,0.8425207183088816,0.42903812365786087,1540,261
CAID3 Disorder-PDB,caid3,disorder_pdb,PUNCH2,DED,calibrated,0.377,long_gt30,0.8569167458056347,0.8078382013129103,0.90165121764903,0.9586763387399136,0.9077965422727742,0.8831841828347066,0.9312437668639619,0.8249907748436045,18954,261
CAID3 Disorder-PDB,caid3,disorder_pdb,PUNCH2-Light,DED,literal,0.5,short_lt20,0.41758849557522126,0.3519433459957653,0.4862384170615316,0.9718192191702665,0.6947038573727439,0.6618776089445715,0.7288444253121076,0.3593064395225613,1808,261
CAID3 Disorder-PDB,caid3,disorder_pdb,PUNCH2-Light,DED,literal,0.5,mid_20_30,0.55,0.45274506648005597,0.6408577173428198,0.9718192191702665,0.7609096095851333,0.7110503449237815,0.8066490959555638,0.43671963450793844,1540,261
CAID3 Disorder-PDB,caid3,disorder_pdb,PUNCH2-Light,DED,literal,0.5,long_gt30,0.823150786113749,0.7692795374957196,0.8708063814988831,0.9718192191702665,0.8974850026420078,0.8713209014076604,0.9214451715554527,0.823429420834841,18954,261
CAID3 Disorder-PDB,caid3,disorder_pdb,PUNCH2-Light,DED,calibrated,0.428,short_lt20,0.4778761061946903,0.41026207242626855,0.5459738898141084,0.9661952889396038,0.722035697567147,0.6889441934346886,0.7567846128900988,0.378686941581189,1808,261
CAID3 Disorder-PDB,caid3,disorder_pdb,PUNCH2-Light,DED,calibrated,0.428,mid_20_30,0.5902597402597403,0.4883792028347301,0.6841211962927247,0.9661952889396038,0.778227514599672,0.7274537141478198,0.8254503269353548,0.435501689410796,1540,261
CAID3 Disorder-PDB,caid3,disorder_pdb,PUNCH2-Light,DED,calibrated,0.428,long_gt30,0.8379761527909676,0.7843671210575259,0.8837772733055362,0.9661952889396038,0.9020857208652857,0.8762971383160285,0.9251082364867386,0.8241381647439469,18954,261
CAID3 Disorder-PDB,caid3,disorder_pdb,DisorderUnetLM,DED,literal,0.5,short_lt20,0.49668141592920356,0.4216892795915644,0.5663931148667646,0.9593487651805364,0.7280150905548699,0.6915111549182785,0.7634346068857748,0.36456356424812847,1808,261
CAID3 Disorder-PDB,caid3,disorder_pdb,DisorderUnetLM,DED,literal,0.5,mid_20_30,0.5558441558441558,0.44446312838512436,0.6597088992298058,0.9593487651805364,0.7575964605123461,0.7020759135356741,0.809596059559729,0.3838056172327549,1540,261
CAID3 Disorder-PDB,caid3,disorder_pdb,DisorderUnetLM,DED,literal,0.5,long_gt30,0.6553234145826738,0.5832740762670201,0.7187942043842167,0.9593487651805364,0.8073360898816051,0.770354204478901,0.8400609208076317,0.6743216173717903,18954,261
CAID3 Disorder-PDB,caid3,disorder_pdb,DisorderUnetLM,DED,calibrated,0.097,short_lt20,0.7311946902654868,0.6641430307810009,0.7974404357561149,0.8944494253810417,0.8128220578232642,0.7803269556155901,0.8459880164215752,0.3469239153119955,1808,261
CAID3 Disorder-PDB,caid3,disorder_pdb,DisorderUnetLM,DED,calibrated,0.097,mid_20_30,0.7993506493506494,0.698762561922439,0.8816004315774064,0.8944494253810417,0.8469000373658455,0.7960081508587548,0.8881575602459213,0.35828670720340583,1540,261
CAID3 Disorder-PDB,caid3,disorder_pdb,DisorderUnetLM,DED,calibrated,0.097,long_gt30,0.8844043473673103,0.8411364135017603,0.9218373755363699,0.8944494253810417,0.889426886374176,0.8660971470057471,0.9110425187779773,0.7469709701286508,18954,261
CAID3 Disorder-PDB,caid3,disorder_pdb,LMDisorder,DED,literal,0.5,short_lt20,0.6698008849557522,0.604828239173053,0.7307160355426932,0.9014182084929497,0.7856095467243509,0.751173902779647,0.8176363594571443,0.3267278299652386,1808,261
CAID3 Disorder-PDB,caid3,disorder_pdb,LMDisorder,DED,literal,0.5,mid_20_30,0.7227272727272728,0.6243471705147958,0.8089741740232321,0.9014182084929497,0.8120727406101113,0.764681851558103,0.854396746492714,0.33281441288131325,1540,261
CAID3 Disorder-PDB,caid3,disorder_pdb,LMDisorder,DED,literal,0.5,long_gt30,0.8890999261369632,0.8474706381181945,0.9272882495218396,0.9014182084929497,0.8952590673149565,0.8730838031695289,0.9159039939372539,0.7604822177879846,18954,261
CAID3 Disorder-PDB,caid3,disorder_pdb,LMDisorder,DED,calibrated,0.737,short_lt20,0.5309734513274337,0.4612789818016954,0.5995883468377664,0.938055261227484,0.7345143562774588,0.7000883630851318,0.7677312501562699,0.32261971070069984,1808,261
CAID3 Disorder-PDB,caid3,disorder_pdb,LMDisorder,DED,calibrated,0.737,mid_20_30,0.638961038961039,0.5358139973109518,0.7314422510135095,0.938055261227484,0.7885081500942615,0.7360648785478049,0.8354389836449836,0.3663518242033236,1540,261
CAID3 Disorder-PDB,caid3,disorder_pdb,LMDisorder,DED,calibrated,0.737,long_gt30,0.8502690724912947,0.802392034845421,0.8935779986210045,0.938055261227484,0.8941621668593893,0.8698948655653526,0.9168044927058614,0.7857756978968132,18954,261
CAID3 Disorder-PDB,caid3,disorder_pdb,ESMDisPred-1,DED,literal,0.5,short_lt20,0.2323008849557522,0.16921394210182208,0.3060544030707211,0.9834134811313066,0.6078571830435294,0.5771298873440566,0.6436058906332052,0.2595946003696504,1808,261
CAID3 Disorder-PDB,caid3,disorder_pdb,ESMDisPred-1,DED,literal,0.5,mid_20_30,0.36558441558441557,0.2750957889470538,0.469254035783699,0.9834134811313066,0.6744989483578611,0.6307437454451269,0.724685599129717,0.368464936883961,1540,261
CAID3 Disorder-PDB,caid3,disorder_pdb,ESMDisPred-1,DED,literal,0.5,long_gt30,0.4060884246069431,0.33172848293160806,0.4825159592358398,0.9834134811313066,0.6947509528691248,0.6580463543655106,0.7336550498889552,0.5278086407360328,18954,261
CAID3 Disorder-PDB,caid3,disorder_pdb,ESMDisPred-1,DED,calibrated,0.198,short_lt20,0.6172566371681416,0.5378142169559712,0.6941820369050795,0.8979541934958024,0.757605415331972,0.7175898654453585,0.7959530339545101,0.29312721792403523,1808,261
CAID3 Disorder-PDB,caid3,disorder_pdb,ESMDisPred-1,DED,calibrated,0.198,mid_20_30,0.7058441558441558,0.603716814159292,0.8009924340689352,0.8979541934958024,0.8018991746699791,0.7535049951662052,0.8477613099922527,0.3186526616780697,1540,261
CAID3 Disorder-PDB,caid3,disorder_pdb,ESMDisPred-1,DED,calibrated,0.198,long_gt30,0.8171889838556505,0.7667476677379862,0.8667113072204496,0.8979541934958024,0.8575715886757265,0.8316838071699811,0.8827270070073338,0.6987716125961392,18954,261
CAID3 Disorder-PDB,caid3,disorder_pdb,ESMDisPred-2,DED,literal,0.5,short_lt20,0.24668141592920353,0.18306091095312688,0.31441195252047177,0.9862661993642514,0.6164738076467274,0.5852493648237526,0.6494259822763295,0.29391747553919495,1808,261
CAID3 Disorder-PDB,caid3,disorder_pdb,ESMDisPred-2,DED,literal,0.5,mid_20_30,0.3448051948051948,0.25567528774913195,0.44201342812743655,0.9862661993642514,0.665535697084723,0.6221704771297312,0.7136676777945756,0.3730020784737995,1540,261
CAID3 Disorder-PDB,caid3,disorder_pdb,ESMDisPred-2,DED,literal,0.5,long_gt30,0.41817030705919594,0.34335090022946907,0.49716674039947684,0.9862661993642514,0.7022182532117237,0.6637176680127881,0.7422056951509398,0.545611199791915,18954,261
CAID3 Disorder-PDB,caid3,disorder_pdb,ESMDisPred-2,DED,calibrated,0.21,short_lt20,0.603429203539823,0.525454937913781,0.6844388614417247,0.9112193332789958,0.7573242684094095,0.719815293004677,0.7980371045483099,0.30812429253107015,1808,261
CAID3 Disorder-PDB,caid3,disorder_pdb,ESMDisPred-2,DED,calibrated,0.21,mid_20_30,0.7064935064935065,0.6090902633343562,0.7961064460611352,0.9112193332789958,0.8088564198862511,0.7623957106393275,0.852525409429128,0.342414993722934,1540,261
CAID3 Disorder-PDB,caid3,disorder_pdb,ESMDisPred-2,DED,calibrated,0.21,long_gt30,0.8033660441067848,0.7464313892960536,0.8584198263547518,0.9112193332789958,0.8572926886928903,0.8286082737872486,0.8840324194392715,0.7075538189082842,18954,261
CAID3 Disorder-PDB,caid3,disorder_pdb,UdonPred-DisProt,DED,literal,0.5,short_lt20,0.375,0.3242838471754204,0.42492581444003247,0.9538470943027142,0.6644235471513571,0.639798801897248,0.6884245960543559,0.2607829088876372,1808,261
CAID3 Disorder-PDB,caid3,disorder_pdb,UdonPred-DisProt,DED,literal,0.5,mid_20_30,0.4279220779220779,0.35223423850348273,0.4986248571348925,0.9538470943027142,0.690884586112396,0.6530465587757291,0.7262736312809226,0.28105048806876326,1540,261
CAID3 Disorder-PDB,caid3,disorder_pdb,UdonPred-DisProt,DED,literal,0.5,long_gt30,0.5445288593436741,0.5010789831276202,0.5945291209897228,0.9538470943027142,0.7491879768231942,0.7269867351285222,0.7740057681259644,0.5754014548170047,18954,261
CAID3 Disorder-PDB,caid3,disorder_pdb,UdonPred-DisProt,DED,calibrated,0.197,short_lt20,0.6117256637168141,0.5587709341623783,0.6622468983569599,0.8800839514222838,0.7459048075695489,0.7197982621524622,0.77102053635976,0.26446214954700475,1808,261
CAID3 Disorder-PDB,caid3,disorder_pdb,UdonPred-DisProt,DED,calibrated,0.197,mid_20_30,0.6551948051948052,0.5930336955608626,0.7175025747480973,0.8800839514222838,0.7676393783085445,0.734892223638796,0.7986890001947429,0.2680336360485196,1540,261
CAID3 Disorder-PDB,caid3,disorder_pdb,UdonPred-DisProt,DED,calibrated,0.197,long_gt30,0.7480215257993036,0.7110183821847953,0.7881755124359984,0.8800839514222838,0.8140527386107936,0.7949671367944195,0.8336043521890045,0.6175162383799163,18954,261
CAID3 Disorder-PDB,caid3,disorder_pdb,UdonPred-combined,DED,literal,0.5,short_lt20,0.4706858407079646,0.40380574469044506,0.5345907005415191,0.9491808623359687,0.7099333515219666,0.6764031534607928,0.7423029218904167,0.31363328350237357,1808,261
CAID3 Disorder-PDB,caid3,disorder_pdb,UdonPred-combined,DED,literal,0.5,mid_20_30,0.6012987012987013,0.516479720028715,0.6846754857330023,0.9491808623359687,0.775239781817335,0.7329017523421193,0.8156572347406156,0.3766782036450467,1540,261
CAID3 Disorder-PDB,caid3,disorder_pdb,UdonPred-combined,DED,literal,0.5,long_gt30,0.7456473567584678,0.6999541728475508,0.7930360761630004,0.9491808623359687,0.8474141095472183,0.824500020144036,0.8709099548249913,0.7248719321527299,18954,261
CAID3 Disorder-PDB,caid3,disorder_pdb,UdonPred-combined,DED,calibrated,0.396,short_lt20,0.5652654867256637,0.4970693083782782,0.6293512771670431,0.9230988670633303,0.744182176894497,0.7115581372398343,0.7775609118973946,0.30941704234379463,1808,261
CAID3 Disorder-PDB,caid3,disorder_pdb,UdonPred-combined,DED,calibrated,0.396,mid_20_30,0.6766233766233766,0.5925469255762608,0.7538930946671455,0.9230988670633303,0.7998611218433535,0.7570768783647762,0.8385645749934575,0.35105011391367336,1540,261
CAID3 Disorder-PDB,caid3,disorder_pdb,UdonPred-combined,DED,calibrated,0.396,long_gt30,0.8426189722486018,0.8011194251059199,0.8841600290362802,0.9230988670633303,0.8828589196559661,0.8619929274816918,0.9029466211445414,0.7563435285403161,18954,261
CAID3 Disorder-PDB,caid3,disorder_pdb,DARUMA-beta,DED,literal,0.5,short_lt20,0.3877212389380531,0.31679914070891513,0.45932487435736036,0.9491401092183552,0.6684306740782042,0.6337099876479112,0.7049612057537761,0.2569884798151836,1808,261
CAID3 Disorder-PDB,caid3,disorder_pdb,DARUMA-beta,DED,literal,0.5,mid_20_30,0.5376623376623376,0.42766476379839247,0.6364295448283188,0.9491401092183552,0.7434012234403464,0.6893377629189624,0.7926484515807808,0.33753852155526465,1540,261
CAID3 Disorder-PDB,caid3,disorder_pdb,DARUMA-beta,DED,literal,0.5,long_gt30,0.7310857866413422,0.6750984580379884,0.7810505814255551,0.9491401092183552,0.8401129479298487,0.8136053764380725,0.8642945577357449,0.7136591085217692,18954,261
CAID3 Disorder-PDB,caid3,disorder_pdb,DARUMA-beta,DED,calibrated,0.449,short_lt20,0.43418141592920356,0.36085298453364145,0.5116740819264795,0.9387684407857201,0.6864749283574618,0.649412644447579,0.7247902514633804,0.26295524745307564,1808,261
CAID3 Disorder-PDB,caid3,disorder_pdb,DARUMA-beta,DED,calibrated,0.449,mid_20_30,0.5805194805194805,0.4708615891661751,0.682740444112359,0.9387684407857201,0.7596439606526003,0.7056358673092391,0.809553144782054,0.33449456811651573,1540,261
CAID3 Disorder-PDB,caid3,disorder_pdb,DARUMA-beta,DED,calibrated,0.449,long_gt30,0.7529809011290493,0.70095357915722,0.8005585444020571,0.9387684407857201,0.8458746709573847,0.8199645013071107,0.8695820864840708,0.7124735495301018,18954,261
CAID3 Disorder-PDB,caid3,disorder_pdb,DisoFLAG-IDR,DED,literal,0.5,short_lt20,0.3805309734513274,0.30855838741283703,0.4498711657599592,0.9623644958839351,0.6714477346676313,0.6361756488243971,0.7065970196732526,0.2917513061018878,1808,261
CAID3 Disorder-PDB,caid3,disorder_pdb,DisoFLAG-IDR,DED,literal,0.5,mid_20_30,0.5318181818181819,0.42354533985661097,0.6360539996599494,0.9623644958839351,0.7470913388510585,0.6928873062450011,0.7992608130695932,0.37997767343840944,1540,261
CAID3 Disorder-PDB,caid3,disorder_pdb,DisoFLAG-IDR,DED,literal,0.5,long_gt30,0.6398121768492139,0.5754242574966053,0.702205232502032,0.9623644958839351,0.8010883363665745,0.7688783335064151,0.8320206487164393,0.668231004818246,18954,261
CAID3 Disorder-PDB,caid3,disorder_pdb,DisoFLAG-IDR,DED,calibrated,0.307,short_lt20,0.584070796460177,0.5038262890067403,0.6616533379150916,0.8925747819708207,0.7383227892154989,0.6989751797253607,0.7753149627389869,0.2673886864412696,1808,261
CAID3 Disorder-PDB,caid3,disorder_pdb,DisoFLAG-IDR,DED,calibrated,0.307,mid_20_30,0.7357142857142858,0.6386409594095942,0.8179823903803048,0.8925747819708207,0.8141445338425533,0.7670160984145231,0.8547441196893008,0.32458594184518974,1540,261
CAID3 Disorder-PDB,caid3,disorder_pdb,DisoFLAG-IDR,DED,calibrated,0.307,long_gt30,0.8217262846892477,0.7768099597146008,0.862248139513021,0.8925747819708207,0.8571505333300342,0.8357427635756793,0.8771681426297074,0.6946271548902653,18954,261
CAID3 Disorder-PDB,caid3,disorder_pdb,s2D-2,DED,literal,0.5,short_lt20,0.7616150442477876,0.7078290822491403,0.8135054827009254,0.6691865677724346,0.7154008060101111,0.6903676056421372,0.7404830949928254,0.16763601162752448,1808,261
CAID3 Disorder-PDB,caid3,disorder_pdb,s2D-2,DED,literal,0.5,mid_20_30,0.727922077922078,0.6638925394029715,0.7893696288075386,0.6691865677724346,0.6985543228472563,0.6668383490172759,0.7276361117682885,0.14368728494128083,1540,261
CAID3 Disorder-PDB,caid3,disorder_pdb,s2D-2,DED,literal,0.5,long_gt30,0.7299250817769336,0.671821914087902,0.7847876498734373,0.6691865677724346,0.699555824774684,0.6699706379109251,0.7289951168323807,0.36028784081588205,18954,261
CAID3 Disorder-PDB,caid3,disorder_pdb,s2D-2,DED,calibrated,0.533,short_lt20,0.6946902654867256,0.640563974413022,0.7480972440891446,0.7327818078082974,0.7137360366475115,0.6882345067074994,0.7401829972716766,0.17578566241133364,1808,261
CAID3 Disorder-PDB,caid3,disorder_pdb,s2D-2,DED,calibrated,0.533,mid_20_30,0.6493506493506493,0.5783034550952244,0.7182500085097693,0.7327818078082974,0.6910662285794733,0.6567807630209102,0.7255175630330991,0.14636103746574894,1540,261
CAID3 Disorder-PDB,caid3,disorder_pdb,s2D-2,DED,calibrated,0.533,long_gt30,0.6656114804262953,0.6081708222463773,0.722674879827231,0.7327818078082974,0.6991966441172963,0.668839205308562,0.729276636067253,0.36830443919538663,18954,261
CAID3 Disorder-NOX,caid3,disorder_nox,AlphaFold-pLDDT,AF,literal,0.5,short_lt20,0.2504145936981758,0.15801057383865985,0.3519933604025626,0.8352992893252252,0.5428569415117005,0.49108622179660005,0.596599200944168,0.02755311998897487,603,161
CAID3 Disorder-NOX,caid3,disorder_nox,AlphaFold-pLDDT,AF,literal,0.5,mid_20_30,0.4276401564537158,0.3057487712065959,0.557952592736874,0.8352992893252252,0.6314697228894706,0.5650075084962498,0.696565296933345,0.09414383048671839,767,161
CAID3 Disorder-NOX,caid3,disorder_nox,AlphaFold-pLDDT,AF,literal,0.5,long_gt30,0.6078051145315719,0.5542109272126988,0.660165930626375,0.8352992893252252,0.7215522019283986,0.6887097803254287,0.7518759149704772,0.4409641689842216,16502,161
CAID3 Disorder-NOX,caid3,disorder_nox,AlphaFold-pLDDT,AF,calibrated,0.272,short_lt20,0.5870646766169154,0.46532544735203746,0.709708211143695,0.7446210955625565,0.665842886089736,0.5997449423589422,0.7292318224133205,0.09041047309806806,603,161
CAID3 Disorder-NOX,caid3,disorder_nox,AlphaFold-pLDDT,AF,calibrated,0.272,mid_20_30,0.7262059973924381,0.5961244113029828,0.8515044789333889,0.7446210955625565,0.7354135464774973,0.6649705384156603,0.8037331932715517,0.14349225083771827,767,161
CAID3 Disorder-NOX,caid3,disorder_nox,AlphaFold-pLDDT,AF,calibrated,0.272,long_gt30,0.8463822566961581,0.8077572871748225,0.8811718574051051,0.7446210955625565,0.7955016761293573,0.7676439855088163,0.8218763074280387,0.5409280108990352,16502,161
CAID3 Disorder-NOX,caid3,disorder_nox,AlphaFold-rsa,AF,literal,0.5,short_lt20,0.6069651741293532,0.466065212477396,0.7552107983136135,0.6792194788384985,0.6430923264839259,0.5709517722225157,0.7170424317222882,0.07307593501054471,603,161
CAID3 Disorder-NOX,caid3,disorder_nox,AlphaFold-rsa,AF,literal,0.5,mid_20_30,0.8279009126466753,0.693555659554163,0.9389376084423481,0.6792194788384985,0.7535601957425869,0.6878781400655247,0.8138396607579275,0.14488003552732456,767,161
CAID3 Disorder-NOX,caid3,disorder_nox,AlphaFold-rsa,AF,literal,0.5,long_gt30,0.9348563810447219,0.9015924263097548,0.9643041656949812,0.6792194788384985,0.8070379299416102,0.7767088000356728,0.8375134483928224,0.5557197511302105,16502,161
CAID3 Disorder-NOX,caid3,disorder_nox,AlphaFold-rsa,AF,calibrated,0.583,short_lt20,0.48258706467661694,0.3537725514109088,0.6302319004524887,0.7591276528194983,0.6208573587480577,0.552814630553824,0.6985193660629802,0.06726932270563393,603,161
CAID3 Disorder-NOX,caid3,disorder_nox,AlphaFold-rsa,AF,calibrated,0.583,mid_20_30,0.6792698826597132,0.5250238759722826,0.8203490034922929,0.7591276528194983,0.7191987677396058,0.6416759440043419,0.7919077183516056,0.1362116623215594,767,161
CAID3 Disorder-NOX,caid3,disorder_nox,AlphaFold-rsa,AF,calibrated,0.583,long_gt30,0.8683795903526845,0.8295035968150172,0.9057931565528026,0.7591276528194983,0.8137536215860914,0.7868047982495744,0.8426715567995982,0.5750666872619812,16502,161
CAID3 Disorder-NOX,caid3,disorder_nox,AlphaFold3-pLDDT,AF,literal,0.5,short_lt20,0.24212271973466004,0.1369844050271254,0.35550471898745817,0.8432608005470487,0.5426917601408543,0.4855115433443721,0.5977715970867705,0.027997053332959772,603,161
CAID3 Disorder-NOX,caid3,disorder_nox,AlphaFold3-pLDDT,AF,literal,0.5,mid_20_30,0.4784876140808344,0.347631971243433,0.6113802139314916,0.8432608005470487,0.6608742073139415,0.5921091523619137,0.7322147552092163,0.11712703237330055,767,161
CAID3 Disorder-NOX,caid3,disorder_nox,AlphaFold3-pLDDT,AF,literal,0.5,long_gt30,0.5607199127378499,0.48486829391146685,0.6307345903299627,0.8432608005470487,0.7019903566424492,0.6634088931816169,0.7386280790356039,0.4104098629820689,16502,161
CAID3 Disorder-NOX,caid3,disorder_nox,AlphaFold3-pLDDT,AF,calibrated,0.202,short_lt20,0.6616915422885572,0.5342594050307959,0.7837852590581849,0.7239846631010819,0.6928381026948196,0.6273794587069742,0.7588686081119682,0.10254539520665215,603,161
CAID3 Disorder-NOX,caid3,disorder_nox,AlphaFold3-pLDDT,AF,calibrated,0.202,mid_20_30,0.7953063885267275,0.670208569368627,0.9165422187676783,0.7239846631010819,0.7596455258139048,0.6866757325778093,0.8276908132945547,0.154455905404996,767,161
CAID3 Disorder-NOX,caid3,disorder_nox,AlphaFold3-pLDDT,AF,calibrated,0.202,long_gt30,0.8595321779178281,0.8243113485652176,0.8901420596875179,0.7239846631010819,0.791758420509455,0.7654834929918388,0.8180243243024805,0.5314447531295136,16502,161
CAID3 Disorder-NOX,caid3,disorder_nox,AlphaFold3-rsa,AF,literal,0.5,short_lt20,0.615257048092869,0.48032471446871267,0.7691366056515468,0.6805138349573839,0.6478854415251265,0.576928275722659,0.725451157875707,0.07559369454389789,603,161
CAID3 Disorder-NOX,caid3,disorder_nox,AlphaFold3-rsa,AF,literal,0.5,mid_20_30,0.8500651890482399,0.7243396332672554,0.9541960714169567,0.6805138349573839,0.7652895120028119,0.700447386941708,0.8240026737286021,0.15168283114381884,767,161
CAID3 Disorder-NOX,caid3,disorder_nox,AlphaFold3-rsa,AF,literal,0.5,long_gt30,0.9304326748272936,0.8962136836462237,0.9591469239973885,0.6805138349573839,0.8054732548923388,0.7754182727807385,0.8366578115893509,0.5529068264285539,16502,161
CAID3 Disorder-NOX,caid3,disorder_nox,AlphaFold3-rsa,AF,calibrated,0.497,short_lt20,0.6202321724709784,0.48562656377283836,0.7722307460890494,0.6783158717366352,0.6492740221038068,0.5792109954297883,0.7268166852733281,0.07616726488385832,603,161
CAID3 Disorder-NOX,caid3,disorder_nox,AlphaFold3-rsa,AF,calibrated,0.497,mid_20_30,0.8526727509778357,0.7292866346363834,0.9561859253762527,0.6783158717366352,0.7654943113572354,0.7006526970941146,0.8235868876666241,0.15154338395214845,767,161
CAID3 Disorder-NOX,caid3,disorder_nox,AlphaFold3-rsa,AF,calibrated,0.497,long_gt30,0.9327354260089686,0.899821406789947,0.9607478044970122,0.6783158717366352,0.805525648872802,0.7755906057705131,0.8363331480553612,0.5529823990132279,16502,161
CAID3 Disorder-NOX,caid3,disorder_nox,AIUPred,DED,literal,0.5,short_lt20,0.648424543946932,0.4880869130869131,0.7921326314810941,0.6286174811341491,0.6385210125405405,0.5534152035617056,0.7106918522649766,0.06842195502320308,603,161
CAID3 Disorder-NOX,caid3,disorder_nox,AIUPred,DED,literal,0.5,mid_20_30,0.7848761408083442,0.6466833166833167,0.896773452875574,0.6286174811341491,0.7067468109712467,0.636312445063381,0.76728014032245,0.114507397231946,767,161
CAID3 Disorder-NOX,caid3,disorder_nox,AIUPred,DED,literal,0.5,long_gt30,0.8638952854199491,0.8200749681677962,0.9041021400306566,0.6286174811341491,0.746256383277049,0.7155107452865929,0.7758610416148597,0.4458491369494033,16502,161
CAID3 Disorder-NOX,caid3,disorder_nox,AIUPred,DED,calibrated,0.691,short_lt20,0.43449419568822556,0.30689040044297905,0.575243822151453,0.7954673114025448,0.6149807535453852,0.5458263985623942,0.6849343997042681,0.06777345903767776,603,161
CAID3 Disorder-NOX,caid3,disorder_nox,AIUPred,DED,calibrated,0.691,mid_20_30,0.529335071707953,0.3762182025060745,0.6907666311078847,0.7954673114025448,0.6624011915552489,0.5813440082006402,0.741993197804709,0.10703856979778084,767,161
CAID3 Disorder-NOX,caid3,disorder_nox,AIUPred,DED,calibrated,0.691,long_gt30,0.7362743909829111,0.6777083175946211,0.7906355474629253,0.7954673114025448,0.7658708511927279,0.732762029073898,0.797225353129065,0.5020929266880592,16502,161
CAID3 Disorder-NOX,caid3,disorder_nox,AIUPred-2-disorder,DED,literal,0.5,short_lt20,0.6583747927031509,0.5161655798789009,0.7896913658701915,0.6735536180916795,0.6659642053974152,0.5916435228904955,0.7342989458705937,0.08433906446569182,603,161
CAID3 Disorder-NOX,caid3,disorder_nox,AIUPred-2-disorder,DED,literal,0.5,mid_20_30,0.6779661016949152,0.5376761817148429,0.8177755902268645,0.6735536180916795,0.6757598598932973,0.6057046123599557,0.7481946588821091,0.10021229491843313,767,161
CAID3 Disorder-NOX,caid3,disorder_nox,AIUPred-2-disorder,DED,literal,0.5,long_gt30,0.880862925705975,0.8295429790696165,0.9237496035885285,0.6735536180916795,0.7772082718988272,0.741560747236561,0.8096447457471188,0.5019271875916318,16502,161
CAID3 Disorder-NOX,caid3,disorder_nox,AIUPred-2-disorder,DED,calibrated,0.57,short_lt20,0.4593698175787728,0.31577084303679553,0.6066104805873489,0.7615942559894497,0.6104820367841113,0.5376151414249772,0.682542319149493,0.06173266815388894,603,161
CAID3 Disorder-NOX,caid3,disorder_nox,AIUPred-2-disorder,DED,calibrated,0.57,mid_20_30,0.5710560625814863,0.4250577426749015,0.716851222167539,0.7615942559894497,0.666325159285468,0.5887129169560736,0.7467070195838157,0.10397880423235427,767,161
CAID3 Disorder-NOX,caid3,disorder_nox,AIUPred-2-disorder,DED,calibrated,0.57,long_gt30,0.8246879166161677,0.7703047800372473,0.870422220289061,0.7615942559894497,0.7931410863028088,0.7578746369265909,0.8245279902046951,0.5400206001987459,16502,161
CAID3 Disorder-NOX,caid3,disorder_nox,IUPred3,DED,literal,0.5,short_lt20,0.37645107794361526,0.2577832512315271,0.5025914417192465,0.7946125479278091,0.5855318129357122,0.5193144618227283,0.6479501747707724,0.05041527944177807,603,161
CAID3 Disorder-NOX,caid3,disorder_nox,IUPred3,DED,literal,0.5,mid_20_30,0.4589308996088657,0.312578134788601,0.6045079365079363,0.7946125479278091,0.6267717237683375,0.5522772436516712,0.6991041657145081,0.08362162515336963,767,161
CAID3 Disorder-NOX,caid3,disorder_nox,IUPred3,DED,literal,0.5,long_gt30,0.6919161313780148,0.6325144292303623,0.7473717540193815,0.7946125479278091,0.7432643396529119,0.7061777052063044,0.7759189967190474,0.4630556189196984,16502,161
CAID3 Disorder-NOX,caid3,disorder_nox,IUPred3,DED,calibrated,0.478,short_lt20,0.417910447761194,0.29401177755828917,0.5442619795635877,0.7711676069064889,0.5945390273338415,0.5259924332414172,0.6583074812010292,0.05360339440886388,603,161
CAID3 Disorder-NOX,caid3,disorder_nox,IUPred3,DED,calibrated,0.478,mid_20_30,0.4876140808344198,0.3460745296671491,0.6313887131913697,0.7711676069064889,0.6293908438704543,0.5552270031796895,0.7002237912109169,0.08216792340804233,767,161
CAID3 Disorder-NOX,caid3,disorder_nox,IUPred3,DED,calibrated,0.478,long_gt30,0.7246394376439219,0.6678929072265496,0.7790625077375807,0.7711676069064889,0.7479035222752054,0.7109865337465429,0.7809229257550614,0.4643410510377297,16502,161
CAID3 Disorder-NOX,caid3,disorder_nox,ESpritz-D,DED,literal,0.5,short_lt20,0.25207296849087896,0.13558286865787003,0.3910076082715567,0.9057073778298776,0.5788901731603783,0.521961719581335,0.647424676867849,0.06387902006755711,603,161
CAID3 Disorder-NOX,caid3,disorder_nox,ESpritz-D,DED,literal,0.5,mid_20_30,0.29726205997392435,0.16647079783537527,0.45555844904300136,0.9057073778298776,0.601484718901901,0.5372312333489089,0.6755477420700619,0.0917049050259345,767,161
CAID3 Disorder-NOX,caid3,disorder_nox,ESpritz-D,DED,literal,0.5,long_gt30,0.4195249060719913,0.32856840770480156,0.5041581327031831,0.9057073778298776,0.6626161419509344,0.6197894410736141,0.7024796837357458,0.37686639199976535,16502,161
CAID3 Disorder-NOX,caid3,disorder_nox,ESpritz-D,DED,calibrated,0.341,short_lt20,0.4842454394693201,0.3218478549230653,0.6506473701440418,0.7766869367719247,0.6304661881206224,0.5533745977863231,0.7140822425419485,0.0744828870295306,603,161
CAID3 Disorder-NOX,caid3,disorder_nox,ESpritz-D,DED,calibrated,0.341,mid_20_30,0.6245110821382008,0.4628794292197591,0.7849177141964928,0.7766869367719247,0.7005990094550627,0.6200853709985368,0.7812726698179911,0.12794421024498567,767,161
CAID3 Disorder-NOX,caid3,disorder_nox,ESpritz-D,DED,calibrated,0.341,long_gt30,0.6905829596412556,0.6113632721114084,0.7624600324283193,0.7766869367719247,0.7336349482065901,0.6929910726663159,0.771519673228347,0.44114440898570434,16502,161
CAID3 Disorder-NOX,caid3,disorder_nox,ESpritz-N,DED,literal,0.5,short_lt20,0.4046434494195688,0.28907268837695943,0.533184665701222,0.8403546047329474,0.6224990270762581,0.5604458119017685,0.687506841024679,0.07928469561274575,603,161
CAID3 Disorder-NOX,caid3,disorder_nox,ESpritz-N,DED,literal,0.5,mid_20_30,0.42633637548891784,0.2809710494571773,0.5589918774561354,0.8403546047329474,0.6333454901109327,0.5588201625353822,0.705612250906971,0.09663334770112586,767,161
CAID3 Disorder-NOX,caid3,disorder_nox,ESpritz-N,DED,literal,0.5,long_gt30,0.580050902920858,0.5236950025753394,0.6345425716156562,0.8403546047329474,0.7102027538269027,0.6770091093076014,0.7399527296530839,0.42347541835381924,16502,161
CAID3 Disorder-NOX,caid3,disorder_nox,ESpritz-N,DED,calibrated,0.434,short_lt20,0.46434494195688225,0.3487293081494058,0.5947252335370776,0.8109751630156056,0.6376600524862439,0.5733336163121611,0.7021193282219482,0.08342643122091416,603,161
CAID3 Disorder-NOX,caid3,disorder_nox,ESpritz-N,DED,calibrated,0.434,mid_20_30,0.48891786179921776,0.34857452057345,0.6124199704026793,0.8109751630156056,0.6499465124074116,0.5787192317489817,0.7167242772935452,0.10178122015850989,767,161
CAID3 Disorder-NOX,caid3,disorder_nox,ESpritz-N,DED,calibrated,0.434,long_gt30,0.6330747788146891,0.5766755567193934,0.6869329372231534,0.8109751630156056,0.7220249709151474,0.6878419703203171,0.7522360351340278,0.43196087315992215,16502,161
CAID3 Disorder-NOX,caid3,disorder_nox,ESpritz-X,DED,literal,0.5,short_lt20,0.17744610281923714,0.08332275803722504,0.2923896015465783,0.9246587051554448,0.551052403987341,0.5041604859539826,0.6080609558666042,0.0458518089805908,603,161
CAID3 Disorder-NOX,caid3,disorder_nox,ESpritz-X,DED,literal,0.5,mid_20_30,0.23468057366362452,0.1350790906242432,0.3496969266351751,0.9246587051554448,0.5796696394095346,0.5267128606151023,0.6410023539926576,0.0796980060735198,767,161
CAID3 Disorder-NOX,caid3,disorder_nox,ESpritz-X,DED,literal,0.5,long_gt30,0.2781481032602109,0.22738736265031695,0.33320043651798414,0.9246587051554448,0.6014034042078278,0.5741632655207153,0.6284564518973231,0.2697251246103154,16502,161
CAID3 Disorder-NOX,caid3,disorder_nox,ESpritz-X,DED,calibrated,0.105,short_lt20,0.5406301824212272,0.4134216655022125,0.6715833256627393,0.7959069040466945,0.6682685432339608,0.6000843326901925,0.7329018077190684,0.09898917345003123,603,161
CAID3 Disorder-NOX,caid3,disorder_nox,ESpritz-X,DED,calibrated,0.105,mid_20_30,0.6153846153846154,0.4742829059885066,0.7515240279725728,0.7959069040466945,0.7056457597156549,0.6334989691107432,0.776536051435112,0.13527071931545073,767,161
CAID3 Disorder-NOX,caid3,disorder_nox,ESpritz-X,DED,calibrated,0.105,long_gt30,0.6600412071264089,0.6053260448299833,0.7146977956252982,0.7959069040466945,0.7279740555865517,0.693848253760152,0.7584049565417308,0.4370780419689059,16502,161
CAID3 Disorder-NOX,caid3,disorder_nox,MobiDB-lite,DED,literal,0.5,short_lt20,0.4461028192371476,0.32799460661520374,0.5784917758224177,0.83476200942682,0.6404324143319838,0.5803261747386981,0.7087496211891212,0.08956350243476205,603,161
CAID3 Disorder-NOX,caid3,disorder_nox,MobiDB-lite,DED,literal,0.5,mid_20_30,0.5071707953063885,0.3730183344643666,0.6387554734537493,0.83476200942682,0.6709664023666042,0.6066040685610583,0.7400486566040744,0.1218608188828418,767,161
CAID3 Disorder-NOX,caid3,disorder_nox,MobiDB-lite,DED,literal,0.5,long_gt30,0.61683432311235,0.5575048162083682,0.6727880245552317,0.83476200942682,0.7257981662695849,0.6893251484359031,0.7563941508962247,0.4480845794241441,16502,161
CAID3 Disorder-NOX,caid3,disorder_nox,MobiDB-lite,DED,calibrated,0.286,short_lt20,0.5422885572139303,0.4360194888766317,0.6608877879156216,0.7833052482477348,0.6627969027308326,0.6050673254390702,0.719421682390947,0.09378098239132142,603,161
CAID3 Disorder-NOX,caid3,disorder_nox,MobiDB-lite,DED,calibrated,0.286,mid_20_30,0.5893089960886571,0.4626614708984008,0.7163656110564655,0.7833052482477348,0.686307122168196,0.6198686328926416,0.7531069597332037,0.12015586917397526,767,161
CAID3 Disorder-NOX,caid3,disorder_nox,MobiDB-lite,DED,calibrated,0.286,long_gt30,0.7023997091261666,0.6451850086826723,0.7530217224516548,0.7833052482477348,0.7428524786869507,0.7058761040240729,0.7727111903751187,0.458927198079386,16502,161
CAID3 Disorder-NOX,caid3,disorder_nox,flDPnn,DED,literal,0.5,short_lt20,0.2570480928689884,0.14352012383900928,0.388101273409296,0.9333284489706205,0.5951882709198044,0.5384812447303977,0.6575312377156232,0.08956765789057948,603,161
CAID3 Disorder-NOX,caid3,disorder_nox,flDPnn,DED,literal,0.5,mid_20_30,0.37157757496740546,0.24390243902439024,0.5126249102810371,0.9333284489706205,0.652453011969013,0.5856090254429258,0.722517559735079,0.15819079231281927,767,161
CAID3 Disorder-NOX,caid3,disorder_nox,flDPnn,DED,literal,0.5,long_gt30,0.3763786207732396,0.3086567344502405,0.4530187299071557,0.9333284489706205,0.65485353487193,0.621185197850475,0.6904019057448458,0.3865722925974904,16502,161
CAID3 Disorder-NOX,caid3,disorder_nox,flDPnn,DED,calibrated,0.21,short_lt20,0.6567164179104478,0.5249723451327434,0.7829079861111111,0.7789337436198012,0.7178250807651245,0.6524994628635138,0.7773956082049214,0.12430013267677126,603,161
CAID3 Disorder-NOX,caid3,disorder_nox,flDPnn,DED,calibrated,0.21,mid_20_30,0.6792698826597132,0.5345840254528793,0.8220699838376045,0.7789337436198012,0.7291018131397572,0.6553735237290097,0.7974994134891316,0.14639071308501025,767,161
CAID3 Disorder-NOX,caid3,disorder_nox,flDPnn,DED,calibrated,0.21,long_gt30,0.7591807053690461,0.7043484573968753,0.8138076003540191,0.7789337436198012,0.7690572244944236,0.7345721431674271,0.8001599295481778,0.5027691650404348,16502,161
CAID3 Disorder-NOX,caid3,disorder_nox,flDPnn2,DED,literal,0.5,short_lt20,0.2902155887230514,0.17793798459107557,0.4326150565161205,0.9399223386328669,0.6150689636779592,0.5593921727350488,0.6842704898836178,0.11292993303776563,603,161
CAID3 Disorder-NOX,caid3,disorder_nox,flDPnn2,DED,literal,0.5,mid_20_30,0.4680573663624511,0.3258370054797639,0.6210856807789995,0.9399223386328669,0.703989852497659,0.6307453556350902,0.7786663617520763,0.21834983091968124,767,161
CAID3 Disorder-NOX,caid3,disorder_nox,flDPnn2,DED,literal,0.5,long_gt30,0.3890437522724518,0.3117486672618555,0.4679426761359211,0.9399223386328669,0.6644830454526593,0.6253890236269095,0.7030252906129124,0.4117602377542854,16502,161
CAID3 Disorder-NOX,caid3,disorder_nox,flDPnn2,DED,calibrated,0.27,short_lt20,0.5555555555555556,0.3957272712842789,0.7251643970065023,0.8028182772852712,0.6791869164204134,0.6019074967108771,0.7621330827906401,0.10667214085534218,603,161
CAID3 Disorder-NOX,caid3,disorder_nox,flDPnn2,DED,calibrated,0.27,mid_20_30,0.6988265971316818,0.5488845753243063,0.8531755964300016,0.8028182772852712,0.7508224372084765,0.6737498075438605,0.8267294923762765,0.16651880785201295,767,161
CAID3 Disorder-NOX,caid3,disorder_nox,flDPnn2,DED,calibrated,0.27,long_gt30,0.7406374984850321,0.6751276127673931,0.8030910473600559,0.8028182772852712,0.7717278878851517,0.7348642935347293,0.8044360959359849,0.5144478700591217,16502,161
CAID3 Disorder-NOX,caid3,disorder_nox,flDPnn3a,DED,literal,0.5,short_lt20,0.6749585406301825,0.5530396702296254,0.8033208347866527,0.7951498278262144,0.7350541842281983,0.6772217827074093,0.7960017615754655,0.1376293182894642,603,161
CAID3 Disorder-NOX,caid3,disorder_nox,flDPnn3a,DED,literal,0.5,mid_20_30,0.7640156453715776,0.6344364043278857,0.8734200761000602,0.7951498278262144,0.779582736598896,0.7082175652773725,0.8373891690514088,0.18281705274496068,767,161
CAID3 Disorder-NOX,caid3,disorder_nox,flDPnn3a,DED,literal,0.5,long_gt30,0.7988728638952854,0.7309830636179429,0.8664816106835246,0.7951498278262144,0.79701134586075,0.7624352090012642,0.8298425932907515,0.5550512931975679,16502,161
CAID3 Disorder-NOX,caid3,disorder_nox,flDPnn3a,DED,calibrated,0.462,short_lt20,0.7197346600331676,0.5966330029769755,0.84134547225185,0.7477959313258603,0.733765295679514,0.6759931155371594,0.7915798500038863,0.1276308394283368,603,161
CAID3 Disorder-NOX,caid3,disorder_nox,flDPnn3a,DED,calibrated,0.462,mid_20_30,0.8292046936114733,0.7173175954246614,0.9221076571942908,0.7477959313258603,0.7885003124686668,0.7275310769478301,0.8385150277234853,0.1761127023183998,767,161
CAID3 Disorder-NOX,caid3,disorder_nox,flDPnn3a,DED,calibrated,0.462,long_gt30,0.8768028117803902,0.8277002395861915,0.9195022599517899,0.7477959313258603,0.8122993715531253,0.7824583753399971,0.838615370231355,0.5705951601252796,16502,161
CAID3 Disorder-NOX,caid3,disorder_nox,flDPnn3b,DED,literal,0.5,short_lt20,0.23714759535655058,0.12279004645834658,0.36427729027404354,0.9503016093975138,0.5937246023770322,0.5395292785222935,0.6575142703511617,0.10058439931362068,603,161
CAID3 Disorder-NOX,caid3,disorder_nox,flDPnn3b,DED,literal,0.5,mid_20_30,0.242503259452412,0.11870947368421053,0.3825573907998133,0.9503016093975138,0.5964024344249629,0.5334711488662275,0.6638706893233306,0.11536986412773514,767,161
CAID3 Disorder-NOX,caid3,disorder_nox,flDPnn3b,DED,literal,0.5,long_gt30,0.31784026178645014,0.2250787942725463,0.41853369340873486,0.9503016093975138,0.634070935591982,0.5896480241250566,0.6790839504527211,0.364720823211348,16502,161
CAID3 Disorder-NOX,caid3,disorder_nox,flDPnn3b,DED,calibrated,0.245,short_lt20,0.6633499170812603,0.5335424119751458,0.7908963942164827,0.771338559601436,0.7173442383413482,0.653898902801171,0.7818212767151663,0.12261155834240954,603,161
CAID3 Disorder-NOX,caid3,disorder_nox,flDPnn3b,DED,calibrated,0.245,mid_20_30,0.757496740547588,0.6321673404292121,0.880628792848942,0.771338559601436,0.764417650074512,0.6980283158257398,0.8247583047053774,0.1667400770746348,767,161
CAID3 Disorder-NOX,caid3,disorder_nox,flDPnn3b,DED,calibrated,0.245,long_gt30,0.7812386377408799,0.6933022893737997,0.851725870300376,0.771338559601436,0.776288598671158,0.7303301547739405,0.81260088438621,0.5132443543028048,16502,161
CAID3 Disorder-NOX,caid3,disorder_nox,DISOPRED3-diso,DED,literal,0.5,short_lt20,0.3814262023217247,0.25561902783547985,0.5023229266220665,0.7876767528756685,0.5845514775986966,0.5186116317756785,0.6483716034531519,0.049244666527080094,603,161
CAID3 Disorder-NOX,caid3,disorder_nox,DISOPRED3-diso,DED,literal,0.5,mid_20_30,0.47979139504563234,0.3479805726652683,0.6240719947931743,0.7876767528756685,0.6337340739606504,0.5629064483364505,0.706932027335581,0.08713926126613106,767,161
CAID3 Disorder-NOX,caid3,disorder_nox,DISOPRED3-diso,DED,literal,0.5,long_gt30,0.711004726699794,0.6551758993091145,0.7628016120553246,0.7876767528756685,0.7493407397877312,0.7139725193794164,0.7827404102751201,0.4713791210783217,16502,161
CAID3 Disorder-NOX,caid3,disorder_nox,DISOPRED3-diso,DED,calibrated,0.37,short_lt20,0.43449419568822556,0.3096597363626621,0.5636737110584805,0.751972061445283,0.5932331285667543,0.525109668264966,0.6576326156752136,0.05144868351270104,603,161
CAID3 Disorder-NOX,caid3,disorder_nox,DISOPRED3-diso,DED,calibrated,0.37,mid_20_30,0.5580182529335072,0.4229228912408636,0.6988153088183754,0.751972061445283,0.654995157189395,0.5830696518617707,0.7271555096648794,0.09570670726649785,767,161
CAID3 Disorder-NOX,caid3,disorder_nox,DISOPRED3-diso,DED,calibrated,0.37,long_gt30,0.7714216458611077,0.7202170235910517,0.8187740630733402,0.751972061445283,0.7616968536531954,0.726936598435591,0.7944893311575719,0.4837457583817307,16502,161
CAID3 Disorder-NOX,caid3,disorder_nox,SETH-0,DED,literal,0.5,short_lt20,0.3913764510779436,0.26775972716271224,0.5282826698604615,0.8161037438640193,0.6037400974709815,0.5355127330193823,0.6754442229351066,0.06364907849611959,603,161
CAID3 Disorder-NOX,caid3,disorder_nox,SETH-0,DED,literal,0.5,mid_20_30,0.5567144719687093,0.43090644992818905,0.6886143976915747,0.8161037438640193,0.6864091079163643,0.6238507452586066,0.7560963767482219,0.12748211177937185,767,161
CAID3 Disorder-NOX,caid3,disorder_nox,SETH-0,DED,literal,0.5,long_gt30,0.7453641982789965,0.6955909831439131,0.7896985297242273,0.8161037438640193,0.7807339710715079,0.7480169814392577,0.8114237343531002,0.53436661786057,16502,161
CAID3 Disorder-NOX,caid3,disorder_nox,SETH-0,DED,calibrated,0.383,short_lt20,0.5804311774461028,0.4525086831079095,0.7019560795114457,0.7519964832588468,0.6662138303524748,0.5959582563637363,0.732212467822871,0.09146880248760317,603,161
CAID3 Disorder-NOX,caid3,disorder_nox,SETH-0,DED,calibrated,0.383,mid_20_30,0.7614080834419817,0.6661465920330906,0.85623595307445,0.7519964832588468,0.7567022833504142,0.7073705102188467,0.8049525368172435,0.1577541797614191,767,161
CAID3 Disorder-NOX,caid3,disorder_nox,SETH-0,DED,calibrated,0.383,long_gt30,0.8712883286874318,0.8282356048133733,0.9065006469615382,0.7519964832588468,0.8116424059731393,0.7800056532981239,0.8400306380012529,0.570147236479037,16502,161
CAID3 Disorder-NOX,caid3,disorder_nox,SETH-1,DED,literal,0.5,short_lt20,0.4709784411276949,0.34773985465828366,0.6035762602032696,0.8056756294722446,0.6383270352999697,0.5709750695191863,0.7089222462025079,0.08297285055307342,603,161
CAID3 Disorder-NOX,caid3,disorder_nox,SETH-1,DED,literal,0.5,mid_20_30,0.6049543676662321,0.4968300994924945,0.7192695231407987,0.8056756294722446,0.7053149985692384,0.6487082279690832,0.7630267713950353,0.13743618748384856,767,161
CAID3 Disorder-NOX,caid3,disorder_nox,SETH-1,DED,literal,0.5,long_gt30,0.7608168706823415,0.7124981114331979,0.8046095133318114,0.8056756294722446,0.783246250077293,0.7525856350856708,0.8128694783672976,0.534981404506681,16502,161
CAID3 Disorder-NOX,caid3,disorder_nox,SETH-1,DED,calibrated,0.396,short_lt20,0.6202321724709784,0.5098658511513158,0.73456919019547,0.7512638288519305,0.6857480006614545,0.624522676400075,0.7465738704985999,0.10204568700911469,603,161
CAID3 Disorder-NOX,caid3,disorder_nox,SETH-1,DED,calibrated,0.396,mid_20_30,0.7366362451108214,0.6453956291400653,0.8308284497506643,0.7512638288519305,0.743950036981376,0.6955189503526262,0.790767119343505,0.14986728809159652,767,161
CAID3 Disorder-NOX,caid3,disorder_nox,SETH-1,DED,calibrated,0.396,long_gt30,0.8428069324930312,0.7981338493957838,0.881134460970329,0.7512638288519305,0.7970353806724808,0.7668750444900941,0.8245974169041613,0.5447347623837598,16502,161
CAID3 Disorder-NOX,caid3,disorder_nox,VSL2,DED,literal,0.5,short_lt20,0.6915422885572139,0.5756196919112048,0.8069409119811064,0.5966493271790363,0.6440958078681251,0.5836901914197186,0.7032566088368883,0.07014012332856542,603,161
CAID3 Disorder-NOX,caid3,disorder_nox,VSL2,DED,literal,0.5,mid_20_30,0.7522816166883963,0.6216184062130368,0.8724603395166244,0.5966493271790363,0.6744654719337163,0.6045382549593119,0.7378609504511375,0.0953204800934823,767,161
CAID3 Disorder-NOX,caid3,disorder_nox,VSL2,DED,literal,0.5,long_gt30,0.8638952854199491,0.8306079304618463,0.8938846820448667,0.5966493271790363,0.7302723062994927,0.7013131904891433,0.7601624721390443,0.4178348747321153,16502,161
CAID3 Disorder-NOX,caid3,disorder_nox,VSL2,DED,calibrated,0.613,short_lt20,0.5240464344941956,0.4112996293324162,0.6367298206889034,0.7044716340635455,0.6142590342788705,0.5534337301097849,0.6721029845509546,0.05970205773007837,603,161
CAID3 Disorder-NOX,caid3,disorder_nox,VSL2,DED,calibrated,0.613,mid_20_30,0.6401564537157758,0.49571663575017527,0.7776051761106109,0.7044716340635455,0.6723140438896607,0.5997571169336259,0.7421266425817542,0.1008559304275931,767,161
CAID3 Disorder-NOX,caid3,disorder_nox,VSL2,DED,calibrated,0.613,long_gt30,0.7792388801357412,0.7375398559530801,0.8190136750511258,0.7044716340635455,0.7418552570996433,0.7103257963682624,0.7727350621869207,0.4415444198640958,16502,161
CAID3 Disorder-NOX,caid3,disorder_nox,SPOT-Disorder,DED,literal,0.5,short_lt20,0.472636815920398,0.3508771929824561,0.6030999630223098,0.7624978630913132,0.6175673395058556,0.552965771291386,0.686446854024138,0.06575647184877462,603,161
CAID3 Disorder-NOX,caid3,disorder_nox,SPOT-Disorder,DED,literal,0.5,mid_20_30,0.5567144719687093,0.42239195230998505,0.7066023687662101,0.7624978630913132,0.6596061675300112,0.5872366302343451,0.7336760255038606,0.09993792523508836,767,161
CAID3 Disorder-NOX,caid3,disorder_nox,SPOT-Disorder,DED,literal,0.5,long_gt30,0.7841473760756272,0.7116061278833903,0.8473362518158264,0.7624978630913132,0.7733226195834701,0.7321105785003682,0.8121896309982024,0.5060777955836319,16502,161
CAID3 Disorder-NOX,caid3,disorder_nox,SPOT-Disorder,DED,calibrated,0.46,short_lt20,0.5041459369817579,0.3764886932944285,0.6403677462887989,0.7507021271399614,0.6274240320608597,0.5588523472037693,0.6969125972388618,0.07010701863832215,603,161
CAID3 Disorder-NOX,caid3,disorder_nox,SPOT-Disorder,DED,calibrated,0.46,mid_20_30,0.5867014341590613,0.44887209960384833,0.7330111592465092,0.7507021271399614,0.6687017806495114,0.5938927443924208,0.7422511684873413,0.10393163788666233,767,161
CAID3 Disorder-NOX,caid3,disorder_nox,SPOT-Disorder,DED,calibrated,0.46,long_gt30,0.7994182523330505,0.7275898037287787,0.8605041846034143,0.7507021271399614,0.7750601897365059,0.7350208692671121,0.8136163499016167,0.5066137351837235,16502,161
CAID3 Disorder-NOX,caid3,disorder_nox,SPOT-Disorder2,DED,literal,0.5,short_lt20,0.43449419568822556,0.3160579380857711,0.5752313576181656,0.7825970156543824,0.608545605671304,0.5446233154575792,0.680467361802393,0.0626167822361837,603,161
CAID3 Disorder-NOX,caid3,disorder_nox,SPOT-Disorder2,DED,literal,0.5,mid_20_30,0.6166883963494133,0.4971109894176719,0.7312126953492751,0.7825970156543824,0.6996427060018979,0.6359139767481559,0.757394726160615,0.12851186856023916,767,161
CAID3 Disorder-NOX,caid3,disorder_nox,SPOT-Disorder2,DED,literal,0.5,long_gt30,0.8266876742213065,0.7783152913029364,0.8697253977276314,0.7825970156543824,0.8046423449378445,0.7735047605634114,0.8338564274436203,0.5645992434607914,16502,161
CAID3 Disorder-NOX,caid3,disorder_nox,SPOT-Disorder2,DED,calibrated,0.442,short_lt20,0.4560530679933665,0.33564152159896843,0.5954790303963061,0.7669914767870663,0.6115222723902164,0.5462550398750263,0.6855142242204065,0.06279594819308111,603,161
CAID3 Disorder-NOX,caid3,disorder_nox,SPOT-Disorder2,DED,calibrated,0.442,mid_20_30,0.6466753585397653,0.5267827683465489,0.7612392792347022,0.7669914767870663,0.7068334176634158,0.6414739826595849,0.7653931336251591,0.13001260067895112,767,161
CAID3 Disorder-NOX,caid3,disorder_nox,SPOT-Disorder2,DED,calibrated,0.442,long_gt30,0.8485638104472185,0.802105730672322,0.8896310480548987,0.7669914767870663,0.8077776436171424,0.7770418568837975,0.836408431497236,0.566336304653635,16502,161
CAID3 Disorder-NOX,caid3,disorder_nox,SPOT-Disorder-Single,DED,literal,0.5,short_lt20,0.32669983416252074,0.20856942046032817,0.46138270161443756,0.8662173052970914,0.596458569729806,0.5360896064192973,0.668720639777422,0.06718334546105588,603,161
CAID3 Disorder-NOX,caid3,disorder_nox,SPOT-Disorder-Single,DED,literal,0.5,mid_20_30,0.4172099087353325,0.2881850883554063,0.5607020302262183,0.8662173052970914,0.6417136070162119,0.5772176698905129,0.7151643297004783,0.11006954903612615,767,161
CAID3 Disorder-NOX,caid3,disorder_nox,SPOT-Disorder-Single,DED,literal,0.5,long_gt30,0.5754454005575081,0.5099828461945087,0.6386313225609105,0.8662173052970914,0.7208313529272998,0.6831396607496485,0.7531799585902924,0.4552337543097649,16502,161
CAID3 Disorder-NOX,caid3,disorder_nox,SPOT-Disorder-Single,DED,calibrated,0.203,short_lt20,0.5522388059701493,0.4194615569650702,0.6815233990565717,0.7639875937187095,0.6581131998444294,0.5910008715997805,0.7237085154014942,0.08847338608667549,603,161
CAID3 Disorder-NOX,caid3,disorder_nox,SPOT-Disorder-Single,DED,calibrated,0.203,mid_20_30,0.6753585397653195,0.5389934533551555,0.8077005730659026,0.7639875937187095,0.7196730667420145,0.6511320976015628,0.788782693391367,0.13741154719681756,767,161
CAID3 Disorder-NOX,caid3,disorder_nox,SPOT-Disorder-Single,DED,calibrated,0.203,long_gt30,0.7551205914434614,0.6951469784516081,0.8112186651216439,0.7639875937187095,0.7595540925810855,0.7239299836968285,0.793595413441978,0.4826814788626312,16502,161
CAID3 Disorder-NOX,caid3,disorder_nox,DisEMBL-dis465,DED,literal,0.5,short_lt20,0.4096185737976783,0.30494733342665176,0.5155036514920235,0.8463867926832247,0.6280026832404515,0.5772812554714812,0.6809536172790981,0.0840842907359521,603,161
CAID3 Disorder-NOX,caid3,disorder_nox,DisEMBL-dis465,DED,literal,0.5,mid_20_30,0.4315514993481095,0.32063311879770184,0.5487690008854781,0.8463867926832247,0.6389691460156671,0.5816987743934665,0.7002086376987539,0.10218451041047093,767,161
CAID3 Disorder-NOX,caid3,disorder_nox,DisEMBL-dis465,DED,literal,0.5,long_gt30,0.4296448915282996,0.3895124513663434,0.4704644080103237,0.8463867926832247,0.6380158421057621,0.6135962866865785,0.6591548769352855,0.2954905635651802,16502,161
CAID3 Disorder-NOX,caid3,disorder_nox,DisEMBL-dis465,DED,calibrated,0.383,short_lt20,0.6252072968490879,0.503935455844022,0.7496706774050953,0.6866925537890444,0.6559499253190662,0.5931789228741574,0.7150922607305658,0.0801066648886507,603,161
CAID3 Disorder-NOX,caid3,disorder_nox,DisEMBL-dis465,DED,calibrated,0.383,mid_20_30,0.651890482398957,0.5213609278369895,0.7701835401391238,0.6866925537890444,0.6692915180940007,0.6009307252248522,0.7294728346260287,0.09755076692726239,767,161
CAID3 Disorder-NOX,caid3,disorder_nox,DisEMBL-dis465,DED,calibrated,0.383,long_gt30,0.6694340079990304,0.6260459077257717,0.7080381846209138,0.6866925537890444,0.6780632808940374,0.6514420458710766,0.7032077224136845,0.3269699509386076,16502,161
CAID3 Disorder-NOX,caid3,disorder_nox,DisEMBL-disHL,DED,literal,0.5,short_lt20,0.003316749585406302,0.0,0.008838825478645064,0.9996825164236697,0.501499633004538,0.49979559156715764,0.5042131776724068,0.01888130244986161,603,161
CAID3 Disorder-NOX,caid3,disorder_nox,DisEMBL-disHL,DED,literal,0.5,mid_20_30,0.007822685788787484,0.0013278895002002571,0.017641699900084778,0.9996825164236697,0.5037526011062285,0.5004992799780009,0.5087085789700362,0.04725549693978101,767,161
CAID3 Disorder-NOX,caid3,disorder_nox,DisEMBL-disHL,DED,literal,0.5,long_gt30,0.0012725730214519452,0.0006095698307380208,0.002139412832416045,0.9996825164236697,0.5004775447225608,0.5001223039521556,0.5009153723923444,0.017769337581228842,16502,161
CAID3 Disorder-NOX,caid3,disorder_nox,DisEMBL-disHL,DED,calibrated,0.124,short_lt20,0.3963515754560531,0.27493010021031794,0.5412598901811578,0.8666324761276772,0.6314920257918651,0.5724776309369326,0.7028862982512187,0.09141492439005326,603,161
CAID3 Disorder-NOX,caid3,disorder_nox,DisEMBL-disHL,DED,calibrated,0.124,mid_20_30,0.46284224250325945,0.36056731410827275,0.5615491351019181,0.8666324761276772,0.6647373593154684,0.6132482615246664,0.7152694880716197,0.127786064888542,767,161
CAID3 Disorder-NOX,caid3,disorder_nox,DisEMBL-disHL,DED,calibrated,0.124,long_gt30,0.3363834686704642,0.2860376859550034,0.3836113250516546,0.8666324761276772,0.6015079723990707,0.575173926081759,0.6258420637483206,0.2333696126565624,16502,161
CAID3 Disorder-NOX,caid3,disorder_nox,IsUnstruct,DED,literal,0.5,short_lt20,0.6169154228855721,0.4844588513247455,0.7492505110152169,0.6885486116198989,0.6527320172527356,0.5854365464550352,0.7160160865680671,0.07858323280666342,603,161
CAID3 Disorder-NOX,caid3,disorder_nox,IsUnstruct,DED,literal,0.5,mid_20_30,0.758800521512386,0.6206762897620958,0.8750328947368421,0.6885486116198989,0.7236745665661424,0.6515192391902694,0.7877577415419346,0.12887250558439892,767,161
CAID3 Disorder-NOX,caid3,disorder_nox,IsUnstruct,DED,literal,0.5,long_gt30,0.7878438977093686,0.7427935838456076,0.8292678970608327,0.6885486116198989,0.7381962546646337,0.7069160086214135,0.7673317228066164,0.433437553172588,16502,161
CAID3 Disorder-NOX,caid3,disorder_nox,IsUnstruct,DED,calibrated,0.691,short_lt20,0.4792703150912106,0.35420328997934636,0.6104458744067178,0.7881896109605099,0.6337299630258603,0.5630870421647178,0.700504265534371,0.07776731359775756,603,161
CAID3 Disorder-NOX,caid3,disorder_nox,IsUnstruct,DED,calibrated,0.691,mid_20_30,0.6088657105606258,0.47097022443611125,0.7351860974274768,0.7881896109605099,0.6985276607605678,0.6294422969833807,0.7691709612074079,0.12895883566350852,767,161
CAID3 Disorder-NOX,caid3,disorder_nox,IsUnstruct,DED,calibrated,0.691,long_gt30,0.6780996242879651,0.620071500031931,0.7290321932885809,0.7881896109605099,0.7331446176242375,0.6965080653833614,0.762416443817546,0.44360787689674436,16502,161
CAID3 Disorder-NOX,caid3,disorder_nox,RONN,DED,literal,0.5,short_lt20,0.5422885572139303,0.4283184891967673,0.6524760423893508,0.675409675922534,0.6088491165682322,0.5487938490355199,0.6621857019317317,0.05546473252571829,603,161
CAID3 Disorder-NOX,caid3,disorder_nox,RONN,DED,literal,0.5,mid_20_30,0.6923076923076923,0.5493067561322128,0.8219055472111716,0.675409675922534,0.6838586841151131,0.6096194584285003,0.7507039839841658,0.10495366210094081,767,161
CAID3 Disorder-NOX,caid3,disorder_nox,RONN,DED,literal,0.5,long_gt30,0.7693006908253545,0.7252650424431926,0.8088046635850974,0.675409675922534,0.7223551833739442,0.6923178192727818,0.7513544422159121,0.4042842354874146,16502,161
CAID3 Disorder-NOX,caid3,disorder_nox,RONN,DED,calibrated,0.52,short_lt20,0.49087893864013266,0.3730762411347518,0.6051661255411255,0.7159987300656947,0.6034388343529137,0.5427368548533941,0.6607484898963496,0.05469214297703254,603,161
CAID3 Disorder-NOX,caid3,disorder_nox,RONN,DED,calibrated,0.52,mid_20_30,0.6401564537157758,0.4940791587996626,0.7805251593056471,0.7159987300656947,0.6780775918907352,0.6005511454950055,0.7487353840626279,0.1053888950998396,767,161
CAID3 Disorder-NOX,caid3,disorder_nox,RONN,DED,calibrated,0.52,long_gt30,0.737243970427827,0.6911654972428857,0.7781821157968629,0.7159987300656947,0.7266213502467609,0.6963113203991076,0.7545716686521161,0.41634078272047287,16502,161
CAID3 Disorder-NOX,caid3,disorder_nox,PreDisorder,DED,literal,0.5,short_lt20,0.6965174129353234,0.5715795559666975,0.8164387896653372,0.6478374484089189,0.6721774306721211,0.6074050867058717,0.7334122205773479,0.08594527870074625,603,161
CAID3 Disorder-NOX,caid3,disorder_nox,PreDisorder,DED,literal,0.5,mid_20_30,0.78748370273794,0.6706756328373877,0.8968874139372162,0.6478374484089189,0.7176605755734294,0.6556363698261383,0.7761979705864458,0.12182920796745265,767,161
CAID3 Disorder-NOX,caid3,disorder_nox,PreDisorder,DED,literal,0.5,long_gt30,0.8160828990425403,0.756512465457639,0.8642931373240551,0.6478374484089189,0.7319601737257295,0.6969654374193709,0.7629640263699997,0.4200054752588185,16502,161
CAID3 Disorder-NOX,caid3,disorder_nox,PreDisorder,DED,calibrated,0.537,short_lt20,0.572139303482587,0.4357923203303334,0.7062870407822309,0.7615942559894497,0.6668667797360184,0.5969921309401177,0.7348583765004424,0.09302431058766102,603,161
CAID3 Disorder-NOX,caid3,disorder_nox,PreDisorder,DED,calibrated,0.537,mid_20_30,0.6766623207301173,0.5388527951108604,0.8109695117381949,0.7615942559894497,0.7191282883597836,0.647529813518346,0.7864083094731845,0.136623866689499,767,161
CAID3 Disorder-NOX,caid3,disorder_nox,PreDisorder,DED,calibrated,0.537,long_gt30,0.7110653254151011,0.6503106941005331,0.765037821071886,0.7615942559894497,0.7363297907022754,0.7018259995611286,0.7677588952551726,0.44195841517217077,16502,161
CAID3 Disorder-NOX,caid3,disorder_nox,OPAL,DED,literal,0.5,short_lt20,0.7744610281923715,0.6471336645282428,0.8982318527591542,0.36798788678047234,0.5712244574864219,0.5198018106893342,0.6200626305959371,0.03536653983287159,603,161
CAID3 Disorder-NOX,caid3,disorder_nox,OPAL,DED,literal,0.5,mid_20_30,0.970013037809648,0.9083864875349654,1.0,0.36798788678047234,0.6690004622950602,0.6337141845245139,0.6995628761863305,0.0945015885281229,767,161
CAID3 Disorder-NOX,caid3,disorder_nox,OPAL,DED,literal,0.5,long_gt30,0.8525027269421889,0.8129142805712911,0.8862966868613443,0.36798788678047234,0.6102453068613306,0.5828708199550343,0.6354590503536395,0.2167621836348625,16502,161
CAID3 Disorder-NOX,caid3,disorder_nox,OPAL,DED,calibrated,0.528,short_lt20,0.6434494195688225,0.5007500809171749,0.7947785112897053,0.5879307397367328,0.6156900796527777,0.5486156494061127,0.6829981380840275,0.056151068172870654,603,161
CAID3 Disorder-NOX,caid3,disorder_nox,OPAL,DED,calibrated,0.528,mid_20_30,0.9269882659713168,0.8535035375042892,0.9877494534941118,0.5879307397367328,0.7574595028540247,0.7146102752715375,0.794296388524335,0.14009097235855952,767,161
CAID3 Disorder-NOX,caid3,disorder_nox,OPAL,DED,calibrated,0.528,long_gt30,0.6561022906314387,0.6053230032481545,0.7094902552450196,0.5879307397367328,0.6220165151840857,0.5898079698216414,0.6510050579598221,0.22097944486195545,16502,161
CAID3 Disorder-NOX,caid3,disorder_nox,pyHCA,DED,literal,0.5,short_lt20,0.21890547263681592,0.12009618551198628,0.3491169923834628,0.9219234620362908,0.5704144673365534,0.5168023826206021,0.6342976770097688,0.06203741225383317,603,161
CAID3 Disorder-NOX,caid3,disorder_nox,pyHCA,DED,literal,0.5,mid_20_30,0.2711864406779661,0.1522128304542046,0.3989044943820224,0.9219234620362908,0.5965549513571284,0.5352992907249293,0.6618073516167314,0.09475547333360358,767,161
CAID3 Disorder-NOX,caid3,disorder_nox,pyHCA,DED,literal,0.5,long_gt30,0.4094655193309902,0.3292513528075897,0.4891805437341605,0.9219234620362908,0.6656944906836405,0.6256113829580315,0.7028648731035132,0.3961819046348681,16502,161
CAID3 Disorder-NOX,caid3,disorder_nox,pyHCA,DED,calibrated,0.272,short_lt20,0.4228855721393035,0.28882511337868483,0.5595483865880201,0.7839402154003956,0.6034128937698495,0.5369657356255136,0.6698393881624889,0.059801489979405105,603,161
CAID3 Disorder-NOX,caid3,disorder_nox,pyHCA,DED,calibrated,0.272,mid_20_30,0.5110821382007823,0.36257661245501,0.6681564580958665,0.7839402154003956,0.647511176800589,0.5721797332503046,0.7240926903141833,0.09545014361012562,767,161
CAID3 Disorder-NOX,caid3,disorder_nox,pyHCA,DED,calibrated,0.272,long_gt30,0.6925827172463944,0.6231968948054705,0.7552091718291175,0.7839402154003956,0.7382614663233951,0.6986889540052156,0.7709766092584116,0.45118867939131974,16502,161
CAID3 Disorder-NOX,caid3,disorder_nox,DeepIDP-2L,DED,literal,0.5,short_lt20,0.5505804311774462,0.40596978557504876,0.7090226129995286,0.7706547488216475,0.6606175899995468,0.5867148592491621,0.7382543236537028,0.0907391708006324,603,161
CAID3 Disorder-NOX,caid3,disorder_nox,DeepIDP-2L,DED,literal,0.5,mid_20_30,0.6258148631029987,0.4858730714517518,0.7699709272236868,0.7706547488216475,0.6982348059623231,0.6261956090570513,0.7716491928904313,0.12532308224353797,767,161
CAID3 Disorder-NOX,caid3,disorder_nox,DeepIDP-2L,DED,literal,0.5,long_gt30,0.757059750333293,0.679925527759484,0.8282701149971293,0.7706547488216475,0.7638572495774703,0.7202594613174185,0.8004156157512099,0.4917038432243613,16502,161
CAID3 Disorder-NOX,caid3,disorder_nox,DeepIDP-2L,DED,calibrated,0.55,short_lt20,0.49585406301824214,0.35060286948678443,0.6510867270446409,0.8004737831831392,0.6481639231006907,0.5794772410833398,0.7242794674803864,0.08797044395101332,603,161
CAID3 Disorder-NOX,caid3,disorder_nox,DeepIDP-2L,DED,calibrated,0.55,mid_20_30,0.5827900912646675,0.44032271044583937,0.7344755728857618,0.8004737831831392,0.6916319372239034,0.6186804424673038,0.7700984172527959,0.12718451856395602,767,161
CAID3 Disorder-NOX,caid3,disorder_nox,DeepIDP-2L,DED,calibrated,0.55,long_gt30,0.7271845836868258,0.6471788391329774,0.8014406578883264,0.8004737831831392,0.7638291834349825,0.7193257462723913,0.8023069461575156,0.5002039172421644,16502,161
CAID3 Disorder-NOX,caid3,disorder_nox,PredIDR-long,DED,literal,0.5,short_lt20,0.5373134328358209,0.4189837224537332,0.6539200163275828,0.6708183749725255,0.6040659039041731,0.5415157007358545,0.6700262756485844,0.05284615517956554,603,161
CAID3 Disorder-NOX,caid3,disorder_nox,PredIDR-long,DED,literal,0.5,mid_20_30,0.758800521512386,0.6468627333173116,0.8504090821202663,0.6708183749725255,0.7148094482424557,0.6569511824051392,0.7631199304427605,0.12209921464455827,767,161
CAID3 Disorder-NOX,caid3,disorder_nox,PredIDR-long,DED,literal,0.5,long_gt30,0.8606835535086657,0.7999373649450983,0.9070603346714777,0.6708183749725255,0.7657509642405955,0.7260961776908132,0.8012411529271587,0.4813022748871853,16502,161
CAID3 Disorder-NOX,caid3,disorder_nox,PredIDR-long,DED,calibrated,0.429,short_lt20,0.6434494195688225,0.5312926005153387,0.7600824468085106,0.622536449556744,0.6329929345627833,0.5731938118112176,0.6982506721758432,0.06549054379666104,603,161
CAID3 Disorder-NOX,caid3,disorder_nox,PredIDR-long,DED,calibrated,0.429,mid_20_30,0.847457627118644,0.7444132582450131,0.9326029962546816,0.622536449556744,0.734997038337694,0.6801473059982369,0.781689108567375,0.12969386500140348,767,161
CAID3 Disorder-NOX,caid3,disorder_nox,PredIDR-long,DED,calibrated,0.429,long_gt30,0.9100715064840625,0.8693736611744055,0.9437837407200038,0.622536449556744,0.7663039780204033,0.7353491076855458,0.7968700166347963,0.4828825671522352,16502,161
CAID3 Disorder-NOX,caid3,disorder_nox,PredIDR-short,DED,literal,0.5,short_lt20,0.6268656716417911,0.5210405001866367,0.7371678761350765,0.6555058978679756,0.6411857847548834,0.5840266699845489,0.7040492999665149,0.07086542095752464,603,161
CAID3 Disorder-NOX,caid3,disorder_nox,PredIDR-short,DED,literal,0.5,mid_20_30,0.7731421121251629,0.6724410120485502,0.8602839693200839,0.6555058978679756,0.7143240049965693,0.6593380152089786,0.7604951772045909,0.12054887372762241,767,161
CAID3 Disorder-NOX,caid3,disorder_nox,PredIDR-short,DED,literal,0.5,long_gt30,0.852805720518725,0.7921265644954744,0.9005706231931684,0.6555058978679756,0.7541558091933503,0.7146548186772028,0.7880939169381693,0.46008197860023275,16502,161
CAID3 Disorder-NOX,caid3,disorder_nox,PredIDR-short,DED,calibrated,0.432,short_lt20,0.6898839137645107,0.5793363691611192,0.8063455981506453,0.6138178621144407,0.6518508879394758,0.593385797064751,0.716214744900858,0.0744441756228199,603,161
CAID3 Disorder-NOX,caid3,disorder_nox,PredIDR-short,DED,calibrated,0.432,mid_20_30,0.8305084745762712,0.7411539884544506,0.9083824852111946,0.6138178621144407,0.722163168345356,0.677900105954808,0.7620701813847723,0.12214530402151068,767,161
CAID3 Disorder-NOX,caid3,disorder_nox,PredIDR-short,DED,calibrated,0.432,long_gt30,0.8977699672766938,0.8572413470994752,0.9301666286054889,0.6138178621144407,0.7557939146955672,0.7253817436627158,0.785146103406051,0.46398371457866633,16502,161
CAID3 Disorder-NOX,caid3,disorder_nox,PredIDR2-Prof-Art,DED,literal,0.5,short_lt20,0.5638474295190713,0.440496664898052,0.6844655478767292,0.611595477080128,0.5877214532995996,0.5221671582382804,0.6554495956264544,0.04299790262337297,603,161
CAID3 Disorder-NOX,caid3,disorder_nox,PredIDR2-Prof-Art,DED,literal,0.5,mid_20_30,0.8057366362451108,0.6940471050956931,0.9059639989786944,0.611595477080128,0.7086660566626194,0.6462250964314515,0.7630466227230519,0.11463781453760452,767,161
CAID3 Disorder-NOX,caid3,disorder_nox,PredIDR2-Prof-Art,DED,literal,0.5,long_gt30,0.9057689976972488,0.8584633615703294,0.9445309982204945,0.611595477080128,0.7586822373886883,0.7230837655446772,0.7946807459031742,0.46947970839194597,16502,161
CAID3 Disorder-NOX,caid3,disorder_nox,PredIDR2-Prof-Art,DED,calibrated,0.814,short_lt20,0.23217247097844113,0.13651149067053606,0.3433482858472517,0.7738540063985152,0.5030132386884781,0.4502109385012966,0.5652670182398106,0.0017225776793874225,603,161
CAID3 Disorder-NOX,caid3,disorder_nox,PredIDR2-Prof-Art,DED,calibrated,0.814,mid_20_30,0.40808344198174706,0.2690626580807459,0.5536155367271396,0.7738540063985152,0.5909687241901311,0.5185922979755598,0.6681157083033249,0.05812689223242098,767,161
CAID3 Disorder-NOX,caid3,disorder_nox,PredIDR2-Prof-Art,DED,calibrated,0.814,long_gt30,0.77663313537753,0.708640469786345,0.8370066115835137,0.7738540063985152,0.7752435708880225,0.7358512237949784,0.811740231662763,0.5120712286021947,16502,161
CAID3 Disorder-NOX,caid3,disorder_nox,PredIDR2-Seq-Art,DED,literal,0.5,short_lt20,0.48258706467661694,0.34885852451641924,0.6097990203140758,0.6069797543165556,0.5447834094965862,0.47774509060646503,0.6102912927070782,0.02191794258031083,603,161
CAID3 Disorder-NOX,caid3,disorder_nox,PredIDR2-Seq-Art,DED,literal,0.5,mid_20_30,0.7105606258148631,0.5667054016447468,0.8385660352779577,0.6069797543165556,0.6587701900657094,0.5895597586743029,0.7256565380749831,0.0871220319639122,767,161
CAID3 Disorder-NOX,caid3,disorder_nox,PredIDR2-Seq-Art,DED,literal,0.5,long_gt30,0.9167979638831657,0.8759334718849243,0.9459673915758552,0.6069797543165556,0.7618888590998607,0.7281989419955989,0.7929350922832069,0.47579698660065894,16502,161
CAID3 Disorder-NOX,caid3,disorder_nox,PredIDR2-Seq-Art,DED,calibrated,0.742,short_lt20,0.2802653399668325,0.1761052327100362,0.39637916857012334,0.7497496764109702,0.5150075081889014,0.4570482090698081,0.5759501075170537,0.008282097499076277,603,161
CAID3 Disorder-NOX,caid3,disorder_nox,PredIDR2-Seq-Art,DED,calibrated,0.742,mid_20_30,0.5032594524119948,0.35938835661057883,0.645547381327728,0.7497496764109702,0.6265045644114825,0.554790799126532,0.7012493534289663,0.07799549503054075,767,161
CAID3 Disorder-NOX,caid3,disorder_nox,PredIDR2-Seq-Art,DED,calibrated,0.742,long_gt30,0.8102048236577385,0.7622238122759435,0.8507661021881742,0.7497496764109702,0.7799772500343544,0.7475735581503172,0.8100451648619074,0.5149391051423444,16502,161
CAID3 Disorder-NOX,caid3,disorder_nox,AUCpred-profile,DED,literal,0.5,short_lt20,0.4975124378109453,0.3663433717482891,0.6367860614671351,0.7696778762790925,0.6335951570450189,0.5669158363124541,0.7082070647886168,0.07545159261783414,603,161
CAID3 Disorder-NOX,caid3,disorder_nox,AUCpred-profile,DED,literal,0.5,mid_20_30,0.6805736636245111,0.5401902085369827,0.8244616952243048,0.7696778762790925,0.7251257699518018,0.6533033404709347,0.7966869035199085,0.14191877281084647,767,161
CAID3 Disorder-NOX,caid3,disorder_nox,AUCpred-profile,DED,literal,0.5,long_gt30,0.7119137074294025,0.6487462315350456,0.7743707839936212,0.7696778762790925,0.7407957918542475,0.702014723820965,0.7768626786591704,0.4516808948965892,16502,161
CAID3 Disorder-NOX,caid3,disorder_nox,AUCpred-profile,DED,calibrated,0.054,short_lt20,0.6351575456053068,0.5075469751676369,0.7733436260708988,0.6864727574669695,0.6608151515361381,0.5932921822710135,0.7310577825568572,0.08258076191004711,603,161
CAID3 Disorder-NOX,caid3,disorder_nox,AUCpred-profile,DED,calibrated,0.054,mid_20_30,0.8161668839634941,0.6890342213476627,0.9268249431434016,0.6864727574669695,0.7513198207152318,0.6821868377558371,0.8109843648265443,0.14443391574276995,767,161
CAID3 Disorder-NOX,caid3,disorder_nox,AUCpred-profile,DED,calibrated,0.054,long_gt30,0.8208095988365046,0.7691035476277721,0.8681988838135953,0.6864727574669695,0.753641178151737,0.7198995721489881,0.7848407166627199,0.4606004261149121,16502,161
CAID3 Disorder-NOX,caid3,disorder_nox,AUCpred-no-profile,DED,literal,0.5,short_lt20,0.4560530679933665,0.33330522765598647,0.5982072670228593,0.8311475810193665,0.6436003245063665,0.5800661597277307,0.7122104385089144,0.09080044527066701,603,161
CAID3 Disorder-NOX,caid3,disorder_nox,AUCpred-no-profile,DED,literal,0.5,mid_20_30,0.5945241199478487,0.45119875201670306,0.7376433982683983,0.8311475810193665,0.7128358504836076,0.6413416424788082,0.7847318070377253,0.14994235354906993,767,161
CAID3 Disorder-NOX,caid3,disorder_nox,AUCpred-no-profile,DED,literal,0.5,long_gt30,0.6044721851896739,0.5412648469565292,0.666937118478192,0.8311475810193665,0.7178098831045202,0.6809997125246032,0.7509187799851833,0.4326492669623504,16502,161
CAID3 Disorder-NOX,caid3,disorder_nox,AUCpred-no-profile,DED,calibrated,0.091,short_lt20,0.6268656716417911,0.4963845387808339,0.7531330984480098,0.7559283952426307,0.6913970334422108,0.6241829764009864,0.7546491489630809,0.10577414359149488,603,161
CAID3 Disorder-NOX,caid3,disorder_nox,AUCpred-no-profile,DED,calibrated,0.091,mid_20_30,0.6962190352020861,0.5560020975730884,0.8314077109346247,0.7559283952426307,0.7260737152223584,0.6568950966095245,0.795217873797735,0.13984148201581909,767,161
CAID3 Disorder-NOX,caid3,disorder_nox,AUCpred-no-profile,DED,calibrated,0.091,long_gt30,0.7224578838928615,0.6660434023375389,0.7784916060015311,0.7559283952426307,0.739193139567746,0.7054386251797847,0.7721189301134866,0.4456167087852869,16502,161
CAID3 Disorder-NOX,caid3,disorder_nox,DisoPred,DED,literal,0.5,short_lt20,0.32172470978441126,0.1977936597629042,0.45903055625414385,0.822844164407649,0.57228443709603,0.5089462355135567,0.6417900855328141,0.04507489672305566,603,161
CAID3 Disorder-NOX,caid3,disorder_nox,DisoPred,DED,literal,0.5,mid_20_30,0.6153846153846154,0.47679102067183465,0.7453791469194311,0.822844164407649,0.7191143898961322,0.6456294721367074,0.7890224283345337,0.15155471950271704,767,161
CAID3 Disorder-NOX,caid3,disorder_nox,DisoPred,DED,literal,0.5,long_gt30,0.7728154163131742,0.7171931789067579,0.8213439107645075,0.822844164407649,0.7978297903604116,0.7681158060984077,0.8249105133459922,0.5657270717728762,16502,161
CAID3 Disorder-NOX,caid3,disorder_nox,DisoPred,DED,calibrated,0.44,short_lt20,0.4129353233830846,0.2703189200496048,0.554039646843245,0.7845507607394925,0.5987430420612885,0.5279670631491623,0.6720674573548978,0.057171197721195166,603,161
CAID3 Disorder-NOX,caid3,disorder_nox,DisoPred,DED,calibrated,0.44,mid_20_30,0.7144719687092569,0.5748748728102743,0.8395572146948318,0.7845507607394925,0.7495113647243747,0.6766348634287446,0.8187406720045417,0.16064321747110613,767,161
CAID3 Disorder-NOX,caid3,disorder_nox,DisoPred,DED,calibrated,0.44,long_gt30,0.8285056356805236,0.7807626851553573,0.8729818412884669,0.7845507607394925,0.8065281982100081,0.7776193695274789,0.833223415264687,0.5683184627903138,16502,161
CAID3 Disorder-NOX,caid3,disorder_nox,DisPredict2,DED,literal,0.5,short_lt20,0.46434494195688225,0.3110438268049155,0.6274773227047828,0.7068893936063692,0.5856171677816258,0.5156093526839242,0.6624073307579359,0.04487758555504669,603,161
CAID3 Disorder-NOX,caid3,disorder_nox,DisPredict2,DED,literal,0.5,mid_20_30,0.34810951760104303,0.22562698412698412,0.47688521650687654,0.7068893936063692,0.527499455603706,0.4637093875616636,0.5933593742757541,0.01621632559652975,767,161
CAID3 Disorder-NOX,caid3,disorder_nox,DisPredict2,DED,literal,0.5,long_gt30,0.49448551690704157,0.4259408386230696,0.5733196558915469,0.7068893936063692,0.6006874552567054,0.568527479726776,0.6361454894000849,0.19091461213455005,16502,161
CAID3 Disorder-NOX,caid3,disorder_nox,DisPredict2,DED,calibrated,0.38,short_lt20,0.6119402985074627,0.4593201042378674,0.7669914891988108,0.5271936894033751,0.5695669939554189,0.49811882782368894,0.6416036894051432,0.03332061990090168,603,161
CAID3 Disorder-NOX,caid3,disorder_nox,DisPredict2,DED,calibrated,0.38,mid_20_30,0.6166883963494133,0.4910580772988957,0.7392958488523317,0.5271936894033751,0.5719410428763942,0.5086432010671538,0.6386336588062717,0.03870683507929077,767,161
CAID3 Disorder-NOX,caid3,disorder_nox,DisPredict2,DED,calibrated,0.38,long_gt30,0.7045206641619197,0.6423056821158081,0.7666189538429017,0.5271936894033751,0.6158571767826474,0.5806954633170642,0.6526312297154722,0.2103439261805533,16502,161
CAID3 Disorder-NOX,caid3,disorder_nox,DisPredict3,DED,literal,0.5,short_lt20,0.35655058043117743,0.23117199115348597,0.49428823283332335,0.916208757662344,0.6363796690467607,0.5772010657311398,0.6996453634428339,0.1152918145073948,603,161
CAID3 Disorder-NOX,caid3,disorder_nox,DisPredict3,DED,literal,0.5,mid_20_30,0.39895697522816165,0.25958055824291804,0.54181053587213,0.916208757662344,0.6575828664452528,0.5882248547288474,0.726939104226454,0.1482606301725913,767,161
CAID3 Disorder-NOX,caid3,disorder_nox,DisPredict3,DED,literal,0.5,long_gt30,0.473760756271967,0.39753829580748185,0.5495539300906629,0.916208757662344,0.6949847569671554,0.6572477006803475,0.732739681173012,0.4446640780581457,16502,161
CAID3 Disorder-NOX,caid3,disorder_nox,DisPredict3,DED,calibrated,0.083,short_lt20,0.6533996683250415,0.5127697207915425,0.7951035666814356,0.7744401299240482,0.7139198991245448,0.6474483252749297,0.7782280886097108,0.12125685396960496,603,161
CAID3 Disorder-NOX,caid3,disorder_nox,DisPredict3,DED,calibrated,0.083,mid_20_30,0.6857887874837028,0.5448163061520904,0.816035763543358,0.7744401299240482,0.7301144587038755,0.6581160516583319,0.7981433756254888,0.14603743750880385,767,161
CAID3 Disorder-NOX,caid3,disorder_nox,DisPredict3,DED,calibrated,0.083,long_gt30,0.80184220094534,0.7524512238439528,0.8510550806126187,0.7744401299240482,0.7881411654346941,0.7595937581275244,0.816175528440869,0.5343383214809971,16502,161
CAID3 Disorder-NOX,caid3,disorder_nox,IDP-Fusion,DED,literal,0.5,short_lt20,0.6135986733001658,0.463068848758465,0.7751181354347293,0.7200771729308618,0.6668379231155138,0.592538505220601,0.7473071166648604,0.08842103642771547,603,161
CAID3 Disorder-NOX,caid3,disorder_nox,IDP-Fusion,DED,literal,0.5,mid_20_30,0.7209908735332464,0.588617738227726,0.8416338045401498,0.7200771729308618,0.7205340232320541,0.653497461761337,0.7835896403488346,0.13085234847828722,767,161
CAID3 Disorder-NOX,caid3,disorder_nox,IDP-Fusion,DED,literal,0.5,long_gt30,0.8384438249909102,0.7688771848739457,0.9000524456004811,0.7200771729308618,0.779260498960886,0.7366766189779207,0.8163061014810281,0.5090711718523765,16502,161
CAID3 Disorder-NOX,caid3,disorder_nox,IDP-Fusion,DED,calibrated,0.593,short_lt20,0.5373134328358209,0.3893240808036558,0.7000049309664694,0.7825970156543824,0.6599552242451017,0.5850414155029402,0.7394112458614414,0.09205107205477382,603,161
CAID3 Disorder-NOX,caid3,disorder_nox,IDP-Fusion,DED,calibrated,0.593,mid_20_30,0.6714471968709257,0.5369060708883936,0.7998182945695081,0.7825970156543824,0.7270221062626541,0.6589926161804862,0.7915694635035055,0.1459047710895171,767,161
CAID3 Disorder-NOX,caid3,disorder_nox,IDP-Fusion,DED,calibrated,0.593,long_gt30,0.7763301418009938,0.7039051735860103,0.8445323338013119,0.7825970156543824,0.7794635787276881,0.7395821268222896,0.816798391985294,0.5215808786074674,16502,161
CAID3 Disorder-NOX,caid3,disorder_nox,rawMSA-disorder,DED,literal,0.5,short_lt20,0.32338308457711445,0.1773203422085593,0.49198805861888323,0.9149388233570225,0.6191609539670685,0.5476927711010253,0.6992318813039052,0.10033874959574952,603,161
CAID3 Disorder-NOX,caid3,disorder_nox,rawMSA-disorder,DED,literal,0.5,mid_20_30,0.32333767926988266,0.20379199893230124,0.458004650030744,0.9149388233570225,0.6191382513134526,0.5618024820083376,0.6855590772679891,0.11217154118818928,767,161
CAID3 Disorder-NOX,caid3,disorder_nox,rawMSA-disorder,DED,literal,0.5,long_gt30,0.4206156829475215,0.32485277412190183,0.5184912219086714,0.9149388233570225,0.667777253152272,0.6234243422476907,0.711851813024088,0.39396787294641217,16502,161
CAID3 Disorder-NOX,caid3,disorder_nox,rawMSA-disorder,DED,calibrated,0.369,short_lt20,0.6185737976782753,0.47785471859529055,0.7729468823824183,0.7496031455295871,0.6840884716039312,0.6167689497231118,0.756579619890788,0.1009237896849516,603,161
CAID3 Disorder-NOX,caid3,disorder_nox,rawMSA-disorder,DED,calibrated,0.369,mid_20_30,0.7222946544980443,0.5826777565654684,0.8590876054887367,0.7496031455295871,0.7359489000138157,0.6637490143427166,0.803959267714041,0.1447023809435775,767,161
CAID3 Disorder-NOX,caid3,disorder_nox,rawMSA-disorder,DED,calibrated,0.369,long_gt30,0.8246273179008605,0.7417084921864044,0.8894531861135455,0.7496031455295871,0.7871152317152238,0.7417131748027654,0.824060778956789,0.5272652765493829,16502,161
CAID3 Disorder-NOX,caid3,disorder_nox,Metapredict-v1,DED,literal,0.5,short_lt20,0.3996683250414594,0.2876682932565112,0.5322359273110855,0.868048941314382,0.6338586331779207,0.5733771847391419,0.7019618040994375,0.09344779674316918,603,161
CAID3 Disorder-NOX,caid3,disorder_nox,Metapredict-v1,DED,literal,0.5,mid_20_30,0.42633637548891784,0.29892048025983015,0.5491646345227805,0.868048941314382,0.64719265840165,0.5812846577434138,0.7103315190599178,0.11489280722768326,767,161
CAID3 Disorder-NOX,caid3,disorder_nox,Metapredict-v1,DED,literal,0.5,long_gt30,0.5624772754817597,0.5004470168662656,0.6191047004890884,0.868048941314382,0.715263108398071,0.6804352848326232,0.74414381735163,0.4465836332137427,16502,161
CAID3 Disorder-NOX,caid3,disorder_nox,Metapredict-v1,DED,calibrated,0.361,short_lt20,0.538971807628524,0.4262994333347235,0.665983915789821,0.7880919237062545,0.6635318656673892,0.6048414362467316,0.7274774462298929,0.09494463504818568,603,161
CAID3 Disorder-NOX,caid3,disorder_nox,Metapredict-v1,DED,calibrated,0.361,mid_20_30,0.6153846153846154,0.4801000950654404,0.7477443943235322,0.7880919237062545,0.701738269545435,0.6324191634475761,0.7700735458335588,0.1309979978659483,767,161
CAID3 Disorder-NOX,caid3,disorder_nox,Metapredict-v1,DED,calibrated,0.361,long_gt30,0.7118531087140952,0.6569993230060119,0.7619434664063156,0.7880919237062545,0.7499725162101749,0.7154635055433948,0.7798751895769886,0.4725890542534737,16502,161
CAID3 Disorder-NOX,caid3,disorder_nox,Metapredict-v2,DED,literal,0.5,short_lt20,0.49087893864013266,0.34921887866262413,0.6358674609171505,0.7776638093144796,0.6342713739773062,0.5620780754998518,0.7081622709460025,0.07675889489883228,603,161
CAID3 Disorder-NOX,caid3,disorder_nox,Metapredict-v2,DED,literal,0.5,mid_20_30,0.6453715775749674,0.5025058275058275,0.7744825335458847,0.7776638093144796,0.7115176934447236,0.6362897414245186,0.7788679312017419,0.1350263303316419,767,161
CAID3 Disorder-NOX,caid3,disorder_nox,Metapredict-v2,DED,literal,0.5,long_gt30,0.80929584292813,0.759830801242451,0.852183191279638,0.7776638093144796,0.7934798261213047,0.7616868321758837,0.8237006956595557,0.5442775304289534,16502,161
CAID3 Disorder-NOX,caid3,disorder_nox,Metapredict-v2,DED,calibrated,0.431,short_lt20,0.5621890547263682,0.4175747682112789,0.7010894966615305,0.7571006422936968,0.6596448485100325,0.5824718846390259,0.7327094390480284,0.08847554378254842,603,161
CAID3 Disorder-NOX,caid3,disorder_nox,Metapredict-v2,DED,calibrated,0.431,mid_20_30,0.6883963494132985,0.5426618070193048,0.8217801273401922,0.7571006422936968,0.7227484958534977,0.649660046808346,0.7898013322787784,0.1380198987793544,767,161
CAID3 Disorder-NOX,caid3,disorder_nox,Metapredict-v2,DED,calibrated,0.431,long_gt30,0.836080475093928,0.7879406544121667,0.8755714990717431,0.7571006422936968,0.7965905586938125,0.7645333771164721,0.8256379291119046,0.5450611760321586,16502,161
CAID3 Disorder-NOX,caid3,disorder_nox,Metapredict-v3,DED,literal,0.5,short_lt20,0.4311774461028192,0.30243506493506495,0.582805829159243,0.7831342955527878,0.6071558708278035,0.5383470334915612,0.6809002374658337,0.06187326765812914,603,161
CAID3 Disorder-NOX,caid3,disorder_nox,Metapredict-v3,DED,literal,0.5,mid_20_30,0.5371577574967406,0.39550777757911676,0.6892641439664735,0.7831342955527878,0.6601460265247642,0.5867147890177528,0.7346317243672281,0.10341425037281696,767,161
CAID3 Disorder-NOX,caid3,disorder_nox,Metapredict-v3,DED,literal,0.5,long_gt30,0.8635316931281057,0.8190065353371205,0.9050833514701158,0.7831342955527878,0.8233329943404468,0.7899560275135061,0.8518934653075665,0.5966288182860157,16502,161
CAID3 Disorder-NOX,caid3,disorder_nox,Metapredict-v3,DED,calibrated,0.536,short_lt20,0.41459369817578773,0.2893498817966903,0.565358779832464,0.7941729552836594,0.6043833267297236,0.5344634400353654,0.6776191482698504,0.061419735633686696,603,161
CAID3 Disorder-NOX,caid3,disorder_nox,Metapredict-v3,DED,calibrated,0.536,mid_20_30,0.5084745762711864,0.3660676875498803,0.6604993528904227,0.7941729552836594,0.6513237657774229,0.578398313543767,0.727863538132628,0.09958393165184597,767,161
CAID3 Disorder-NOX,caid3,disorder_nox,Metapredict-v3,DED,calibrated,0.536,long_gt30,0.8519573385044237,0.8064009192088812,0.8947934355346864,0.7941729552836594,0.8230651468940415,0.789255182572084,0.8522371271115424,0.5990120305509464,16502,161
CAID3 Disorder-NOX,caid3,disorder_nox,DisoMine,DED,literal,0.5,short_lt20,0.36650082918739635,0.21893451202441452,0.5291394984326018,0.8869514250128214,0.6267261271001089,0.5558055993655739,0.705726190438382,0.09439781829289072,603,161
CAID3 Disorder-NOX,caid3,disorder_nox,DisoMine,DED,literal,0.5,mid_20_30,0.38852672750977835,0.25521044826889755,0.5308435765987504,0.8869514250128214,0.6377390762612999,0.5729513119302829,0.708183643294704,0.11467200885775243,767,161
CAID3 Disorder-NOX,caid3,disorder_nox,DisoMine,DED,literal,0.5,long_gt30,0.39098291116228334,0.31864939483265037,0.4704058931230536,0.8869514250128214,0.6389671680875524,0.6001646184522217,0.6780789487289712,0.3187299535106021,16502,161
CAID3 Disorder-NOX,caid3,disorder_nox,DisoMine,DED,calibrated,0.3,short_lt20,0.6616915422885572,0.5277993302584191,0.7916729041916167,0.738833125747918,0.7002623340182377,0.6390718302757845,0.7600758254576843,0.10827567536516434,603,161
CAID3 Disorder-NOX,caid3,disorder_nox,DisoMine,DED,calibrated,0.3,mid_20_30,0.6440677966101694,0.48761363124971874,0.791695717131474,0.738833125747918,0.6914504611790437,0.6124313765990063,0.7671132848334897,0.1161138325365995,767,161
CAID3 Disorder-NOX,caid3,disorder_nox,DisoMine,DED,calibrated,0.3,long_gt30,0.7245182402133075,0.667810717520741,0.781150682049124,0.738833125747918,0.7316756829806128,0.6957101381543337,0.7659689933754736,0.4290148232322562,16502,161
CAID3 Disorder-NOX,caid3,disorder_nox,PUNCH2,DED,literal,0.5,short_lt20,0.4427860696517413,0.30744610810236805,0.5820341745191686,0.7666984150242997,0.6047422423380204,0.5366045453431918,0.6769886087612593,0.058969953204055355,603,161
CAID3 Disorder-NOX,caid3,disorder_nox,PUNCH2,DED,literal,0.5,mid_20_30,0.5919165580182529,0.46502647805702296,0.7276037820898085,0.7666984150242997,0.6793074865212763,0.6105555653824583,0.7460975495366368,0.11282559135238171,767,161
CAID3 Disorder-NOX,caid3,disorder_nox,PUNCH2,DED,literal,0.5,long_gt30,0.8764392194885469,0.8283937687420061,0.9183990354686747,0.7666984150242997,0.8215688172564233,0.7899018141666985,0.8516162787585061,0.5899908114605423,16502,161
CAID3 Disorder-NOX,caid3,disorder_nox,PUNCH2,DED,calibrated,0.476,short_lt20,0.4593698175787728,0.32598644141204214,0.5982883521661488,0.7619117395657802,0.6106407785722765,0.5423813822121522,0.6812136623815223,0.06184867636341189,603,161
CAID3 Disorder-NOX,caid3,disorder_nox,PUNCH2,DED,calibrated,0.476,mid_20_30,0.6101694915254238,0.48275442743123353,0.7495930717863105,0.7619117395657802,0.686040615545602,0.6175106708450007,0.7563896222293036,0.11623855373700313,767,161
CAID3 Disorder-NOX,caid3,disorder_nox,PUNCH2,DED,calibrated,0.476,long_gt30,0.8820143012968125,0.8340897332790325,0.923430566133463,0.7619117395657802,0.8219630204312963,0.7896926365462422,0.852419813850756,0.5897493003677643,16502,161
CAID3 Disorder-NOX,caid3,disorder_nox,PUNCH2-Light,DED,literal,0.5,short_lt20,0.4311774461028192,0.3006525213068182,0.5676033311193991,0.7672845385498327,0.5992309923263259,0.5298100651722096,0.6678555840248653,0.05592819227973173,603,161
CAID3 Disorder-NOX,caid3,disorder_nox,PUNCH2-Light,DED,literal,0.5,mid_20_30,0.5840938722294654,0.45760988182165296,0.7212113647282695,0.7672845385498327,0.675689205389649,0.6073246988916051,0.7440116013004918,0.11066260223595938,767,161
CAID3 Disorder-NOX,caid3,disorder_nox,PUNCH2-Light,DED,literal,0.5,long_gt30,0.8690461762210641,0.81978127005871,0.9114733627877513,0.7672845385498327,0.8181653573854484,0.7859639858351382,0.8486410714738385,0.5842545905868944,16502,161
CAID3 Disorder-NOX,caid3,disorder_nox,PUNCH2-Light,DED,calibrated,0.509,short_lt20,0.4295190713101161,0.2992148891715116,0.5651604947446157,0.7690917527535595,0.5993054120318377,0.5303376025201983,0.6685021256873177,0.05611956759329839,603,161
CAID3 Disorder-NOX,caid3,disorder_nox,PUNCH2-Light,DED,calibrated,0.509,mid_20_30,0.5788787483702738,0.45328683966071853,0.718385686148844,0.7690917527535595,0.6739852505619166,0.605819572628553,0.7431010218445182,0.10988528246747814,767,161
CAID3 Disorder-NOX,caid3,disorder_nox,PUNCH2-Light,DED,calibrated,0.509,long_gt30,0.8672888134771543,0.817946413075642,0.9102291754290679,0.7690917527535595,0.8181902831153569,0.7858459465739867,0.8485832788583819,0.5846690780378809,16502,161
CAID3 Disorder-NOX,caid3,disorder_nox,DisorderUnetLM,DED,literal,0.5,short_lt20,0.4660033167495854,0.33220558636336,0.6175986498785141,0.8849732581141475,0.6754882874318664,0.6069879052408064,0.7486677760131533,0.12910911162489364,603,161
CAID3 Disorder-NOX,caid3,disorder_nox,DisorderUnetLM,DED,literal,0.5,mid_20_30,0.5671447196870926,0.4281344695787414,0.713258578172094,0.8849732581141475,0.72605898890062,0.6548109338210572,0.8008657568671809,0.18471887328508016,767,161
CAID3 Disorder-NOX,caid3,disorder_nox,DisorderUnetLM,DED,literal,0.5,long_gt30,0.6736153193552297,0.6054207279657903,0.7442815052221857,0.8849732581141475,0.7792942887346885,0.7422812662962784,0.8139212413881519,0.5657429048382735,16502,161
CAID3 Disorder-NOX,caid3,disorder_nox,DisorderUnetLM,DED,calibrated,0.108,short_lt20,0.6567164179104478,0.5355657896002232,0.7902546554604504,0.738051627713874,0.6973840228121608,0.637447789864394,0.7635186441677861,0.10663101488912499,603,161
CAID3 Disorder-NOX,caid3,disorder_nox,DisorderUnetLM,DED,calibrated,0.108,mid_20_30,0.8696219035202086,0.7747635761589403,0.9549331441085653,0.738051627713874,0.8038367656170413,0.7468577320277507,0.8534045962444853,0.18322647954059582,767,161
CAID3 Disorder-NOX,caid3,disorder_nox,DisorderUnetLM,DED,calibrated,0.108,long_gt30,0.9097685129075264,0.8786725798339451,0.9400491036526715,0.738051627713874,0.8239100703107002,0.7982135908315341,0.847718578619913,0.5894403006608253,16502,161
CAID3 Disorder-NOX,caid3,disorder_nox,LMDisorder,DED,literal,0.5,short_lt20,0.5887230514096186,0.4761613399872584,0.7178630136986301,0.6455173761203506,0.6171202137649846,0.5503109728211556,0.6855480485382672,0.05843635994139339,603,161
CAID3 Disorder-NOX,caid3,disorder_nox,LMDisorder,DED,literal,0.5,mid_20_30,0.803129074315515,0.705208639870654,0.8918937992628686,0.6455173761203506,0.7243232252179328,0.6717091066804526,0.7775450495611689,0.12536524421584577,767,161
CAID3 Disorder-NOX,caid3,disorder_nox,LMDisorder,DED,literal,0.5,long_gt30,0.9293418979517635,0.8974924156787389,0.9569825942374953,0.6455173761203506,0.7874296370360571,0.7560216609644295,0.8169548359814012,0.5206221368661781,16502,161
CAID3 Disorder-NOX,caid3,disorder_nox,LMDisorder,DED,calibrated,0.746,short_lt20,0.49917081260364843,0.3766171076296857,0.636685903208987,0.6965345446552861,0.5978526786294672,0.5293666083213633,0.6706700686058404,0.05077381562535697,603,161
CAID3 Disorder-NOX,caid3,disorder_nox,LMDisorder,DED,calibrated,0.746,mid_20_30,0.6962190352020861,0.5840215459551967,0.8065823711172548,0.6965345446552861,0.6963767899286861,0.6380914937853527,0.7586582053316369,0.11401900413567917,767,161
CAID3 Disorder-NOX,caid3,disorder_nox,LMDisorder,DED,calibrated,0.746,long_gt30,0.8933462610592655,0.8525473407792951,0.9299982000163661,0.6965345446552861,0.7949404028572757,0.7624850424622271,0.8246838168413588,0.5346008679552765,16502,161
CAID3 Disorder-NOX,caid3,disorder_nox,ESMDisPred-1,DED,literal,0.5,short_lt20,0.27197346600331673,0.15622446895424838,0.4201022408551053,0.9352821940557305,0.6036278300295237,0.5454795945635829,0.6746148048773766,0.09864081854603393,603,161
CAID3 Disorder-NOX,caid3,disorder_nox,ESMDisPred-1,DED,literal,0.5,mid_20_30,0.4276401564537158,0.28874759152215795,0.5743353620284928,0.9352821940557305,0.6814611752547232,0.6106179895233464,0.7537462386752085,0.18936630645001765,767,161
CAID3 Disorder-NOX,caid3,disorder_nox,ESMDisPred-1,DED,literal,0.5,long_gt30,0.4243122045812629,0.3448274015503616,0.5113955378053232,0.9352821940557305,0.6797971993184967,0.6400381018969351,0.7220208519141674,0.4351943794306168,16502,161
CAID3 Disorder-NOX,caid3,disorder_nox,ESMDisPred-1,DED,calibrated,0.192,short_lt20,0.615257048092869,0.46499938231951377,0.76803456160586,0.7580042493955601,0.6866306487442145,0.6140769843207329,0.7601659469963343,0.10344801549122072,603,161
CAID3 Disorder-NOX,caid3,disorder_nox,ESMDisPred-1,DED,calibrated,0.192,mid_20_30,0.6962190352020861,0.5601541309593144,0.824910927363786,0.7580042493955601,0.7271116422988231,0.6545887549363308,0.7926341792600721,0.14086224181680324,767,161
CAID3 Disorder-NOX,caid3,disorder_nox,ESMDisPred-1,DED,calibrated,0.192,long_gt30,0.8632892982668767,0.8163628993461458,0.9051173800756261,0.7580042493955601,0.8106467738312184,0.7823621195928495,0.8384856438096298,0.5694946787483822,16502,161
CAID3 Disorder-NOX,caid3,disorder_nox,ESMDisPred-2,DED,literal,0.5,short_lt20,0.30016583747927034,0.1809978856688538,0.4510875920944918,0.9341099470046645,0.6171378922419675,0.5586486682997155,0.6921159728564401,0.11032744666881818,603,161
CAID3 Disorder-NOX,caid3,disorder_nox,ESMDisPred-2,DED,literal,0.5,mid_20_30,0.40808344198174706,0.272679346181011,0.5434941835415769,0.9341099470046645,0.6710966944932057,0.6021284956470327,0.7381319333780217,0.17764486095497847,767,161
CAID3 Disorder-NOX,caid3,disorder_nox,ESMDisPred-2,DED,literal,0.5,long_gt30,0.4410980487213671,0.35499782377368116,0.5276312292833139,0.9341099470046645,0.6876039978630158,0.6451657026127379,0.727559777216097,0.44815956476330504,16502,161
CAID3 Disorder-NOX,caid3,disorder_nox,ESMDisPred-2,DED,calibrated,0.225,short_lt20,0.6102819237147595,0.4659407115245608,0.761119721473495,0.80186582655628,0.7060738751355198,0.637641005904354,0.7792323294122174,0.12228933158332161,603,161
CAID3 Disorder-NOX,caid3,disorder_nox,ESMDisPred-2,DED,calibrated,0.225,mid_20_30,0.6675358539765319,0.5241776911038295,0.8008328726372874,0.80186582655628,0.7347008402664059,0.6588527700084552,0.801874898659778,0.15571555330948958,767,161
CAID3 Disorder-NOX,caid3,disorder_nox,ESMDisPred-2,DED,calibrated,0.225,long_gt30,0.8208701975518119,0.7560716801186247,0.8768205139530775,0.80186582655628,0.811368012054046,0.776671450040871,0.8408062648672062,0.5814110417874592,16502,161
CAID3 Disorder-NOX,caid3,disorder_nox,UdonPred-DisProt,DED,literal,0.5,short_lt20,0.41127694859038144,0.30267448512585815,0.5292528347799492,0.8716389479082717,0.6414579482493266,0.5861600907706881,0.7017644643787009,0.0998066086437728,603,161
CAID3 Disorder-NOX,caid3,disorder_nox,UdonPred-DisProt,DED,literal,0.5,mid_20_30,0.4758800521512386,0.36430013094101743,0.5925737679559858,0.8716389479082717,0.6737595000297552,0.6180295102192646,0.7311611773657989,0.13673163177472508,767,161
CAID3 Disorder-NOX,caid3,disorder_nox,UdonPred-DisProt,DED,literal,0.5,long_gt30,0.567931159859411,0.5205471350031724,0.616244303316967,0.8716389479082717,0.7197850538838413,0.6934379452346887,0.7452478389773617,0.45654817228977645,16502,161
CAID3 Disorder-NOX,caid3,disorder_nox,UdonPred-DisProt,DED,calibrated,0.19,short_lt20,0.6285240464344942,0.5251884168301466,0.7409243061611861,0.748626272987032,0.6885751597107631,0.6333723162480939,0.7443602468417085,0.10323731252546725,603,161
CAID3 Disorder-NOX,caid3,disorder_nox,UdonPred-DisProt,DED,calibrated,0.19,mid_20_30,0.6883963494132985,0.5960920418512541,0.7740295065324858,0.748626272987032,0.7185113112001653,0.6717609270610149,0.763930213690767,0.13395190805481746,767,161
CAID3 Disorder-NOX,caid3,disorder_nox,UdonPred-DisProt,DED,calibrated,0.19,long_gt30,0.7760877469397649,0.74344237943349,0.8099147562135897,0.748626272987032,0.7623570099633985,0.7393337279038464,0.7844760426231595,0.48421580962509286,16502,161
CAID3 Disorder-NOX,caid3,disorder_nox,UdonPred-combined,DED,literal,0.5,short_lt20,0.5638474295190713,0.4439410360094661,0.6935750464990544,0.7905096832490781,0.6771785563840746,0.6128066143607716,0.7427942456997257,0.10321796076319951,603,161
CAID3 Disorder-NOX,caid3,disorder_nox,UdonPred-combined,DED,literal,0.5,mid_20_30,0.6584093872229465,0.5506329333254124,0.7603337208936932,0.7905096832490781,0.7244595352360124,0.6697250438650002,0.7786086232300209,0.1461325398178648,767,161
CAID3 Disorder-NOX,caid3,disorder_nox,UdonPred-combined,DED,literal,0.5,long_gt30,0.7813598351714943,0.7371711486372331,0.8251828165642162,0.7905096832490781,0.7859347592102862,0.7565955570842743,0.8153208118257499,0.5348445341167781,16502,161
CAID3 Disorder-NOX,caid3,disorder_nox,UdonPred-combined,DED,calibrated,0.425,short_lt20,0.5953565505804311,0.4767776263501121,0.7217895341848672,0.7441815029184067,0.669769026749419,0.606874133373906,0.7350868566587379,0.09248715276988133,603,161
CAID3 Disorder-NOX,caid3,disorder_nox,UdonPred-combined,DED,calibrated,0.425,mid_20_30,0.7196870925684485,0.6191042269249076,0.812040393756578,0.7441815029184067,0.7319342977434276,0.6805140403906301,0.783634148494796,0.14131810120175076,767,161
CAID3 Disorder-NOX,caid3,disorder_nox,UdonPred-combined,DED,calibrated,0.425,long_gt30,0.8628045085444188,0.8257681250558964,0.8991739695207124,0.7441815029184067,0.8034930057314127,0.7755069106852626,0.8314658284231373,0.5547310527590291,16502,161
CAID3 Disorder-NOX,caid3,disorder_nox,DARUMA-beta,DED,literal,0.5,short_lt20,0.49087893864013266,0.37543921916592726,0.6103382747654106,0.7621559577014189,0.6265174481707758,0.5639713760971615,0.6867074466993868,0.07070217522884244,603,161
CAID3 Disorder-NOX,caid3,disorder_nox,DARUMA-beta,DED,literal,0.5,mid_20_30,0.6010430247718384,0.4613624862837845,0.7523295221141997,0.7621559577014189,0.6815994912366286,0.6082843871356,0.7596317696058978,0.11352761079025957,767,161
CAID3 Disorder-NOX,caid3,disorder_nox,DARUMA-beta,DED,literal,0.5,long_gt30,0.7699672766937341,0.7141553882622251,0.820171069072721,0.7621559577014189,0.7660616171975765,0.7317803405215099,0.7969786788590475,0.4934838171178346,16502,161
CAID3 Disorder-NOX,caid3,disorder_nox,DARUMA-beta,DED,calibrated,0.457,short_lt20,0.5306799336650083,0.4078258462131061,0.6512329257148354,0.7471853859867634,0.6389326598258859,0.5714228930651425,0.7008953373980156,0.07606004122938978,603,161
CAID3 Disorder-NOX,caid3,disorder_nox,DARUMA-beta,DED,calibrated,0.457,mid_20_30,0.6336375488917861,0.494599074638085,0.7823609311566035,0.7471853859867634,0.6904114674392747,0.6195269633938115,0.7709052620747145,0.11666665129974836,767,161
CAID3 Disorder-NOX,caid3,disorder_nox,DARUMA-beta,DED,calibrated,0.457,long_gt30,0.7883892861471337,0.7351786045974306,0.8368655856171057,0.7471853859867634,0.7677873360669485,0.7338861022032589,0.7990683031288209,0.4933441310960024,16502,161
CAID3 Disorder-NOX,caid3,disorder_nox,DisoFLAG-IDR,DED,literal,0.5,short_lt20,0.3814262023217247,0.2568071158110539,0.5318187175860443,0.8680733631279459,0.6247497827248353,0.5609808586203041,0.6978962902309701,0.08716699969504631,603,161
CAID3 Disorder-NOX,caid3,disorder_nox,DisoFLAG-IDR,DED,literal,0.5,mid_20_30,0.6049543676662321,0.46860261449077234,0.7549825721217513,0.8680733631279459,0.7365138653970891,0.6643733314095845,0.812627241626075,0.18280658387430818,767,161
CAID3 Disorder-NOX,caid3,disorder_nox,DisoFLAG-IDR,DED,literal,0.5,long_gt30,0.6636165313295358,0.5916275125195702,0.7312276206737273,0.8680733631279459,0.7658449472287409,0.7294657701623452,0.8026295362796405,0.5331375193293802,16502,161
CAID3 Disorder-NOX,caid3,disorder_nox,DisoFLAG-IDR,DED,calibrated,0.341,short_lt20,0.5505804311774462,0.42714704791448904,0.6974386196973915,0.7742935990426649,0.6624370151100556,0.600835327803098,0.7354716307315032,0.09226264847158577,603,161
CAID3 Disorder-NOX,caid3,disorder_nox,DisoFLAG-IDR,DED,calibrated,0.341,mid_20_30,0.7992177314211213,0.6747227222107117,0.9067714572130047,0.7742935990426649,0.7867556652318931,0.7256580746056431,0.8399330296816119,0.18138707783506508,767,161
CAID3 Disorder-NOX,caid3,disorder_nox,DisoFLAG-IDR,DED,calibrated,0.341,long_gt30,0.8180220579323718,0.7702816093839194,0.8604030479705531,0.7742935990426649,0.7961578284875184,0.7683153028359317,0.823953423021901,0.548040905049231,16502,161
CAID3 Disorder-NOX,caid3,disorder_nox,s2D-2,DED,literal,0.5,short_lt20,0.7296849087893864,0.6251502774352651,0.8315993708745875,0.5548391823576819,0.6422620455735342,0.5886658530273345,0.6913329914401624,0.06840578929357784,603,161
CAID3 Disorder-NOX,caid3,disorder_nox,s2D-2,DED,literal,0.5,mid_20_30,0.7470664928292047,0.674446691774771,0.8176260244214641,0.5548391823576819,0.6509528375934432,0.6116294853243348,0.6882563837551037,0.08151706804942092,767,161
CAID3 Disorder-NOX,caid3,disorder_nox,s2D-2,DED,literal,0.5,long_gt30,0.7394861228941947,0.6737565335600963,0.796462528163095,0.5548391823576819,0.6471626526259383,0.6141772142291952,0.676395828891126,0.26682236425947115,16502,161
CAID3 Disorder-NOX,caid3,disorder_nox,s2D-2,DED,calibrated,0.502,short_lt20,0.7280265339966833,0.6235532613936965,0.8293129867752066,0.5587710943414658,0.6433988141690745,0.5898236291458147,0.6924403094133571,0.06900968479486023,603,161
CAID3 Disorder-NOX,caid3,disorder_nox,s2D-2,DED,calibrated,0.502,mid_20_30,0.7405475880052151,0.6679429719219993,0.8098732673724025,0.5587710943414658,0.6496593411733405,0.610561089052729,0.686057373769563,0.08088525496532556,767,161
CAID3 Disorder-NOX,caid3,disorder_nox,s2D-2,DED,calibrated,0.502,long_gt30,0.7363349896982184,0.6707162104539912,0.7930518875707595,0.5587710943414658,0.6475530420198421,0.6145246941581491,0.6770922758608694,0.2674193601372966,16502,161
